{
  "scan_timestamp": "2026-03-01T06:50:18.131679+00:00",
  "duration_seconds": 1099.68,
  "performance_metrics": {
    "total_processed": 473,
    "valid_configs": 329,
    "duplicates": 0,
    "failed_tests": 144,
    "success_rate": 69.56,
    "avg_latency_ms": 80.12,
    "avg_score": 99.47
  },
  "protocol_summary": {
    "vmess": {
      "count": 59,
      "avg_lat": 50.20338983050848,
      "avg_score": 99.66531073446328
    },
    "vless": {
      "count": 235,
      "avg_lat": 88.19574468085106,
      "avg_score": 99.41202836879432
    },
    "ss": {
      "count": 0,
      "avg_lat": 0.0,
      "avg_score": 0.0
    },
    "trojan": {
      "count": 35,
      "avg_lat": 76.31428571428572,
      "avg_score": 99.49123809523809
    }
  }
}