{
  "scan_timestamp": "2025-12-24T13:41:29.024296+00:00",
  "duration_seconds": 945.59,
  "performance_metrics": {
    "total_processed": 470,
    "valid_configs": 258,
    "duplicates": 0,
    "failed_tests": 212,
    "success_rate": 54.89,
    "avg_latency_ms": 127.44,
    "avg_score": 99.15
  },
  "protocol_summary": {
    "vmess": {
      "count": 62,
      "avg_lat": 162.09677419354838,
      "avg_score": 98.91935483870968
    },
    "vless": {
      "count": 130,
      "avg_lat": 78.54615384615384,
      "avg_score": 99.47635897435897
    },
    "ss": {
      "count": 0,
      "avg_lat": 0.0,
      "avg_score": 0.0
    },
    "trojan": {
      "count": 66,
      "avg_lat": 191.1818181818182,
      "avg_score": 98.72545454545455
    }
  }
}