{
  "scan_timestamp": "2026-01-22T14:36:57.526856+00:00",
  "duration_seconds": 938.15,
  "performance_metrics": {
    "total_processed": 451,
    "valid_configs": 273,
    "duplicates": 0,
    "failed_tests": 178,
    "success_rate": 60.53,
    "avg_latency_ms": 89.87,
    "avg_score": 99.4
  },
  "protocol_summary": {
    "vmess": {
      "count": 104,
      "avg_lat": 80.27884615384616,
      "avg_score": 99.46480769230769
    },
    "vless": {
      "count": 135,
      "avg_lat": 71.57777777777778,
      "avg_score": 99.52281481481481
    },
    "ss": {
      "count": 0,
      "avg_lat": 0.0,
      "avg_score": 0.0
    },
    "trojan": {
      "count": 34,
      "avg_lat": 191.85294117647058,
      "avg_score": 98.72098039215686
    }
  }
}