{
  "scan_timestamp": "2026-02-20T04:23:09.801392+00:00",
  "duration_seconds": 1155.82,
  "performance_metrics": {
    "total_processed": 472,
    "valid_configs": 368,
    "duplicates": 0,
    "failed_tests": 104,
    "success_rate": 77.97,
    "avg_latency_ms": 90.24,
    "avg_score": 99.4
  },
  "protocol_summary": {
    "vmess": {
      "count": 65,
      "avg_lat": 85.81538461538462,
      "avg_score": 99.42789743589744
    },
    "vless": {
      "count": 271,
      "avg_lat": 96.85608856088561,
      "avg_score": 99.35429274292743
    },
    "ss": {
      "count": 0,
      "avg_lat": 0.0,
      "avg_score": 0.0
    },
    "trojan": {
      "count": 32,
      "avg_lat": 43.21875,
      "avg_score": 99.711875
    }
  }
}