{
  "scan_timestamp": "2025-12-15T07:32:22.207173+00:00",
  "duration_seconds": 965.47,
  "performance_metrics": {
    "total_processed": 469,
    "valid_configs": 264,
    "duplicates": 0,
    "failed_tests": 205,
    "success_rate": 56.29,
    "avg_latency_ms": 110.37,
    "avg_score": 99.26
  },
  "protocol_summary": {
    "vmess": {
      "count": 53,
      "avg_lat": 106.58490566037736,
      "avg_score": 99.28943396226416
    },
    "vless": {
      "count": 171,
      "avg_lat": 100.05847953216374,
      "avg_score": 99.33294346978558
    },
    "ss": {
      "count": 0,
      "avg_lat": 0.0,
      "avg_score": 0.0
    },
    "trojan": {
      "count": 40,
      "avg_lat": 159.475,
      "avg_score": 98.93683333333334
    }
  }
}