{
  "scan_timestamp": "2026-02-17T22:35:23.908914+00:00",
  "duration_seconds": 1013.99,
  "performance_metrics": {
    "total_processed": 452,
    "valid_configs": 295,
    "duplicates": 0,
    "failed_tests": 157,
    "success_rate": 65.27,
    "avg_latency_ms": 118.97,
    "avg_score": 99.21
  },
  "protocol_summary": {
    "vmess": {
      "count": 45,
      "avg_lat": 140.04444444444445,
      "avg_score": 99.06637037037036
    },
    "vless": {
      "count": 214,
      "avg_lat": 121.66822429906541,
      "avg_score": 99.18887850467289
    },
    "ss": {
      "count": 0,
      "avg_lat": 0.0,
      "avg_score": 0.0
    },
    "trojan": {
      "count": 36,
      "avg_lat": 76.55555555555556,
      "avg_score": 99.48962962962963
    }
  }
}