{
  "scan_timestamp": "2026-01-29T19:37:30.190766+00:00",
  "duration_seconds": 876.0,
  "performance_metrics": {
    "total_processed": 457,
    "valid_configs": 233,
    "duplicates": 0,
    "failed_tests": 224,
    "success_rate": 50.98,
    "avg_latency_ms": 103.84,
    "avg_score": 99.31
  },
  "protocol_summary": {
    "vmess": {
      "count": 97,
      "avg_lat": 59.2680412371134,
      "avg_score": 99.60487972508592
    },
    "vless": {
      "count": 61,
      "avg_lat": 69.8688524590164,
      "avg_score": 99.53420765027323
    },
    "ss": {
      "count": 0,
      "avg_lat": 0.0,
      "avg_score": 0.0
    },
    "trojan": {
      "count": 75,
      "avg_lat": 189.10666666666665,
      "avg_score": 98.7392888888889
    }
  }
}