{
  "scan_timestamp": "2026-02-02T14:09:41.816369+00:00",
  "duration_seconds": 961.67,
  "performance_metrics": {
    "total_processed": 482,
    "valid_configs": 267,
    "duplicates": 0,
    "failed_tests": 215,
    "success_rate": 55.39,
    "avg_latency_ms": 111.97,
    "avg_score": 99.25
  },
  "protocol_summary": {
    "vmess": {
      "count": 55,
      "avg_lat": 89.89090909090909,
      "avg_score": 99.40072727272727
    },
    "vless": {
      "count": 159,
      "avg_lat": 89.72327044025157,
      "avg_score": 99.40184486373165
    },
    "ss": {
      "count": 0,
      "avg_lat": 0.0,
      "avg_score": 0.0
    },
    "trojan": {
      "count": 53,
      "avg_lat": 201.60377358490567,
      "avg_score": 98.6559748427673
    }
  }
}