{
  "scan_timestamp": "2026-02-23T11:50:40.491747+00:00",
  "duration_seconds": 1132.57,
  "performance_metrics": {
    "total_processed": 474,
    "valid_configs": 346,
    "duplicates": 0,
    "failed_tests": 128,
    "success_rate": 73.0,
    "avg_latency_ms": 129.66,
    "avg_score": 99.14
  },
  "protocol_summary": {
    "vmess": {
      "count": 63,
      "avg_lat": 102.92063492063492,
      "avg_score": 99.31386243386244
    },
    "vless": {
      "count": 247,
      "avg_lat": 149.52631578947367,
      "avg_score": 99.00315789473684
    },
    "trojan": {
      "count": 36,
      "avg_lat": 40.166666666666664,
      "avg_score": 99.73222222222222
    }
  }
}