{
  "scan_timestamp": "2025-12-15T22:27:58.374894+00:00",
  "duration_seconds": 1031.63,
  "performance_metrics": {
    "total_processed": 473,
    "valid_configs": 278,
    "duplicates": 0,
    "failed_tests": 195,
    "success_rate": 58.77,
    "avg_latency_ms": 99.63,
    "avg_score": 99.34
  },
  "protocol_summary": {
    "vmess": {
      "count": 51,
      "avg_lat": 182.09803921568627,
      "avg_score": 98.78601307189543
    },
    "vless": {
      "count": 193,
      "avg_lat": 70.68911917098445,
      "avg_score": 99.52873920552676
    },
    "ss": {
      "count": 0,
      "avg_lat": 0.0,
      "avg_score": 0.0
    },
    "trojan": {
      "count": 34,
      "avg_lat": 140.1764705882353,
      "avg_score": 99.06549019607843
    }
  }
}