{
  "scan_timestamp": "2026-02-13T12:48:16.123641+00:00",
  "duration_seconds": 1029.72,
  "performance_metrics": {
    "total_processed": 467,
    "valid_configs": 313,
    "duplicates": 0,
    "failed_tests": 154,
    "success_rate": 67.02,
    "avg_latency_ms": 153.93,
    "avg_score": 98.97
  },
  "protocol_summary": {
    "vmess": {
      "count": 68,
      "avg_lat": 154.60294117647058,
      "avg_score": 98.9693137254902
    },
    "vless": {
      "count": 191,
      "avg_lat": 148.53403141361255,
      "avg_score": 99.00977312390924
    },
    "ss": {
      "count": 0,
      "avg_lat": 0.0,
      "avg_score": 0.0
    },
    "trojan": {
      "count": 54,
      "avg_lat": 172.1851851851852,
      "avg_score": 98.8520987654321
    }
  }
}