{
  "scan_timestamp": "2026-01-17T06:31:14.723962+00:00",
  "duration_seconds": 932.77,
  "performance_metrics": {
    "total_processed": 476,
    "valid_configs": 241,
    "duplicates": 0,
    "failed_tests": 235,
    "success_rate": 50.63,
    "avg_latency_ms": 124.46,
    "avg_score": 99.17
  },
  "protocol_summary": {
    "vmess": {
      "count": 66,
      "avg_lat": 96.6969696969697,
      "avg_score": 99.35535353535353
    },
    "vless": {
      "count": 126,
      "avg_lat": 66.06349206349206,
      "avg_score": 99.55957671957671
    },
    "ss": {
      "count": 0,
      "avg_lat": 0.0,
      "avg_score": 0.0
    },
    "trojan": {
      "count": 49,
      "avg_lat": 312.0,
      "avg_score": 97.92
    }
  }
}