{
  "scan_timestamp": "2026-02-08T13:55:03.528540+00:00",
  "duration_seconds": 1111.97,
  "performance_metrics": {
    "total_processed": 476,
    "valid_configs": 341,
    "duplicates": 0,
    "failed_tests": 135,
    "success_rate": 71.64,
    "avg_latency_ms": 145.7,
    "avg_score": 99.03
  },
  "protocol_summary": {
    "vmess": {
      "count": 63,
      "avg_lat": 172.52380952380952,
      "avg_score": 98.84984126984126
    },
    "vless": {
      "count": 234,
      "avg_lat": 139.67521367521368,
      "avg_score": 99.06883190883191
    },
    "ss": {
      "count": 0,
      "avg_lat": 0.0,
      "avg_score": 0.0
    },
    "trojan": {
      "count": 44,
      "avg_lat": 139.36363636363637,
      "avg_score": 99.07090909090908
    }
  }
}