{
  "scan_timestamp": "2025-12-17T22:25:50.426094+00:00",
  "duration_seconds": 903.12,
  "performance_metrics": {
    "total_processed": 473,
    "valid_configs": 237,
    "duplicates": 0,
    "failed_tests": 236,
    "success_rate": 50.11,
    "avg_latency_ms": 80.93,
    "avg_score": 99.46
  },
  "protocol_summary": {
    "vmess": {
      "count": 53,
      "avg_lat": 107.30188679245283,
      "avg_score": 99.28465408805032
    },
    "vless": {
      "count": 138,
      "avg_lat": 67.18115942028986,
      "avg_score": 99.55212560386472
    },
    "ss": {
      "count": 0,
      "avg_lat": 0.0,
      "avg_score": 0.0
    },
    "trojan": {
      "count": 46,
      "avg_lat": 91.78260869565217,
      "avg_score": 99.38811594202899
    }
  }
}