{
  "scan_timestamp": "2026-03-07T09:21:21.804683+00:00",
  "duration_seconds": 201.69,
  "performance_metrics": {
    "total_processed": 379,
    "valid_configs": 32,
    "duplicates": 0,
    "failed_tests": 347,
    "success_rate": 8.44,
    "avg_latency_ms": 145.94,
    "avg_score": 99.03
  },
  "protocol_summary": {
    "vmess": {
      "count": 2,
      "avg_lat": 113.0,
      "avg_score": 99.24666666666667
    },
    "vless": {
      "count": 29,
      "avg_lat": 147.58620689655172,
      "avg_score": 99.01609195402298
    },
    "ss": {
      "count": 1,
      "avg_lat": 164.0,
      "avg_score": 98.90666666666667
    },
    "trojan": {
      "count": 0,
      "avg_lat": 0.0,
      "avg_score": 0.0
    }
  }
}