{
  "scan_timestamp": "2026-02-06T10:45:57.014020+00:00",
  "duration_seconds": 1072.3,
  "performance_metrics": {
    "total_processed": 481,
    "valid_configs": 301,
    "duplicates": 0,
    "failed_tests": 180,
    "success_rate": 62.58,
    "avg_latency_ms": 138.34,
    "avg_score": 99.08
  },
  "protocol_summary": {
    "vmess": {
      "count": 55,
      "avg_lat": 106.0,
      "avg_score": 99.29333333333334
    },
    "vless": {
      "count": 178,
      "avg_lat": 136.0561797752809,
      "avg_score": 99.09295880149811
    },
    "ss": {
      "count": 0,
      "avg_lat": 0.0,
      "avg_score": 0.0
    },
    "trojan": {
      "count": 68,
      "avg_lat": 170.48529411764707,
      "avg_score": 98.86343137254902
    }
  }
}