{
  "scan_timestamp": "2026-07-11T14:59:28.847212+00:00",
  "duration_seconds": 418.01,
  "performance_metrics": {
    "total_processed": 442,
    "valid_configs": 131,
    "duplicates": 0,
    "failed_tests": 311,
    "success_rate": 29.64,
    "avg_latency_ms": 92.11,
    "avg_score": 99.39
  },
  "protocol_summary": {
    "vmess": {
      "count": 1,
      "avg_lat": 2.0,
      "avg_score": 99.98666666666666
    },
    "ss": {
      "count": 118,
      "avg_lat": 92.79661016949153,
      "avg_score": 99.38135593220339
    },
    "trojan": {
      "count": 12,
      "avg_lat": 92.91666666666667,
      "avg_score": 99.38055555555555
    }
  }
}