{
  "scan_timestamp": "2026-01-31T19:28:23.324500+00:00",
  "duration_seconds": 960.39,
  "performance_metrics": {
    "total_processed": 463,
    "valid_configs": 260,
    "duplicates": 0,
    "failed_tests": 203,
    "success_rate": 56.16,
    "avg_latency_ms": 109.38,
    "avg_score": 99.27
  },
  "protocol_summary": {
    "vmess": {
      "count": 115,
      "avg_lat": 62.07826086956522,
      "avg_score": 99.58614492753622
    },
    "vless": {
      "count": 75,
      "avg_lat": 106.22666666666667,
      "avg_score": 99.29182222222222
    },
    "ss": {
      "count": 0,
      "avg_lat": 0.0,
      "avg_score": 0.0
    },
    "trojan": {
      "count": 70,
      "avg_lat": 190.45714285714286,
      "avg_score": 98.73028571428571
    }
  }
}