{
  "scan_timestamp": "2026-02-07T06:45:59.179878+00:00",
  "duration_seconds": 1092.63,
  "performance_metrics": {
    "total_processed": 484,
    "valid_configs": 319,
    "duplicates": 0,
    "failed_tests": 165,
    "success_rate": 65.91,
    "avg_latency_ms": 129.9,
    "avg_score": 99.13
  },
  "protocol_summary": {
    "vmess": {
      "count": 70,
      "avg_lat": 95.3,
      "avg_score": 99.36466666666666
    },
    "vless": {
      "count": 201,
      "avg_lat": 120.08955223880596,
      "avg_score": 99.19940298507464
    },
    "ss": {
      "count": 0,
      "avg_lat": 0.0,
      "avg_score": 0.0
    },
    "trojan": {
      "count": 48,
      "avg_lat": 221.4375,
      "avg_score": 98.52375
    }
  }
}