{
  "scan_timestamp": "2026-01-05T11:30:12.329771+00:00",
  "duration_seconds": 1158.31,
  "performance_metrics": {
    "total_processed": 482,
    "valid_configs": 355,
    "duplicates": 0,
    "failed_tests": 127,
    "success_rate": 73.65,
    "avg_latency_ms": 120.23,
    "avg_score": 99.2
  },
  "protocol_summary": {
    "vmess": {
      "count": 31,
      "avg_lat": 128.83870967741936,
      "avg_score": 99.1410752688172
    },
    "vless": {
      "count": 267,
      "avg_lat": 112.37078651685393,
      "avg_score": 99.25086142322097
    },
    "ss": {
      "count": 0,
      "avg_lat": 0.0,
      "avg_score": 0.0
    },
    "trojan": {
      "count": 57,
      "avg_lat": 152.3859649122807,
      "avg_score": 98.98409356725146
    }
  }
}