{
  "scan_timestamp": "2026-01-08T23:28:00.643578+00:00",
  "duration_seconds": 1083.28,
  "performance_metrics": {
    "total_processed": 474,
    "valid_configs": 338,
    "duplicates": 0,
    "failed_tests": 136,
    "success_rate": 71.31,
    "avg_latency_ms": 112.58,
    "avg_score": 99.25
  },
  "protocol_summary": {
    "vmess": {
      "count": 48,
      "avg_lat": 117.6875,
      "avg_score": 99.21541666666667
    },
    "vless": {
      "count": 224,
      "avg_lat": 109.49107142857143,
      "avg_score": 99.27005952380952
    },
    "ss": {
      "count": 0,
      "avg_lat": 0.0,
      "avg_score": 0.0
    },
    "trojan": {
      "count": 66,
      "avg_lat": 119.34848484848484,
      "avg_score": 99.20434343434343
    }
  }
}