{
  "scan_timestamp": "2026-04-16T06:43:54.417265+00:00",
  "duration_seconds": 1020.69,
  "performance_metrics": {
    "total_processed": 485,
    "valid_configs": 295,
    "duplicates": 0,
    "failed_tests": 190,
    "success_rate": 60.82,
    "avg_latency_ms": 47.97,
    "avg_score": 99.68
  },
  "protocol_summary": {
    "vmess": {
      "count": 2,
      "avg_lat": 122.0,
      "avg_score": 99.18666666666667
    },
    "vless": {
      "count": 281,
      "avg_lat": 45.5338078291815,
      "avg_score": 99.69644128113879
    },
    "ss": {
      "count": 0,
      "avg_lat": 0.0,
      "avg_score": 0.0
    },
    "trojan": {
      "count": 12,
      "avg_lat": 92.66666666666667,
      "avg_score": 99.38222222222221
    }
  }
}