{
  "scan_timestamp": "2026-03-22T10:19:47.354953+00:00",
  "duration_seconds": 230.58,
  "performance_metrics": {
    "total_processed": 341,
    "valid_configs": 42,
    "duplicates": 0,
    "failed_tests": 299,
    "success_rate": 12.32,
    "avg_latency_ms": 120.17,
    "avg_score": 99.2
  },
  "protocol_summary": {
    "vmess": {
      "count": 1,
      "avg_lat": 27.0,
      "avg_score": 99.82
    },
    "vless": {
      "count": 28,
      "avg_lat": 40.285714285714285,
      "avg_score": 99.73142857142857
    },
    "ss": {
      "count": 12,
      "avg_lat": 324.1666666666667,
      "avg_score": 97.83888888888889
    },
    "trojan": {
      "count": 1,
      "avg_lat": 2.0,
      "avg_score": 99.98666666666666
    }
  }
}