{
  "scan_timestamp": "2026-04-01T08:23:30.472326+00:00",
  "duration_seconds": 963.68,
  "performance_metrics": {
    "total_processed": 486,
    "valid_configs": 226,
    "duplicates": 0,
    "failed_tests": 260,
    "success_rate": 46.5,
    "avg_latency_ms": 162.54,
    "avg_score": 98.92
  },
  "protocol_summary": {
    "vmess": {
      "count": 2,
      "avg_lat": 149.5,
      "avg_score": 99.00333333333333
    },
    "vless": {
      "count": 223,
      "avg_lat": 162.73094170403587,
      "avg_score": 98.91512705530643
    },
    "ss": {
      "count": 0,
      "avg_lat": 0.0,
      "avg_score": 0.0
    },
    "trojan": {
      "count": 1,
      "avg_lat": 146.0,
      "avg_score": 99.02666666666667
    }
  }
}