{
  "scan_timestamp": "2026-01-06T12:40:57.832187+00:00",
  "duration_seconds": 1182.51,
  "performance_metrics": {
    "total_processed": 484,
    "valid_configs": 377,
    "duplicates": 0,
    "failed_tests": 107,
    "success_rate": 77.89,
    "avg_latency_ms": 149.33,
    "avg_score": 99.0
  },
  "protocol_summary": {
    "vmess": {
      "count": 37,
      "avg_lat": 154.40540540540542,
      "avg_score": 98.97063063063064
    },
    "vless": {
      "count": 258,
      "avg_lat": 150.57751937984497,
      "avg_score": 98.99614987080103
    },
    "ss": {
      "count": 0,
      "avg_lat": 0.0,
      "avg_score": 0.0
    },
    "trojan": {
      "count": 82,
      "avg_lat": 143.109756097561,
      "avg_score": 99.0459349593496
    }
  }
}