{
  "scan_timestamp": "2026-01-01T01:12:29.412095+00:00",
  "duration_seconds": 883.33,
  "performance_metrics": {
    "total_processed": 467,
    "valid_configs": 251,
    "duplicates": 0,
    "failed_tests": 216,
    "success_rate": 53.75,
    "avg_latency_ms": 110.84,
    "avg_score": 99.26
  },
  "protocol_summary": {
    "vmess": {
      "count": 48,
      "avg_lat": 121.02083333333333,
      "avg_score": 99.19319444444444
    },
    "vless": {
      "count": 157,
      "avg_lat": 89.68152866242038,
      "avg_score": 99.40212314225053
    },
    "ss": {
      "count": 0,
      "avg_lat": 0.0,
      "avg_score": 0.0
    },
    "trojan": {
      "count": 46,
      "avg_lat": 172.45652173913044,
      "avg_score": 98.85028985507248
    }
  }
}