{
  "scan_timestamp": "2025-12-25T05:31:37.542863+00:00",
  "duration_seconds": 968.83,
  "performance_metrics": {
    "total_processed": 462,
    "valid_configs": 266,
    "duplicates": 0,
    "failed_tests": 196,
    "success_rate": 57.58,
    "avg_latency_ms": 97.37,
    "avg_score": 99.35
  },
  "protocol_summary": {
    "vmess": {
      "count": 57,
      "avg_lat": 122.91228070175438,
      "avg_score": 99.18058479532164
    },
    "vless": {
      "count": 173,
      "avg_lat": 74.53757225433526,
      "avg_score": 99.50308285163776
    },
    "ss": {
      "count": 0,
      "avg_lat": 0.0,
      "avg_score": 0.0
    },
    "trojan": {
      "count": 36,
      "avg_lat": 166.63888888888889,
      "avg_score": 98.88907407407407
    }
  }
}