{
  "scan_timestamp": "2026-06-29T13:15:40.921672+00:00",
  "duration_seconds": 443.12,
  "performance_metrics": {
    "total_processed": 456,
    "valid_configs": 137,
    "duplicates": 0,
    "failed_tests": 319,
    "success_rate": 30.04,
    "avg_latency_ms": 123.05,
    "avg_score": 99.18
  },
  "protocol_summary": {
    "vmess": {
      "count": 2,
      "avg_lat": 5.0,
      "avg_score": 99.96666666666667
    },
    "vless": {
      "count": 11,
      "avg_lat": 131.9090909090909,
      "avg_score": 99.12060606060605
    },
    "ss": {
      "count": 111,
      "avg_lat": 102.67567567567568,
      "avg_score": 99.3154954954955
    },
    "trojan": {
      "count": 13,
      "avg_lat": 307.6923076923077,
      "avg_score": 97.94871794871794
    }
  }
}