{
  "scan_timestamp": "2025-12-12T04:06:42.068405+00:00",
  "duration_seconds": 922.45,
  "performance_metrics": {
    "total_processed": 476,
    "valid_configs": 224,
    "duplicates": 0,
    "failed_tests": 252,
    "success_rate": 47.06,
    "avg_latency_ms": 142.71,
    "avg_score": 99.05
  },
  "protocol_summary": {
    "vmess": {
      "count": 28,
      "avg_lat": 125.28571428571429,
      "avg_score": 99.1647619047619
    },
    "vless": {
      "count": 121,
      "avg_lat": 75.66115702479338,
      "avg_score": 99.49559228650138
    },
    "ss": {
      "count": 0,
      "avg_lat": 0.0,
      "avg_score": 0.0
    },
    "trojan": {
      "count": 75,
      "avg_lat": 257.37333333333333,
      "avg_score": 98.28417777777778
    }
  }
}