{
  "scan_timestamp": "2026-01-30T12:43:32.731690+00:00",
  "duration_seconds": 914.06,
  "performance_metrics": {
    "total_processed": 462,
    "valid_configs": 257,
    "duplicates": 0,
    "failed_tests": 205,
    "success_rate": 55.63,
    "avg_latency_ms": 85.89,
    "avg_score": 99.43
  },
  "protocol_summary": {
    "vmess": {
      "count": 110,
      "avg_lat": 54.32727272727273,
      "avg_score": 99.63781818181818
    },
    "vless": {
      "count": 75,
      "avg_lat": 87.65333333333334,
      "avg_score": 99.41564444444444
    },
    "ss": {
      "count": 0,
      "avg_lat": 0.0,
      "avg_score": 0.0
    },
    "trojan": {
      "count": 72,
      "avg_lat": 132.29166666666666,
      "avg_score": 99.11805555555556
    }
  }
}