{
  "scan_timestamp": "2026-02-20T08:48:01.109320+00:00",
  "duration_seconds": 1192.33,
  "performance_metrics": {
    "total_processed": 474,
    "valid_configs": 384,
    "duplicates": 0,
    "failed_tests": 90,
    "success_rate": 81.01,
    "avg_latency_ms": 100.42,
    "avg_score": 99.33
  },
  "protocol_summary": {
    "vmess": {
      "count": 69,
      "avg_lat": 94.0,
      "avg_score": 99.37333333333333
    },
    "vless": {
      "count": 280,
      "avg_lat": 109.56785714285714,
      "avg_score": 99.26954761904763
    },
    "trojan": {
      "count": 35,
      "avg_lat": 39.94285714285714,
      "avg_score": 99.73371428571429
    }
  }
}