{
  "scan_timestamp": "2026-01-22T04:23:50.218425+00:00",
  "duration_seconds": 908.3,
  "performance_metrics": {
    "total_processed": 437,
    "valid_configs": 250,
    "duplicates": 0,
    "failed_tests": 187,
    "success_rate": 57.21,
    "avg_latency_ms": 90.67,
    "avg_score": 99.4
  },
  "protocol_summary": {
    "vmess": {
      "count": 65,
      "avg_lat": 77.70769230769231,
      "avg_score": 99.48194871794873
    },
    "vless": {
      "count": 142,
      "avg_lat": 71.20422535211267,
      "avg_score": 99.52530516431924
    },
    "ss": {
      "count": 0,
      "avg_lat": 0.0,
      "avg_score": 0.0
    },
    "trojan": {
      "count": 43,
      "avg_lat": 174.53488372093022,
      "avg_score": 98.83643410852711
    }
  }
}