{
  "scan_timestamp": "2026-03-28T16:36:10.283193+00:00",
  "duration_seconds": 987.07,
  "performance_metrics": {
    "total_processed": 472,
    "valid_configs": 250,
    "duplicates": 0,
    "failed_tests": 222,
    "success_rate": 52.97,
    "avg_latency_ms": 93.28,
    "avg_score": 99.38
  },
  "protocol_summary": {
    "vmess": {
      "count": 17,
      "avg_lat": 102.17647058823529,
      "avg_score": 99.31882352941177
    },
    "vless": {
      "count": 217,
      "avg_lat": 87.44239631336406,
      "avg_score": 99.41705069124424
    },
    "ss": {
      "count": 7,
      "avg_lat": 170.28571428571428,
      "avg_score": 98.86476190476189
    },
    "trojan": {
      "count": 9,
      "avg_lat": 157.44444444444446,
      "avg_score": 98.95037037037036
    }
  }
}