{
  "scan_timestamp": "2025-12-13T01:02:37.268983+00:00",
  "duration_seconds": 970.72,
  "performance_metrics": {
    "total_processed": 477,
    "valid_configs": 243,
    "duplicates": 0,
    "failed_tests": 234,
    "success_rate": 50.94,
    "avg_latency_ms": 167.87,
    "avg_score": 98.88
  },
  "protocol_summary": {
    "vmess": {
      "count": 42,
      "avg_lat": 138.35714285714286,
      "avg_score": 99.07761904761905
    },
    "vless": {
      "count": 122,
      "avg_lat": 104.75409836065573,
      "avg_score": 99.30163934426228
    },
    "ss": {
      "count": 0,
      "avg_lat": 0.0,
      "avg_score": 0.0
    },
    "trojan": {
      "count": 79,
      "avg_lat": 281.0379746835443,
      "avg_score": 98.1264135021097
    }
  }
}