{
  "scan_timestamp": "2026-01-23T13:51:41.051123+00:00",
  "duration_seconds": 982.14,
  "performance_metrics": {
    "total_processed": 465,
    "valid_configs": 276,
    "duplicates": 0,
    "failed_tests": 189,
    "success_rate": 59.35,
    "avg_latency_ms": 105.05,
    "avg_score": 99.3
  },
  "protocol_summary": {
    "vmess": {
      "count": 106,
      "avg_lat": 107.29245283018868,
      "avg_score": 99.28471698113208
    },
    "vless": {
      "count": 123,
      "avg_lat": 76.35772357723577,
      "avg_score": 99.4909485094851
    },
    "ss": {
      "count": 0,
      "avg_lat": 0.0,
      "avg_score": 0.0
    },
    "trojan": {
      "count": 47,
      "avg_lat": 175.10638297872342,
      "avg_score": 98.83262411347518
    }
  }
}