{
  "scan_timestamp": "2026-01-16T10:26:24.266757+00:00",
  "duration_seconds": 827.28,
  "performance_metrics": {
    "total_processed": 420,
    "valid_configs": 218,
    "duplicates": 0,
    "failed_tests": 202,
    "success_rate": 51.9,
    "avg_latency_ms": 92.76,
    "avg_score": 99.38
  },
  "protocol_summary": {
    "vmess": {
      "count": 52,
      "avg_lat": 111.3076923076923,
      "avg_score": 99.25794871794871
    },
    "vless": {
      "count": 127,
      "avg_lat": 64.95275590551181,
      "avg_score": 99.56698162729658
    },
    "ss": {
      "count": 0,
      "avg_lat": 0.0,
      "avg_score": 0.0
    },
    "trojan": {
      "count": 39,
      "avg_lat": 158.5897435897436,
      "avg_score": 98.94273504273505
    }
  }
}