{
  "scan_timestamp": "2025-12-29T23:28:04.491717+00:00",
  "duration_seconds": 1058.28,
  "performance_metrics": {
    "total_processed": 478,
    "valid_configs": 294,
    "duplicates": 0,
    "failed_tests": 184,
    "success_rate": 61.51,
    "avg_latency_ms": 109.82,
    "avg_score": 99.27
  },
  "protocol_summary": {
    "vmess": {
      "count": 45,
      "avg_lat": 99.64444444444445,
      "avg_score": 99.3357037037037
    },
    "vless": {
      "count": 215,
      "avg_lat": 108.81860465116279,
      "avg_score": 99.27454263565892
    },
    "ss": {
      "count": 0,
      "avg_lat": 0.0,
      "avg_score": 0.0
    },
    "trojan": {
      "count": 34,
      "avg_lat": 129.61764705882354,
      "avg_score": 99.13588235294117
    }
  }
}