{
  "scan_timestamp": "2026-03-15T19:24:00.722068+00:00",
  "duration_seconds": 230.87,
  "performance_metrics": {
    "total_processed": 353,
    "valid_configs": 42,
    "duplicates": 0,
    "failed_tests": 311,
    "success_rate": 11.9,
    "avg_latency_ms": 94.5,
    "avg_score": 99.37
  },
  "protocol_summary": {
    "vmess": {
      "count": 1,
      "avg_lat": 29.0,
      "avg_score": 99.80666666666667
    },
    "vless": {
      "count": 29,
      "avg_lat": 71.17241379310344,
      "avg_score": 99.5255172413793
    },
    "ss": {
      "count": 11,
      "avg_lat": 169.1818181818182,
      "avg_score": 98.8721212121212
    },
    "trojan": {
      "count": 1,
      "avg_lat": 15.0,
      "avg_score": 99.9
    }
  }
}