{
  "scan_timestamp": "2026-03-28T08:42:22.235849+00:00",
  "duration_seconds": 1009.06,
  "performance_metrics": {
    "total_processed": 472,
    "valid_configs": 249,
    "duplicates": 0,
    "failed_tests": 223,
    "success_rate": 52.75,
    "avg_latency_ms": 70.89,
    "avg_score": 99.53
  },
  "protocol_summary": {
    "vmess": {
      "count": 15,
      "avg_lat": 125.73333333333333,
      "avg_score": 99.16177777777779
    },
    "vless": {
      "count": 213,
      "avg_lat": 59.95305164319249,
      "avg_score": 99.60031298904538
    },
    "ss": {
      "count": 9,
      "avg_lat": 200.77777777777777,
      "avg_score": 98.66148148148149
    },
    "trojan": {
      "count": 12,
      "avg_lat": 99.08333333333333,
      "avg_score": 99.33944444444444
    }
  }
}