{
  "scan_timestamp": "2026-02-18T20:44:46.447279+00:00",
  "duration_seconds": 1103.69,
  "performance_metrics": {
    "total_processed": 460,
    "valid_configs": 344,
    "duplicates": 0,
    "failed_tests": 116,
    "success_rate": 74.78,
    "avg_latency_ms": 105.62,
    "avg_score": 99.3
  },
  "protocol_summary": {
    "vmess": {
      "count": 56,
      "avg_lat": 145.51785714285714,
      "avg_score": 99.02988095238095
    },
    "vless": {
      "count": 250,
      "avg_lat": 95.964,
      "avg_score": 99.36024
    },
    "ss": {
      "count": 0,
      "avg_lat": 0.0,
      "avg_score": 0.0
    },
    "trojan": {
      "count": 38,
      "avg_lat": 110.34210526315789,
      "avg_score": 99.26438596491228
    }
  }
}