{
  "scan_timestamp": "2026-03-08T09:20:59.465288+00:00",
  "duration_seconds": 186.27,
  "performance_metrics": {
    "total_processed": 377,
    "valid_configs": 32,
    "duplicates": 0,
    "failed_tests": 345,
    "success_rate": 8.49,
    "avg_latency_ms": 49.28,
    "avg_score": 99.67
  },
  "protocol_summary": {
    "vmess": {
      "count": 2,
      "avg_lat": 112.0,
      "avg_score": 99.25333333333333
    },
    "vless": {
      "count": 29,
      "avg_lat": 43.206896551724135,
      "avg_score": 99.71195402298851
    },
    "ss": {
      "count": 1,
      "avg_lat": 100.0,
      "avg_score": 99.33333333333333
    },
    "trojan": {
      "count": 0,
      "avg_lat": 0.0,
      "avg_score": 0.0
    }
  }
}