{
  "scan_timestamp": "2026-03-29T11:35:08.421542+00:00",
  "duration_seconds": 969.53,
  "performance_metrics": {
    "total_processed": 470,
    "valid_configs": 202,
    "duplicates": 0,
    "failed_tests": 268,
    "success_rate": 42.98,
    "avg_latency_ms": 99.67,
    "avg_score": 99.34
  },
  "protocol_summary": {
    "vmess": {
      "count": 17,
      "avg_lat": 123.58823529411765,
      "avg_score": 99.17607843137255
    },
    "vless": {
      "count": 181,
      "avg_lat": 94.97790055248619,
      "avg_score": 99.36681399631676
    },
    "ss": {
      "count": 1,
      "avg_lat": 189.0,
      "avg_score": 98.74
    },
    "trojan": {
      "count": 3,
      "avg_lat": 217.66666666666666,
      "avg_score": 98.54888888888888
    }
  }
}