{
  "scan_timestamp": "2026-03-02T11:43:31.410508+00:00",
  "duration_seconds": 1097.47,
  "performance_metrics": {
    "total_processed": 473,
    "valid_configs": 329,
    "duplicates": 0,
    "failed_tests": 144,
    "success_rate": 69.56,
    "avg_latency_ms": 79.79,
    "avg_score": 99.47
  },
  "protocol_summary": {
    "vmess": {
      "count": 60,
      "avg_lat": 51.7,
      "avg_score": 99.65533333333333
    },
    "vless": {
      "count": 234,
      "avg_lat": 90.82051282051282,
      "avg_score": 99.39452991452991
    },
    "ss": {
      "count": 0,
      "avg_lat": 0.0,
      "avg_score": 0.0
    },
    "trojan": {
      "count": 35,
      "avg_lat": 54.17142857142857,
      "avg_score": 99.63885714285715
    }
  }
}