{
  "scan_timestamp": "2026-03-11T08:30:37.988779+00:00",
  "duration_seconds": 216.64,
  "performance_metrics": {
    "total_processed": 379,
    "valid_configs": 35,
    "duplicates": 0,
    "failed_tests": 344,
    "success_rate": 9.23,
    "avg_latency_ms": 77.23,
    "avg_score": 99.49
  },
  "protocol_summary": {
    "vmess": {
      "count": 3,
      "avg_lat": 159.0,
      "avg_score": 98.94
    },
    "vless": {
      "count": 30,
      "avg_lat": 68.46666666666667,
      "avg_score": 99.54355555555556
    },
    "ss": {
      "count": 1,
      "avg_lat": 158.0,
      "avg_score": 98.94666666666667
    },
    "trojan": {
      "count": 1,
      "avg_lat": 14.0,
      "avg_score": 99.90666666666667
    }
  }
}