{
  "scan_timestamp": "2025-12-14T13:36:35.623398+00:00",
  "duration_seconds": 976.05,
  "performance_metrics": {
    "total_processed": 477,
    "valid_configs": 260,
    "duplicates": 0,
    "failed_tests": 217,
    "success_rate": 54.51,
    "avg_latency_ms": 95.07,
    "avg_score": 99.37
  },
  "protocol_summary": {
    "vmess": {
      "count": 42,
      "avg_lat": 104.38095238095238,
      "avg_score": 99.304126984127
    },
    "vless": {
      "count": 191,
      "avg_lat": 81.07329842931937,
      "avg_score": 99.45951134380454
    },
    "ss": {
      "count": 0,
      "avg_lat": 0.0,
      "avg_score": 0.0
    },
    "trojan": {
      "count": 27,
      "avg_lat": 179.62962962962962,
      "avg_score": 98.80246913580247
    }
  }
}