{
  "scan_timestamp": "2026-01-14T18:34:45.644235+00:00",
  "duration_seconds": 1009.78,
  "performance_metrics": {
    "total_processed": 466,
    "valid_configs": 305,
    "duplicates": 0,
    "failed_tests": 161,
    "success_rate": 65.45,
    "avg_latency_ms": 117.43,
    "avg_score": 99.22
  },
  "protocol_summary": {
    "vmess": {
      "count": 83,
      "avg_lat": 93.89156626506023,
      "avg_score": 99.3740562248996
    },
    "vless": {
      "count": 131,
      "avg_lat": 74.19847328244275,
      "avg_score": 99.50534351145039
    },
    "ss": {
      "count": 0,
      "avg_lat": 0.0,
      "avg_score": 0.0
    },
    "trojan": {
      "count": 91,
      "avg_lat": 201.14285714285714,
      "avg_score": 98.65904761904761
    }
  }
}