{
  "scan_timestamp": "2026-03-19T20:29:16.680228+00:00",
  "duration_seconds": 238.25,
  "performance_metrics": {
    "total_processed": 408,
    "valid_configs": 44,
    "duplicates": 0,
    "failed_tests": 364,
    "success_rate": 10.78,
    "avg_latency_ms": 45.05,
    "avg_score": 99.7
  },
  "protocol_summary": {
    "vmess": {
      "count": 1,
      "avg_lat": 30.0,
      "avg_score": 99.8
    },
    "vless": {
      "count": 28,
      "avg_lat": 53.92857142857143,
      "avg_score": 99.64047619047619
    },
    "ss": {
      "count": 0,
      "avg_lat": 0.0,
      "avg_score": 0.0
    },
    "trojan": {
      "count": 15,
      "avg_lat": 29.466666666666665,
      "avg_score": 99.80355555555555
    }
  }
}