{
  "scan_timestamp": "2026-02-03T12:47:52.899630+00:00",
  "duration_seconds": 991.2,
  "performance_metrics": {
    "total_processed": 466,
    "valid_configs": 283,
    "duplicates": 0,
    "failed_tests": 183,
    "success_rate": 60.73,
    "avg_latency_ms": 113.05,
    "avg_score": 99.25
  },
  "protocol_summary": {
    "vmess": {
      "count": 83,
      "avg_lat": 75.57831325301204,
      "avg_score": 99.49614457831326
    },
    "vless": {
      "count": 152,
      "avg_lat": 95.90789473684211,
      "avg_score": 99.36061403508772
    },
    "ss": {
      "count": 0,
      "avg_lat": 0.0,
      "avg_score": 0.0
    },
    "trojan": {
      "count": 48,
      "avg_lat": 232.125,
      "avg_score": 98.4525
    }
  }
}