{
  "scan_timestamp": "2026-07-01T23:22:15.219391+00:00",
  "duration_seconds": 461.6,
  "performance_metrics": {
    "total_processed": 458,
    "valid_configs": 147,
    "duplicates": 0,
    "failed_tests": 311,
    "success_rate": 32.1,
    "avg_latency_ms": 106.78,
    "avg_score": 99.29
  },
  "protocol_summary": {
    "vless": {
      "count": 9,
      "avg_lat": 184.77777777777777,
      "avg_score": 98.76814814814814
    },
    "ss": {
      "count": 130,
      "avg_lat": 107.84615384615384,
      "avg_score": 99.28102564102564
    },
    "trojan": {
      "count": 8,
      "avg_lat": 1.75,
      "avg_score": 99.98833333333333
    }
  }
}