{
  "scan_timestamp": "2026-03-28T10:37:13.669671+00:00",
  "duration_seconds": 1016.18,
  "performance_metrics": {
    "total_processed": 469,
    "valid_configs": 256,
    "duplicates": 0,
    "failed_tests": 213,
    "success_rate": 54.58,
    "avg_latency_ms": 72.43,
    "avg_score": 99.52
  },
  "protocol_summary": {
    "vmess": {
      "count": 15,
      "avg_lat": 126.6,
      "avg_score": 99.15599999999999
    },
    "vless": {
      "count": 222,
      "avg_lat": 61.24324324324324,
      "avg_score": 99.59171171171171
    },
    "ss": {
      "count": 9,
      "avg_lat": 219.44444444444446,
      "avg_score": 98.53703703703704
    },
    "trojan": {
      "count": 10,
      "avg_lat": 107.3,
      "avg_score": 99.28466666666667
    }
  }
}