{
  "scan_timestamp": "2025-12-31T10:27:24.208521+00:00",
  "duration_seconds": 963.54,
  "performance_metrics": {
    "total_processed": 441,
    "valid_configs": 286,
    "duplicates": 0,
    "failed_tests": 155,
    "success_rate": 64.85,
    "avg_latency_ms": 108.41,
    "avg_score": 99.28
  },
  "protocol_summary": {
    "vmess": {
      "count": 59,
      "avg_lat": 80.42372881355932,
      "avg_score": 99.4638418079096
    },
    "vless": {
      "count": 159,
      "avg_lat": 117.81761006289308,
      "avg_score": 99.21454926624737
    },
    "ss": {
      "count": 0,
      "avg_lat": 0.0,
      "avg_score": 0.0
    },
    "trojan": {
      "count": 68,
      "avg_lat": 110.70588235294117,
      "avg_score": 99.26196078431373
    }
  }
}