{
  "scan_timestamp": "2026-02-06T08:46:26.014162+00:00",
  "duration_seconds": 1081.6,
  "performance_metrics": {
    "total_processed": 481,
    "valid_configs": 308,
    "duplicates": 0,
    "failed_tests": 173,
    "success_rate": 64.03,
    "avg_latency_ms": 139.98,
    "avg_score": 99.07
  },
  "protocol_summary": {
    "vmess": {
      "count": 53,
      "avg_lat": 102.43396226415095,
      "avg_score": 99.31710691823899
    },
    "vless": {
      "count": 176,
      "avg_lat": 141.9090909090909,
      "avg_score": 99.05393939393939
    },
    "ss": {
      "count": 0,
      "avg_lat": 0.0,
      "avg_score": 0.0
    },
    "trojan": {
      "count": 79,
      "avg_lat": 160.86075949367088,
      "avg_score": 98.92759493670886
    }
  }
}