{
  "scan_timestamp": "2026-01-30T07:47:30.232885+00:00",
  "duration_seconds": 882.96,
  "performance_metrics": {
    "total_processed": 460,
    "valid_configs": 244,
    "duplicates": 0,
    "failed_tests": 216,
    "success_rate": 53.04,
    "avg_latency_ms": 92.88,
    "avg_score": 99.38
  },
  "protocol_summary": {
    "vmess": {
      "count": 108,
      "avg_lat": 69.75925925925925,
      "avg_score": 99.53493827160493
    },
    "vless": {
      "count": 75,
      "avg_lat": 67.12,
      "avg_score": 99.55253333333333
    },
    "ss": {
      "count": 0,
      "avg_lat": 0.0,
      "avg_score": 0.0
    },
    "trojan": {
      "count": 61,
      "avg_lat": 165.47540983606558,
      "avg_score": 98.8968306010929
    }
  }
}