{
  "scan_timestamp": "2025-12-11T19:28:14.933048+00:00",
  "duration_seconds": 963.69,
  "performance_metrics": {
    "total_processed": 477,
    "valid_configs": 223,
    "duplicates": 0,
    "failed_tests": 254,
    "success_rate": 46.75,
    "avg_latency_ms": 170.24,
    "avg_score": 98.87
  },
  "protocol_summary": {
    "vmess": {
      "count": 41,
      "avg_lat": 218.8048780487805,
      "avg_score": 98.54130081300812
    },
    "vless": {
      "count": 123,
      "avg_lat": 139.1219512195122,
      "avg_score": 99.07252032520326
    },
    "ss": {
      "count": 0,
      "avg_lat": 0.0,
      "avg_score": 0.0
    },
    "trojan": {
      "count": 59,
      "avg_lat": 201.35593220338984,
      "avg_score": 98.65762711864407
    }
  }
}