{
  "scan_timestamp": "2026-04-14T10:25:09.251376+00:00",
  "duration_seconds": 1200.67,
  "performance_metrics": {
    "total_processed": 482,
    "valid_configs": 371,
    "duplicates": 0,
    "failed_tests": 111,
    "success_rate": 76.97,
    "avg_latency_ms": 47.93,
    "avg_score": 99.68
  },
  "protocol_summary": {
    "vmess": {
      "count": 58,
      "avg_lat": 41.60344827586207,
      "avg_score": 99.7226436781609
    },
    "vless": {
      "count": 290,
      "avg_lat": 45.641379310344824,
      "avg_score": 99.69572413793102
    },
    "ss": {
      "count": 0,
      "avg_lat": 0.0,
      "avg_score": 0.0
    },
    "trojan": {
      "count": 23,
      "avg_lat": 92.78260869565217,
      "avg_score": 99.38144927536231
    }
  }
}