{
  "scan_timestamp": "2026-02-26T08:00:48.077912+00:00",
  "duration_seconds": 1107.78,
  "performance_metrics": {
    "total_processed": 473,
    "valid_configs": 332,
    "duplicates": 0,
    "failed_tests": 141,
    "success_rate": 70.19,
    "avg_latency_ms": 94.71,
    "avg_score": 99.37
  },
  "protocol_summary": {
    "vmess": {
      "count": 60,
      "avg_lat": 103.41666666666667,
      "avg_score": 99.31055555555555
    },
    "vless": {
      "count": 237,
      "avg_lat": 98.18987341772151,
      "avg_score": 99.34540084388186
    },
    "ss": {
      "count": 0,
      "avg_lat": 0.0,
      "avg_score": 0.0
    },
    "trojan": {
      "count": 35,
      "avg_lat": 56.22857142857143,
      "avg_score": 99.62514285714286
    }
  }
}