{
  "scan_timestamp": "2026-02-13T16:47:10.334785+00:00",
  "duration_seconds": 971.16,
  "performance_metrics": {
    "total_processed": 466,
    "valid_configs": 294,
    "duplicates": 0,
    "failed_tests": 172,
    "success_rate": 63.09,
    "avg_latency_ms": 159.51,
    "avg_score": 98.94
  },
  "protocol_summary": {
    "vmess": {
      "count": 77,
      "avg_lat": 176.84415584415584,
      "avg_score": 98.82103896103897
    },
    "vless": {
      "count": 172,
      "avg_lat": 161.62790697674419,
      "avg_score": 98.92248062015504
    },
    "ss": {
      "count": 0,
      "avg_lat": 0.0,
      "avg_score": 0.0
    },
    "trojan": {
      "count": 45,
      "avg_lat": 121.77777777777777,
      "avg_score": 99.18814814814816
    }
  }
}