{
  "scan_timestamp": "2026-02-17T04:25:42.379629+00:00",
  "duration_seconds": 1091.31,
  "performance_metrics": {
    "total_processed": 462,
    "valid_configs": 331,
    "duplicates": 0,
    "failed_tests": 131,
    "success_rate": 71.65,
    "avg_latency_ms": 102.02,
    "avg_score": 99.32
  },
  "protocol_summary": {
    "vmess": {
      "count": 60,
      "avg_lat": 138.4,
      "avg_score": 99.07733333333334
    },
    "vless": {
      "count": 234,
      "avg_lat": 92.88461538461539,
      "avg_score": 99.38076923076922
    },
    "ss": {
      "count": 0,
      "avg_lat": 0.0,
      "avg_score": 0.0
    },
    "trojan": {
      "count": 37,
      "avg_lat": 100.8108108108108,
      "avg_score": 99.32792792792793
    }
  }
}