{
  "scan_timestamp": "2025-12-14T14:24:50.937192+00:00",
  "duration_seconds": 938.04,
  "performance_metrics": {
    "total_processed": 472,
    "valid_configs": 252,
    "duplicates": 0,
    "failed_tests": 220,
    "success_rate": 53.39,
    "avg_latency_ms": 119.04,
    "avg_score": 99.21
  },
  "protocol_summary": {
    "vmess": {
      "count": 36,
      "avg_lat": 165.36111111111111,
      "avg_score": 98.8975925925926
    },
    "vless": {
      "count": 183,
      "avg_lat": 111.27322404371584,
      "avg_score": 99.25817850637523
    },
    "ss": {
      "count": 0,
      "avg_lat": 0.0,
      "avg_score": 0.0
    },
    "trojan": {
      "count": 33,
      "avg_lat": 111.54545454545455,
      "avg_score": 99.25636363636363
    }
  }
}