{
  "scan_timestamp": "2026-01-21T09:38:57.398663+00:00",
  "duration_seconds": 1001.13,
  "performance_metrics": {
    "total_processed": 475,
    "valid_configs": 280,
    "duplicates": 0,
    "failed_tests": 195,
    "success_rate": 58.95,
    "avg_latency_ms": 86.27,
    "avg_score": 99.42
  },
  "protocol_summary": {
    "vmess": {
      "count": 104,
      "avg_lat": 68.10576923076923,
      "avg_score": 99.54596153846154
    },
    "vless": {
      "count": 127,
      "avg_lat": 84.46456692913385,
      "avg_score": 99.4369028871391
    },
    "ss": {
      "count": 0,
      "avg_lat": 0.0,
      "avg_score": 0.0
    },
    "trojan": {
      "count": 49,
      "avg_lat": 129.48979591836735,
      "avg_score": 99.13673469387754
    }
  }
}