{
  "scan_timestamp": "2026-04-02T12:59:06.974471+00:00",
  "duration_seconds": 956.6,
  "performance_metrics": {
    "total_processed": 485,
    "valid_configs": 214,
    "duplicates": 0,
    "failed_tests": 271,
    "success_rate": 44.12,
    "avg_latency_ms": 103.15,
    "avg_score": 99.31
  },
  "protocol_summary": {
    "vmess": {
      "count": 2,
      "avg_lat": 131.5,
      "avg_score": 99.12333333333333
    },
    "vless": {
      "count": 206,
      "avg_lat": 102.61650485436893,
      "avg_score": 99.31588996763755
    },
    "ss": {
      "count": 1,
      "avg_lat": 128.0,
      "avg_score": 99.14666666666666
    },
    "trojan": {
      "count": 5,
      "avg_lat": 109.0,
      "avg_score": 99.27333333333334
    }
  }
}