{
  "scan_timestamp": "2026-03-04T12:47:42.983521+00:00",
  "duration_seconds": 1081.78,
  "performance_metrics": {
    "total_processed": 473,
    "valid_configs": 324,
    "duplicates": 0,
    "failed_tests": 149,
    "success_rate": 68.5,
    "avg_latency_ms": 79.98,
    "avg_score": 99.47
  },
  "protocol_summary": {
    "vmess": {
      "count": 60,
      "avg_lat": 55.03333333333333,
      "avg_score": 99.6331111111111
    },
    "vless": {
      "count": 229,
      "avg_lat": 90.73362445414847,
      "avg_score": 99.39510917030567
    },
    "ss": {
      "count": 0,
      "avg_lat": 0.0,
      "avg_score": 0.0
    },
    "trojan": {
      "count": 35,
      "avg_lat": 52.42857142857143,
      "avg_score": 99.6504761904762
    }
  }
}