{
  "scan_timestamp": "2025-12-15T10:30:29.887212+00:00",
  "duration_seconds": 957.17,
  "performance_metrics": {
    "total_processed": 466,
    "valid_configs": 269,
    "duplicates": 0,
    "failed_tests": 197,
    "success_rate": 57.73,
    "avg_latency_ms": 101.95,
    "avg_score": 99.32
  },
  "protocol_summary": {
    "vmess": {
      "count": 52,
      "avg_lat": 177.48076923076923,
      "avg_score": 98.81679487179487
    },
    "vless": {
      "count": 179,
      "avg_lat": 70.09497206703911,
      "avg_score": 99.53270018621974
    },
    "ss": {
      "count": 0,
      "avg_lat": 0.0,
      "avg_score": 0.0
    },
    "trojan": {
      "count": 38,
      "avg_lat": 148.6315789473684,
      "avg_score": 99.00912280701755
    }
  }
}