{
  "scan_timestamp": "2026-03-10T13:57:10.773641+00:00",
  "duration_seconds": 216.47,
  "performance_metrics": {
    "total_processed": 378,
    "valid_configs": 35,
    "duplicates": 0,
    "failed_tests": 343,
    "success_rate": 9.26,
    "avg_latency_ms": 80.2,
    "avg_score": 99.47
  },
  "protocol_summary": {
    "vmess": {
      "count": 3,
      "avg_lat": 133.66666666666666,
      "avg_score": 99.10888888888888
    },
    "vless": {
      "count": 30,
      "avg_lat": 74.3,
      "avg_score": 99.50466666666667
    },
    "ss": {
      "count": 1,
      "avg_lat": 175.0,
      "avg_score": 98.83333333333333
    },
    "trojan": {
      "count": 1,
      "avg_lat": 2.0,
      "avg_score": 99.98666666666666
    }
  }
}