{
  "scan_timestamp": "2025-12-17T04:39:10.126769+00:00",
  "duration_seconds": 946.95,
  "performance_metrics": {
    "total_processed": 469,
    "valid_configs": 264,
    "duplicates": 0,
    "failed_tests": 205,
    "success_rate": 56.29,
    "avg_latency_ms": 105.94,
    "avg_score": 99.29
  },
  "protocol_summary": {
    "vmess": {
      "count": 30,
      "avg_lat": 197.06666666666666,
      "avg_score": 98.68622222222221
    },
    "vless": {
      "count": 189,
      "avg_lat": 94.46560846560847,
      "avg_score": 99.37022927689594
    },
    "ss": {
      "count": 0,
      "avg_lat": 0.0,
      "avg_score": 0.0
    },
    "trojan": {
      "count": 45,
      "avg_lat": 93.35555555555555,
      "avg_score": 99.37762962962962
    }
  }
}