{
  "scan_timestamp": "2025-12-30T16:28:58.404548+00:00",
  "duration_seconds": 937.93,
  "performance_metrics": {
    "total_processed": 478,
    "valid_configs": 280,
    "duplicates": 0,
    "failed_tests": 198,
    "success_rate": 58.58,
    "avg_latency_ms": 115.6,
    "avg_score": 99.23
  },
  "protocol_summary": {
    "vmess": {
      "count": 49,
      "avg_lat": 145.20408163265307,
      "avg_score": 99.03197278911564
    },
    "vless": {
      "count": 171,
      "avg_lat": 103.96491228070175,
      "avg_score": 99.30690058479532
    },
    "ss": {
      "count": 0,
      "avg_lat": 0.0,
      "avg_score": 0.0
    },
    "trojan": {
      "count": 60,
      "avg_lat": 124.6,
      "avg_score": 99.16933333333333
    }
  }
}