{
  "scan_timestamp": "2026-01-19T17:28:12.200161+00:00",
  "duration_seconds": 790.51,
  "performance_metrics": {
    "total_processed": 415,
    "valid_configs": 208,
    "duplicates": 0,
    "failed_tests": 207,
    "success_rate": 50.12,
    "avg_latency_ms": 102.29,
    "avg_score": 99.32
  },
  "protocol_summary": {
    "vmess": {
      "count": 58,
      "avg_lat": 98.87931034482759,
      "avg_score": 99.34080459770115
    },
    "vless": {
      "count": 112,
      "avg_lat": 78.39285714285714,
      "avg_score": 99.47738095238095
    },
    "ss": {
      "count": 0,
      "avg_lat": 0.0,
      "avg_score": 0.0
    },
    "trojan": {
      "count": 38,
      "avg_lat": 177.92105263157896,
      "avg_score": 98.8138596491228
    }
  }
}