{
  "scan_timestamp": "2026-02-04T10:44:56.844315+00:00",
  "duration_seconds": 1019.53,
  "performance_metrics": {
    "total_processed": 481,
    "valid_configs": 292,
    "duplicates": 0,
    "failed_tests": 189,
    "success_rate": 60.71,
    "avg_latency_ms": 112.06,
    "avg_score": 99.25
  },
  "protocol_summary": {
    "vmess": {
      "count": 54,
      "avg_lat": 95.12962962962963,
      "avg_score": 99.3658024691358
    },
    "vless": {
      "count": 172,
      "avg_lat": 93.55813953488372,
      "avg_score": 99.37627906976745
    },
    "ss": {
      "count": 0,
      "avg_lat": 0.0,
      "avg_score": 0.0
    },
    "trojan": {
      "count": 66,
      "avg_lat": 174.13636363636363,
      "avg_score": 98.83909090909091
    }
  }
}