{
  "scan_timestamp": "2026-01-09T21:29:04.238228+00:00",
  "duration_seconds": 1098.44,
  "performance_metrics": {
    "total_processed": 473,
    "valid_configs": 341,
    "duplicates": 0,
    "failed_tests": 132,
    "success_rate": 72.09,
    "avg_latency_ms": 96.83,
    "avg_score": 99.35
  },
  "protocol_summary": {
    "vmess": {
      "count": 45,
      "avg_lat": 102.02222222222223,
      "avg_score": 99.31985185185185
    },
    "vless": {
      "count": 242,
      "avg_lat": 87.64049586776859,
      "avg_score": 99.41573002754821
    },
    "ss": {
      "count": 0,
      "avg_lat": 0.0,
      "avg_score": 0.0
    },
    "trojan": {
      "count": 54,
      "avg_lat": 133.66666666666666,
      "avg_score": 99.10888888888888
    }
  }
}