{
  "scan_timestamp": "2025-12-18T04:05:08.158011+00:00",
  "duration_seconds": 929.62,
  "performance_metrics": {
    "total_processed": 474,
    "valid_configs": 249,
    "duplicates": 0,
    "failed_tests": 225,
    "success_rate": 52.53,
    "avg_latency_ms": 86.46,
    "avg_score": 99.42
  },
  "protocol_summary": {
    "vmess": {
      "count": 38,
      "avg_lat": 131.18421052631578,
      "avg_score": 99.12543859649124
    },
    "vless": {
      "count": 164,
      "avg_lat": 72.92073170731707,
      "avg_score": 99.51386178861789
    },
    "ss": {
      "count": 0,
      "avg_lat": 0.0,
      "avg_score": 0.0
    },
    "trojan": {
      "count": 47,
      "avg_lat": 97.53191489361703,
      "avg_score": 99.34978723404255
    }
  }
}