{
  "scan_timestamp": "2025-12-13T05:26:39.411488+00:00",
  "duration_seconds": 931.78,
  "performance_metrics": {
    "total_processed": 477,
    "valid_configs": 235,
    "duplicates": 0,
    "failed_tests": 242,
    "success_rate": 49.27,
    "avg_latency_ms": 156.39,
    "avg_score": 98.96
  },
  "protocol_summary": {
    "vmess": {
      "count": 43,
      "avg_lat": 193.93023255813952,
      "avg_score": 98.70713178294574
    },
    "vless": {
      "count": 121,
      "avg_lat": 90.19834710743801,
      "avg_score": 99.39867768595042
    },
    "ss": {
      "count": 0,
      "avg_lat": 0.0,
      "avg_score": 0.0
    },
    "trojan": {
      "count": 71,
      "avg_lat": 246.46478873239437,
      "avg_score": 98.35690140845071
    }
  }
}