{
  "scan_timestamp": "2026-02-15T04:28:29.575974+00:00",
  "duration_seconds": 1083.38,
  "performance_metrics": {
    "total_processed": 464,
    "valid_configs": 327,
    "duplicates": 0,
    "failed_tests": 137,
    "success_rate": 70.47,
    "avg_latency_ms": 107.75,
    "avg_score": 99.28
  },
  "protocol_summary": {
    "vmess": {
      "count": 71,
      "avg_lat": 146.7605633802817,
      "avg_score": 99.02159624413146
    },
    "vless": {
      "count": 205,
      "avg_lat": 98.92682926829268,
      "avg_score": 99.34048780487805
    },
    "ss": {
      "count": 0,
      "avg_lat": 0.0,
      "avg_score": 0.0
    },
    "trojan": {
      "count": 51,
      "avg_lat": 88.92156862745098,
      "avg_score": 99.40718954248365
    }
  }
}