{
  "scan_timestamp": "2026-02-25T11:49:53.371666+00:00",
  "duration_seconds": 1097.65,
  "performance_metrics": {
    "total_processed": 474,
    "valid_configs": 337,
    "duplicates": 0,
    "failed_tests": 137,
    "success_rate": 71.1,
    "avg_latency_ms": 83.47,
    "avg_score": 99.44
  },
  "protocol_summary": {
    "vmess": {
      "count": 62,
      "avg_lat": 58.58064516129032,
      "avg_score": 99.6094623655914
    },
    "vless": {
      "count": 240,
      "avg_lat": 92.5375,
      "avg_score": 99.38308333333333
    },
    "trojan": {
      "count": 35,
      "avg_lat": 65.42857142857143,
      "avg_score": 99.56380952380952
    }
  }
}