{
  "scan_timestamp": "2026-01-31T17:30:28.126979+00:00",
  "duration_seconds": 974.29,
  "performance_metrics": {
    "total_processed": 463,
    "valid_configs": 253,
    "duplicates": 0,
    "failed_tests": 210,
    "success_rate": 54.64,
    "avg_latency_ms": 104.3,
    "avg_score": 99.3
  },
  "protocol_summary": {
    "vmess": {
      "count": 111,
      "avg_lat": 67.49549549549549,
      "avg_score": 99.55003003003003
    },
    "vless": {
      "count": 73,
      "avg_lat": 83.5068493150685,
      "avg_score": 99.44328767123287
    },
    "ss": {
      "count": 0,
      "avg_lat": 0.0,
      "avg_score": 0.0
    },
    "trojan": {
      "count": 69,
      "avg_lat": 185.5072463768116,
      "avg_score": 98.7632850241546
    }
  }
}