{
  "scan_timestamp": "2026-03-23T18:49:14.991111+00:00",
  "duration_seconds": 708.47,
  "performance_metrics": {
    "total_processed": 464,
    "valid_configs": 129,
    "duplicates": 0,
    "failed_tests": 335,
    "success_rate": 27.8,
    "avg_latency_ms": 78.77,
    "avg_score": 99.47
  },
  "protocol_summary": {
    "vmess": {
      "count": 1,
      "avg_lat": 29.0,
      "avg_score": 99.80666666666667
    },
    "vless": {
      "count": 115,
      "avg_lat": 78.43478260869566,
      "avg_score": 99.47710144927537
    },
    "ss": {
      "count": 3,
      "avg_lat": 104.0,
      "avg_score": 99.30666666666667
    },
    "trojan": {
      "count": 10,
      "avg_lat": 80.0,
      "avg_score": 99.46666666666667
    }
  }
}