{
  "scan_timestamp": "2026-02-24T07:04:02.056755+00:00",
  "duration_seconds": 1153.56,
  "performance_metrics": {
    "total_processed": 474,
    "valid_configs": 362,
    "duplicates": 0,
    "failed_tests": 112,
    "success_rate": 76.37,
    "avg_latency_ms": 89.65,
    "avg_score": 99.4
  },
  "protocol_summary": {
    "vmess": {
      "count": 73,
      "avg_lat": 96.76712328767124,
      "avg_score": 99.35488584474886
    },
    "vless": {
      "count": 254,
      "avg_lat": 92.03937007874016,
      "avg_score": 99.38640419947507
    },
    "trojan": {
      "count": 35,
      "avg_lat": 57.48571428571429,
      "avg_score": 99.6167619047619
    }
  }
}