{
  "scan_timestamp": "2026-04-11T14:43:40.354486+00:00",
  "duration_seconds": 1015.6,
  "performance_metrics": {
    "total_processed": 485,
    "valid_configs": 236,
    "duplicates": 0,
    "failed_tests": 249,
    "success_rate": 48.66,
    "avg_latency_ms": 115.47,
    "avg_score": 99.23
  },
  "protocol_summary": {
    "vmess": {
      "count": 2,
      "avg_lat": 141.5,
      "avg_score": 99.05666666666667
    },
    "vless": {
      "count": 228,
      "avg_lat": 116.97368421052632,
      "avg_score": 99.2201754385965
    },
    "ss": {
      "count": 0,
      "avg_lat": 0.0,
      "avg_score": 0.0
    },
    "trojan": {
      "count": 6,
      "avg_lat": 49.833333333333336,
      "avg_score": 99.66777777777777
    }
  }
}