{
  "scan_timestamp": "2026-03-22T13:40:14.115578+00:00",
  "duration_seconds": 230.66,
  "performance_metrics": {
    "total_processed": 341,
    "valid_configs": 42,
    "duplicates": 0,
    "failed_tests": 299,
    "success_rate": 12.32,
    "avg_latency_ms": 121.57,
    "avg_score": 99.19
  },
  "protocol_summary": {
    "vmess": {
      "count": 1,
      "avg_lat": 19.0,
      "avg_score": 99.87333333333333
    },
    "vless": {
      "count": 28,
      "avg_lat": 48.892857142857146,
      "avg_score": 99.67404761904763
    },
    "ss": {
      "count": 12,
      "avg_lat": 309.6666666666667,
      "avg_score": 97.93555555555555
    },
    "trojan": {
      "count": 1,
      "avg_lat": 2.0,
      "avg_score": 99.98666666666666
    }
  }
}