{
  "scan_timestamp": "2026-01-20T16:37:01.250273+00:00",
  "duration_seconds": 974.72,
  "performance_metrics": {
    "total_processed": 473,
    "valid_configs": 275,
    "duplicates": 0,
    "failed_tests": 198,
    "success_rate": 58.14,
    "avg_latency_ms": 102.44,
    "avg_score": 99.32
  },
  "protocol_summary": {
    "vmess": {
      "count": 104,
      "avg_lat": 76.13461538461539,
      "avg_score": 99.4924358974359
    },
    "vless": {
      "count": 124,
      "avg_lat": 110.86290322580645,
      "avg_score": 99.26091397849461
    },
    "ss": {
      "count": 0,
      "avg_lat": 0.0,
      "avg_score": 0.0
    },
    "trojan": {
      "count": 47,
      "avg_lat": 138.4468085106383,
      "avg_score": 99.07702127659574
    }
  }
}