{
  "scan_timestamp": "2026-03-14T23:21:49.154989+00:00",
  "duration_seconds": 340.27,
  "performance_metrics": {
    "total_processed": 362,
    "valid_configs": 91,
    "duplicates": 0,
    "failed_tests": 271,
    "success_rate": 25.14,
    "avg_latency_ms": 134.86,
    "avg_score": 99.1
  },
  "protocol_summary": {
    "vmess": {
      "count": 1,
      "avg_lat": 78.0,
      "avg_score": 99.48
    },
    "vless": {
      "count": 28,
      "avg_lat": 72.21428571428571,
      "avg_score": 99.51857142857143
    },
    "ss": {
      "count": 62,
      "avg_lat": 164.06451612903226,
      "avg_score": 98.90623655913978
    }
  }
}