{
  "scan_timestamp": "2025-12-08T04:05:15.163768+00:00",
  "duration_seconds": 953.17,
  "performance_metrics": {
    "total_processed": 476,
    "valid_configs": 233,
    "duplicates": 0,
    "failed_tests": 243,
    "success_rate": 48.95,
    "avg_latency_ms": 159.39,
    "avg_score": 98.94
  },
  "protocol_summary": {
    "vmess": {
      "count": 44,
      "avg_lat": 244.13636363636363,
      "avg_score": 98.37242424242423
    },
    "vless": {
      "count": 105,
      "avg_lat": 96.23809523809524,
      "avg_score": 99.35841269841269
    },
    "ss": {
      "count": 0,
      "avg_lat": 0.0,
      "avg_score": 0.0
    },
    "trojan": {
      "count": 84,
      "avg_lat": 193.92857142857142,
      "avg_score": 98.70714285714286
    }
  }
}