{
  "scan_timestamp": "2026-04-11T08:46:20.963190+00:00",
  "duration_seconds": 1010.5,
  "performance_metrics": {
    "total_processed": 487,
    "valid_configs": 224,
    "duplicates": 0,
    "failed_tests": 263,
    "success_rate": 46.0,
    "avg_latency_ms": 82.0,
    "avg_score": 99.45
  },
  "protocol_summary": {
    "vmess": {
      "count": 2,
      "avg_lat": 137.5,
      "avg_score": 99.08333333333333
    },
    "vless": {
      "count": 216,
      "avg_lat": 82.88425925925925,
      "avg_score": 99.44743827160494
    },
    "ss": {
      "count": 0,
      "avg_lat": 0.0,
      "avg_score": 0.0
    },
    "trojan": {
      "count": 6,
      "avg_lat": 31.666666666666668,
      "avg_score": 99.78888888888889
    }
  }
}