{
  "scan_timestamp": "2025-12-28T05:32:58.213180+00:00",
  "duration_seconds": 1019.44,
  "performance_metrics": {
    "total_processed": 474,
    "valid_configs": 313,
    "duplicates": 0,
    "failed_tests": 161,
    "success_rate": 66.03,
    "avg_latency_ms": 117.87,
    "avg_score": 99.21
  },
  "protocol_summary": {
    "vmess": {
      "count": 94,
      "avg_lat": 107.26595744680851,
      "avg_score": 99.28489361702128
    },
    "vless": {
      "count": 114,
      "avg_lat": 73.17543859649123,
      "avg_score": 99.51216374269006
    },
    "ss": {
      "count": 0,
      "avg_lat": 0.0,
      "avg_score": 0.0
    },
    "trojan": {
      "count": 105,
      "avg_lat": 175.8761904761905,
      "avg_score": 98.82749206349207
    }
  }
}