{
  "scan_timestamp": "2026-03-24T17:00:33.448098+00:00",
  "duration_seconds": 706.23,
  "performance_metrics": {
    "total_processed": 464,
    "valid_configs": 132,
    "duplicates": 0,
    "failed_tests": 332,
    "success_rate": 28.45,
    "avg_latency_ms": 63.82,
    "avg_score": 99.57
  },
  "protocol_summary": {
    "vmess": {
      "count": 1,
      "avg_lat": 22.0,
      "avg_score": 99.85333333333334
    },
    "vless": {
      "count": 119,
      "avg_lat": 65.73109243697479,
      "avg_score": 99.56179271708683
    },
    "ss": {
      "count": 4,
      "avg_lat": 104.0,
      "avg_score": 99.30666666666667
    },
    "trojan": {
      "count": 8,
      "avg_lat": 20.5,
      "avg_score": 99.86333333333333
    }
  }
}