{
  "scan_timestamp": "2025-12-16T12:38:22.130317+00:00",
  "duration_seconds": 1018.15,
  "performance_metrics": {
    "total_processed": 477,
    "valid_configs": 285,
    "duplicates": 0,
    "failed_tests": 192,
    "success_rate": 59.75,
    "avg_latency_ms": 110.29,
    "avg_score": 99.26
  },
  "protocol_summary": {
    "vmess": {
      "count": 36,
      "avg_lat": 158.08333333333334,
      "avg_score": 98.94611111111111
    },
    "vless": {
      "count": 217,
      "avg_lat": 102.99539170506912,
      "avg_score": 99.31336405529954
    },
    "ss": {
      "count": 0,
      "avg_lat": 0.0,
      "avg_score": 0.0
    },
    "trojan": {
      "count": 32,
      "avg_lat": 105.96875,
      "avg_score": 99.29354166666667
    }
  }
}