{
  "scan_timestamp": "2026-03-11T07:39:24.053704+00:00",
  "duration_seconds": 220.41,
  "performance_metrics": {
    "total_processed": 379,
    "valid_configs": 35,
    "duplicates": 0,
    "failed_tests": 344,
    "success_rate": 9.23,
    "avg_latency_ms": 59.0,
    "avg_score": 99.61
  },
  "protocol_summary": {
    "vmess": {
      "count": 3,
      "avg_lat": 117.66666666666667,
      "avg_score": 99.21555555555555
    },
    "vless": {
      "count": 30,
      "avg_lat": 52.86666666666667,
      "avg_score": 99.64755555555556
    },
    "ss": {
      "count": 1,
      "avg_lat": 122.0,
      "avg_score": 99.18666666666667
    },
    "trojan": {
      "count": 1,
      "avg_lat": 4.0,
      "avg_score": 99.97333333333333
    }
  }
}