{
  "scan_timestamp": "2025-12-27T12:35:28.178615+00:00",
  "duration_seconds": 1020.39,
  "performance_metrics": {
    "total_processed": 473,
    "valid_configs": 311,
    "duplicates": 0,
    "failed_tests": 162,
    "success_rate": 65.75,
    "avg_latency_ms": 114.56,
    "avg_score": 99.24
  },
  "protocol_summary": {
    "vmess": {
      "count": 86,
      "avg_lat": 78.62790697674419,
      "avg_score": 99.47581395348837
    },
    "vless": {
      "count": 116,
      "avg_lat": 107.57758620689656,
      "avg_score": 99.28281609195403
    },
    "ss": {
      "count": 0,
      "avg_lat": 0.0,
      "avg_score": 0.0
    },
    "trojan": {
      "count": 109,
      "avg_lat": 150.348623853211,
      "avg_score": 98.99767584097859
    }
  }
}