{
  "scan_timestamp": "2026-07-10T20:30:14.109324+00:00",
  "duration_seconds": 486.99,
  "performance_metrics": {
    "total_processed": 444,
    "valid_configs": 146,
    "duplicates": 0,
    "failed_tests": 298,
    "success_rate": 32.88,
    "avg_latency_ms": 161.05,
    "avg_score": 98.93
  },
  "protocol_summary": {
    "vmess": {
      "count": 1,
      "avg_lat": 57.0,
      "avg_score": 99.62
    },
    "vless": {
      "count": 1,
      "avg_lat": 161.0,
      "avg_score": 98.92666666666666
    },
    "ss": {
      "count": 127,
      "avg_lat": 162.03937007874015,
      "avg_score": 98.9197375328084
    },
    "trojan": {
      "count": 17,
      "avg_lat": 159.8235294117647,
      "avg_score": 98.93450980392157
    }
  }
}