{
  "scan_timestamp": "2026-01-23T23:27:52.522743+00:00",
  "duration_seconds": 993.48,
  "performance_metrics": {
    "total_processed": 468,
    "valid_configs": 282,
    "duplicates": 0,
    "failed_tests": 186,
    "success_rate": 60.26,
    "avg_latency_ms": 119.25,
    "avg_score": 99.2
  },
  "protocol_summary": {
    "vmess": {
      "count": 104,
      "avg_lat": 76.25,
      "avg_score": 99.49166666666666
    },
    "vless": {
      "count": 124,
      "avg_lat": 114.7258064516129,
      "avg_score": 99.23516129032258
    },
    "ss": {
      "count": 0,
      "avg_lat": 0.0,
      "avg_score": 0.0
    },
    "trojan": {
      "count": 54,
      "avg_lat": 212.46296296296296,
      "avg_score": 98.58358024691358
    }
  }
}