{
  "scan_timestamp": "2025-12-13T15:24:37.131597+00:00",
  "duration_seconds": 932.42,
  "performance_metrics": {
    "total_processed": 474,
    "valid_configs": 219,
    "duplicates": 0,
    "failed_tests": 255,
    "success_rate": 46.2,
    "avg_latency_ms": 165.25,
    "avg_score": 98.9
  },
  "protocol_summary": {
    "vmess": {
      "count": 29,
      "avg_lat": 111.03448275862068,
      "avg_score": 99.25977011494253
    },
    "vless": {
      "count": 126,
      "avg_lat": 168.47619047619048,
      "avg_score": 98.8768253968254
    },
    "ss": {
      "count": 0,
      "avg_lat": 0.0,
      "avg_score": 0.0
    },
    "trojan": {
      "count": 64,
      "avg_lat": 183.453125,
      "avg_score": 98.77697916666666
    }
  }
}