{
  "scan_timestamp": "2026-03-06T00:00:36.881123+00:00",
  "duration_seconds": 1080.06,
  "performance_metrics": {
    "total_processed": 473,
    "valid_configs": 321,
    "duplicates": 0,
    "failed_tests": 152,
    "success_rate": 67.86,
    "avg_latency_ms": 72.1,
    "avg_score": 99.52
  },
  "protocol_summary": {
    "vmess": {
      "count": 60,
      "avg_lat": 48.38333333333333,
      "avg_score": 99.67744444444445
    },
    "vless": {
      "count": 226,
      "avg_lat": 81.7433628318584,
      "avg_score": 99.45504424778761
    },
    "ss": {
      "count": 0,
      "avg_lat": 0.0,
      "avg_score": 0.0
    },
    "trojan": {
      "count": 35,
      "avg_lat": 50.51428571428571,
      "avg_score": 99.66323809523809
    }
  }
}