{
  "scan_timestamp": "2026-01-17T21:23:21.186104+00:00",
  "duration_seconds": 873.86,
  "performance_metrics": {
    "total_processed": 473,
    "valid_configs": 219,
    "duplicates": 0,
    "failed_tests": 254,
    "success_rate": 46.3,
    "avg_latency_ms": 115.26,
    "avg_score": 99.23
  },
  "protocol_summary": {
    "vmess": {
      "count": 43,
      "avg_lat": 94.09302325581395,
      "avg_score": 99.37271317829457
    },
    "vless": {
      "count": 124,
      "avg_lat": 65.90322580645162,
      "avg_score": 99.56064516129032
    },
    "ss": {
      "count": 0,
      "avg_lat": 0.0,
      "avg_score": 0.0
    },
    "trojan": {
      "count": 52,
      "avg_lat": 250.44230769230768,
      "avg_score": 98.33038461538462
    }
  }
}