{
  "scan_timestamp": "2026-03-25T16:08:06.614089+00:00",
  "duration_seconds": 618.83,
  "performance_metrics": {
    "total_processed": 459,
    "valid_configs": 110,
    "duplicates": 0,
    "failed_tests": 349,
    "success_rate": 23.97,
    "avg_latency_ms": 70.5,
    "avg_score": 99.53
  },
  "protocol_summary": {
    "vmess": {
      "count": 2,
      "avg_lat": 58.0,
      "avg_score": 99.61333333333333
    },
    "vless": {
      "count": 98,
      "avg_lat": 71.91836734693878,
      "avg_score": 99.52054421768706
    },
    "ss": {
      "count": 3,
      "avg_lat": 130.33333333333334,
      "avg_score": 99.13111111111111
    },
    "trojan": {
      "count": 7,
      "avg_lat": 28.571428571428573,
      "avg_score": 99.80952380952381
    }
  }
}