{
  "scan_timestamp": "2026-01-06T23:30:20.375213+00:00",
  "duration_seconds": 1179.89,
  "performance_metrics": {
    "total_processed": 484,
    "valid_configs": 371,
    "duplicates": 0,
    "failed_tests": 113,
    "success_rate": 76.65,
    "avg_latency_ms": 92.59,
    "avg_score": 99.38
  },
  "protocol_summary": {
    "vmess": {
      "count": 33,
      "avg_lat": 113.0,
      "avg_score": 99.24666666666667
    },
    "vless": {
      "count": 283,
      "avg_lat": 70.34628975265018,
      "avg_score": 99.53102473498232
    },
    "ss": {
      "count": 6,
      "avg_lat": 488.8333333333333,
      "avg_score": 96.74111111111112
    },
    "trojan": {
      "count": 49,
      "avg_lat": 158.81632653061226,
      "avg_score": 98.94122448979591
    }
  }
}