{
  "scan_timestamp": "2026-04-01T06:36:10.613124+00:00",
  "duration_seconds": 950.87,
  "performance_metrics": {
    "total_processed": 485,
    "valid_configs": 225,
    "duplicates": 0,
    "failed_tests": 260,
    "success_rate": 46.39,
    "avg_latency_ms": 104.56,
    "avg_score": 99.3
  },
  "protocol_summary": {
    "vmess": {
      "count": 2,
      "avg_lat": 128.0,
      "avg_score": 99.14666666666668
    },
    "vless": {
      "count": 222,
      "avg_lat": 104.43693693693693,
      "avg_score": 99.30375375375375
    },
    "ss": {
      "count": 0,
      "avg_lat": 0.0,
      "avg_score": 0.0
    },
    "trojan": {
      "count": 1,
      "avg_lat": 86.0,
      "avg_score": 99.42666666666666
    }
  }
}