{
  "scan_timestamp": "2026-02-09T06:18:08.452194+00:00",
  "duration_seconds": 1104.02,
  "performance_metrics": {
    "total_processed": 477,
    "valid_configs": 330,
    "duplicates": 0,
    "failed_tests": 147,
    "success_rate": 69.18,
    "avg_latency_ms": 90.28,
    "avg_score": 99.4
  },
  "protocol_summary": {
    "vmess": {
      "count": 47,
      "avg_lat": 113.91489361702128,
      "avg_score": 99.24056737588651
    },
    "vless": {
      "count": 233,
      "avg_lat": 92.40343347639485,
      "avg_score": 99.38397711015737
    },
    "ss": {
      "count": 0,
      "avg_lat": 0.0,
      "avg_score": 0.0
    },
    "trojan": {
      "count": 50,
      "avg_lat": 58.2,
      "avg_score": 99.61200000000001
    }
  }
}