{
  "scan_timestamp": "2026-01-01T14:25:01.285157+00:00",
  "duration_seconds": 874.17,
  "performance_metrics": {
    "total_processed": 478,
    "valid_configs": 242,
    "duplicates": 0,
    "failed_tests": 236,
    "success_rate": 50.63,
    "avg_latency_ms": 138.96,
    "avg_score": 99.07
  },
  "protocol_summary": {
    "vmess": {
      "count": 69,
      "avg_lat": 104.66666666666667,
      "avg_score": 99.30222222222223
    },
    "vless": {
      "count": 151,
      "avg_lat": 158.0662251655629,
      "avg_score": 98.94622516556291
    },
    "ss": {
      "count": 0,
      "avg_lat": 0.0,
      "avg_score": 0.0
    },
    "trojan": {
      "count": 22,
      "avg_lat": 115.36363636363636,
      "avg_score": 99.2309090909091
    }
  }
}