{
  "scan_timestamp": "2026-02-11T09:58:49.719798+00:00",
  "duration_seconds": 1096.85,
  "performance_metrics": {
    "total_processed": 478,
    "valid_configs": 313,
    "duplicates": 0,
    "failed_tests": 165,
    "success_rate": 65.48,
    "avg_latency_ms": 121.64,
    "avg_score": 99.19
  },
  "protocol_summary": {
    "vmess": {
      "count": 41,
      "avg_lat": 163.41463414634146,
      "avg_score": 98.91056910569107
    },
    "vless": {
      "count": 204,
      "avg_lat": 128.05392156862746,
      "avg_score": 99.1463071895425
    },
    "ss": {
      "count": 0,
      "avg_lat": 0.0,
      "avg_score": 0.0
    },
    "trojan": {
      "count": 68,
      "avg_lat": 77.20588235294117,
      "avg_score": 99.48529411764706
    }
  }
}