{
  "scan_timestamp": "2026-04-19T08:15:21.904806+00:00",
  "duration_seconds": 967.36,
  "performance_metrics": {
    "total_processed": 488,
    "valid_configs": 244,
    "duplicates": 0,
    "failed_tests": 244,
    "success_rate": 50.0,
    "avg_latency_ms": 61.62,
    "avg_score": 99.59
  },
  "protocol_summary": {
    "vmess": {
      "count": 2,
      "avg_lat": 122.0,
      "avg_score": 99.18666666666667
    },
    "vless": {
      "count": 235,
      "avg_lat": 61.61702127659574,
      "avg_score": 99.58921985815603
    },
    "ss": {
      "count": 1,
      "avg_lat": 194.0,
      "avg_score": 98.70666666666666
    },
    "trojan": {
      "count": 6,
      "avg_lat": 19.5,
      "avg_score": 99.87
    }
  }
}