{
  "scan_timestamp": "2026-01-20T15:34:42.529794+00:00",
  "duration_seconds": 918.56,
  "performance_metrics": {
    "total_processed": 473,
    "valid_configs": 258,
    "duplicates": 0,
    "failed_tests": 215,
    "success_rate": 54.55,
    "avg_latency_ms": 100.21,
    "avg_score": 99.33
  },
  "protocol_summary": {
    "vmess": {
      "count": 82,
      "avg_lat": 98.67073170731707,
      "avg_score": 99.34219512195122
    },
    "vless": {
      "count": 125,
      "avg_lat": 72.032,
      "avg_score": 99.51978666666666
    },
    "ss": {
      "count": 0,
      "avg_lat": 0.0,
      "avg_score": 0.0
    },
    "trojan": {
      "count": 51,
      "avg_lat": 171.7450980392157,
      "avg_score": 98.85503267973856
    }
  }
}