{
  "scan_timestamp": "2026-02-26T06:07:34.977604+00:00",
  "duration_seconds": 1100.15,
  "performance_metrics": {
    "total_processed": 473,
    "valid_configs": 332,
    "duplicates": 0,
    "failed_tests": 141,
    "success_rate": 70.19,
    "avg_latency_ms": 95.57,
    "avg_score": 99.36
  },
  "protocol_summary": {
    "vmess": {
      "count": 60,
      "avg_lat": 102.3,
      "avg_score": 99.318
    },
    "vless": {
      "count": 237,
      "avg_lat": 99.48945147679325,
      "avg_score": 99.33673699015472
    },
    "ss": {
      "count": 0,
      "avg_lat": 0.0,
      "avg_score": 0.0
    },
    "trojan": {
      "count": 35,
      "avg_lat": 57.51428571428571,
      "avg_score": 99.61657142857143
    }
  }
}