{
  "scan_timestamp": "2026-02-24T01:21:48.587428+00:00",
  "duration_seconds": 1156.08,
  "performance_metrics": {
    "total_processed": 474,
    "valid_configs": 361,
    "duplicates": 0,
    "failed_tests": 113,
    "success_rate": 76.16,
    "avg_latency_ms": 108.99,
    "avg_score": 99.27
  },
  "protocol_summary": {
    "vmess": {
      "count": 72,
      "avg_lat": 104.91666666666667,
      "avg_score": 99.30055555555556
    },
    "vless": {
      "count": 252,
      "avg_lat": 116.67857142857143,
      "avg_score": 99.22214285714286
    },
    "trojan": {
      "count": 37,
      "avg_lat": 64.56756756756756,
      "avg_score": 99.56954954954955
    }
  }
}