{
  "scan_timestamp": "2026-04-21T23:40:44.207987+00:00",
  "duration_seconds": 849.21,
  "performance_metrics": {
    "total_processed": 479,
    "valid_configs": 215,
    "duplicates": 0,
    "failed_tests": 264,
    "success_rate": 44.89,
    "avg_latency_ms": 152.69,
    "avg_score": 98.98
  },
  "protocol_summary": {
    "vmess": {
      "count": 4,
      "avg_lat": 97.25,
      "avg_score": 99.35166666666667
    },
    "vless": {
      "count": 204,
      "avg_lat": 156.65686274509804,
      "avg_score": 98.95562091503268
    },
    "ss": {
      "count": 2,
      "avg_lat": 182.0,
      "avg_score": 98.78666666666666
    },
    "trojan": {
      "count": 5,
      "avg_lat": 23.4,
      "avg_score": 99.84400000000001
    }
  }
}