{
  "scan_timestamp": "2026-01-05T07:39:56.301110+00:00",
  "duration_seconds": 1149.68,
  "performance_metrics": {
    "total_processed": 482,
    "valid_configs": 359,
    "duplicates": 0,
    "failed_tests": 123,
    "success_rate": 74.48,
    "avg_latency_ms": 111.4,
    "avg_score": 99.26
  },
  "protocol_summary": {
    "vmess": {
      "count": 32,
      "avg_lat": 154.0625,
      "avg_score": 98.97291666666666
    },
    "vless": {
      "count": 273,
      "avg_lat": 93.31868131868131,
      "avg_score": 99.37787545787546
    },
    "ss": {
      "count": 0,
      "avg_lat": 0.0,
      "avg_score": 0.0
    },
    "trojan": {
      "count": 54,
      "avg_lat": 177.5185185185185,
      "avg_score": 98.81654320987654
    }
  }
}