{
  "scan_timestamp": "2026-01-18T07:27:26.990917+00:00",
  "duration_seconds": 922.49,
  "performance_metrics": {
    "total_processed": 446,
    "valid_configs": 259,
    "duplicates": 0,
    "failed_tests": 187,
    "success_rate": 58.07,
    "avg_latency_ms": 123.57,
    "avg_score": 99.18
  },
  "protocol_summary": {
    "vmess": {
      "count": 70,
      "avg_lat": 86.11428571428571,
      "avg_score": 99.42590476190476
    },
    "vless": {
      "count": 121,
      "avg_lat": 95.56198347107438,
      "avg_score": 99.36292011019285
    },
    "ss": {
      "count": 0,
      "avg_lat": 0.0,
      "avg_score": 0.0
    },
    "trojan": {
      "count": 68,
      "avg_lat": 211.9558823529412,
      "avg_score": 98.58696078431372
    }
  }
}