{
  "scan_timestamp": "2026-02-27T08:47:01.234660+00:00",
  "duration_seconds": 1105.68,
  "performance_metrics": {
    "total_processed": 473,
    "valid_configs": 331,
    "duplicates": 0,
    "failed_tests": 142,
    "success_rate": 69.98,
    "avg_latency_ms": 97.08,
    "avg_score": 99.35
  },
  "protocol_summary": {
    "vmess": {
      "count": 61,
      "avg_lat": 72.90163934426229,
      "avg_score": 99.51398907103825
    },
    "vless": {
      "count": 235,
      "avg_lat": 111.90212765957448,
      "avg_score": 99.25398581560285
    },
    "ss": {
      "count": 0,
      "avg_lat": 0.0,
      "avg_score": 0.0
    },
    "trojan": {
      "count": 35,
      "avg_lat": 39.714285714285715,
      "avg_score": 99.7352380952381
    }
  }
}