{
  "scan_timestamp": "2025-12-17T21:25:13.360157+00:00",
  "duration_seconds": 896.58,
  "performance_metrics": {
    "total_processed": 477,
    "valid_configs": 235,
    "duplicates": 0,
    "failed_tests": 242,
    "success_rate": 49.27,
    "avg_latency_ms": 94.08,
    "avg_score": 99.37
  },
  "protocol_summary": {
    "vmess": {
      "count": 48,
      "avg_lat": 156.33333333333334,
      "avg_score": 98.95777777777778
    },
    "vless": {
      "count": 139,
      "avg_lat": 72.00719424460432,
      "avg_score": 99.5199520383693
    },
    "ss": {
      "count": 0,
      "avg_lat": 0.0,
      "avg_score": 0.0
    },
    "trojan": {
      "count": 48,
      "avg_lat": 95.72916666666667,
      "avg_score": 99.36180555555556
    }
  }
}