{
  "scan_timestamp": "2026-01-02T05:31:00.040529+00:00",
  "duration_seconds": 832.6,
  "performance_metrics": {
    "total_processed": 478,
    "valid_configs": 230,
    "duplicates": 0,
    "failed_tests": 248,
    "success_rate": 48.12,
    "avg_latency_ms": 123.42,
    "avg_score": 99.18
  },
  "protocol_summary": {
    "vmess": {
      "count": 57,
      "avg_lat": 150.47368421052633,
      "avg_score": 98.99684210526316
    },
    "vless": {
      "count": 152,
      "avg_lat": 116.05263157894737,
      "avg_score": 99.22631578947369
    },
    "ss": {
      "count": 0,
      "avg_lat": 0.0,
      "avg_score": 0.0
    },
    "trojan": {
      "count": 21,
      "avg_lat": 103.28571428571429,
      "avg_score": 99.31142857142856
    }
  }
}