{
  "scan_timestamp": "2026-03-04T10:42:08.659222+00:00",
  "duration_seconds": 1085.86,
  "performance_metrics": {
    "total_processed": 473,
    "valid_configs": 324,
    "duplicates": 0,
    "failed_tests": 149,
    "success_rate": 68.5,
    "avg_latency_ms": 73.23,
    "avg_score": 99.51
  },
  "protocol_summary": {
    "vmess": {
      "count": 60,
      "avg_lat": 48.483333333333334,
      "avg_score": 99.67677777777777
    },
    "vless": {
      "count": 229,
      "avg_lat": 81.17467248908297,
      "avg_score": 99.45883551673946
    },
    "ss": {
      "count": 0,
      "avg_lat": 0.0,
      "avg_score": 0.0
    },
    "trojan": {
      "count": 35,
      "avg_lat": 63.714285714285715,
      "avg_score": 99.57523809523809
    }
  }
}