{
  "scan_timestamp": "2026-02-17T12:52:24.927856+00:00",
  "duration_seconds": 1089.98,
  "performance_metrics": {
    "total_processed": 455,
    "valid_configs": 336,
    "duplicates": 0,
    "failed_tests": 119,
    "success_rate": 73.85,
    "avg_latency_ms": 126.43,
    "avg_score": 99.16
  },
  "protocol_summary": {
    "vmess": {
      "count": 64,
      "avg_lat": 140.40625,
      "avg_score": 99.06395833333333
    },
    "vless": {
      "count": 231,
      "avg_lat": 124.03030303030303,
      "avg_score": 99.17313131313131
    },
    "ss": {
      "count": 0,
      "avg_lat": 0.0,
      "avg_score": 0.0
    },
    "trojan": {
      "count": 41,
      "avg_lat": 118.17073170731707,
      "avg_score": 99.21219512195121
    }
  }
}