{
  "scan_timestamp": "2026-01-01T05:32:36.089600+00:00",
  "duration_seconds": 824.59,
  "performance_metrics": {
    "total_processed": 461,
    "valid_configs": 225,
    "duplicates": 0,
    "failed_tests": 236,
    "success_rate": 48.81,
    "avg_latency_ms": 133.99,
    "avg_score": 99.11
  },
  "protocol_summary": {
    "vmess": {
      "count": 49,
      "avg_lat": 137.9591836734694,
      "avg_score": 99.08027210884354
    },
    "vless": {
      "count": 156,
      "avg_lat": 119.86538461538461,
      "avg_score": 99.20089743589743
    },
    "ss": {
      "count": 0,
      "avg_lat": 0.0,
      "avg_score": 0.0
    },
    "trojan": {
      "count": 20,
      "avg_lat": 234.4,
      "avg_score": 98.43733333333333
    }
  }
}