{
  "scan_timestamp": "2026-03-02T09:54:29.963124+00:00",
  "duration_seconds": 1097.96,
  "performance_metrics": {
    "total_processed": 473,
    "valid_configs": 329,
    "duplicates": 0,
    "failed_tests": 144,
    "success_rate": 69.56,
    "avg_latency_ms": 74.16,
    "avg_score": 99.51
  },
  "protocol_summary": {
    "vmess": {
      "count": 60,
      "avg_lat": 51.03333333333333,
      "avg_score": 99.65977777777776
    },
    "vless": {
      "count": 234,
      "avg_lat": 81.62393162393163,
      "avg_score": 99.45584045584046
    },
    "ss": {
      "count": 0,
      "avg_lat": 0.0,
      "avg_score": 0.0
    },
    "trojan": {
      "count": 35,
      "avg_lat": 63.91428571428571,
      "avg_score": 99.57390476190476
    }
  }
}