{
  "scan_timestamp": "2026-02-18T10:50:11.074459+00:00",
  "duration_seconds": 1090.21,
  "performance_metrics": {
    "total_processed": 458,
    "valid_configs": 336,
    "duplicates": 0,
    "failed_tests": 122,
    "success_rate": 73.36,
    "avg_latency_ms": 120.52,
    "avg_score": 99.2
  },
  "protocol_summary": {
    "vmess": {
      "count": 55,
      "avg_lat": 116.25454545454545,
      "avg_score": 99.2249696969697
    },
    "vless": {
      "count": 248,
      "avg_lat": 127.625,
      "avg_score": 99.14916666666666
    },
    "ss": {
      "count": 0,
      "avg_lat": 0.0,
      "avg_score": 0.0
    },
    "trojan": {
      "count": 33,
      "avg_lat": 74.21212121212122,
      "avg_score": 99.50525252525252
    }
  }
}