{
  "scan_timestamp": "2026-07-08T15:30:11.831836+00:00",
  "duration_seconds": 527.58,
  "performance_metrics": {
    "total_processed": 459,
    "valid_configs": 165,
    "duplicates": 0,
    "failed_tests": 294,
    "success_rate": 35.95,
    "avg_latency_ms": 124.77,
    "avg_score": 99.17
  },
  "protocol_summary": {
    "vmess": {
      "count": 1,
      "avg_lat": 24.0,
      "avg_score": 99.84
    },
    "ss": {
      "count": 162,
      "avg_lat": 125.51234567901234,
      "avg_score": 99.16325102880658
    },
    "trojan": {
      "count": 2,
      "avg_lat": 115.0,
      "avg_score": 99.23333333333333
    }
  }
}