{
  "scan_timestamp": "2025-12-21T13:36:19.817813+00:00",
  "duration_seconds": 915.49,
  "performance_metrics": {
    "total_processed": 467,
    "valid_configs": 257,
    "duplicates": 0,
    "failed_tests": 210,
    "success_rate": 55.03,
    "avg_latency_ms": 111.09,
    "avg_score": 99.26
  },
  "protocol_summary": {
    "vmess": {
      "count": 113,
      "avg_lat": 102.80530973451327,
      "avg_score": 99.31463126843657
    },
    "vless": {
      "count": 93,
      "avg_lat": 69.75268817204301,
      "avg_score": 99.53498207885305
    },
    "ss": {
      "count": 0,
      "avg_lat": 0.0,
      "avg_score": 0.0
    },
    "trojan": {
      "count": 51,
      "avg_lat": 204.8235294117647,
      "avg_score": 98.63450980392156
    }
  }
}