{
  "scan_timestamp": "2026-04-15T21:57:33.888777+00:00",
  "duration_seconds": 1044.1,
  "performance_metrics": {
    "total_processed": 486,
    "valid_configs": 302,
    "duplicates": 0,
    "failed_tests": 184,
    "success_rate": 62.14,
    "avg_latency_ms": 44.9,
    "avg_score": 99.7
  },
  "protocol_summary": {
    "vmess": {
      "count": 2,
      "avg_lat": 135.5,
      "avg_score": 99.09666666666666
    },
    "vless": {
      "count": 282,
      "avg_lat": 41.38297872340426,
      "avg_score": 99.7241134751773
    },
    "ss": {
      "count": 0,
      "avg_lat": 0.0,
      "avg_score": 0.0
    },
    "trojan": {
      "count": 18,
      "avg_lat": 89.94444444444444,
      "avg_score": 99.40037037037037
    }
  }
}