{
  "scan_timestamp": "2025-12-10T18:31:21.526068+00:00",
  "duration_seconds": 879.38,
  "performance_metrics": {
    "total_processed": 464,
    "valid_configs": 201,
    "duplicates": 0,
    "failed_tests": 263,
    "success_rate": 43.32,
    "avg_latency_ms": 124.25,
    "avg_score": 99.17
  },
  "protocol_summary": {
    "vmess": {
      "count": 39,
      "avg_lat": 127.2051282051282,
      "avg_score": 99.15196581196581
    },
    "vless": {
      "count": 110,
      "avg_lat": 78.7,
      "avg_score": 99.47533333333334
    },
    "ss": {
      "count": 0,
      "avg_lat": 0.0,
      "avg_score": 0.0
    },
    "trojan": {
      "count": 52,
      "avg_lat": 218.3846153846154,
      "avg_score": 98.54410256410256
    }
  }
}