{
  "scan_timestamp": "2026-01-31T11:26:50.220512+00:00",
  "duration_seconds": 940.39,
  "performance_metrics": {
    "total_processed": 464,
    "valid_configs": 254,
    "duplicates": 0,
    "failed_tests": 210,
    "success_rate": 54.74,
    "avg_latency_ms": 119.45,
    "avg_score": 99.2
  },
  "protocol_summary": {
    "vmess": {
      "count": 115,
      "avg_lat": 68.09565217391304,
      "avg_score": 99.54602898550725
    },
    "vless": {
      "count": 75,
      "avg_lat": 124.53333333333333,
      "avg_score": 99.16977777777778
    },
    "ss": {
      "count": 0,
      "avg_lat": 0.0,
      "avg_score": 0.0
    },
    "trojan": {
      "count": 64,
      "avg_lat": 205.765625,
      "avg_score": 98.62822916666667
    }
  }
}