{
  "scan_timestamp": "2026-01-09T22:28:15.470130+00:00",
  "duration_seconds": 1054.03,
  "performance_metrics": {
    "total_processed": 459,
    "valid_configs": 331,
    "duplicates": 0,
    "failed_tests": 128,
    "success_rate": 72.11,
    "avg_latency_ms": 125.93,
    "avg_score": 99.16
  },
  "protocol_summary": {
    "vmess": {
      "count": 68,
      "avg_lat": 82.79411764705883,
      "avg_score": 99.44803921568626
    },
    "vless": {
      "count": 209,
      "avg_lat": 110.59808612440192,
      "avg_score": 99.26267942583733
    },
    "ss": {
      "count": 0,
      "avg_lat": 0.0,
      "avg_score": 0.0
    },
    "trojan": {
      "count": 54,
      "avg_lat": 239.59259259259258,
      "avg_score": 98.40271604938272
    }
  }
}