{
  "scan_timestamp": "2025-12-08T17:29:07.187171+00:00",
  "duration_seconds": 1034.59,
  "performance_metrics": {
    "total_processed": 477,
    "valid_configs": 285,
    "duplicates": 0,
    "failed_tests": 192,
    "success_rate": 59.75,
    "avg_latency_ms": 160.8,
    "avg_score": 98.93
  },
  "protocol_summary": {
    "vmess": {
      "count": 81,
      "avg_lat": 210.19753086419752,
      "avg_score": 98.59868312757202
    },
    "vless": {
      "count": 169,
      "avg_lat": 136.2189349112426,
      "avg_score": 99.09187376725838
    },
    "ss": {
      "count": 0,
      "avg_lat": 0.0,
      "avg_score": 0.0
    },
    "trojan": {
      "count": 35,
      "avg_lat": 165.2,
      "avg_score": 98.89866666666667
    }
  }
}