{
  "scan_timestamp": "2025-12-08T07:30:55.097491+00:00",
  "duration_seconds": 900.5,
  "performance_metrics": {
    "total_processed": 475,
    "valid_configs": 210,
    "duplicates": 0,
    "failed_tests": 265,
    "success_rate": 44.21,
    "avg_latency_ms": 230.0,
    "avg_score": 98.47
  },
  "protocol_summary": {
    "vmess": {
      "count": 67,
      "avg_lat": 344.14925373134326,
      "avg_score": 97.70567164179104
    },
    "vless": {
      "count": 62,
      "avg_lat": 93.95161290322581,
      "avg_score": 99.3736559139785
    },
    "ss": {
      "count": 0,
      "avg_lat": 0.0,
      "avg_score": 0.0
    },
    "trojan": {
      "count": 81,
      "avg_lat": 239.7037037037037,
      "avg_score": 98.40197530864198
    }
  }
}