{
  "scan_timestamp": "2026-04-11T18:43:36.554327+00:00",
  "duration_seconds": 1027.54,
  "performance_metrics": {
    "total_processed": 486,
    "valid_configs": 244,
    "duplicates": 0,
    "failed_tests": 242,
    "success_rate": 50.21,
    "avg_latency_ms": 115.95,
    "avg_score": 99.23
  },
  "protocol_summary": {
    "vmess": {
      "count": 2,
      "avg_lat": 118.0,
      "avg_score": 99.21333333333334
    },
    "vless": {
      "count": 235,
      "avg_lat": 116.97872340425532,
      "avg_score": 99.22014184397163
    },
    "ss": {
      "count": 2,
      "avg_lat": 224.0,
      "avg_score": 98.50666666666666
    },
    "trojan": {
      "count": 5,
      "avg_lat": 23.6,
      "avg_score": 99.84266666666666
    }
  }
}