{
  "scan_timestamp": "2026-02-14T09:36:39.389748+00:00",
  "duration_seconds": 1050.08,
  "performance_metrics": {
    "total_processed": 464,
    "valid_configs": 314,
    "duplicates": 0,
    "failed_tests": 150,
    "success_rate": 67.67,
    "avg_latency_ms": 124.01,
    "avg_score": 99.17
  },
  "protocol_summary": {
    "vmess": {
      "count": 64,
      "avg_lat": 150.890625,
      "avg_score": 98.9940625
    },
    "vless": {
      "count": 201,
      "avg_lat": 118.94029850746269,
      "avg_score": 99.20706467661691
    },
    "ss": {
      "count": 0,
      "avg_lat": 0.0,
      "avg_score": 0.0
    },
    "trojan": {
      "count": 49,
      "avg_lat": 109.6938775510204,
      "avg_score": 99.26870748299321
    }
  }
}