{
  "scan_timestamp": "2025-12-29T05:36:07.499300+00:00",
  "duration_seconds": 945.05,
  "performance_metrics": {
    "total_processed": 439,
    "valid_configs": 249,
    "duplicates": 0,
    "failed_tests": 190,
    "success_rate": 56.72,
    "avg_latency_ms": 105.18,
    "avg_score": 99.3
  },
  "protocol_summary": {
    "vmess": {
      "count": 50,
      "avg_lat": 126.18,
      "avg_score": 99.15879999999999
    },
    "vless": {
      "count": 167,
      "avg_lat": 94.02395209580838,
      "avg_score": 99.3731736526946
    },
    "ss": {
      "count": 0,
      "avg_lat": 0.0,
      "avg_score": 0.0
    },
    "trojan": {
      "count": 32,
      "avg_lat": 130.5625,
      "avg_score": 99.12958333333333
    }
  }
}