{
  "scan_timestamp": "2026-01-14T05:32:20.660038+00:00",
  "duration_seconds": 1015.24,
  "performance_metrics": {
    "total_processed": 469,
    "valid_configs": 314,
    "duplicates": 0,
    "failed_tests": 155,
    "success_rate": 66.95,
    "avg_latency_ms": 106.45,
    "avg_score": 99.29
  },
  "protocol_summary": {
    "vmess": {
      "count": 95,
      "avg_lat": 79.15789473684211,
      "avg_score": 99.47228070175439
    },
    "vless": {
      "count": 157,
      "avg_lat": 77.73248407643312,
      "avg_score": 99.48178343949044
    },
    "ss": {
      "count": 0,
      "avg_lat": 0.0,
      "avg_score": 0.0
    },
    "trojan": {
      "count": 62,
      "avg_lat": 220.98387096774192,
      "avg_score": 98.52677419354839
    }
  }
}