{
  "scan_timestamp": "2026-01-08T22:29:04.522399+00:00",
  "duration_seconds": 1091.53,
  "performance_metrics": {
    "total_processed": 474,
    "valid_configs": 337,
    "duplicates": 0,
    "failed_tests": 137,
    "success_rate": 71.1,
    "avg_latency_ms": 101.05,
    "avg_score": 99.33
  },
  "protocol_summary": {
    "vmess": {
      "count": 47,
      "avg_lat": 106.29787234042553,
      "avg_score": 99.2913475177305
    },
    "vless": {
      "count": 224,
      "avg_lat": 92.90178571428571,
      "avg_score": 99.38065476190476
    },
    "ss": {
      "count": 0,
      "avg_lat": 0.0,
      "avg_score": 0.0
    },
    "trojan": {
      "count": 66,
      "avg_lat": 124.95454545454545,
      "avg_score": 99.16696969696969
    }
  }
}