{
  "scan_timestamp": "2026-04-14T16:17:45.496805+00:00",
  "duration_seconds": 1102.09,
  "performance_metrics": {
    "total_processed": 483,
    "valid_configs": 331,
    "duplicates": 0,
    "failed_tests": 152,
    "success_rate": 68.53,
    "avg_latency_ms": 30.48,
    "avg_score": 99.8
  },
  "protocol_summary": {
    "vmess": {
      "count": 2,
      "avg_lat": 131.5,
      "avg_score": 99.12333333333333
    },
    "vless": {
      "count": 317,
      "avg_lat": 27.28706624605678,
      "avg_score": 99.81808622502628
    },
    "ss": {
      "count": 0,
      "avg_lat": 0.0,
      "avg_score": 0.0
    },
    "trojan": {
      "count": 12,
      "avg_lat": 98.0,
      "avg_score": 99.34666666666668
    }
  }
}