{
  "scan_timestamp": "2026-02-06T19:48:11.134225+00:00",
  "duration_seconds": 1081.34,
  "performance_metrics": {
    "total_processed": 481,
    "valid_configs": 306,
    "duplicates": 0,
    "failed_tests": 175,
    "success_rate": 63.62,
    "avg_latency_ms": 149.42,
    "avg_score": 99.0
  },
  "protocol_summary": {
    "vmess": {
      "count": 50,
      "avg_lat": 122.86,
      "avg_score": 99.18093333333333
    },
    "vless": {
      "count": 185,
      "avg_lat": 123.13513513513513,
      "avg_score": 99.17909909909909
    },
    "ss": {
      "count": 0,
      "avg_lat": 0.0,
      "avg_score": 0.0
    },
    "trojan": {
      "count": 71,
      "avg_lat": 236.6338028169014,
      "avg_score": 98.42244131455398
    }
  }
}