{
  "scan_timestamp": "2026-01-06T20:31:15.559245+00:00",
  "duration_seconds": 1145.27,
  "performance_metrics": {
    "total_processed": 482,
    "valid_configs": 361,
    "duplicates": 0,
    "failed_tests": 121,
    "success_rate": 74.9,
    "avg_latency_ms": 130.3,
    "avg_score": 99.13
  },
  "protocol_summary": {
    "vmess": {
      "count": 32,
      "avg_lat": 116.6875,
      "avg_score": 99.22208333333333
    },
    "vless": {
      "count": 278,
      "avg_lat": 123.88129496402878,
      "avg_score": 99.1741247002398
    },
    "ss": {
      "count": 0,
      "avg_lat": 0.0,
      "avg_score": 0.0
    },
    "trojan": {
      "count": 51,
      "avg_lat": 173.86274509803923,
      "avg_score": 98.84091503267973
    }
  }
}