{
  "scan_timestamp": "2026-02-19T16:57:46.297993+00:00",
  "duration_seconds": 1179.84,
  "performance_metrics": {
    "total_processed": 477,
    "valid_configs": 374,
    "duplicates": 0,
    "failed_tests": 103,
    "success_rate": 78.41,
    "avg_latency_ms": 73.98,
    "avg_score": 99.51
  },
  "protocol_summary": {
    "vmess": {
      "count": 62,
      "avg_lat": 70.85483870967742,
      "avg_score": 99.52763440860215
    },
    "vless": {
      "count": 280,
      "avg_lat": 77.01071428571429,
      "avg_score": 99.48659523809523
    },
    "ss": {
      "count": 0,
      "avg_lat": 0.0,
      "avg_score": 0.0
    },
    "trojan": {
      "count": 32,
      "avg_lat": 53.5,
      "avg_score": 99.64333333333333
    }
  }
}