{
  "scan_timestamp": "2026-01-29T04:12:56.711644+00:00",
  "duration_seconds": 873.39,
  "performance_metrics": {
    "total_processed": 460,
    "valid_configs": 228,
    "duplicates": 0,
    "failed_tests": 232,
    "success_rate": 49.57,
    "avg_latency_ms": 110.76,
    "avg_score": 99.26
  },
  "protocol_summary": {
    "vmess": {
      "count": 101,
      "avg_lat": 83.2871287128713,
      "avg_score": 99.44475247524753
    },
    "vless": {
      "count": 70,
      "avg_lat": 82.25714285714285,
      "avg_score": 99.45161904761905
    },
    "ss": {
      "count": 0,
      "avg_lat": 0.0,
      "avg_score": 0.0
    },
    "trojan": {
      "count": 57,
      "avg_lat": 194.4561403508772,
      "avg_score": 98.70362573099415
    }
  }
}