{
  "scan_timestamp": "2025-12-13T23:24:42.070101+00:00",
  "duration_seconds": 922.34,
  "performance_metrics": {
    "total_processed": 475,
    "valid_configs": 225,
    "duplicates": 0,
    "failed_tests": 250,
    "success_rate": 47.37,
    "avg_latency_ms": 119.54,
    "avg_score": 99.2
  },
  "protocol_summary": {
    "vmess": {
      "count": 23,
      "avg_lat": 133.30434782608697,
      "avg_score": 99.11130434782608
    },
    "vless": {
      "count": 139,
      "avg_lat": 80.26618705035972,
      "avg_score": 99.46489208633093
    },
    "ss": {
      "count": 0,
      "avg_lat": 0.0,
      "avg_score": 0.0
    },
    "trojan": {
      "count": 63,
      "avg_lat": 201.17460317460316,
      "avg_score": 98.65883597883597
    }
  }
}