{
  "scan_timestamp": "2026-02-12T20:38:47.775989+00:00",
  "duration_seconds": 1012.42,
  "performance_metrics": {
    "total_processed": 467,
    "valid_configs": 304,
    "duplicates": 0,
    "failed_tests": 163,
    "success_rate": 65.1,
    "avg_latency_ms": 135.34,
    "avg_score": 99.1
  },
  "protocol_summary": {
    "vmess": {
      "count": 64,
      "avg_lat": 185.796875,
      "avg_score": 98.76135416666666
    },
    "vless": {
      "count": 200,
      "avg_lat": 126.45,
      "avg_score": 99.15700000000001
    },
    "ss": {
      "count": 0,
      "avg_lat": 0.0,
      "avg_score": 0.0
    },
    "trojan": {
      "count": 40,
      "avg_lat": 99.025,
      "avg_score": 99.33983333333333
    }
  }
}