{
  "scan_timestamp": "2025-12-12T08:31:31.438245+00:00",
  "duration_seconds": 945.11,
  "performance_metrics": {
    "total_processed": 476,
    "valid_configs": 237,
    "duplicates": 0,
    "failed_tests": 239,
    "success_rate": 49.79,
    "avg_latency_ms": 215.8,
    "avg_score": 98.56
  },
  "protocol_summary": {
    "vmess": {
      "count": 34,
      "avg_lat": 227.2941176470588,
      "avg_score": 98.48470588235294
    },
    "vless": {
      "count": 127,
      "avg_lat": 146.23622047244095,
      "avg_score": 99.02509186351706
    },
    "ss": {
      "count": 0,
      "avg_lat": 0.0,
      "avg_score": 0.0
    },
    "trojan": {
      "count": 76,
      "avg_lat": 326.89473684210526,
      "avg_score": 97.82070175438596
    }
  }
}