{
  "scan_timestamp": "2026-01-04T13:41:10.863574+00:00",
  "duration_seconds": 1083.66,
  "performance_metrics": {
    "total_processed": 481,
    "valid_configs": 317,
    "duplicates": 0,
    "failed_tests": 164,
    "success_rate": 65.9,
    "avg_latency_ms": 106.78,
    "avg_score": 99.29
  },
  "protocol_summary": {
    "vmess": {
      "count": 33,
      "avg_lat": 124.57575757575758,
      "avg_score": 99.16949494949495
    },
    "vless": {
      "count": 262,
      "avg_lat": 101.11832061068702,
      "avg_score": 99.32587786259542
    },
    "ss": {
      "count": 0,
      "avg_lat": 0.0,
      "avg_score": 0.0
    },
    "trojan": {
      "count": 22,
      "avg_lat": 147.45454545454547,
      "avg_score": 99.0169696969697
    }
  }
}