{
  "scan_timestamp": "2026-04-13T22:50:43.255156+00:00",
  "duration_seconds": 1015.58,
  "performance_metrics": {
    "total_processed": 482,
    "valid_configs": 267,
    "duplicates": 0,
    "failed_tests": 215,
    "success_rate": 55.39,
    "avg_latency_ms": 73.83,
    "avg_score": 99.51
  },
  "protocol_summary": {
    "vmess": {
      "count": 2,
      "avg_lat": 109.5,
      "avg_score": 99.27000000000001
    },
    "vless": {
      "count": 257,
      "avg_lat": 73.94552529182879,
      "avg_score": 99.50702983138781
    },
    "ss": {
      "count": 3,
      "avg_lat": 101.33333333333333,
      "avg_score": 99.32444444444445
    },
    "trojan": {
      "count": 5,
      "avg_lat": 37.2,
      "avg_score": 99.752
    }
  }
}