{
  "scan_timestamp": "2025-12-07T04:08:45.657166+00:00",
  "duration_seconds": 977.85,
  "performance_metrics": {
    "total_processed": 478,
    "valid_configs": 246,
    "duplicates": 0,
    "failed_tests": 232,
    "success_rate": 51.46,
    "avg_latency_ms": 167.62,
    "avg_score": 98.88
  },
  "protocol_summary": {
    "vmess": {
      "count": 63,
      "avg_lat": 215.63492063492063,
      "avg_score": 98.56243386243386
    },
    "vless": {
      "count": 129,
      "avg_lat": 138.34108527131784,
      "avg_score": 99.07772609819122
    },
    "ss": {
      "count": 0,
      "avg_lat": 0.0,
      "avg_score": 0.0
    },
    "trojan": {
      "count": 54,
      "avg_lat": 181.53703703703704,
      "avg_score": 98.78975308641975
    }
  }
}