{
  "scan_timestamp": "2026-02-10T01:33:42.964736+00:00",
  "duration_seconds": 1122.67,
  "performance_metrics": {
    "total_processed": 478,
    "valid_configs": 351,
    "duplicates": 0,
    "failed_tests": 127,
    "success_rate": 73.43,
    "avg_latency_ms": 135.86,
    "avg_score": 99.09
  },
  "protocol_summary": {
    "vmess": {
      "count": 40,
      "avg_lat": 148.65,
      "avg_score": 99.009
    },
    "vless": {
      "count": 224,
      "avg_lat": 130.35714285714286,
      "avg_score": 99.13095238095238
    },
    "ss": {
      "count": 0,
      "avg_lat": 0.0,
      "avg_score": 0.0
    },
    "trojan": {
      "count": 87,
      "avg_lat": 144.13793103448276,
      "avg_score": 99.0390804597701
    }
  }
}