{
  "scan_timestamp": "2026-07-03T17:32:12.599855+00:00",
  "duration_seconds": 435.72,
  "performance_metrics": {
    "total_processed": 463,
    "valid_configs": 132,
    "duplicates": 0,
    "failed_tests": 331,
    "success_rate": 28.51,
    "avg_latency_ms": 150.67,
    "avg_score": 99.0
  },
  "protocol_summary": {
    "vmess": {
      "count": 2,
      "avg_lat": 74.0,
      "avg_score": 99.50666666666666
    },
    "vless": {
      "count": 3,
      "avg_lat": 435.3333333333333,
      "avg_score": 97.09777777777776
    },
    "ss": {
      "count": 117,
      "avg_lat": 157.39316239316238,
      "avg_score": 98.95071225071226
    },
    "trojan": {
      "count": 10,
      "avg_lat": 1.9,
      "avg_score": 99.98733333333334
    }
  }
}