{
  "scan_timestamp": "2025-12-30T08:33:39.781945+00:00",
  "duration_seconds": 1079.69,
  "performance_metrics": {
    "total_processed": 477,
    "valid_configs": 296,
    "duplicates": 0,
    "failed_tests": 181,
    "success_rate": 62.05,
    "avg_latency_ms": 130.02,
    "avg_score": 99.13
  },
  "protocol_summary": {
    "vmess": {
      "count": 49,
      "avg_lat": 133.57142857142858,
      "avg_score": 99.10952380952381
    },
    "vless": {
      "count": 212,
      "avg_lat": 124.06603773584905,
      "avg_score": 99.172893081761
    },
    "ss": {
      "count": 0,
      "avg_lat": 0.0,
      "avg_score": 0.0
    },
    "trojan": {
      "count": 35,
      "avg_lat": 161.14285714285714,
      "avg_score": 98.92571428571429
    }
  }
}