{
  "scan_timestamp": "2026-01-24T03:04:43.932502+00:00",
  "duration_seconds": 967.97,
  "performance_metrics": {
    "total_processed": 465,
    "valid_configs": 274,
    "duplicates": 0,
    "failed_tests": 191,
    "success_rate": 58.92,
    "avg_latency_ms": 92.19,
    "avg_score": 99.39
  },
  "protocol_summary": {
    "vmess": {
      "count": 93,
      "avg_lat": 93.09677419354838,
      "avg_score": 99.37935483870969
    },
    "vless": {
      "count": 125,
      "avg_lat": 63.832,
      "avg_score": 99.57445333333334
    },
    "ss": {
      "count": 0,
      "avg_lat": 0.0,
      "avg_score": 0.0
    },
    "trojan": {
      "count": 56,
      "avg_lat": 154.0,
      "avg_score": 98.97333333333333
    }
  }
}