{
  "scan_timestamp": "2026-03-27T06:17:02.868859+00:00",
  "duration_seconds": 694.33,
  "performance_metrics": {
    "total_processed": 465,
    "valid_configs": 135,
    "duplicates": 0,
    "failed_tests": 330,
    "success_rate": 29.03,
    "avg_latency_ms": 93.22,
    "avg_score": 99.38
  },
  "protocol_summary": {
    "vmess": {
      "count": 2,
      "avg_lat": 90.5,
      "avg_score": 99.39666666666668
    },
    "vless": {
      "count": 120,
      "avg_lat": 94.0,
      "avg_score": 99.37333333333332
    },
    "ss": {
      "count": 6,
      "avg_lat": 148.5,
      "avg_score": 99.01
    },
    "trojan": {
      "count": 7,
      "avg_lat": 33.285714285714285,
      "avg_score": 99.77809523809525
    }
  }
}