{
  "scan_timestamp": "2026-02-10T06:23:47.755993+00:00",
  "duration_seconds": 1160.55,
  "performance_metrics": {
    "total_processed": 479,
    "valid_configs": 367,
    "duplicates": 0,
    "failed_tests": 112,
    "success_rate": 76.62,
    "avg_latency_ms": 117.62,
    "avg_score": 99.22
  },
  "protocol_summary": {
    "vmess": {
      "count": 41,
      "avg_lat": 128.09756097560975,
      "avg_score": 99.1460162601626
    },
    "vless": {
      "count": 251,
      "avg_lat": 130.9402390438247,
      "avg_score": 99.12706507304117
    },
    "ss": {
      "count": 0,
      "avg_lat": 0.0,
      "avg_score": 0.0
    },
    "trojan": {
      "count": 75,
      "avg_lat": 67.30666666666667,
      "avg_score": 99.55128888888889
    }
  }
}