{
  "scan_timestamp": "2026-01-21T08:32:35.496815+00:00",
  "duration_seconds": 897.57,
  "performance_metrics": {
    "total_processed": 476,
    "valid_configs": 245,
    "duplicates": 0,
    "failed_tests": 231,
    "success_rate": 51.47,
    "avg_latency_ms": 116.83,
    "avg_score": 99.22
  },
  "protocol_summary": {
    "vmess": {
      "count": 70,
      "avg_lat": 99.57142857142857,
      "avg_score": 99.33619047619048
    },
    "vless": {
      "count": 126,
      "avg_lat": 91.71428571428571,
      "avg_score": 99.38857142857142
    },
    "ss": {
      "count": 0,
      "avg_lat": 0.0,
      "avg_score": 0.0
    },
    "trojan": {
      "count": 49,
      "avg_lat": 206.0612244897959,
      "avg_score": 98.62625850340136
    }
  }
}