{
  "scan_timestamp": "2026-01-26T05:04:57.306290+00:00",
  "duration_seconds": 1095.77,
  "performance_metrics": {
    "total_processed": 479,
    "valid_configs": 325,
    "duplicates": 0,
    "failed_tests": 154,
    "success_rate": 67.85,
    "avg_latency_ms": 85.81,
    "avg_score": 99.43
  },
  "protocol_summary": {
    "vmess": {
      "count": 36,
      "avg_lat": 68.58333333333333,
      "avg_score": 99.54277777777777
    },
    "vless": {
      "count": 238,
      "avg_lat": 78.40756302521008,
      "avg_score": 99.47728291316527
    },
    "ss": {
      "count": 0,
      "avg_lat": 0.0,
      "avg_score": 0.0
    },
    "trojan": {
      "count": 51,
      "avg_lat": 132.52941176470588,
      "avg_score": 99.11647058823529
    }
  }
}