{
  "scan_timestamp": "2026-02-27T19:43:34.407139+00:00",
  "duration_seconds": 1104.23,
  "performance_metrics": {
    "total_processed": 473,
    "valid_configs": 330,
    "duplicates": 0,
    "failed_tests": 143,
    "success_rate": 69.77,
    "avg_latency_ms": 82.64,
    "avg_score": 99.45
  },
  "protocol_summary": {
    "vmess": {
      "count": 61,
      "avg_lat": 96.93442622950819,
      "avg_score": 99.35377049180327
    },
    "vless": {
      "count": 234,
      "avg_lat": 81.59401709401709,
      "avg_score": 99.45603988603989
    },
    "ss": {
      "count": 0,
      "avg_lat": 0.0,
      "avg_score": 0.0
    },
    "trojan": {
      "count": 35,
      "avg_lat": 64.71428571428571,
      "avg_score": 99.56857142857143
    }
  }
}