{
  "scan_timestamp": "2026-01-01T06:33:01.256146+00:00",
  "duration_seconds": 894.03,
  "performance_metrics": {
    "total_processed": 464,
    "valid_configs": 243,
    "duplicates": 0,
    "failed_tests": 221,
    "success_rate": 52.37,
    "avg_latency_ms": 111.48,
    "avg_score": 99.26
  },
  "protocol_summary": {
    "vmess": {
      "count": 35,
      "avg_lat": 122.97142857142858,
      "avg_score": 99.18019047619048
    },
    "vless": {
      "count": 188,
      "avg_lat": 103.40425531914893,
      "avg_score": 99.31063829787234
    },
    "ss": {
      "count": 0,
      "avg_lat": 0.0,
      "avg_score": 0.0
    },
    "trojan": {
      "count": 20,
      "avg_lat": 167.25,
      "avg_score": 98.885
    }
  }
}