{
  "scan_timestamp": "2026-02-02T07:59:45.658247+00:00",
  "duration_seconds": 1033.42,
  "performance_metrics": {
    "total_processed": 482,
    "valid_configs": 291,
    "duplicates": 0,
    "failed_tests": 191,
    "success_rate": 60.37,
    "avg_latency_ms": 110.94,
    "avg_score": 99.26
  },
  "protocol_summary": {
    "vmess": {
      "count": 75,
      "avg_lat": 70.12,
      "avg_score": 99.53253333333333
    },
    "vless": {
      "count": 143,
      "avg_lat": 86.01398601398601,
      "avg_score": 99.42657342657343
    },
    "ss": {
      "count": 0,
      "avg_lat": 0.0,
      "avg_score": 0.0
    },
    "trojan": {
      "count": 73,
      "avg_lat": 201.6986301369863,
      "avg_score": 98.65534246575342
    }
  }
}