{
  "scan_timestamp": "2026-04-05T04:42:33.027800+00:00",
  "duration_seconds": 945.35,
  "performance_metrics": {
    "total_processed": 487,
    "valid_configs": 217,
    "duplicates": 0,
    "failed_tests": 270,
    "success_rate": 44.56,
    "avg_latency_ms": 157.43,
    "avg_score": 98.95
  },
  "protocol_summary": {
    "vmess": {
      "count": 2,
      "avg_lat": 124.0,
      "avg_score": 99.17333333333333
    },
    "vless": {
      "count": 212,
      "avg_lat": 157.02358490566039,
      "avg_score": 98.95317610062894
    },
    "ss": {
      "count": 0,
      "avg_lat": 0.0,
      "avg_score": 0.0
    },
    "trojan": {
      "count": 3,
      "avg_lat": 208.33333333333334,
      "avg_score": 98.6111111111111
    }
  }
}