{
  "scan_timestamp": "2026-03-23T06:15:03.107944+00:00",
  "duration_seconds": 718.73,
  "performance_metrics": {
    "total_processed": 462,
    "valid_configs": 137,
    "duplicates": 0,
    "failed_tests": 325,
    "success_rate": 29.65,
    "avg_latency_ms": 117.18,
    "avg_score": 99.22
  },
  "protocol_summary": {
    "vmess": {
      "count": 1,
      "avg_lat": 45.0,
      "avg_score": 99.7
    },
    "vless": {
      "count": 118,
      "avg_lat": 125.26271186440678,
      "avg_score": 99.16491525423729
    },
    "ss": {
      "count": 5,
      "avg_lat": 129.4,
      "avg_score": 99.13733333333333
    },
    "trojan": {
      "count": 13,
      "avg_lat": 44.61538461538461,
      "avg_score": 99.70256410256411
    }
  }
}