{
  "scan_timestamp": "2026-01-17T22:25:19.843698+00:00",
  "duration_seconds": 940.01,
  "performance_metrics": {
    "total_processed": 475,
    "valid_configs": 242,
    "duplicates": 0,
    "failed_tests": 233,
    "success_rate": 50.95,
    "avg_latency_ms": 99.07,
    "avg_score": 99.34
  },
  "protocol_summary": {
    "vmess": {
      "count": 64,
      "avg_lat": 87.34375,
      "avg_score": 99.41770833333334
    },
    "vless": {
      "count": 125,
      "avg_lat": 66.8,
      "avg_score": 99.55466666666668
    },
    "ss": {
      "count": 0,
      "avg_lat": 0.0,
      "avg_score": 0.0
    },
    "trojan": {
      "count": 53,
      "avg_lat": 189.35849056603774,
      "avg_score": 98.73761006289308
    }
  }
}