{
  "scan_timestamp": "2026-01-01T15:25:17.607713+00:00",
  "duration_seconds": 868.48,
  "performance_metrics": {
    "total_processed": 478,
    "valid_configs": 247,
    "duplicates": 0,
    "failed_tests": 231,
    "success_rate": 51.67,
    "avg_latency_ms": 113.2,
    "avg_score": 99.25
  },
  "protocol_summary": {
    "vmess": {
      "count": 69,
      "avg_lat": 155.0144927536232,
      "avg_score": 98.96657004830918
    },
    "vless": {
      "count": 154,
      "avg_lat": 96.14285714285714,
      "avg_score": 99.35904761904762
    },
    "ss": {
      "count": 0,
      "avg_lat": 0.0,
      "avg_score": 0.0
    },
    "trojan": {
      "count": 24,
      "avg_lat": 102.41666666666667,
      "avg_score": 99.31722222222221
    }
  }
}