{
  "scan_timestamp": "2026-02-25T17:14:56.075033+00:00",
  "duration_seconds": 1105.78,
  "performance_metrics": {
    "total_processed": 474,
    "valid_configs": 339,
    "duplicates": 0,
    "failed_tests": 135,
    "success_rate": 71.52,
    "avg_latency_ms": 116.79,
    "avg_score": 99.22
  },
  "protocol_summary": {
    "vmess": {
      "count": 62,
      "avg_lat": 153.83870967741936,
      "avg_score": 98.97440860215053
    },
    "vless": {
      "count": 242,
      "avg_lat": 114.09917355371901,
      "avg_score": 99.2393388429752
    },
    "trojan": {
      "count": 35,
      "avg_lat": 69.77142857142857,
      "avg_score": 99.53485714285713
    }
  }
}