{
  "scan_timestamp": "2026-03-02T08:48:55.460424+00:00",
  "duration_seconds": 1096.51,
  "performance_metrics": {
    "total_processed": 473,
    "valid_configs": 328,
    "duplicates": 0,
    "failed_tests": 145,
    "success_rate": 69.34,
    "avg_latency_ms": 70.21,
    "avg_score": 99.53
  },
  "protocol_summary": {
    "vmess": {
      "count": 59,
      "avg_lat": 53.983050847457626,
      "avg_score": 99.64011299435028
    },
    "vless": {
      "count": 234,
      "avg_lat": 75.7008547008547,
      "avg_score": 99.49532763532763
    },
    "ss": {
      "count": 0,
      "avg_lat": 0.0,
      "avg_score": 0.0
    },
    "trojan": {
      "count": 35,
      "avg_lat": 60.857142857142854,
      "avg_score": 99.59428571428572
    }
  }
}