{
  "scan_timestamp": "2025-12-28T17:25:56.593440+00:00",
  "duration_seconds": 1018.94,
  "performance_metrics": {
    "total_processed": 471,
    "valid_configs": 299,
    "duplicates": 0,
    "failed_tests": 172,
    "success_rate": 63.48,
    "avg_latency_ms": 124.48,
    "avg_score": 99.17
  },
  "protocol_summary": {
    "vmess": {
      "count": 33,
      "avg_lat": 108.60606060606061,
      "avg_score": 99.27595959595959
    },
    "vless": {
      "count": 157,
      "avg_lat": 92.78980891719745,
      "avg_score": 99.38140127388534
    },
    "ss": {
      "count": 0,
      "avg_lat": 0.0,
      "avg_score": 0.0
    },
    "trojan": {
      "count": 109,
      "avg_lat": 174.94495412844037,
      "avg_score": 98.8337003058104
    }
  }
}