{
  "scan_timestamp": "2025-12-17T10:29:04.487571+00:00",
  "duration_seconds": 966.17,
  "performance_metrics": {
    "total_processed": 476,
    "valid_configs": 271,
    "duplicates": 0,
    "failed_tests": 205,
    "success_rate": 56.93,
    "avg_latency_ms": 102.0,
    "avg_score": 99.32
  },
  "protocol_summary": {
    "vmess": {
      "count": 35,
      "avg_lat": 181.77142857142857,
      "avg_score": 98.78819047619048
    },
    "vless": {
      "count": 189,
      "avg_lat": 92.56084656084656,
      "avg_score": 99.38292768959435
    },
    "ss": {
      "count": 0,
      "avg_lat": 0.0,
      "avg_score": 0.0
    },
    "trojan": {
      "count": 47,
      "avg_lat": 80.55319148936171,
      "avg_score": 99.46297872340426
    }
  }
}