{
  "scan_timestamp": "2025-12-09T09:31:27.982747+00:00",
  "duration_seconds": 1009.24,
  "performance_metrics": {
    "total_processed": 477,
    "valid_configs": 280,
    "duplicates": 0,
    "failed_tests": 197,
    "success_rate": 58.7,
    "avg_latency_ms": 184.03,
    "avg_score": 98.77
  },
  "protocol_summary": {
    "vmess": {
      "count": 85,
      "avg_lat": 237.9764705882353,
      "avg_score": 98.41349019607844
    },
    "vless": {
      "count": 164,
      "avg_lat": 158.57926829268294,
      "avg_score": 98.94280487804879
    },
    "ss": {
      "count": 0,
      "avg_lat": 0.0,
      "avg_score": 0.0
    },
    "trojan": {
      "count": 31,
      "avg_lat": 170.7741935483871,
      "avg_score": 98.86150537634408
    }
  }
}