{
  "scan_timestamp": "2026-02-14T18:35:53.998135+00:00",
  "duration_seconds": 1075.19,
  "performance_metrics": {
    "total_processed": 465,
    "valid_configs": 319,
    "duplicates": 0,
    "failed_tests": 146,
    "success_rate": 68.6,
    "avg_latency_ms": 136.38,
    "avg_score": 99.09
  },
  "protocol_summary": {
    "vmess": {
      "count": 59,
      "avg_lat": 145.71186440677965,
      "avg_score": 99.02858757062147
    },
    "vless": {
      "count": 210,
      "avg_lat": 135.9142857142857,
      "avg_score": 99.09390476190477
    },
    "ss": {
      "count": 0,
      "avg_lat": 0.0,
      "avg_score": 0.0
    },
    "trojan": {
      "count": 50,
      "avg_lat": 127.3,
      "avg_score": 99.15133333333333
    }
  }
}