{
  "scan_timestamp": "2026-03-18T06:53:46.850752+00:00",
  "duration_seconds": 210.87,
  "performance_metrics": {
    "total_processed": 391,
    "valid_configs": 39,
    "duplicates": 0,
    "failed_tests": 352,
    "success_rate": 9.97,
    "avg_latency_ms": 118.08,
    "avg_score": 99.21
  },
  "protocol_summary": {
    "vmess": {
      "count": 1,
      "avg_lat": 19.0,
      "avg_score": 99.87333333333333
    },
    "vless": {
      "count": 29,
      "avg_lat": 43.55172413793103,
      "avg_score": 99.70965517241379
    },
    "ss": {
      "count": 6,
      "avg_lat": 534.3333333333334,
      "avg_score": 96.43777777777778
    },
    "trojan": {
      "count": 3,
      "avg_lat": 39.0,
      "avg_score": 99.74000000000001
    }
  }
}