{
  "scan_timestamp": "2026-07-13T06:24:55.260970+00:00",
  "duration_seconds": 461.91,
  "performance_metrics": {
    "total_processed": 419,
    "valid_configs": 146,
    "duplicates": 0,
    "failed_tests": 273,
    "success_rate": 34.84,
    "avg_latency_ms": 97.45,
    "avg_score": 99.35
  },
  "protocol_summary": {
    "vmess": {
      "count": 1,
      "avg_lat": 4.0,
      "avg_score": 99.97333333333333
    },
    "vless": {
      "count": 1,
      "avg_lat": 1.0,
      "avg_score": 99.99333333333334
    },
    "ss": {
      "count": 144,
      "avg_lat": 98.77083333333333,
      "avg_score": 99.34152777777778
    }
  }
}