{
  "scan_timestamp": "2026-01-26T17:38:55.898660+00:00",
  "duration_seconds": 1088.08,
  "performance_metrics": {
    "total_processed": 479,
    "valid_configs": 322,
    "duplicates": 0,
    "failed_tests": 157,
    "success_rate": 67.22,
    "avg_latency_ms": 104.0,
    "avg_score": 99.31
  },
  "protocol_summary": {
    "vmess": {
      "count": 37,
      "avg_lat": 66.54054054054055,
      "avg_score": 99.5563963963964
    },
    "vless": {
      "count": 231,
      "avg_lat": 106.6017316017316,
      "avg_score": 99.28932178932179
    },
    "ss": {
      "count": 0,
      "avg_lat": 0.0,
      "avg_score": 0.0
    },
    "trojan": {
      "count": 54,
      "avg_lat": 118.55555555555556,
      "avg_score": 99.20962962962962
    }
  }
}