{
  "scan_timestamp": "2026-01-08T06:35:48.335324+00:00",
  "duration_seconds": 1082.0,
  "performance_metrics": {
    "total_processed": 480,
    "valid_configs": 324,
    "duplicates": 0,
    "failed_tests": 156,
    "success_rate": 67.5,
    "avg_latency_ms": 153.84,
    "avg_score": 98.97
  },
  "protocol_summary": {
    "vmess": {
      "count": 41,
      "avg_lat": 122.97560975609755,
      "avg_score": 99.18016260162602
    },
    "vless": {
      "count": 230,
      "avg_lat": 155.97826086956522,
      "avg_score": 98.96014492753622
    },
    "ss": {
      "count": 0,
      "avg_lat": 0.0,
      "avg_score": 0.0
    },
    "trojan": {
      "count": 53,
      "avg_lat": 168.45283018867926,
      "avg_score": 98.87698113207546
    }
  }
}