{
  "scan_timestamp": "2026-01-16T16:28:41.088059+00:00",
  "duration_seconds": 834.41,
  "performance_metrics": {
    "total_processed": 419,
    "valid_configs": 218,
    "duplicates": 0,
    "failed_tests": 201,
    "success_rate": 52.03,
    "avg_latency_ms": 99.14,
    "avg_score": 99.34
  },
  "protocol_summary": {
    "vmess": {
      "count": 53,
      "avg_lat": 99.98113207547169,
      "avg_score": 99.33345911949685
    },
    "vless": {
      "count": 126,
      "avg_lat": 80.11111111111111,
      "avg_score": 99.46592592592593
    },
    "ss": {
      "count": 0,
      "avg_lat": 0.0,
      "avg_score": 0.0
    },
    "trojan": {
      "count": 39,
      "avg_lat": 159.46153846153845,
      "avg_score": 98.93692307692308
    }
  }
}