{
  "scan_timestamp": "2026-04-04T17:36:03.552118+00:00",
  "duration_seconds": 930.41,
  "performance_metrics": {
    "total_processed": 485,
    "valid_configs": 212,
    "duplicates": 0,
    "failed_tests": 273,
    "success_rate": 43.71,
    "avg_latency_ms": 175.43,
    "avg_score": 98.83
  },
  "protocol_summary": {
    "vmess": {
      "count": 2,
      "avg_lat": 1175.0,
      "avg_score": 92.16666666666666
    },
    "vless": {
      "count": 203,
      "avg_lat": 165.76354679802955,
      "avg_score": 98.89490968801314
    },
    "ss": {
      "count": 1,
      "avg_lat": 438.0,
      "avg_score": 97.08
    },
    "trojan": {
      "count": 6,
      "avg_lat": 125.5,
      "avg_score": 99.16333333333334
    }
  }
}