{
  "scan_timestamp": "2026-04-13T11:23:31.595672+00:00",
  "duration_seconds": 1008.14,
  "performance_metrics": {
    "total_processed": 481,
    "valid_configs": 256,
    "duplicates": 0,
    "failed_tests": 225,
    "success_rate": 53.22,
    "avg_latency_ms": 79.79,
    "avg_score": 99.47
  },
  "protocol_summary": {
    "vmess": {
      "count": 2,
      "avg_lat": 144.0,
      "avg_score": 99.03999999999999
    },
    "vless": {
      "count": 246,
      "avg_lat": 79.02439024390245,
      "avg_score": 99.47317073170733
    },
    "ss": {
      "count": 3,
      "avg_lat": 172.66666666666666,
      "avg_score": 98.8488888888889
    },
    "trojan": {
      "count": 5,
      "avg_lat": 36.2,
      "avg_score": 99.75866666666667
    }
  }
}