{
  "scan_timestamp": "2025-12-11T12:36:58.044808+00:00",
  "duration_seconds": 896.41,
  "performance_metrics": {
    "total_processed": 471,
    "valid_configs": 217,
    "duplicates": 0,
    "failed_tests": 254,
    "success_rate": 46.07,
    "avg_latency_ms": 176.99,
    "avg_score": 98.82
  },
  "protocol_summary": {
    "vmess": {
      "count": 43,
      "avg_lat": 246.62790697674419,
      "avg_score": 98.35581395348838
    },
    "vless": {
      "count": 112,
      "avg_lat": 80.5625,
      "avg_score": 99.46291666666666
    },
    "ss": {
      "count": 0,
      "avg_lat": 0.0,
      "avg_score": 0.0
    },
    "trojan": {
      "count": 62,
      "avg_lat": 302.8709677419355,
      "avg_score": 97.98086021505377
    }
  }
}