{
  "scan_timestamp": "2026-03-04T16:47:04.331370+00:00",
  "duration_seconds": 1083.31,
  "performance_metrics": {
    "total_processed": 473,
    "valid_configs": 324,
    "duplicates": 0,
    "failed_tests": 149,
    "success_rate": 68.5,
    "avg_latency_ms": 84.77,
    "avg_score": 99.43
  },
  "protocol_summary": {
    "vmess": {
      "count": 60,
      "avg_lat": 54.833333333333336,
      "avg_score": 99.63444444444444
    },
    "vless": {
      "count": 229,
      "avg_lat": 99.00436681222708,
      "avg_score": 99.33997088791848
    },
    "ss": {
      "count": 0,
      "avg_lat": 0.0,
      "avg_score": 0.0
    },
    "trojan": {
      "count": 35,
      "avg_lat": 42.94285714285714,
      "avg_score": 99.71371428571429
    }
  }
}