{
  "scan_timestamp": "2026-01-12T05:35:52.000645+00:00",
  "duration_seconds": 874.52,
  "performance_metrics": {
    "total_processed": 449,
    "valid_configs": 236,
    "duplicates": 0,
    "failed_tests": 213,
    "success_rate": 52.56,
    "avg_latency_ms": 185.47,
    "avg_score": 98.76
  },
  "protocol_summary": {
    "vmess": {
      "count": 88,
      "avg_lat": 260.0113636363636,
      "avg_score": 98.2665909090909
    },
    "vless": {
      "count": 74,
      "avg_lat": 36.17567567567568,
      "avg_score": 99.75882882882884
    },
    "ss": {
      "count": 0,
      "avg_lat": 0.0,
      "avg_score": 0.0
    },
    "trojan": {
      "count": 74,
      "avg_lat": 246.1216216216216,
      "avg_score": 98.3591891891892
    }
  }
}