{
  "scan_timestamp": "2026-01-30T23:27:15.819485+00:00",
  "duration_seconds": 727.63,
  "performance_metrics": {
    "total_processed": 420,
    "valid_configs": 188,
    "duplicates": 0,
    "failed_tests": 232,
    "success_rate": 44.76,
    "avg_latency_ms": 104.33,
    "avg_score": 99.3
  },
  "protocol_summary": {
    "vmess": {
      "count": 63,
      "avg_lat": 104.58730158730158,
      "avg_score": 99.30275132275133
    },
    "vless": {
      "count": 76,
      "avg_lat": 74.9342105263158,
      "avg_score": 99.50043859649124
    },
    "ss": {
      "count": 1,
      "avg_lat": 114.0,
      "avg_score": 99.24
    },
    "trojan": {
      "count": 48,
      "avg_lat": 150.33333333333334,
      "avg_score": 98.99777777777778
    }
  }
}