{
  "scan_timestamp": "2026-02-01T18:37:55.653285+00:00",
  "duration_seconds": 1200.8,
  "performance_metrics": {
    "total_processed": 488,
    "valid_configs": 385,
    "duplicates": 0,
    "failed_tests": 103,
    "success_rate": 78.89,
    "avg_latency_ms": 189.44,
    "avg_score": 98.74
  },
  "protocol_summary": {
    "vmess": {
      "count": 23,
      "avg_lat": 88.3913043478261,
      "avg_score": 99.41072463768116
    },
    "vless": {
      "count": 153,
      "avg_lat": 116.50980392156863,
      "avg_score": 99.22326797385621
    },
    "ss": {
      "count": 0,
      "avg_lat": 0.0,
      "avg_score": 0.0
    },
    "trojan": {
      "count": 209,
      "avg_lat": 253.94258373205741,
      "avg_score": 98.30704944178628
    }
  }
}