{
  "scan_timestamp": "2026-01-09T07:35:29.281489+00:00",
  "duration_seconds": 1098.85,
  "performance_metrics": {
    "total_processed": 472,
    "valid_configs": 353,
    "duplicates": 0,
    "failed_tests": 119,
    "success_rate": 74.79,
    "avg_latency_ms": 118.02,
    "avg_score": 99.21
  },
  "protocol_summary": {
    "vmess": {
      "count": 51,
      "avg_lat": 157.37254901960785,
      "avg_score": 98.95084967320261
    },
    "vless": {
      "count": 242,
      "avg_lat": 101.40082644628099,
      "avg_score": 99.32399449035812
    },
    "ss": {
      "count": 0,
      "avg_lat": 0.0,
      "avg_score": 0.0
    },
    "trojan": {
      "count": 60,
      "avg_lat": 151.58333333333334,
      "avg_score": 98.98944444444444
    }
  }
}