{
  "scan_timestamp": "2026-02-16T19:42:25.922008+00:00",
  "duration_seconds": 1041.39,
  "performance_metrics": {
    "total_processed": 459,
    "valid_configs": 303,
    "duplicates": 0,
    "failed_tests": 156,
    "success_rate": 66.01,
    "avg_latency_ms": 151.85,
    "avg_score": 98.99
  },
  "protocol_summary": {
    "vmess": {
      "count": 75,
      "avg_lat": 172.54666666666665,
      "avg_score": 98.84968888888889
    },
    "vless": {
      "count": 195,
      "avg_lat": 153.78974358974358,
      "avg_score": 98.97473504273505
    },
    "ss": {
      "count": 0,
      "avg_lat": 0.0,
      "avg_score": 0.0
    },
    "trojan": {
      "count": 33,
      "avg_lat": 93.36363636363636,
      "avg_score": 99.37757575757576
    }
  }
}