{
  "scan_timestamp": "2026-02-13T08:46:57.255112+00:00",
  "duration_seconds": 1018.59,
  "performance_metrics": {
    "total_processed": 465,
    "valid_configs": 304,
    "duplicates": 0,
    "failed_tests": 161,
    "success_rate": 65.38,
    "avg_latency_ms": 147.36,
    "avg_score": 99.02
  },
  "protocol_summary": {
    "vmess": {
      "count": 66,
      "avg_lat": 167.1060606060606,
      "avg_score": 98.88595959595959
    },
    "vless": {
      "count": 186,
      "avg_lat": 143.22043010752688,
      "avg_score": 99.04519713261648
    },
    "ss": {
      "count": 0,
      "avg_lat": 0.0,
      "avg_score": 0.0
    },
    "trojan": {
      "count": 52,
      "avg_lat": 137.09615384615384,
      "avg_score": 99.08602564102564
    }
  }
}