{
  "scan_timestamp": "2025-12-26T20:26:53.082170+00:00",
  "duration_seconds": 980.98,
  "performance_metrics": {
    "total_processed": 465,
    "valid_configs": 280,
    "duplicates": 0,
    "failed_tests": 185,
    "success_rate": 60.22,
    "avg_latency_ms": 125.52,
    "avg_score": 99.16
  },
  "protocol_summary": {
    "vmess": {
      "count": 70,
      "avg_lat": 99.45714285714286,
      "avg_score": 99.33695238095238
    },
    "vless": {
      "count": 117,
      "avg_lat": 100.61538461538461,
      "avg_score": 99.32923076923078
    },
    "ss": {
      "count": 0,
      "avg_lat": 0.0,
      "avg_score": 0.0
    },
    "trojan": {
      "count": 93,
      "avg_lat": 176.4731182795699,
      "avg_score": 98.82351254480287
    }
  }
}