{
  "scan_timestamp": "2026-02-21T01:20:02.175631+00:00",
  "duration_seconds": 1191.59,
  "performance_metrics": {
    "total_processed": 474,
    "valid_configs": 377,
    "duplicates": 0,
    "failed_tests": 97,
    "success_rate": 79.54,
    "avg_latency_ms": 98.24,
    "avg_score": 99.35
  },
  "protocol_summary": {
    "vmess": {
      "count": 69,
      "avg_lat": 91.05797101449275,
      "avg_score": 99.39294685990339
    },
    "vless": {
      "count": 273,
      "avg_lat": 104.6043956043956,
      "avg_score": 99.30263736263736
    },
    "trojan": {
      "count": 35,
      "avg_lat": 62.77142857142857,
      "avg_score": 99.58152380952382
    }
  }
}