{
  "scan_timestamp": "2026-01-25T06:33:19.164805+00:00",
  "duration_seconds": 983.83,
  "performance_metrics": {
    "total_processed": 465,
    "valid_configs": 272,
    "duplicates": 0,
    "failed_tests": 193,
    "success_rate": 58.49,
    "avg_latency_ms": 101.25,
    "avg_score": 99.33
  },
  "protocol_summary": {
    "vmess": {
      "count": 97,
      "avg_lat": 91.23711340206185,
      "avg_score": 99.3917525773196
    },
    "vless": {
      "count": 135,
      "avg_lat": 86.75555555555556,
      "avg_score": 99.42162962962963
    },
    "ss": {
      "count": 0,
      "avg_lat": 0.0,
      "avg_score": 0.0
    },
    "trojan": {
      "count": 40,
      "avg_lat": 174.45,
      "avg_score": 98.837
    }
  }
}