{
  "scan_timestamp": "2026-06-30T21:03:38.485522+00:00",
  "duration_seconds": 405.63,
  "performance_metrics": {
    "total_processed": 446,
    "valid_configs": 134,
    "duplicates": 0,
    "failed_tests": 312,
    "success_rate": 30.04,
    "avg_latency_ms": 117.99,
    "avg_score": 99.21
  },
  "protocol_summary": {
    "vmess": {
      "count": 2,
      "avg_lat": 2.0,
      "avg_score": 99.98666666666666
    },
    "vless": {
      "count": 8,
      "avg_lat": 214.75,
      "avg_score": 98.56833333333333
    },
    "ss": {
      "count": 108,
      "avg_lat": 122.57407407407408,
      "avg_score": 99.18283950617284
    },
    "trojan": {
      "count": 16,
      "avg_lat": 53.125,
      "avg_score": 99.64583333333333
    }
  }
}