{
  "scan_timestamp": "2026-02-14T05:24:05.768591+00:00",
  "duration_seconds": 1020.34,
  "performance_metrics": {
    "total_processed": 467,
    "valid_configs": 314,
    "duplicates": 0,
    "failed_tests": 153,
    "success_rate": 67.24,
    "avg_latency_ms": 126.93,
    "avg_score": 99.15
  },
  "protocol_summary": {
    "vmess": {
      "count": 88,
      "avg_lat": 106.1590909090909,
      "avg_score": 99.29227272727272
    },
    "vless": {
      "count": 198,
      "avg_lat": 138.5909090909091,
      "avg_score": 99.07606060606061
    },
    "ss": {
      "count": 0,
      "avg_lat": 0.0,
      "avg_score": 0.0
    },
    "trojan": {
      "count": 28,
      "avg_lat": 109.71428571428571,
      "avg_score": 99.26857142857143
    }
  }
}