{
  "scan_timestamp": "2026-01-19T01:09:40.706686+00:00",
  "duration_seconds": 800.86,
  "performance_metrics": {
    "total_processed": 415,
    "valid_configs": 222,
    "duplicates": 0,
    "failed_tests": 193,
    "success_rate": 53.49,
    "avg_latency_ms": 131.99,
    "avg_score": 99.12
  },
  "protocol_summary": {
    "vmess": {
      "count": 58,
      "avg_lat": 120.75862068965517,
      "avg_score": 99.19494252873562
    },
    "vless": {
      "count": 109,
      "avg_lat": 116.18348623853211,
      "avg_score": 99.22544342507646
    },
    "ss": {
      "count": 0,
      "avg_lat": 0.0,
      "avg_score": 0.0
    },
    "trojan": {
      "count": 55,
      "avg_lat": 175.16363636363636,
      "avg_score": 98.83224242424242
    }
  }
}