{
  "scan_timestamp": "2025-12-28T19:25:10.084751+00:00",
  "duration_seconds": 1025.55,
  "performance_metrics": {
    "total_processed": 471,
    "valid_configs": 298,
    "duplicates": 0,
    "failed_tests": 173,
    "success_rate": 63.27,
    "avg_latency_ms": 117.22,
    "avg_score": 99.22
  },
  "protocol_summary": {
    "vmess": {
      "count": 34,
      "avg_lat": 181.26470588235293,
      "avg_score": 98.79156862745099
    },
    "vless": {
      "count": 156,
      "avg_lat": 104.1025641025641,
      "avg_score": 99.3059829059829
    },
    "ss": {
      "count": 0,
      "avg_lat": 0.0,
      "avg_score": 0.0
    },
    "trojan": {
      "count": 108,
      "avg_lat": 116.01851851851852,
      "avg_score": 99.22654320987655
    }
  }
}