{
  "scan_timestamp": "2026-02-06T14:10:52.883914+00:00",
  "duration_seconds": 1068.81,
  "performance_metrics": {
    "total_processed": 481,
    "valid_configs": 300,
    "duplicates": 0,
    "failed_tests": 181,
    "success_rate": 62.37,
    "avg_latency_ms": 129.74,
    "avg_score": 99.14
  },
  "protocol_summary": {
    "vmess": {
      "count": 55,
      "avg_lat": 106.27272727272727,
      "avg_score": 99.29151515151516
    },
    "vless": {
      "count": 177,
      "avg_lat": 87.14124293785311,
      "avg_score": 99.41905838041431
    },
    "ss": {
      "count": 0,
      "avg_lat": 0.0,
      "avg_score": 0.0
    },
    "trojan": {
      "count": 68,
      "avg_lat": 259.61764705882354,
      "avg_score": 98.2692156862745
    }
  }
}