{
  "scan_timestamp": "2026-04-10T06:41:34.366706+00:00",
  "duration_seconds": 996.42,
  "performance_metrics": {
    "total_processed": 486,
    "valid_configs": 218,
    "duplicates": 0,
    "failed_tests": 268,
    "success_rate": 44.86,
    "avg_latency_ms": 73.78,
    "avg_score": 99.51
  },
  "protocol_summary": {
    "vmess": {
      "count": 2,
      "avg_lat": 118.5,
      "avg_score": 99.21000000000001
    },
    "vless": {
      "count": 207,
      "avg_lat": 72.97101449275362,
      "avg_score": 99.5135265700483
    },
    "ss": {
      "count": 3,
      "avg_lat": 181.33333333333334,
      "avg_score": 98.7911111111111
    },
    "trojan": {
      "count": 6,
      "avg_lat": 32.833333333333336,
      "avg_score": 99.7811111111111
    }
  }
}