{
  "scan_timestamp": "2025-12-30T22:27:48.850232+00:00",
  "duration_seconds": 1057.16,
  "performance_metrics": {
    "total_processed": 478,
    "valid_configs": 298,
    "duplicates": 0,
    "failed_tests": 180,
    "success_rate": 62.34,
    "avg_latency_ms": 96.23,
    "avg_score": 99.36
  },
  "protocol_summary": {
    "vmess": {
      "count": 41,
      "avg_lat": 91.90243902439025,
      "avg_score": 99.38731707317073
    },
    "vless": {
      "count": 207,
      "avg_lat": 88.15458937198068,
      "avg_score": 99.41230273752014
    },
    "ss": {
      "count": 0,
      "avg_lat": 0.0,
      "avg_score": 0.0
    },
    "trojan": {
      "count": 50,
      "avg_lat": 133.22,
      "avg_score": 99.11186666666667
    }
  }
}