{
  "scan_timestamp": "2026-07-01T05:28:29.269124+00:00",
  "duration_seconds": 456.61,
  "performance_metrics": {
    "total_processed": 453,
    "valid_configs": 145,
    "duplicates": 0,
    "failed_tests": 308,
    "success_rate": 32.01,
    "avg_latency_ms": 102.87,
    "avg_score": 99.31
  },
  "protocol_summary": {
    "vmess": {
      "count": 2,
      "avg_lat": 8.5,
      "avg_score": 99.94333333333333
    },
    "vless": {
      "count": 9,
      "avg_lat": 186.55555555555554,
      "avg_score": 98.75629629629628
    },
    "ss": {
      "count": 126,
      "avg_lat": 102.7936507936508,
      "avg_score": 99.314708994709
    },
    "trojan": {
      "count": 8,
      "avg_lat": 33.5,
      "avg_score": 99.77666666666667
    }
  }
}