{
  "scan_timestamp": "2026-03-04T15:46:20.143133+00:00",
  "duration_seconds": 1087.14,
  "performance_metrics": {
    "total_processed": 473,
    "valid_configs": 325,
    "duplicates": 0,
    "failed_tests": 148,
    "success_rate": 68.71,
    "avg_latency_ms": 81.98,
    "avg_score": 99.45
  },
  "protocol_summary": {
    "vmess": {
      "count": 60,
      "avg_lat": 55.666666666666664,
      "avg_score": 99.6288888888889
    },
    "vless": {
      "count": 230,
      "avg_lat": 89.40869565217392,
      "avg_score": 99.4039420289855
    },
    "ss": {
      "count": 0,
      "avg_lat": 0.0,
      "avg_score": 0.0
    },
    "trojan": {
      "count": 35,
      "avg_lat": 78.25714285714285,
      "avg_score": 99.4782857142857
    }
  }
}