{
  "scan_timestamp": "2026-01-29T11:35:18.054142+00:00",
  "duration_seconds": 769.71,
  "performance_metrics": {
    "total_processed": 438,
    "valid_configs": 205,
    "duplicates": 0,
    "failed_tests": 233,
    "success_rate": 46.8,
    "avg_latency_ms": 95.44,
    "avg_score": 99.36
  },
  "protocol_summary": {
    "vmess": {
      "count": 63,
      "avg_lat": 103.88888888888889,
      "avg_score": 99.30740740740741
    },
    "vless": {
      "count": 78,
      "avg_lat": 96.2051282051282,
      "avg_score": 99.35863247863247
    },
    "ss": {
      "count": 0,
      "avg_lat": 0.0,
      "avg_score": 0.0
    },
    "trojan": {
      "count": 64,
      "avg_lat": 86.1875,
      "avg_score": 99.42541666666666
    }
  }
}