{
  "scan_timestamp": "2025-12-22T07:31:29.925449+00:00",
  "duration_seconds": 951.42,
  "performance_metrics": {
    "total_processed": 457,
    "valid_configs": 257,
    "duplicates": 0,
    "failed_tests": 200,
    "success_rate": 56.24,
    "avg_latency_ms": 90.59,
    "avg_score": 99.4
  },
  "protocol_summary": {
    "vmess": {
      "count": 52,
      "avg_lat": 90.57692307692308,
      "avg_score": 99.39615384615385
    },
    "vless": {
      "count": 153,
      "avg_lat": 68.9281045751634,
      "avg_score": 99.54047930283224
    },
    "ss": {
      "count": 0,
      "avg_lat": 0.0,
      "avg_score": 0.0
    },
    "trojan": {
      "count": 52,
      "avg_lat": 154.32692307692307,
      "avg_score": 98.97115384615384
    }
  }
}