{
  "scan_timestamp": "2025-12-23T11:25:40.123669+00:00",
  "duration_seconds": 930.38,
  "performance_metrics": {
    "total_processed": 467,
    "valid_configs": 264,
    "duplicates": 0,
    "failed_tests": 203,
    "success_rate": 56.53,
    "avg_latency_ms": 131.67,
    "avg_score": 99.12
  },
  "protocol_summary": {
    "vmess": {
      "count": 90,
      "avg_lat": 111.06666666666666,
      "avg_score": 99.25955555555556
    },
    "vless": {
      "count": 94,
      "avg_lat": 116.53191489361703,
      "avg_score": 99.22312056737589
    },
    "ss": {
      "count": 0,
      "avg_lat": 0.0,
      "avg_score": 0.0
    },
    "trojan": {
      "count": 80,
      "avg_lat": 172.65,
      "avg_score": 98.849
    }
  }
}