{
  "scan_timestamp": "2026-01-13T17:33:49.200941+00:00",
  "duration_seconds": 969.2,
  "performance_metrics": {
    "total_processed": 431,
    "valid_configs": 273,
    "duplicates": 0,
    "failed_tests": 158,
    "success_rate": 63.34,
    "avg_latency_ms": 107.25,
    "avg_score": 99.29
  },
  "protocol_summary": {
    "vmess": {
      "count": 52,
      "avg_lat": 137.42307692307693,
      "avg_score": 99.08384615384615
    },
    "vless": {
      "count": 176,
      "avg_lat": 79.72727272727273,
      "avg_score": 99.46848484848486
    },
    "ss": {
      "count": 0,
      "avg_lat": 0.0,
      "avg_score": 0.0
    },
    "trojan": {
      "count": 45,
      "avg_lat": 180.0222222222222,
      "avg_score": 98.79985185185184
    }
  }
}