{
  "scan_timestamp": "2026-01-26T14:36:44.126215+00:00",
  "duration_seconds": 1090.85,
  "performance_metrics": {
    "total_processed": 479,
    "valid_configs": 322,
    "duplicates": 0,
    "failed_tests": 157,
    "success_rate": 67.22,
    "avg_latency_ms": 82.24,
    "avg_score": 99.45
  },
  "protocol_summary": {
    "vmess": {
      "count": 38,
      "avg_lat": 72.02631578947368,
      "avg_score": 99.5198245614035
    },
    "vless": {
      "count": 228,
      "avg_lat": 71.29385964912281,
      "avg_score": 99.52470760233919
    },
    "ss": {
      "count": 0,
      "avg_lat": 0.0,
      "avg_score": 0.0
    },
    "trojan": {
      "count": 56,
      "avg_lat": 133.71428571428572,
      "avg_score": 99.10857142857142
    }
  }
}