{
  "scan_timestamp": "2026-02-08T14:36:04.857264+00:00",
  "duration_seconds": 1083.87,
  "performance_metrics": {
    "total_processed": 476,
    "valid_configs": 322,
    "duplicates": 0,
    "failed_tests": 154,
    "success_rate": 67.65,
    "avg_latency_ms": 122.96,
    "avg_score": 99.18
  },
  "protocol_summary": {
    "vmess": {
      "count": 59,
      "avg_lat": 105.71186440677967,
      "avg_score": 99.29525423728813
    },
    "vless": {
      "count": 219,
      "avg_lat": 128.82648401826484,
      "avg_score": 99.14115677321158
    },
    "ss": {
      "count": 0,
      "avg_lat": 0.0,
      "avg_score": 0.0
    },
    "trojan": {
      "count": 44,
      "avg_lat": 116.9090909090909,
      "avg_score": 99.22060606060607
    }
  }
}