{
  "scan_timestamp": "2026-01-21T11:31:51.798609+00:00",
  "duration_seconds": 1017.43,
  "performance_metrics": {
    "total_processed": 479,
    "valid_configs": 297,
    "duplicates": 0,
    "failed_tests": 182,
    "success_rate": 62.0,
    "avg_latency_ms": 105.12,
    "avg_score": 99.3
  },
  "protocol_summary": {
    "vmess": {
      "count": 106,
      "avg_lat": 68.86792452830188,
      "avg_score": 99.54088050314466
    },
    "vless": {
      "count": 143,
      "avg_lat": 110.39160839160839,
      "avg_score": 99.26405594405594
    },
    "ss": {
      "count": 0,
      "avg_lat": 0.0,
      "avg_score": 0.0
    },
    "trojan": {
      "count": 48,
      "avg_lat": 169.45833333333334,
      "avg_score": 98.87027777777779
    }
  }
}