{
  "scan_timestamp": "2025-12-07T10:24:59.358329+00:00",
  "duration_seconds": 943.22,
  "performance_metrics": {
    "total_processed": 475,
    "valid_configs": 234,
    "duplicates": 0,
    "failed_tests": 241,
    "success_rate": 49.26,
    "avg_latency_ms": 143.9,
    "avg_score": 99.04
  },
  "protocol_summary": {
    "vmess": {
      "count": 48,
      "avg_lat": 211.85416666666666,
      "avg_score": 98.58763888888889
    },
    "vless": {
      "count": 129,
      "avg_lat": 96.51937984496124,
      "avg_score": 99.35653746770026
    },
    "ss": {
      "count": 0,
      "avg_lat": 0.0,
      "avg_score": 0.0
    },
    "trojan": {
      "count": 57,
      "avg_lat": 193.89473684210526,
      "avg_score": 98.70736842105262
    }
  }
}