{
  "scan_timestamp": "2026-02-19T04:28:10.750427+00:00",
  "duration_seconds": 1185.4,
  "performance_metrics": {
    "total_processed": 472,
    "valid_configs": 386,
    "duplicates": 0,
    "failed_tests": 86,
    "success_rate": 81.78,
    "avg_latency_ms": 85.04,
    "avg_score": 99.43
  },
  "protocol_summary": {
    "vmess": {
      "count": 65,
      "avg_lat": 78.67692307692307,
      "avg_score": 99.47548717948717
    },
    "vless": {
      "count": 289,
      "avg_lat": 91.02076124567473,
      "avg_score": 99.39319492502884
    },
    "ss": {
      "count": 0,
      "avg_lat": 0.0,
      "avg_score": 0.0
    },
    "trojan": {
      "count": 32,
      "avg_lat": 43.96875,
      "avg_score": 99.706875
    }
  }
}