{
  "scan_timestamp": "2026-01-23T15:29:08.694078+00:00",
  "duration_seconds": 857.92,
  "performance_metrics": {
    "total_processed": 420,
    "valid_configs": 226,
    "duplicates": 0,
    "failed_tests": 194,
    "success_rate": 53.81,
    "avg_latency_ms": 123.39,
    "avg_score": 99.18
  },
  "protocol_summary": {
    "vmess": {
      "count": 71,
      "avg_lat": 146.74647887323943,
      "avg_score": 99.02169014084507
    },
    "vless": {
      "count": 123,
      "avg_lat": 111.83739837398375,
      "avg_score": 99.25441734417343
    },
    "ss": {
      "count": 0,
      "avg_lat": 0.0,
      "avg_score": 0.0
    },
    "trojan": {
      "count": 32,
      "avg_lat": 116.0,
      "avg_score": 99.22666666666666
    }
  }
}