{
  "scan_timestamp": "2026-02-20T01:20:49.391805+00:00",
  "duration_seconds": 1160.99,
  "performance_metrics": {
    "total_processed": 472,
    "valid_configs": 371,
    "duplicates": 0,
    "failed_tests": 101,
    "success_rate": 78.6,
    "avg_latency_ms": 75.78,
    "avg_score": 99.49
  },
  "protocol_summary": {
    "vmess": {
      "count": 65,
      "avg_lat": 74.38461538461539,
      "avg_score": 99.50410256410257
    },
    "vless": {
      "count": 274,
      "avg_lat": 78.91970802919708,
      "avg_score": 99.47386861313869
    },
    "ss": {
      "count": 0,
      "avg_lat": 0.0,
      "avg_score": 0.0
    },
    "trojan": {
      "count": 32,
      "avg_lat": 51.75,
      "avg_score": 99.655
    }
  }
}