{
  "scan_timestamp": "2025-12-29T18:31:28.187536+00:00",
  "duration_seconds": 917.17,
  "performance_metrics": {
    "total_processed": 441,
    "valid_configs": 243,
    "duplicates": 0,
    "failed_tests": 198,
    "success_rate": 55.1,
    "avg_latency_ms": 104.74,
    "avg_score": 99.3
  },
  "protocol_summary": {
    "vmess": {
      "count": 49,
      "avg_lat": 109.81632653061224,
      "avg_score": 99.2678911564626
    },
    "vless": {
      "count": 166,
      "avg_lat": 76.2710843373494,
      "avg_score": 99.49152610441767
    },
    "ss": {
      "count": 0,
      "avg_lat": 0.0,
      "avg_score": 0.0
    },
    "trojan": {
      "count": 28,
      "avg_lat": 264.67857142857144,
      "avg_score": 98.23547619047619
    }
  }
}