{
  "scan_timestamp": "2026-07-13T00:00:46.079509+00:00",
  "duration_seconds": 455.43,
  "performance_metrics": {
    "total_processed": 411,
    "valid_configs": 142,
    "duplicates": 0,
    "failed_tests": 269,
    "success_rate": 34.55,
    "avg_latency_ms": 165.82,
    "avg_score": 98.89
  },
  "protocol_summary": {
    "vless": {
      "count": 1,
      "avg_lat": 2.0,
      "avg_score": 99.98666666666666
    },
    "ss": {
      "count": 140,
      "avg_lat": 165.97142857142856,
      "avg_score": 98.89352380952381
    },
    "trojan": {
      "count": 1,
      "avg_lat": 309.0,
      "avg_score": 97.94
    }
  }
}