{
  "scan_timestamp": "2025-12-18T08:29:27.662750+00:00",
  "duration_seconds": 832.76,
  "performance_metrics": {
    "total_processed": 464,
    "valid_configs": 227,
    "duplicates": 0,
    "failed_tests": 237,
    "success_rate": 48.92,
    "avg_latency_ms": 90.62,
    "avg_score": 99.4
  },
  "protocol_summary": {
    "vmess": {
      "count": 37,
      "avg_lat": 142.0,
      "avg_score": 99.05333333333333
    },
    "vless": {
      "count": 153,
      "avg_lat": 76.44444444444444,
      "avg_score": 99.49037037037037
    },
    "ss": {
      "count": 0,
      "avg_lat": 0.0,
      "avg_score": 0.0
    },
    "trojan": {
      "count": 37,
      "avg_lat": 97.86486486486487,
      "avg_score": 99.34756756756757
    }
  }
}