{
  "scan_timestamp": "2026-03-05T18:09:43.837524+00:00",
  "duration_seconds": 1083.34,
  "performance_metrics": {
    "total_processed": 473,
    "valid_configs": 324,
    "duplicates": 0,
    "failed_tests": 149,
    "success_rate": 68.5,
    "avg_latency_ms": 92.85,
    "avg_score": 99.38
  },
  "protocol_summary": {
    "vmess": {
      "count": 60,
      "avg_lat": 67.6,
      "avg_score": 99.54933333333334
    },
    "vless": {
      "count": 229,
      "avg_lat": 103.26200873362446,
      "avg_score": 99.3115866084425
    },
    "ss": {
      "count": 0,
      "avg_lat": 0.0,
      "avg_score": 0.0
    },
    "trojan": {
      "count": 35,
      "avg_lat": 68.02857142857142,
      "avg_score": 99.54647619047618
    }
  }
}