{
  "scan_timestamp": "2026-04-10T04:52:39.269108+00:00",
  "duration_seconds": 996.45,
  "performance_metrics": {
    "total_processed": 486,
    "valid_configs": 217,
    "duplicates": 0,
    "failed_tests": 269,
    "success_rate": 44.65,
    "avg_latency_ms": 88.34,
    "avg_score": 99.41
  },
  "protocol_summary": {
    "vmess": {
      "count": 2,
      "avg_lat": 117.0,
      "avg_score": 99.22
    },
    "vless": {
      "count": 206,
      "avg_lat": 88.12621359223301,
      "avg_score": 99.41249190938511
    },
    "ss": {
      "count": 3,
      "avg_lat": 185.33333333333334,
      "avg_score": 98.76444444444445
    },
    "trojan": {
      "count": 6,
      "avg_lat": 37.5,
      "avg_score": 99.75
    }
  }
}