{
  "scan_timestamp": "2026-04-09T23:45:44.462149+00:00",
  "duration_seconds": 996.39,
  "performance_metrics": {
    "total_processed": 486,
    "valid_configs": 225,
    "duplicates": 0,
    "failed_tests": 261,
    "success_rate": 46.3,
    "avg_latency_ms": 85.6,
    "avg_score": 99.43
  },
  "protocol_summary": {
    "vmess": {
      "count": 2,
      "avg_lat": 130.5,
      "avg_score": 99.13
    },
    "vless": {
      "count": 213,
      "avg_lat": 85.89201877934272,
      "avg_score": 99.42738654147105
    },
    "ss": {
      "count": 3,
      "avg_lat": 171.33333333333334,
      "avg_score": 98.85777777777777
    },
    "trojan": {
      "count": 7,
      "avg_lat": 27.0,
      "avg_score": 99.82000000000001
    }
  }
}