{
  "scan_timestamp": "2025-12-10T12:35:11.245013+00:00",
  "duration_seconds": 864.28,
  "performance_metrics": {
    "total_processed": 467,
    "valid_configs": 194,
    "duplicates": 0,
    "failed_tests": 273,
    "success_rate": 41.54,
    "avg_latency_ms": 141.44,
    "avg_score": 99.06
  },
  "protocol_summary": {
    "vmess": {
      "count": 34,
      "avg_lat": 122.17647058823529,
      "avg_score": 99.18549019607843
    },
    "vless": {
      "count": 98,
      "avg_lat": 139.9387755102041,
      "avg_score": 99.06707482993198
    },
    "ss": {
      "count": 0,
      "avg_lat": 0.0,
      "avg_score": 0.0
    },
    "trojan": {
      "count": 62,
      "avg_lat": 154.3709677419355,
      "avg_score": 98.97086021505376
    }
  }
}