{
  "scan_timestamp": "2026-03-04T17:47:35.645761+00:00",
  "duration_seconds": 1082.56,
  "performance_metrics": {
    "total_processed": 473,
    "valid_configs": 325,
    "duplicates": 0,
    "failed_tests": 148,
    "success_rate": 68.71,
    "avg_latency_ms": 83.03,
    "avg_score": 99.45
  },
  "protocol_summary": {
    "vmess": {
      "count": 60,
      "avg_lat": 54.85,
      "avg_score": 99.63433333333334
    },
    "vless": {
      "count": 230,
      "avg_lat": 95.69130434782609,
      "avg_score": 99.3620579710145
    },
    "ss": {
      "count": 0,
      "avg_lat": 0.0,
      "avg_score": 0.0
    },
    "trojan": {
      "count": 35,
      "avg_lat": 48.142857142857146,
      "avg_score": 99.67904761904761
    }
  }
}