{
  "scan_timestamp": "2026-01-19T19:25:20.988981+00:00",
  "duration_seconds": 800.32,
  "performance_metrics": {
    "total_processed": 416,
    "valid_configs": 209,
    "duplicates": 0,
    "failed_tests": 207,
    "success_rate": 50.24,
    "avg_latency_ms": 148.6,
    "avg_score": 99.01
  },
  "protocol_summary": {
    "vmess": {
      "count": 59,
      "avg_lat": 128.11864406779662,
      "avg_score": 99.14587570621468
    },
    "vless": {
      "count": 109,
      "avg_lat": 137.32110091743118,
      "avg_score": 99.08452599388379
    },
    "ss": {
      "count": 0,
      "avg_lat": 0.0,
      "avg_score": 0.0
    },
    "trojan": {
      "count": 41,
      "avg_lat": 208.0731707317073,
      "avg_score": 98.61284552845528
    }
  }
}