{
  "scan_timestamp": "2026-01-27T01:14:05.622839+00:00",
  "duration_seconds": 1098.57,
  "performance_metrics": {
    "total_processed": 479,
    "valid_configs": 330,
    "duplicates": 0,
    "failed_tests": 149,
    "success_rate": 68.89,
    "avg_latency_ms": 85.11,
    "avg_score": 99.43
  },
  "protocol_summary": {
    "vmess": {
      "count": 40,
      "avg_lat": 69.975,
      "avg_score": 99.5335
    },
    "vless": {
      "count": 230,
      "avg_lat": 80.51739130434783,
      "avg_score": 99.46321739130435
    },
    "ss": {
      "count": 0,
      "avg_lat": 0.0,
      "avg_score": 0.0
    },
    "trojan": {
      "count": 60,
      "avg_lat": 112.81666666666666,
      "avg_score": 99.24788888888888
    }
  }
}