{
  "scan_timestamp": "2026-01-20T13:54:41.591096+00:00",
  "duration_seconds": 980.55,
  "performance_metrics": {
    "total_processed": 474,
    "valid_configs": 280,
    "duplicates": 0,
    "failed_tests": 194,
    "success_rate": 59.07,
    "avg_latency_ms": 104.74,
    "avg_score": 99.3
  },
  "protocol_summary": {
    "vmess": {
      "count": 104,
      "avg_lat": 75.78846153846153,
      "avg_score": 99.49474358974359
    },
    "vless": {
      "count": 124,
      "avg_lat": 119.66935483870968,
      "avg_score": 99.20220430107527
    },
    "ss": {
      "count": 0,
      "avg_lat": 0.0,
      "avg_score": 0.0
    },
    "trojan": {
      "count": 52,
      "avg_lat": 127.01923076923077,
      "avg_score": 99.15320512820512
    }
  }
}