{
  "scan_timestamp": "2026-01-07T11:30:07.975304+00:00",
  "duration_seconds": 1159.61,
  "performance_metrics": {
    "total_processed": 483,
    "valid_configs": 361,
    "duplicates": 0,
    "failed_tests": 122,
    "success_rate": 74.74,
    "avg_latency_ms": 192.86,
    "avg_score": 98.71
  },
  "protocol_summary": {
    "vmess": {
      "count": 59,
      "avg_lat": 163.22033898305085,
      "avg_score": 98.91186440677967
    },
    "vless": {
      "count": 177,
      "avg_lat": 216.59887005649716,
      "avg_score": 98.55600753295668
    },
    "ss": {
      "count": 0,
      "avg_lat": 0.0,
      "avg_score": 0.0
    },
    "trojan": {
      "count": 125,
      "avg_lat": 173.24,
      "avg_score": 98.84506666666667
    }
  }
}