{
  "scan_timestamp": "2025-12-08T14:26:03.193095+00:00",
  "duration_seconds": 876.81,
  "performance_metrics": {
    "total_processed": 476,
    "valid_configs": 199,
    "duplicates": 0,
    "failed_tests": 277,
    "success_rate": 41.81,
    "avg_latency_ms": 197.66,
    "avg_score": 98.68
  },
  "protocol_summary": {
    "vmess": {
      "count": 68,
      "avg_lat": 249.01470588235293,
      "avg_score": 98.33990196078432
    },
    "vless": {
      "count": 63,
      "avg_lat": 116.22222222222223,
      "avg_score": 99.22518518518518
    },
    "ss": {
      "count": 0,
      "avg_lat": 0.0,
      "avg_score": 0.0
    },
    "trojan": {
      "count": 68,
      "avg_lat": 221.75,
      "avg_score": 98.52166666666666
    }
  }
}