{
  "scan_timestamp": "2026-03-17T08:40:51.001944+00:00",
  "duration_seconds": 208.94,
  "performance_metrics": {
    "total_processed": 380,
    "valid_configs": 35,
    "duplicates": 0,
    "failed_tests": 345,
    "success_rate": 9.21,
    "avg_latency_ms": 77.89,
    "avg_score": 99.48
  },
  "protocol_summary": {
    "vmess": {
      "count": 1,
      "avg_lat": 65.0,
      "avg_score": 99.56666666666666
    },
    "vless": {
      "count": 28,
      "avg_lat": 68.75,
      "avg_score": 99.54166666666666
    },
    "ss": {
      "count": 4,
      "avg_lat": 179.75,
      "avg_score": 98.80166666666668
    },
    "trojan": {
      "count": 2,
      "avg_lat": 8.5,
      "avg_score": 99.94333333333333
    }
  }
}