{
  "scan_timestamp": "2026-03-03T12:48:03.480537+00:00",
  "duration_seconds": 1082.73,
  "performance_metrics": {
    "total_processed": 473,
    "valid_configs": 325,
    "duplicates": 0,
    "failed_tests": 148,
    "success_rate": 68.71,
    "avg_latency_ms": 71.2,
    "avg_score": 99.53
  },
  "protocol_summary": {
    "vmess": {
      "count": 60,
      "avg_lat": 47.55,
      "avg_score": 99.68299999999999
    },
    "vless": {
      "count": 230,
      "avg_lat": 78.58695652173913,
      "avg_score": 99.47608695652174
    },
    "ss": {
      "count": 0,
      "avg_lat": 0.0,
      "avg_score": 0.0
    },
    "trojan": {
      "count": 35,
      "avg_lat": 63.2,
      "avg_score": 99.57866666666666
    }
  }
}