{
  "scan_timestamp": "2026-02-13T04:26:30.288349+00:00",
  "duration_seconds": 1026.27,
  "performance_metrics": {
    "total_processed": 467,
    "valid_configs": 303,
    "duplicates": 0,
    "failed_tests": 164,
    "success_rate": 64.88,
    "avg_latency_ms": 121.05,
    "avg_score": 99.19
  },
  "protocol_summary": {
    "vmess": {
      "count": 66,
      "avg_lat": 176.4090909090909,
      "avg_score": 98.8239393939394
    },
    "vless": {
      "count": 196,
      "avg_lat": 101.3061224489796,
      "avg_score": 99.32462585034014
    },
    "ss": {
      "count": 0,
      "avg_lat": 0.0,
      "avg_score": 0.0
    },
    "trojan": {
      "count": 41,
      "avg_lat": 126.3170731707317,
      "avg_score": 99.15788617886179
    }
  }
}