{
  "scan_timestamp": "2026-01-17T16:26:35.241738+00:00",
  "duration_seconds": 928.57,
  "performance_metrics": {
    "total_processed": 471,
    "valid_configs": 236,
    "duplicates": 0,
    "failed_tests": 235,
    "success_rate": 50.11,
    "avg_latency_ms": 138.69,
    "avg_score": 99.08
  },
  "protocol_summary": {
    "vmess": {
      "count": 64,
      "avg_lat": 85.875,
      "avg_score": 99.4275
    },
    "vless": {
      "count": 121,
      "avg_lat": 104.00826446280992,
      "avg_score": 99.30661157024794
    },
    "ss": {
      "count": 0,
      "avg_lat": 0.0,
      "avg_score": 0.0
    },
    "trojan": {
      "count": 51,
      "avg_lat": 287.27450980392155,
      "avg_score": 98.08483660130719
    }
  }
}