{
  "scan_timestamp": "2026-02-16T10:55:36.166140+00:00",
  "duration_seconds": 1085.86,
  "performance_metrics": {
    "total_processed": 461,
    "valid_configs": 325,
    "duplicates": 0,
    "failed_tests": 136,
    "success_rate": 70.5,
    "avg_latency_ms": 108.9,
    "avg_score": 99.27
  },
  "protocol_summary": {
    "vmess": {
      "count": 74,
      "avg_lat": 148.90540540540542,
      "avg_score": 99.0072972972973
    },
    "vless": {
      "count": 207,
      "avg_lat": 96.14492753623189,
      "avg_score": 99.35903381642512
    },
    "ss": {
      "count": 0,
      "avg_lat": 0.0,
      "avg_score": 0.0
    },
    "trojan": {
      "count": 44,
      "avg_lat": 101.5909090909091,
      "avg_score": 99.32272727272726
    }
  }
}