{
  "scan_timestamp": "2025-12-19T05:28:23.840004+00:00",
  "duration_seconds": 888.23,
  "performance_metrics": {
    "total_processed": 462,
    "valid_configs": 245,
    "duplicates": 0,
    "failed_tests": 217,
    "success_rate": 53.03,
    "avg_latency_ms": 98.82,
    "avg_score": 99.34
  },
  "protocol_summary": {
    "vmess": {
      "count": 81,
      "avg_lat": 154.2962962962963,
      "avg_score": 98.97135802469136
    },
    "vless": {
      "count": 130,
      "avg_lat": 53.90769230769231,
      "avg_score": 99.64061538461539
    },
    "ss": {
      "count": 0,
      "avg_lat": 0.0,
      "avg_score": 0.0
    },
    "trojan": {
      "count": 34,
      "avg_lat": 138.41176470588235,
      "avg_score": 99.07725490196079
    }
  }
}