{
  "scan_timestamp": "2026-01-15T09:32:57.078371+00:00",
  "duration_seconds": 945.31,
  "performance_metrics": {
    "total_processed": 457,
    "valid_configs": 284,
    "duplicates": 0,
    "failed_tests": 173,
    "success_rate": 62.14,
    "avg_latency_ms": 109.55,
    "avg_score": 99.27
  },
  "protocol_summary": {
    "vmess": {
      "count": 91,
      "avg_lat": 88.46153846153847,
      "avg_score": 99.41025641025642
    },
    "vless": {
      "count": 115,
      "avg_lat": 83.1304347826087,
      "avg_score": 99.44579710144927
    },
    "ss": {
      "count": 0,
      "avg_lat": 0.0,
      "avg_score": 0.0
    },
    "trojan": {
      "count": 78,
      "avg_lat": 173.1153846153846,
      "avg_score": 98.84589743589743
    }
  }
}