{
  "scan_timestamp": "2026-01-02T17:28:37.945435+00:00",
  "duration_seconds": 1131.41,
  "performance_metrics": {
    "total_processed": 479,
    "valid_configs": 329,
    "duplicates": 0,
    "failed_tests": 150,
    "success_rate": 68.68,
    "avg_latency_ms": 118.64,
    "avg_score": 99.21
  },
  "protocol_summary": {
    "vmess": {
      "count": 43,
      "avg_lat": 134.25581395348837,
      "avg_score": 99.10496124031008
    },
    "vless": {
      "count": 259,
      "avg_lat": 105.93050193050193,
      "avg_score": 99.29379665379666
    },
    "ss": {
      "count": 0,
      "avg_lat": 0.0,
      "avg_score": 0.0
    },
    "trojan": {
      "count": 27,
      "avg_lat": 215.62962962962962,
      "avg_score": 98.56246913580246
    }
  }
}