{
  "scan_timestamp": "2025-12-08T09:32:58.153936+00:00",
  "duration_seconds": 917.1,
  "performance_metrics": {
    "total_processed": 476,
    "valid_configs": 210,
    "duplicates": 0,
    "failed_tests": 266,
    "success_rate": 44.12,
    "avg_latency_ms": 256.88,
    "avg_score": 98.29
  },
  "protocol_summary": {
    "vmess": {
      "count": 78,
      "avg_lat": 393.37179487179486,
      "avg_score": 97.37752136752137
    },
    "vless": {
      "count": 63,
      "avg_lat": 115.42857142857143,
      "avg_score": 99.23047619047618
    },
    "ss": {
      "count": 0,
      "avg_lat": 0.0,
      "avg_score": 0.0
    },
    "trojan": {
      "count": 69,
      "avg_lat": 231.7391304347826,
      "avg_score": 98.4550724637681
    }
  }
}