{
  "scan_timestamp": "2026-01-30T04:10:14.395036+00:00",
  "duration_seconds": 722.46,
  "performance_metrics": {
    "total_processed": 415,
    "valid_configs": 186,
    "duplicates": 0,
    "failed_tests": 229,
    "success_rate": 44.82,
    "avg_latency_ms": 87.42,
    "avg_score": 99.42
  },
  "protocol_summary": {
    "vmess": {
      "count": 60,
      "avg_lat": 55.4,
      "avg_score": 99.63066666666667
    },
    "vless": {
      "count": 75,
      "avg_lat": 65.14666666666666,
      "avg_score": 99.56568888888889
    },
    "ss": {
      "count": 0,
      "avg_lat": 0.0,
      "avg_score": 0.0
    },
    "trojan": {
      "count": 51,
      "avg_lat": 157.86274509803923,
      "avg_score": 98.94758169934642
    }
  }
}