{
  "scan_timestamp": "2026-02-03T23:34:06.944215+00:00",
  "duration_seconds": 951.41,
  "performance_metrics": {
    "total_processed": 445,
    "valid_configs": 265,
    "duplicates": 0,
    "failed_tests": 180,
    "success_rate": 59.55,
    "avg_latency_ms": 119.86,
    "avg_score": 99.2
  },
  "protocol_summary": {
    "vmess": {
      "count": 46,
      "avg_lat": 100.32608695652173,
      "avg_score": 99.33115942028986
    },
    "vless": {
      "count": 172,
      "avg_lat": 85.8953488372093,
      "avg_score": 99.42736434108528
    },
    "ss": {
      "count": 0,
      "avg_lat": 0.0,
      "avg_score": 0.0
    },
    "trojan": {
      "count": 47,
      "avg_lat": 263.29787234042556,
      "avg_score": 98.24468085106383
    }
  }
}