{
  "scan_timestamp": "2026-03-13T19:26:59.295843+00:00",
  "duration_seconds": 230.5,
  "performance_metrics": {
    "total_processed": 359,
    "valid_configs": 42,
    "duplicates": 0,
    "failed_tests": 317,
    "success_rate": 11.7,
    "avg_latency_ms": 97.26,
    "avg_score": 99.35
  },
  "protocol_summary": {
    "vmess": {
      "count": 2,
      "avg_lat": 20.5,
      "avg_score": 99.86333333333334
    },
    "vless": {
      "count": 28,
      "avg_lat": 88.96428571428571,
      "avg_score": 99.40690476190477
    },
    "ss": {
      "count": 11,
      "avg_lat": 140.9090909090909,
      "avg_score": 99.06060606060606
    },
    "trojan": {
      "count": 1,
      "avg_lat": 3.0,
      "avg_score": 99.98
    }
  }
}