{
  "scan_timestamp": "2026-02-09T01:24:46.751981+00:00",
  "duration_seconds": 1107.01,
  "performance_metrics": {
    "total_processed": 478,
    "valid_configs": 335,
    "duplicates": 0,
    "failed_tests": 143,
    "success_rate": 70.08,
    "avg_latency_ms": 91.96,
    "avg_score": 99.39
  },
  "protocol_summary": {
    "vmess": {
      "count": 48,
      "avg_lat": 82.54166666666667,
      "avg_score": 99.44972222222223
    },
    "vless": {
      "count": 242,
      "avg_lat": 94.19421487603306,
      "avg_score": 99.3720385674931
    },
    "ss": {
      "count": 0,
      "avg_lat": 0.0,
      "avg_score": 0.0
    },
    "trojan": {
      "count": 45,
      "avg_lat": 89.95555555555555,
      "avg_score": 99.40029629629629
    }
  }
}