{
  "scan_timestamp": "2026-01-16T13:44:42.970122+00:00",
  "duration_seconds": 831.99,
  "performance_metrics": {
    "total_processed": 419,
    "valid_configs": 217,
    "duplicates": 0,
    "failed_tests": 202,
    "success_rate": 51.79,
    "avg_latency_ms": 103.16,
    "avg_score": 99.31
  },
  "protocol_summary": {
    "vmess": {
      "count": 52,
      "avg_lat": 89.65384615384616,
      "avg_score": 99.40230769230769
    },
    "vless": {
      "count": 126,
      "avg_lat": 74.9920634920635,
      "avg_score": 99.5000529100529
    },
    "ss": {
      "count": 0,
      "avg_lat": 0.0,
      "avg_score": 0.0
    },
    "trojan": {
      "count": 39,
      "avg_lat": 212.17948717948718,
      "avg_score": 98.58547008547008
    }
  }
}