{
  "scan_timestamp": "2026-03-15T16:21:28.662135+00:00",
  "duration_seconds": 209.68,
  "performance_metrics": {
    "total_processed": 351,
    "valid_configs": 37,
    "duplicates": 0,
    "failed_tests": 314,
    "success_rate": 10.54,
    "avg_latency_ms": 118.32,
    "avg_score": 99.21
  },
  "protocol_summary": {
    "vmess": {
      "count": 1,
      "avg_lat": 69.0,
      "avg_score": 99.54
    },
    "vless": {
      "count": 29,
      "avg_lat": 75.93103448275862,
      "avg_score": 99.49379310344828
    },
    "ss": {
      "count": 6,
      "avg_lat": 350.8333333333333,
      "avg_score": 97.66111111111111
    },
    "trojan": {
      "count": 1,
      "avg_lat": 2.0,
      "avg_score": 99.98666666666666
    }
  }
}