{
  "scan_timestamp": "2026-03-28T06:04:38.732918+00:00",
  "duration_seconds": 1001.38,
  "performance_metrics": {
    "total_processed": 470,
    "valid_configs": 247,
    "duplicates": 0,
    "failed_tests": 223,
    "success_rate": 52.55,
    "avg_latency_ms": 91.51,
    "avg_score": 99.39
  },
  "protocol_summary": {
    "vmess": {
      "count": 15,
      "avg_lat": 153.46666666666667,
      "avg_score": 98.9768888888889
    },
    "vless": {
      "count": 214,
      "avg_lat": 74.74766355140187,
      "avg_score": 99.50168224299065
    },
    "ss": {
      "count": 9,
      "avg_lat": 374.1111111111111,
      "avg_score": 97.50592592592592
    },
    "trojan": {
      "count": 9,
      "avg_lat": 104.22222222222223,
      "avg_score": 99.30518518518518
    }
  }
}