{
  "scan_timestamp": "2026-01-21T14:36:06.508075+00:00",
  "duration_seconds": 986.95,
  "performance_metrics": {
    "total_processed": 482,
    "valid_configs": 244,
    "duplicates": 0,
    "failed_tests": 238,
    "success_rate": 50.62,
    "avg_latency_ms": 83.03,
    "avg_score": 99.45
  },
  "protocol_summary": {
    "vmess": {
      "count": 57,
      "avg_lat": 73.14035087719299,
      "avg_score": 99.51239766081872
    },
    "vless": {
      "count": 141,
      "avg_lat": 68.84397163120568,
      "avg_score": 99.5410401891253
    },
    "ss": {
      "count": 0,
      "avg_lat": 0.0,
      "avg_score": 0.0
    },
    "trojan": {
      "count": 46,
      "avg_lat": 138.7608695652174,
      "avg_score": 99.07492753623188
    }
  }
}