{
  "scan_timestamp": "2026-01-13T14:31:20.817959+00:00",
  "duration_seconds": 958.94,
  "performance_metrics": {
    "total_processed": 435,
    "valid_configs": 277,
    "duplicates": 0,
    "failed_tests": 158,
    "success_rate": 63.68,
    "avg_latency_ms": 129.97,
    "avg_score": 99.13
  },
  "protocol_summary": {
    "vmess": {
      "count": 50,
      "avg_lat": 136.94,
      "avg_score": 99.08706666666667
    },
    "vless": {
      "count": 179,
      "avg_lat": 116.63128491620111,
      "avg_score": 99.22245810055865
    },
    "ss": {
      "count": 0,
      "avg_lat": 0.0,
      "avg_score": 0.0
    },
    "trojan": {
      "count": 48,
      "avg_lat": 172.47916666666666,
      "avg_score": 98.85013888888888
    }
  }
}