{
  "scan_timestamp": "2026-01-27T06:37:56.456221+00:00",
  "duration_seconds": 1132.06,
  "performance_metrics": {
    "total_processed": 479,
    "valid_configs": 349,
    "duplicates": 0,
    "failed_tests": 130,
    "success_rate": 72.86,
    "avg_latency_ms": 99.15,
    "avg_score": 99.34
  },
  "protocol_summary": {
    "vmess": {
      "count": 39,
      "avg_lat": 53.12820512820513,
      "avg_score": 99.64581196581196
    },
    "vless": {
      "count": 224,
      "avg_lat": 89.85267857142857,
      "avg_score": 99.40098214285715
    },
    "ss": {
      "count": 0,
      "avg_lat": 0.0,
      "avg_score": 0.0
    },
    "trojan": {
      "count": 86,
      "avg_lat": 144.25581395348837,
      "avg_score": 99.03829457364341
    }
  }
}