{
  "scan_timestamp": "2025-12-24T10:27:50.864222+00:00",
  "duration_seconds": 965.94,
  "performance_metrics": {
    "total_processed": 475,
    "valid_configs": 262,
    "duplicates": 0,
    "failed_tests": 213,
    "success_rate": 55.16,
    "avg_latency_ms": 102.13,
    "avg_score": 99.32
  },
  "protocol_summary": {
    "vmess": {
      "count": 56,
      "avg_lat": 156.25,
      "avg_score": 98.95833333333334
    },
    "vless": {
      "count": 139,
      "avg_lat": 69.29496402877697,
      "avg_score": 99.53803357314149
    },
    "ss": {
      "count": 0,
      "avg_lat": 0.0,
      "avg_score": 0.0
    },
    "trojan": {
      "count": 67,
      "avg_lat": 125.0,
      "avg_score": 99.16666666666667
    }
  }
}