{
  "scan_timestamp": "2026-02-05T15:48:26.163431+00:00",
  "duration_seconds": 1065.47,
  "performance_metrics": {
    "total_processed": 474,
    "valid_configs": 291,
    "duplicates": 0,
    "failed_tests": 183,
    "success_rate": 61.39,
    "avg_latency_ms": 135.5,
    "avg_score": 99.1
  },
  "protocol_summary": {
    "vmess": {
      "count": 51,
      "avg_lat": 82.96078431372548,
      "avg_score": 99.44692810457516
    },
    "vless": {
      "count": 180,
      "avg_lat": 98.80555555555556,
      "avg_score": 99.3412962962963
    },
    "ss": {
      "count": 0,
      "avg_lat": 0.0,
      "avg_score": 0.0
    },
    "trojan": {
      "count": 60,
      "avg_lat": 290.25,
      "avg_score": 98.065
    }
  }
}