{
  "scan_timestamp": "2026-07-02T13:05:32.526115+00:00",
  "duration_seconds": 448.82,
  "performance_metrics": {
    "total_processed": 460,
    "valid_configs": 140,
    "duplicates": 0,
    "failed_tests": 320,
    "success_rate": 30.43,
    "avg_latency_ms": 103.49,
    "avg_score": 99.31
  },
  "protocol_summary": {
    "vmess": {
      "count": 2,
      "avg_lat": 5.0,
      "avg_score": 99.96666666666667
    },
    "vless": {
      "count": 8,
      "avg_lat": 197.0,
      "avg_score": 98.68666666666667
    },
    "ss": {
      "count": 121,
      "avg_lat": 106.48760330578513,
      "avg_score": 99.2900826446281
    },
    "trojan": {
      "count": 9,
      "avg_lat": 1.8888888888888888,
      "avg_score": 99.9874074074074
    }
  }
}