{
  "scan_timestamp": "2026-02-20T12:50:55.057044+00:00",
  "duration_seconds": 1192.86,
  "performance_metrics": {
    "total_processed": 474,
    "valid_configs": 375,
    "duplicates": 0,
    "failed_tests": 99,
    "success_rate": 79.11,
    "avg_latency_ms": 100.4,
    "avg_score": 99.33
  },
  "protocol_summary": {
    "vmess": {
      "count": 61,
      "avg_lat": 85.26229508196721,
      "avg_score": 99.43158469945355
    },
    "vless": {
      "count": 279,
      "avg_lat": 110.69175627240143,
      "avg_score": 99.262054958184
    },
    "trojan": {
      "count": 35,
      "avg_lat": 44.77142857142857,
      "avg_score": 99.7015238095238
    }
  }
}