{
  "scan_timestamp": "2026-01-22T17:35:46.772390+00:00",
  "duration_seconds": 933.79,
  "performance_metrics": {
    "total_processed": 448,
    "valid_configs": 267,
    "duplicates": 0,
    "failed_tests": 181,
    "success_rate": 59.6,
    "avg_latency_ms": 106.58,
    "avg_score": 99.29
  },
  "protocol_summary": {
    "vmess": {
      "count": 105,
      "avg_lat": 78.99047619047619,
      "avg_score": 99.47339682539683
    },
    "vless": {
      "count": 129,
      "avg_lat": 121.27906976744185,
      "avg_score": 99.19147286821706
    },
    "ss": {
      "count": 0,
      "avg_lat": 0.0,
      "avg_score": 0.0
    },
    "trojan": {
      "count": 33,
      "avg_lat": 136.9090909090909,
      "avg_score": 99.08727272727273
    }
  }
}