{
  "scan_timestamp": "2026-04-20T17:06:16.138697+00:00",
  "duration_seconds": 872.25,
  "performance_metrics": {
    "total_processed": 480,
    "valid_configs": 228,
    "duplicates": 0,
    "failed_tests": 252,
    "success_rate": 47.5,
    "avg_latency_ms": 130.39,
    "avg_score": 99.13
  },
  "protocol_summary": {
    "vmess": {
      "count": 5,
      "avg_lat": 219.0,
      "avg_score": 98.54
    },
    "vless": {
      "count": 216,
      "avg_lat": 130.58333333333334,
      "avg_score": 99.12944444444445
    },
    "ss": {
      "count": 2,
      "avg_lat": 181.5,
      "avg_score": 98.78999999999999
    },
    "trojan": {
      "count": 5,
      "avg_lat": 12.8,
      "avg_score": 99.91466666666666
    }
  }
}