{
  "scan_timestamp": "2026-02-17T18:03:24.738241+00:00",
  "duration_seconds": 1062.03,
  "performance_metrics": {
    "total_processed": 456,
    "valid_configs": 324,
    "duplicates": 0,
    "failed_tests": 132,
    "success_rate": 71.05,
    "avg_latency_ms": 120.85,
    "avg_score": 99.19
  },
  "protocol_summary": {
    "vmess": {
      "count": 64,
      "avg_lat": 135.625,
      "avg_score": 99.09583333333333
    },
    "vless": {
      "count": 219,
      "avg_lat": 101.84474885844749,
      "avg_score": 99.32103500761035
    },
    "ss": {
      "count": 0,
      "avg_lat": 0.0,
      "avg_score": 0.0
    },
    "trojan": {
      "count": 41,
      "avg_lat": 199.3170731707317,
      "avg_score": 98.67121951219512
    }
  }
}