{
  "scan_timestamp": "2026-07-02T07:39:25.299089+00:00",
  "duration_seconds": 471.33,
  "performance_metrics": {
    "total_processed": 461,
    "valid_configs": 145,
    "duplicates": 0,
    "failed_tests": 316,
    "success_rate": 31.45,
    "avg_latency_ms": 126.46,
    "avg_score": 99.16
  },
  "protocol_summary": {
    "vmess": {
      "count": 1,
      "avg_lat": 26.0,
      "avg_score": 99.82666666666667
    },
    "vless": {
      "count": 4,
      "avg_lat": 245.25,
      "avg_score": 98.36500000000001
    },
    "ss": {
      "count": 131,
      "avg_lat": 131.35114503816794,
      "avg_score": 99.12432569974555
    },
    "trojan": {
      "count": 9,
      "avg_lat": 13.555555555555555,
      "avg_score": 99.90962962962963
    }
  }
}