{
  "scan_timestamp": "2026-04-12T23:40:09.917875+00:00",
  "duration_seconds": 1024.65,
  "performance_metrics": {
    "total_processed": 482,
    "valid_configs": 237,
    "duplicates": 0,
    "failed_tests": 245,
    "success_rate": 49.17,
    "avg_latency_ms": 69.17,
    "avg_score": 99.54
  },
  "protocol_summary": {
    "vmess": {
      "count": 2,
      "avg_lat": 106.0,
      "avg_score": 99.29333333333332
    },
    "vless": {
      "count": 230,
      "avg_lat": 69.30869565217391,
      "avg_score": 99.5379420289855
    },
    "ss": {
      "count": 1,
      "avg_lat": 218.0,
      "avg_score": 98.54666666666667
    },
    "trojan": {
      "count": 4,
      "avg_lat": 5.75,
      "avg_score": 99.96166666666666
    }
  }
}