{
  "scan_timestamp": "2026-01-21T18:01:48.681428+00:00",
  "duration_seconds": 999.39,
  "performance_metrics": {
    "total_processed": 482,
    "valid_configs": 243,
    "duplicates": 0,
    "failed_tests": 239,
    "success_rate": 50.41,
    "avg_latency_ms": 93.05,
    "avg_score": 99.38
  },
  "protocol_summary": {
    "vmess": {
      "count": 58,
      "avg_lat": 68.63793103448276,
      "avg_score": 99.54241379310345
    },
    "vless": {
      "count": 139,
      "avg_lat": 71.42446043165468,
      "avg_score": 99.52383693045563
    },
    "ss": {
      "count": 0,
      "avg_lat": 0.0,
      "avg_score": 0.0
    },
    "trojan": {
      "count": 46,
      "avg_lat": 189.15217391304347,
      "avg_score": 98.73898550724637
    }
  }
}