{
  "scan_timestamp": "2026-01-02T01:06:46.985099+00:00",
  "duration_seconds": 850.53,
  "performance_metrics": {
    "total_processed": 478,
    "valid_configs": 243,
    "duplicates": 0,
    "failed_tests": 235,
    "success_rate": 50.84,
    "avg_latency_ms": 110.36,
    "avg_score": 99.26
  },
  "protocol_summary": {
    "vmess": {
      "count": 69,
      "avg_lat": 151.36231884057972,
      "avg_score": 98.99091787439613
    },
    "vless": {
      "count": 153,
      "avg_lat": 95.13725490196079,
      "avg_score": 99.36575163398692
    },
    "ss": {
      "count": 0,
      "avg_lat": 0.0,
      "avg_score": 0.0
    },
    "trojan": {
      "count": 21,
      "avg_lat": 86.52380952380952,
      "avg_score": 99.4231746031746
    }
  }
}