{
  "scan_timestamp": "2026-01-05T05:46:59.764066+00:00",
  "duration_seconds": 1120.26,
  "performance_metrics": {
    "total_processed": 482,
    "valid_configs": 346,
    "duplicates": 0,
    "failed_tests": 136,
    "success_rate": 71.78,
    "avg_latency_ms": 157.9,
    "avg_score": 98.95
  },
  "protocol_summary": {
    "vmess": {
      "count": 51,
      "avg_lat": 230.41176470588235,
      "avg_score": 98.46392156862744
    },
    "vless": {
      "count": 270,
      "avg_lat": 139.11481481481482,
      "avg_score": 99.07256790123458
    },
    "ss": {
      "count": 0,
      "avg_lat": 0.0,
      "avg_score": 0.0
    },
    "trojan": {
      "count": 25,
      "avg_lat": 212.88,
      "avg_score": 98.5808
    }
  }
}