{
  "scan_timestamp": "2026-04-13T09:41:03.498418+00:00",
  "duration_seconds": 994.7,
  "performance_metrics": {
    "total_processed": 481,
    "valid_configs": 242,
    "duplicates": 0,
    "failed_tests": 239,
    "success_rate": 50.31,
    "avg_latency_ms": 76.56,
    "avg_score": 99.49
  },
  "protocol_summary": {
    "vmess": {
      "count": 2,
      "avg_lat": 686.5,
      "avg_score": 95.42333333333333
    },
    "vless": {
      "count": 232,
      "avg_lat": 70.47413793103448,
      "avg_score": 99.53017241379311
    },
    "ss": {
      "count": 3,
      "avg_lat": 170.0,
      "avg_score": 98.86666666666667
    },
    "trojan": {
      "count": 5,
      "avg_lat": 59.0,
      "avg_score": 99.60666666666667
    }
  }
}