{
  "scan_timestamp": "2025-12-23T14:26:31.691769+00:00",
  "duration_seconds": 895.0,
  "performance_metrics": {
    "total_processed": 465,
    "valid_configs": 249,
    "duplicates": 0,
    "failed_tests": 216,
    "success_rate": 53.55,
    "avg_latency_ms": 113.37,
    "avg_score": 99.24
  },
  "protocol_summary": {
    "vmess": {
      "count": 87,
      "avg_lat": 95.50574712643679,
      "avg_score": 99.36329501915709
    },
    "vless": {
      "count": 90,
      "avg_lat": 122.16666666666667,
      "avg_score": 99.18555555555557
    },
    "ss": {
      "count": 0,
      "avg_lat": 0.0,
      "avg_score": 0.0
    },
    "trojan": {
      "count": 72,
      "avg_lat": 123.95833333333333,
      "avg_score": 99.17361111111111
    }
  }
}