{
  "scan_timestamp": "2026-01-21T10:32:19.668813+00:00",
  "duration_seconds": 995.36,
  "performance_metrics": {
    "total_processed": 475,
    "valid_configs": 283,
    "duplicates": 0,
    "failed_tests": 192,
    "success_rate": 59.58,
    "avg_latency_ms": 98.98,
    "avg_score": 99.34
  },
  "protocol_summary": {
    "vmess": {
      "count": 104,
      "avg_lat": 77.01923076923077,
      "avg_score": 99.48653846153846
    },
    "vless": {
      "count": 130,
      "avg_lat": 64.2,
      "avg_score": 99.572
    },
    "ss": {
      "count": 0,
      "avg_lat": 0.0,
      "avg_score": 0.0
    },
    "trojan": {
      "count": 49,
      "avg_lat": 237.85714285714286,
      "avg_score": 98.41428571428571
    }
  }
}