{
  "scan_timestamp": "2026-02-03T05:55:56.373776+00:00",
  "duration_seconds": 840.55,
  "performance_metrics": {
    "total_processed": 479,
    "valid_configs": 206,
    "duplicates": 0,
    "failed_tests": 273,
    "success_rate": 43.01,
    "avg_latency_ms": 128.33,
    "avg_score": 99.14
  },
  "protocol_summary": {
    "vmess": {
      "count": 32,
      "avg_lat": 83.71875,
      "avg_score": 99.441875
    },
    "vless": {
      "count": 106,
      "avg_lat": 97.93396226415095,
      "avg_score": 99.34710691823899
    },
    "ss": {
      "count": 0,
      "avg_lat": 0.0,
      "avg_score": 0.0
    },
    "trojan": {
      "count": 68,
      "avg_lat": 196.7058823529412,
      "avg_score": 98.68862745098039
    }
  }
}