{
  "scan_timestamp": "2026-03-03T23:32:45.527770+00:00",
  "duration_seconds": 1082.21,
  "performance_metrics": {
    "total_processed": 473,
    "valid_configs": 323,
    "duplicates": 0,
    "failed_tests": 150,
    "success_rate": 68.29,
    "avg_latency_ms": 73.47,
    "avg_score": 99.51
  },
  "protocol_summary": {
    "vmess": {
      "count": 60,
      "avg_lat": 47.7,
      "avg_score": 99.682
    },
    "vless": {
      "count": 228,
      "avg_lat": 77.66228070175438,
      "avg_score": 99.48225146198831
    },
    "ss": {
      "count": 0,
      "avg_lat": 0.0,
      "avg_score": 0.0
    },
    "trojan": {
      "count": 35,
      "avg_lat": 90.34285714285714,
      "avg_score": 99.39771428571429
    }
  }
}