{
  "scan_timestamp": "2026-07-03T10:06:14.468778+00:00",
  "duration_seconds": 480.7,
  "performance_metrics": {
    "total_processed": 463,
    "valid_configs": 153,
    "duplicates": 0,
    "failed_tests": 310,
    "success_rate": 33.05,
    "avg_latency_ms": 143.3,
    "avg_score": 99.04
  },
  "protocol_summary": {
    "vmess": {
      "count": 2,
      "avg_lat": 51.0,
      "avg_score": 99.66
    },
    "vless": {
      "count": 5,
      "avg_lat": 274.0,
      "avg_score": 98.17333333333333
    },
    "ss": {
      "count": 134,
      "avg_lat": 140.53731343283582,
      "avg_score": 99.06308457711442
    },
    "trojan": {
      "count": 12,
      "avg_lat": 135.08333333333334,
      "avg_score": 99.09944444444444
    }
  }
}