{
  "scan_timestamp": "2025-12-11T14:29:58.341244+00:00",
  "duration_seconds": 945.14,
  "performance_metrics": {
    "total_processed": 478,
    "valid_configs": 229,
    "duplicates": 0,
    "failed_tests": 249,
    "success_rate": 47.91,
    "avg_latency_ms": 150.55,
    "avg_score": 99.0
  },
  "protocol_summary": {
    "vmess": {
      "count": 37,
      "avg_lat": 264.13513513513516,
      "avg_score": 98.2390990990991
    },
    "vless": {
      "count": 124,
      "avg_lat": 76.54032258064517,
      "avg_score": 99.48973118279571
    },
    "ss": {
      "count": 0,
      "avg_lat": 0.0,
      "avg_score": 0.0
    },
    "trojan": {
      "count": 68,
      "avg_lat": 223.69117647058823,
      "avg_score": 98.50872549019607
    }
  }
}