{
  "scan_timestamp": "2025-12-21T03:07:18.576797+00:00",
  "duration_seconds": 863.02,
  "performance_metrics": {
    "total_processed": 460,
    "valid_configs": 237,
    "duplicates": 0,
    "failed_tests": 223,
    "success_rate": 51.52,
    "avg_latency_ms": 97.19,
    "avg_score": 99.35
  },
  "protocol_summary": {
    "vmess": {
      "count": 104,
      "avg_lat": 64.00961538461539,
      "avg_score": 99.57326923076923
    },
    "vless": {
      "count": 90,
      "avg_lat": 115.67777777777778,
      "avg_score": 99.22881481481483
    },
    "ss": {
      "count": 0,
      "avg_lat": 0.0,
      "avg_score": 0.0
    },
    "trojan": {
      "count": 43,
      "avg_lat": 138.74418604651163,
      "avg_score": 99.07503875968992
    }
  }
}