{
  "scan_timestamp": "2026-02-15T15:32:03.792878+00:00",
  "duration_seconds": 1050.63,
  "performance_metrics": {
    "total_processed": 462,
    "valid_configs": 320,
    "duplicates": 0,
    "failed_tests": 142,
    "success_rate": 69.26,
    "avg_latency_ms": 102.23,
    "avg_score": 99.32
  },
  "protocol_summary": {
    "vmess": {
      "count": 77,
      "avg_lat": 142.06493506493507,
      "avg_score": 99.05290043290044
    },
    "vless": {
      "count": 211,
      "avg_lat": 89.15165876777252,
      "avg_score": 99.40565560821486
    },
    "ss": {
      "count": 0,
      "avg_lat": 0.0,
      "avg_score": 0.0
    },
    "trojan": {
      "count": 32,
      "avg_lat": 92.65625,
      "avg_score": 99.38229166666666
    }
  }
}