{
  "scan_timestamp": "2026-02-14T20:31:18.765319+00:00",
  "duration_seconds": 1103.38,
  "performance_metrics": {
    "total_processed": 465,
    "valid_configs": 338,
    "duplicates": 0,
    "failed_tests": 127,
    "success_rate": 72.69,
    "avg_latency_ms": 121.12,
    "avg_score": 99.19
  },
  "protocol_summary": {
    "vmess": {
      "count": 67,
      "avg_lat": 132.6865671641791,
      "avg_score": 99.11542288557214
    },
    "vless": {
      "count": 219,
      "avg_lat": 121.67579908675799,
      "avg_score": 99.18882800608827
    },
    "ss": {
      "count": 0,
      "avg_lat": 0.0,
      "avg_score": 0.0
    },
    "trojan": {
      "count": 52,
      "avg_lat": 103.84615384615384,
      "avg_score": 99.3076923076923
    }
  }
}