{
  "scan_timestamp": "2025-12-18T21:23:16.325089+00:00",
  "duration_seconds": 788.18,
  "performance_metrics": {
    "total_processed": 406,
    "valid_configs": 205,
    "duplicates": 0,
    "failed_tests": 201,
    "success_rate": 50.49,
    "avg_latency_ms": 89.32,
    "avg_score": 99.4
  },
  "protocol_summary": {
    "vmess": {
      "count": 49,
      "avg_lat": 141.26530612244898,
      "avg_score": 99.05823129251701
    },
    "vless": {
      "count": 125,
      "avg_lat": 54.912,
      "avg_score": 99.63392
    },
    "ss": {
      "count": 0,
      "avg_lat": 0.0,
      "avg_score": 0.0
    },
    "trojan": {
      "count": 31,
      "avg_lat": 145.93548387096774,
      "avg_score": 99.02709677419355
    }
  }
}