{
  "scan_timestamp": "2026-03-25T22:34:42.815760+00:00",
  "duration_seconds": 649.46,
  "performance_metrics": {
    "total_processed": 457,
    "valid_configs": 115,
    "duplicates": 0,
    "failed_tests": 342,
    "success_rate": 25.16,
    "avg_latency_ms": 89.49,
    "avg_score": 99.4
  },
  "protocol_summary": {
    "vmess": {
      "count": 2,
      "avg_lat": 88.5,
      "avg_score": 99.41
    },
    "vless": {
      "count": 103,
      "avg_lat": 91.87378640776699,
      "avg_score": 99.38750809061489
    },
    "ss": {
      "count": 3,
      "avg_lat": 151.33333333333334,
      "avg_score": 98.99111111111112
    },
    "trojan": {
      "count": 7,
      "avg_lat": 28.142857142857142,
      "avg_score": 99.81238095238096
    }
  }
}