{
  "scan_timestamp": "2026-02-11T10:55:50.743142+00:00",
  "duration_seconds": 1093.6,
  "performance_metrics": {
    "total_processed": 478,
    "valid_configs": 311,
    "duplicates": 0,
    "failed_tests": 167,
    "success_rate": 65.06,
    "avg_latency_ms": 102.26,
    "avg_score": 99.32
  },
  "protocol_summary": {
    "vmess": {
      "count": 41,
      "avg_lat": 128.21951219512195,
      "avg_score": 99.14520325203252
    },
    "vless": {
      "count": 202,
      "avg_lat": 108.56930693069307,
      "avg_score": 99.27620462046205
    },
    "ss": {
      "count": 0,
      "avg_lat": 0.0,
      "avg_score": 0.0
    },
    "trojan": {
      "count": 68,
      "avg_lat": 67.8529411764706,
      "avg_score": 99.54764705882353
    }
  }
}