{
  "scan_timestamp": "2025-12-13T07:24:54.693393+00:00",
  "duration_seconds": 938.66,
  "performance_metrics": {
    "total_processed": 477,
    "valid_configs": 224,
    "duplicates": 0,
    "failed_tests": 253,
    "success_rate": 46.96,
    "avg_latency_ms": 178.31,
    "avg_score": 98.81
  },
  "protocol_summary": {
    "vmess": {
      "count": 39,
      "avg_lat": 288.05128205128204,
      "avg_score": 98.07965811965812
    },
    "vless": {
      "count": 117,
      "avg_lat": 85.6923076923077,
      "avg_score": 99.42871794871795
    },
    "ss": {
      "count": 0,
      "avg_lat": 0.0,
      "avg_score": 0.0
    },
    "trojan": {
      "count": 68,
      "avg_lat": 274.72058823529414,
      "avg_score": 98.16852941176471
    }
  }
}