{
  "scan_timestamp": "2026-02-11T08:52:25.062555+00:00",
  "duration_seconds": 1091.69,
  "performance_metrics": {
    "total_processed": 476,
    "valid_configs": 307,
    "duplicates": 0,
    "failed_tests": 169,
    "success_rate": 64.5,
    "avg_latency_ms": 99.39,
    "avg_score": 99.34
  },
  "protocol_summary": {
    "vmess": {
      "count": 39,
      "avg_lat": 165.51282051282053,
      "avg_score": 98.8965811965812
    },
    "vless": {
      "count": 201,
      "avg_lat": 92.03482587064677,
      "avg_score": 99.38643449419568
    },
    "ss": {
      "count": 0,
      "avg_lat": 0.0,
      "avg_score": 0.0
    },
    "trojan": {
      "count": 67,
      "avg_lat": 82.95522388059702,
      "avg_score": 99.44696517412936
    }
  }
}