{
  "scan_timestamp": "2025-12-18T07:29:07.287018+00:00",
  "duration_seconds": 885.18,
  "performance_metrics": {
    "total_processed": 464,
    "valid_configs": 245,
    "duplicates": 0,
    "failed_tests": 219,
    "success_rate": 52.8,
    "avg_latency_ms": 83.43,
    "avg_score": 99.44
  },
  "protocol_summary": {
    "vmess": {
      "count": 59,
      "avg_lat": 98.50847457627118,
      "avg_score": 99.34327683615818
    },
    "vless": {
      "count": 149,
      "avg_lat": 74.34228187919463,
      "avg_score": 99.50438478747203
    },
    "ss": {
      "count": 0,
      "avg_lat": 0.0,
      "avg_score": 0.0
    },
    "trojan": {
      "count": 37,
      "avg_lat": 95.97297297297297,
      "avg_score": 99.36018018018018
    }
  }
}