{
  "scan_timestamp": "2026-02-02T17:46:31.775312+00:00",
  "duration_seconds": 1021.17,
  "performance_metrics": {
    "total_processed": 482,
    "valid_configs": 280,
    "duplicates": 0,
    "failed_tests": 202,
    "success_rate": 58.09,
    "avg_latency_ms": 111.87,
    "avg_score": 99.25
  },
  "protocol_summary": {
    "vmess": {
      "count": 73,
      "avg_lat": 93.4931506849315,
      "avg_score": 99.37671232876713
    },
    "vless": {
      "count": 163,
      "avg_lat": 90.20858895705521,
      "avg_score": 99.39860940695297
    },
    "ss": {
      "count": 0,
      "avg_lat": 0.0,
      "avg_score": 0.0
    },
    "trojan": {
      "count": 44,
      "avg_lat": 222.5909090909091,
      "avg_score": 98.5160606060606
    }
  }
}