{
  "scan_timestamp": "2026-03-02T20:40:36.594124+00:00",
  "duration_seconds": 1082.97,
  "performance_metrics": {
    "total_processed": 473,
    "valid_configs": 327,
    "duplicates": 0,
    "failed_tests": 146,
    "success_rate": 69.13,
    "avg_latency_ms": 95.28,
    "avg_score": 99.36
  },
  "protocol_summary": {
    "vmess": {
      "count": 60,
      "avg_lat": 60.083333333333336,
      "avg_score": 99.59944444444446
    },
    "vless": {
      "count": 232,
      "avg_lat": 106.59913793103448,
      "avg_score": 99.28933908045977
    },
    "ss": {
      "count": 0,
      "avg_lat": 0.0,
      "avg_score": 0.0
    },
    "trojan": {
      "count": 35,
      "avg_lat": 80.54285714285714,
      "avg_score": 99.46304761904761
    }
  }
}