{
  "scan_timestamp": "2026-01-01T19:23:43.462919+00:00",
  "duration_seconds": 859.29,
  "performance_metrics": {
    "total_processed": 478,
    "valid_configs": 246,
    "duplicates": 0,
    "failed_tests": 232,
    "success_rate": 51.46,
    "avg_latency_ms": 124.36,
    "avg_score": 99.17
  },
  "protocol_summary": {
    "vmess": {
      "count": 69,
      "avg_lat": 113.26086956521739,
      "avg_score": 99.24492753623188
    },
    "vless": {
      "count": 155,
      "avg_lat": 128.69677419354838,
      "avg_score": 99.14202150537635
    },
    "ss": {
      "count": 0,
      "avg_lat": 0.0,
      "avg_score": 0.0
    },
    "trojan": {
      "count": 22,
      "avg_lat": 128.5909090909091,
      "avg_score": 99.14272727272727
    }
  }
}