{
  "scan_timestamp": "2026-01-07T01:12:27.037106+00:00",
  "duration_seconds": 1183.62,
  "performance_metrics": {
    "total_processed": 484,
    "valid_configs": 372,
    "duplicates": 0,
    "failed_tests": 112,
    "success_rate": 76.86,
    "avg_latency_ms": 127.7,
    "avg_score": 99.15
  },
  "protocol_summary": {
    "vmess": {
      "count": 33,
      "avg_lat": 129.9090909090909,
      "avg_score": 99.1339393939394
    },
    "vless": {
      "count": 284,
      "avg_lat": 109.02112676056338,
      "avg_score": 99.27319248826291
    },
    "ss": {
      "count": 6,
      "avg_lat": 557.1666666666666,
      "avg_score": 96.28555555555556
    },
    "trojan": {
      "count": 49,
      "avg_lat": 181.87755102040816,
      "avg_score": 98.78748299319729
    }
  }
}