{
  "scan_timestamp": "2025-12-28T22:26:09.188203+00:00",
  "duration_seconds": 992.15,
  "performance_metrics": {
    "total_processed": 469,
    "valid_configs": 276,
    "duplicates": 0,
    "failed_tests": 193,
    "success_rate": 58.85,
    "avg_latency_ms": 88.88,
    "avg_score": 99.41
  },
  "protocol_summary": {
    "vmess": {
      "count": 50,
      "avg_lat": 126.12,
      "avg_score": 99.1592
    },
    "vless": {
      "count": 165,
      "avg_lat": 59.551515151515154,
      "avg_score": 99.60298989898989
    },
    "ss": {
      "count": 0,
      "avg_lat": 0.0,
      "avg_score": 0.0
    },
    "trojan": {
      "count": 61,
      "avg_lat": 137.70491803278688,
      "avg_score": 99.08196721311475
    }
  }
}