{
  "scan_timestamp": "2026-01-19T13:53:40.558154+00:00",
  "duration_seconds": 964.28,
  "performance_metrics": {
    "total_processed": 465,
    "valid_configs": 272,
    "duplicates": 0,
    "failed_tests": 193,
    "success_rate": 58.49,
    "avg_latency_ms": 117.7,
    "avg_score": 99.22
  },
  "protocol_summary": {
    "vmess": {
      "count": 113,
      "avg_lat": 105.31858407079646,
      "avg_score": 99.29787610619469
    },
    "vless": {
      "count": 111,
      "avg_lat": 101.78378378378379,
      "avg_score": 99.32144144144145
    },
    "ss": {
      "count": 0,
      "avg_lat": 0.0,
      "avg_score": 0.0
    },
    "trojan": {
      "count": 48,
      "avg_lat": 183.66666666666666,
      "avg_score": 98.77555555555556
    }
  }
}