{
  "scan_timestamp": "2026-01-18T17:25:02.775463+00:00",
  "duration_seconds": 967.88,
  "performance_metrics": {
    "total_processed": 468,
    "valid_configs": 274,
    "duplicates": 0,
    "failed_tests": 194,
    "success_rate": 58.55,
    "avg_latency_ms": 118.3,
    "avg_score": 99.21
  },
  "protocol_summary": {
    "vmess": {
      "count": 69,
      "avg_lat": 101.31884057971014,
      "avg_score": 99.32454106280193
    },
    "vless": {
      "count": 133,
      "avg_lat": 89.94736842105263,
      "avg_score": 99.40035087719298
    },
    "ss": {
      "count": 0,
      "avg_lat": 0.0,
      "avg_score": 0.0
    },
    "trojan": {
      "count": 72,
      "avg_lat": 186.95833333333334,
      "avg_score": 98.75361111111111
    }
  }
}