{
  "scan_timestamp": "2025-12-15T17:32:31.720915+00:00",
  "duration_seconds": 960.72,
  "performance_metrics": {
    "total_processed": 466,
    "valid_configs": 266,
    "duplicates": 0,
    "failed_tests": 200,
    "success_rate": 57.08,
    "avg_latency_ms": 98.27,
    "avg_score": 99.34
  },
  "protocol_summary": {
    "vmess": {
      "count": 51,
      "avg_lat": 152.15686274509804,
      "avg_score": 98.98562091503267
    },
    "vless": {
      "count": 185,
      "avg_lat": 78.01621621621622,
      "avg_score": 99.47989189189188
    },
    "ss": {
      "count": 0,
      "avg_lat": 0.0,
      "avg_score": 0.0
    },
    "trojan": {
      "count": 30,
      "avg_lat": 131.6,
      "avg_score": 99.12266666666666
    }
  }
}