{
  "scan_timestamp": "2026-01-27T13:57:23.528953+00:00",
  "duration_seconds": 1131.69,
  "performance_metrics": {
    "total_processed": 480,
    "valid_configs": 344,
    "duplicates": 0,
    "failed_tests": 136,
    "success_rate": 71.67,
    "avg_latency_ms": 100.03,
    "avg_score": 99.33
  },
  "protocol_summary": {
    "vmess": {
      "count": 44,
      "avg_lat": 77.13636363636364,
      "avg_score": 99.48575757575757
    },
    "vless": {
      "count": 219,
      "avg_lat": 88.42009132420091,
      "avg_score": 99.41053272450533
    },
    "ss": {
      "count": 0,
      "avg_lat": 0.0,
      "avg_score": 0.0
    },
    "trojan": {
      "count": 81,
      "avg_lat": 143.85185185185185,
      "avg_score": 99.04098765432099
    }
  }
}