{
  "scan_timestamp": "2026-04-01T01:35:50.106566+00:00",
  "duration_seconds": 954.7,
  "performance_metrics": {
    "total_processed": 488,
    "valid_configs": 231,
    "duplicates": 0,
    "failed_tests": 257,
    "success_rate": 47.34,
    "avg_latency_ms": 129.91,
    "avg_score": 99.13
  },
  "protocol_summary": {
    "vmess": {
      "count": 3,
      "avg_lat": 462.6666666666667,
      "avg_score": 96.91555555555556
    },
    "vless": {
      "count": 227,
      "avg_lat": 125.61674008810573,
      "avg_score": 99.1625550660793
    },
    "ss": {
      "count": 0,
      "avg_lat": 0.0,
      "avg_score": 0.0
    },
    "trojan": {
      "count": 1,
      "avg_lat": 107.0,
      "avg_score": 99.28666666666666
    }
  }
}