{
  "scan_timestamp": "2025-12-27T10:27:22.264904+00:00",
  "duration_seconds": 1013.71,
  "performance_metrics": {
    "total_processed": 473,
    "valid_configs": 310,
    "duplicates": 0,
    "failed_tests": 163,
    "success_rate": 65.54,
    "avg_latency_ms": 107.25,
    "avg_score": 99.29
  },
  "protocol_summary": {
    "vmess": {
      "count": 85,
      "avg_lat": 67.71764705882353,
      "avg_score": 99.54854901960785
    },
    "vless": {
      "count": 116,
      "avg_lat": 100.83620689655173,
      "avg_score": 99.32775862068966
    },
    "ss": {
      "count": 0,
      "avg_lat": 0.0,
      "avg_score": 0.0
    },
    "trojan": {
      "count": 109,
      "avg_lat": 144.89908256880733,
      "avg_score": 99.03400611620795
    }
  }
}