{
  "scan_timestamp": "2026-02-27T21:36:05.253900+00:00",
  "duration_seconds": 1104.43,
  "performance_metrics": {
    "total_processed": 473,
    "valid_configs": 333,
    "duplicates": 0,
    "failed_tests": 140,
    "success_rate": 70.4,
    "avg_latency_ms": 84.97,
    "avg_score": 99.43
  },
  "protocol_summary": {
    "vmess": {
      "count": 61,
      "avg_lat": 63.01639344262295,
      "avg_score": 99.57989071038251
    },
    "vless": {
      "count": 237,
      "avg_lat": 92.71308016877637,
      "avg_score": 99.38191279887482
    },
    "ss": {
      "count": 0,
      "avg_lat": 0.0,
      "avg_score": 0.0
    },
    "trojan": {
      "count": 35,
      "avg_lat": 70.77142857142857,
      "avg_score": 99.52819047619047
    }
  }
}