{
  "scan_timestamp": "2026-01-14T01:11:43.448824+00:00",
  "duration_seconds": 1046.26,
  "performance_metrics": {
    "total_processed": 471,
    "valid_configs": 316,
    "duplicates": 0,
    "failed_tests": 155,
    "success_rate": 67.09,
    "avg_latency_ms": 99.06,
    "avg_score": 99.34
  },
  "protocol_summary": {
    "vmess": {
      "count": 96,
      "avg_lat": 76.97916666666667,
      "avg_score": 99.48680555555556
    },
    "vless": {
      "count": 161,
      "avg_lat": 68.2111801242236,
      "avg_score": 99.54525879917185
    },
    "ss": {
      "count": 0,
      "avg_lat": 0.0,
      "avg_score": 0.0
    },
    "trojan": {
      "count": 59,
      "avg_lat": 219.16949152542372,
      "avg_score": 98.53887005649717
    }
  }
}