{
  "scan_timestamp": "2026-01-29T01:15:29.546903+00:00",
  "duration_seconds": 894.3,
  "performance_metrics": {
    "total_processed": 467,
    "valid_configs": 233,
    "duplicates": 0,
    "failed_tests": 234,
    "success_rate": 49.89,
    "avg_latency_ms": 92.03,
    "avg_score": 99.39
  },
  "protocol_summary": {
    "vmess": {
      "count": 105,
      "avg_lat": 50.48571428571429,
      "avg_score": 99.66342857142857
    },
    "vless": {
      "count": 76,
      "avg_lat": 94.77631578947368,
      "avg_score": 99.36815789473684
    },
    "ss": {
      "count": 0,
      "avg_lat": 0.0,
      "avg_score": 0.0
    },
    "trojan": {
      "count": 52,
      "avg_lat": 171.8846153846154,
      "avg_score": 98.85410256410256
    }
  }
}