{
  "scan_timestamp": "2026-04-18T17:43:18.949517+00:00",
  "duration_seconds": 968.05,
  "performance_metrics": {
    "total_processed": 490,
    "valid_configs": 248,
    "duplicates": 0,
    "failed_tests": 242,
    "success_rate": 50.61,
    "avg_latency_ms": 87.06,
    "avg_score": 99.42
  },
  "protocol_summary": {
    "vmess": {
      "count": 2,
      "avg_lat": 155.5,
      "avg_score": 98.96333333333334
    },
    "vless": {
      "count": 240,
      "avg_lat": 87.14583333333333,
      "avg_score": 99.41902777777777
    },
    "ss": {
      "count": 0,
      "avg_lat": 0.0,
      "avg_score": 0.0
    },
    "trojan": {
      "count": 6,
      "avg_lat": 61.0,
      "avg_score": 99.59333333333332
    }
  }
}