{
  "scan_timestamp": "2026-03-25T09:51:59.797728+00:00",
  "duration_seconds": 671.05,
  "performance_metrics": {
    "total_processed": 462,
    "valid_configs": 127,
    "duplicates": 0,
    "failed_tests": 335,
    "success_rate": 27.49,
    "avg_latency_ms": 70.63,
    "avg_score": 99.53
  },
  "protocol_summary": {
    "vmess": {
      "count": 2,
      "avg_lat": 57.5,
      "avg_score": 99.61666666666666
    },
    "vless": {
      "count": 114,
      "avg_lat": 72.52631578947368,
      "avg_score": 99.51649122807017
    },
    "ss": {
      "count": 4,
      "avg_lat": 121.75,
      "avg_score": 99.18833333333333
    },
    "trojan": {
      "count": 7,
      "avg_lat": 14.285714285714286,
      "avg_score": 99.90476190476191
    }
  }
}