{
  "scan_timestamp": "2026-03-13T15:35:33.079382+00:00",
  "duration_seconds": 208.52,
  "performance_metrics": {
    "total_processed": 369,
    "valid_configs": 34,
    "duplicates": 0,
    "failed_tests": 335,
    "success_rate": 9.21,
    "avg_latency_ms": 63.59,
    "avg_score": 99.58
  },
  "protocol_summary": {
    "vmess": {
      "count": 2,
      "avg_lat": 20.0,
      "avg_score": 99.86666666666667
    },
    "vless": {
      "count": 28,
      "avg_lat": 53.714285714285715,
      "avg_score": 99.64190476190477
    },
    "ss": {
      "count": 3,
      "avg_lat": 205.0,
      "avg_score": 98.63333333333333
    },
    "trojan": {
      "count": 1,
      "avg_lat": 3.0,
      "avg_score": 99.98
    }
  }
}