{
  "scan_timestamp": "2026-01-15T20:26:06.887528+00:00",
  "duration_seconds": 789.91,
  "performance_metrics": {
    "total_processed": 414,
    "valid_configs": 215,
    "duplicates": 0,
    "failed_tests": 199,
    "success_rate": 51.93,
    "avg_latency_ms": 115.65,
    "avg_score": 99.23
  },
  "protocol_summary": {
    "vmess": {
      "count": 43,
      "avg_lat": 110.74418604651163,
      "avg_score": 99.26170542635658
    },
    "vless": {
      "count": 134,
      "avg_lat": 95.0223880597015,
      "avg_score": 99.36651741293532
    },
    "ss": {
      "count": 0,
      "avg_lat": 0.0,
      "avg_score": 0.0
    },
    "trojan": {
      "count": 38,
      "avg_lat": 193.92105263157896,
      "avg_score": 98.70719298245615
    }
  }
}