{
  "scan_timestamp": "2026-04-08T13:09:13.601087+00:00",
  "duration_seconds": 1013.06,
  "performance_metrics": {
    "total_processed": 491,
    "valid_configs": 209,
    "duplicates": 0,
    "failed_tests": 282,
    "success_rate": 42.57,
    "avg_latency_ms": 139.76,
    "avg_score": 99.07
  },
  "protocol_summary": {
    "vmess": {
      "count": 2,
      "avg_lat": 159.5,
      "avg_score": 98.93666666666667
    },
    "vless": {
      "count": 205,
      "avg_lat": 138.42926829268293,
      "avg_score": 99.07713821138212
    },
    "ss": {
      "count": 2,
      "avg_lat": 256.5,
      "avg_score": 98.28999999999999
    },
    "trojan": {
      "count": 0,
      "avg_lat": 0.0,
      "avg_score": 0.0
    }
  }
}