{
  "scan_timestamp": "2026-01-21T06:36:30.635651+00:00",
  "duration_seconds": 1002.6,
  "performance_metrics": {
    "total_processed": 479,
    "valid_configs": 285,
    "duplicates": 0,
    "failed_tests": 194,
    "success_rate": 59.5,
    "avg_latency_ms": 96.27,
    "avg_score": 99.36
  },
  "protocol_summary": {
    "vmess": {
      "count": 105,
      "avg_lat": 97.14285714285714,
      "avg_score": 99.35238095238095
    },
    "vless": {
      "count": 132,
      "avg_lat": 82.01515151515152,
      "avg_score": 99.45323232323231
    },
    "ss": {
      "count": 0,
      "avg_lat": 0.0,
      "avg_score": 0.0
    },
    "trojan": {
      "count": 48,
      "avg_lat": 133.54166666666666,
      "avg_score": 99.10972222222222
    }
  }
}