{
  "scan_timestamp": "2026-02-14T01:19:24.618404+00:00",
  "duration_seconds": 1048.09,
  "performance_metrics": {
    "total_processed": 467,
    "valid_configs": 326,
    "duplicates": 0,
    "failed_tests": 141,
    "success_rate": 69.81,
    "avg_latency_ms": 129.15,
    "avg_score": 99.14
  },
  "protocol_summary": {
    "vmess": {
      "count": 103,
      "avg_lat": 101.59223300970874,
      "avg_score": 99.32271844660194
    },
    "vless": {
      "count": 191,
      "avg_lat": 148.3455497382199,
      "avg_score": 99.01102966841187
    },
    "ss": {
      "count": 0,
      "avg_lat": 0.0,
      "avg_score": 0.0
    },
    "trojan": {
      "count": 32,
      "avg_lat": 103.25,
      "avg_score": 99.31166666666667
    }
  }
}