{
  "scan_timestamp": "2026-07-12T17:17:43.114491+00:00",
  "duration_seconds": 434.29,
  "performance_metrics": {
    "total_processed": 429,
    "valid_configs": 127,
    "duplicates": 0,
    "failed_tests": 302,
    "success_rate": 29.6,
    "avg_latency_ms": 109.43,
    "avg_score": 99.27
  },
  "protocol_summary": {
    "vmess": {
      "count": 1,
      "avg_lat": 22.0,
      "avg_score": 99.85333333333334
    },
    "vless": {
      "count": 3,
      "avg_lat": 85.33333333333333,
      "avg_score": 99.4311111111111
    },
    "ss": {
      "count": 123,
      "avg_lat": 110.72357723577235,
      "avg_score": 99.26184281842819
    },
    "trojan": {
      "count": 0,
      "avg_lat": 0.0,
      "avg_score": 0.0
    }
  }
}