{
  "scan_timestamp": "2026-07-14T05:37:36.162110+00:00",
  "duration_seconds": 493.34,
  "performance_metrics": {
    "total_processed": 398,
    "valid_configs": 148,
    "duplicates": 0,
    "failed_tests": 250,
    "success_rate": 37.19,
    "avg_latency_ms": 102.77,
    "avg_score": 99.31
  },
  "protocol_summary": {
    "vmess": {
      "count": 1,
      "avg_lat": 2.0,
      "avg_score": 99.98666666666666
    },
    "vless": {
      "count": 3,
      "avg_lat": 71.33333333333333,
      "avg_score": 99.52444444444444
    },
    "ss": {
      "count": 144,
      "avg_lat": 104.125,
      "avg_score": 99.30583333333333
    },
    "trojan": {
      "count": 0,
      "avg_lat": 0.0,
      "avg_score": 0.0
    }
  }
}