{
  "scan_timestamp": "2026-03-13T23:21:20.925795+00:00",
  "duration_seconds": 230.6,
  "performance_metrics": {
    "total_processed": 359,
    "valid_configs": 42,
    "duplicates": 0,
    "failed_tests": 317,
    "success_rate": 11.7,
    "avg_latency_ms": 98.19,
    "avg_score": 99.35
  },
  "protocol_summary": {
    "vmess": {
      "count": 2,
      "avg_lat": 50.5,
      "avg_score": 99.66333333333333
    },
    "vless": {
      "count": 28,
      "avg_lat": 82.78571428571429,
      "avg_score": 99.44809523809523
    },
    "ss": {
      "count": 11,
      "avg_lat": 153.45454545454547,
      "avg_score": 98.9769696969697
    },
    "trojan": {
      "count": 1,
      "avg_lat": 17.0,
      "avg_score": 99.88666666666667
    }
  }
}