{
  "scan_timestamp": "2026-04-03T04:33:22.634256+00:00",
  "duration_seconds": 932.25,
  "performance_metrics": {
    "total_processed": 484,
    "valid_configs": 206,
    "duplicates": 0,
    "failed_tests": 278,
    "success_rate": 42.56,
    "avg_latency_ms": 114.22,
    "avg_score": 99.24
  },
  "protocol_summary": {
    "vmess": {
      "count": 6,
      "avg_lat": 259.6666666666667,
      "avg_score": 98.2688888888889
    },
    "vless": {
      "count": 196,
      "avg_lat": 110.03571428571429,
      "avg_score": 99.26642857142858
    },
    "ss": {
      "count": 3,
      "avg_lat": 107.0,
      "avg_score": 99.28666666666668
    },
    "trojan": {
      "count": 1,
      "avg_lat": 84.0,
      "avg_score": 99.44
    }
  }
}