{
  "scan_timestamp": "2026-02-21T13:54:20.428275+00:00",
  "duration_seconds": 1176.38,
  "performance_metrics": {
    "total_processed": 474,
    "valid_configs": 372,
    "duplicates": 0,
    "failed_tests": 102,
    "success_rate": 78.48,
    "avg_latency_ms": 91.5,
    "avg_score": 99.39
  },
  "protocol_summary": {
    "vmess": {
      "count": 67,
      "avg_lat": 80.31343283582089,
      "avg_score": 99.46457711442787
    },
    "vless": {
      "count": 270,
      "avg_lat": 98.21481481481482,
      "avg_score": 99.34523456790123
    },
    "trojan": {
      "count": 35,
      "avg_lat": 61.08571428571429,
      "avg_score": 99.5927619047619
    }
  }
}