{
  "scan_timestamp": "2025-12-29T20:27:40.858465+00:00",
  "duration_seconds": 920.31,
  "performance_metrics": {
    "total_processed": 441,
    "valid_configs": 244,
    "duplicates": 0,
    "failed_tests": 197,
    "success_rate": 55.33,
    "avg_latency_ms": 88.66,
    "avg_score": 99.41
  },
  "protocol_summary": {
    "vmess": {
      "count": 48,
      "avg_lat": 112.39583333333333,
      "avg_score": 99.25069444444445
    },
    "vless": {
      "count": 164,
      "avg_lat": 69.02439024390245,
      "avg_score": 99.53983739837398
    },
    "ss": {
      "count": 0,
      "avg_lat": 0.0,
      "avg_score": 0.0
    },
    "trojan": {
      "count": 32,
      "avg_lat": 153.71875,
      "avg_score": 98.97520833333333
    }
  }
}