{
  "scan_timestamp": "2026-01-12T12:38:31.268425+00:00",
  "duration_seconds": 953.17,
  "performance_metrics": {
    "total_processed": 470,
    "valid_configs": 291,
    "duplicates": 0,
    "failed_tests": 179,
    "success_rate": 61.91,
    "avg_latency_ms": 138.45,
    "avg_score": 99.08
  },
  "protocol_summary": {
    "vmess": {
      "count": 66,
      "avg_lat": 105.72727272727273,
      "avg_score": 99.2951515151515
    },
    "vless": {
      "count": 141,
      "avg_lat": 127.59574468085107,
      "avg_score": 99.14936170212765
    },
    "ss": {
      "count": 0,
      "avg_lat": 0.0,
      "avg_score": 0.0
    },
    "trojan": {
      "count": 84,
      "avg_lat": 182.39285714285714,
      "avg_score": 98.78404761904763
    }
  }
}