{
  "scan_timestamp": "2026-01-15T17:36:09.592125+00:00",
  "duration_seconds": 749.35,
  "performance_metrics": {
    "total_processed": 405,
    "valid_configs": 205,
    "duplicates": 0,
    "failed_tests": 200,
    "success_rate": 50.62,
    "avg_latency_ms": 68.1,
    "avg_score": 99.55
  },
  "protocol_summary": {
    "vmess": {
      "count": 35,
      "avg_lat": 109.91428571428571,
      "avg_score": 99.2672380952381
    },
    "vless": {
      "count": 136,
      "avg_lat": 49.919117647058826,
      "avg_score": 99.66720588235295
    },
    "ss": {
      "count": 0,
      "avg_lat": 0.0,
      "avg_score": 0.0
    },
    "trojan": {
      "count": 34,
      "avg_lat": 97.76470588235294,
      "avg_score": 99.34823529411766
    }
  }
}