{
  "scan_timestamp": "2026-01-13T23:28:23.670965+00:00",
  "duration_seconds": 1046.45,
  "performance_metrics": {
    "total_processed": 471,
    "valid_configs": 316,
    "duplicates": 0,
    "failed_tests": 155,
    "success_rate": 67.09,
    "avg_latency_ms": 104.07,
    "avg_score": 99.31
  },
  "protocol_summary": {
    "vmess": {
      "count": 95,
      "avg_lat": 80.56842105263158,
      "avg_score": 99.46287719298246
    },
    "vless": {
      "count": 162,
      "avg_lat": 80.44444444444444,
      "avg_score": 99.46370370370371
    },
    "ss": {
      "count": 0,
      "avg_lat": 0.0,
      "avg_score": 0.0
    },
    "trojan": {
      "count": 59,
      "avg_lat": 206.77966101694915,
      "avg_score": 98.62146892655367
    }
  }
}