{
  "scan_timestamp": "2025-12-10T05:27:30.057623+00:00",
  "duration_seconds": 889.84,
  "performance_metrics": {
    "total_processed": 468,
    "valid_configs": 211,
    "duplicates": 0,
    "failed_tests": 257,
    "success_rate": 45.09,
    "avg_latency_ms": 162.94,
    "avg_score": 98.91
  },
  "protocol_summary": {
    "vmess": {
      "count": 53,
      "avg_lat": 257.3207547169811,
      "avg_score": 98.2845283018868
    },
    "vless": {
      "count": 98,
      "avg_lat": 104.37755102040816,
      "avg_score": 99.30414965986395
    },
    "ss": {
      "count": 0,
      "avg_lat": 0.0,
      "avg_score": 0.0
    },
    "trojan": {
      "count": 60,
      "avg_lat": 175.23333333333332,
      "avg_score": 98.83177777777777
    }
  }
}