{
  "scan_timestamp": "2026-02-04T15:48:29.692685+00:00",
  "duration_seconds": 1023.76,
  "performance_metrics": {
    "total_processed": 481,
    "valid_configs": 282,
    "duplicates": 0,
    "failed_tests": 199,
    "success_rate": 58.63,
    "avg_latency_ms": 164.68,
    "avg_score": 98.9
  },
  "protocol_summary": {
    "vmess": {
      "count": 66,
      "avg_lat": 127.71212121212122,
      "avg_score": 99.14858585858586
    },
    "vless": {
      "count": 157,
      "avg_lat": 132.12738853503186,
      "avg_score": 99.1191507430998
    },
    "ss": {
      "count": 0,
      "avg_lat": 0.0,
      "avg_score": 0.0
    },
    "trojan": {
      "count": 59,
      "avg_lat": 292.64406779661016,
      "avg_score": 98.0490395480226
    }
  }
}