{
  "scan_timestamp": "2025-12-20T20:23:43.262203+00:00",
  "duration_seconds": 802.6,
  "performance_metrics": {
    "total_processed": 401,
    "valid_configs": 197,
    "duplicates": 0,
    "failed_tests": 204,
    "success_rate": 49.13,
    "avg_latency_ms": 94.35,
    "avg_score": 99.37
  },
  "protocol_summary": {
    "vmess": {
      "count": 39,
      "avg_lat": 148.43589743589743,
      "avg_score": 99.01042735042735
    },
    "vless": {
      "count": 128,
      "avg_lat": 66.59375,
      "avg_score": 99.55604166666667
    },
    "ss": {
      "count": 0,
      "avg_lat": 0.0,
      "avg_score": 0.0
    },
    "trojan": {
      "count": 30,
      "avg_lat": 142.46666666666667,
      "avg_score": 99.05022222222222
    }
  }
}