{
  "scan_timestamp": "2026-07-09T06:52:06.866546+00:00",
  "duration_seconds": 484.23,
  "performance_metrics": {
    "total_processed": 460,
    "valid_configs": 151,
    "duplicates": 0,
    "failed_tests": 309,
    "success_rate": 32.83,
    "avg_latency_ms": 146.49,
    "avg_score": 99.02
  },
  "protocol_summary": {
    "vmess": {
      "count": 1,
      "avg_lat": 27.0,
      "avg_score": 99.82
    },
    "ss": {
      "count": 143,
      "avg_lat": 151.52447552447552,
      "avg_score": 98.98983682983683
    },
    "trojan": {
      "count": 7,
      "avg_lat": 60.714285714285715,
      "avg_score": 99.59523809523809
    }
  }
}