{
  "scan_timestamp": "2026-01-16T15:26:54.746850+00:00",
  "duration_seconds": 826.93,
  "performance_metrics": {
    "total_processed": 419,
    "valid_configs": 216,
    "duplicates": 0,
    "failed_tests": 203,
    "success_rate": 51.55,
    "avg_latency_ms": 99.04,
    "avg_score": 99.34
  },
  "protocol_summary": {
    "vmess": {
      "count": 51,
      "avg_lat": 97.50980392156863,
      "avg_score": 99.34993464052287
    },
    "vless": {
      "count": 126,
      "avg_lat": 62.88095238095238,
      "avg_score": 99.58079365079365
    },
    "ss": {
      "count": 0,
      "avg_lat": 0.0,
      "avg_score": 0.0
    },
    "trojan": {
      "count": 39,
      "avg_lat": 217.84615384615384,
      "avg_score": 98.54769230769232
    }
  }
}