{
  "scan_timestamp": "2025-12-18T09:31:11.304138+00:00",
  "duration_seconds": 875.39,
  "performance_metrics": {
    "total_processed": 463,
    "valid_configs": 240,
    "duplicates": 0,
    "failed_tests": 223,
    "success_rate": 51.84,
    "avg_latency_ms": 81.97,
    "avg_score": 99.45
  },
  "protocol_summary": {
    "vmess": {
      "count": 63,
      "avg_lat": 85.38095238095238,
      "avg_score": 99.43079365079366
    },
    "vless": {
      "count": 145,
      "avg_lat": 75.63448275862069,
      "avg_score": 99.49577011494253
    },
    "ss": {
      "count": 0,
      "avg_lat": 0.0,
      "avg_score": 0.0
    },
    "trojan": {
      "count": 32,
      "avg_lat": 103.9375,
      "avg_score": 99.30708333333334
    }
  }
}