{
  "scan_timestamp": "2025-12-14T16:26:55.326890+00:00",
  "duration_seconds": 962.19,
  "performance_metrics": {
    "total_processed": 472,
    "valid_configs": 255,
    "duplicates": 0,
    "failed_tests": 217,
    "success_rate": 54.03,
    "avg_latency_ms": 100.52,
    "avg_score": 99.33
  },
  "protocol_summary": {
    "vmess": {
      "count": 33,
      "avg_lat": 173.42424242424244,
      "avg_score": 98.84383838383839
    },
    "vless": {
      "count": 188,
      "avg_lat": 69.31382978723404,
      "avg_score": 99.53790780141844
    },
    "ss": {
      "count": 0,
      "avg_lat": 0.0,
      "avg_score": 0.0
    },
    "trojan": {
      "count": 34,
      "avg_lat": 202.2941176470588,
      "avg_score": 98.6513725490196
    }
  }
}