{
  "scan_timestamp": "2026-02-13T01:25:39.325495+00:00",
  "duration_seconds": 1011.13,
  "performance_metrics": {
    "total_processed": 467,
    "valid_configs": 304,
    "duplicates": 0,
    "failed_tests": 163,
    "success_rate": 65.1,
    "avg_latency_ms": 137.22,
    "avg_score": 99.09
  },
  "protocol_summary": {
    "vmess": {
      "count": 67,
      "avg_lat": 154.11940298507463,
      "avg_score": 98.97253731343284
    },
    "vless": {
      "count": 196,
      "avg_lat": 137.41836734693877,
      "avg_score": 99.08387755102041
    },
    "ss": {
      "count": 0,
      "avg_lat": 0.0,
      "avg_score": 0.0
    },
    "trojan": {
      "count": 41,
      "avg_lat": 108.63414634146342,
      "avg_score": 99.27577235772358
    }
  }
}