{
  "scan_timestamp": "2025-12-11T13:46:44.856783+00:00",
  "duration_seconds": 892.9,
  "performance_metrics": {
    "total_processed": 471,
    "valid_configs": 214,
    "duplicates": 0,
    "failed_tests": 257,
    "success_rate": 45.44,
    "avg_latency_ms": 180.98,
    "avg_score": 98.79
  },
  "protocol_summary": {
    "vmess": {
      "count": 43,
      "avg_lat": 282.3488372093023,
      "avg_score": 98.11767441860464
    },
    "vless": {
      "count": 112,
      "avg_lat": 113.58928571428571,
      "avg_score": 99.2427380952381
    },
    "ss": {
      "count": 0,
      "avg_lat": 0.0,
      "avg_score": 0.0
    },
    "trojan": {
      "count": 59,
      "avg_lat": 235.01694915254237,
      "avg_score": 98.43322033898306
    }
  }
}