{
  "scan_timestamp": "2026-04-09T04:38:46.873131+00:00",
  "duration_seconds": 981.02,
  "performance_metrics": {
    "total_processed": 489,
    "valid_configs": 217,
    "duplicates": 0,
    "failed_tests": 272,
    "success_rate": 44.38,
    "avg_latency_ms": 79.36,
    "avg_score": 99.47
  },
  "protocol_summary": {
    "vmess": {
      "count": 2,
      "avg_lat": 154.0,
      "avg_score": 98.97333333333333
    },
    "vless": {
      "count": 213,
      "avg_lat": 78.21596244131456,
      "avg_score": 99.47856025039124
    },
    "ss": {
      "count": 2,
      "avg_lat": 127.0,
      "avg_score": 99.15333333333334
    },
    "trojan": {
      "count": 0,
      "avg_lat": 0.0,
      "avg_score": 0.0
    }
  }
}