{
  "scan_timestamp": "2026-04-16T08:38:04.423888+00:00",
  "duration_seconds": 1048.31,
  "performance_metrics": {
    "total_processed": 485,
    "valid_configs": 314,
    "duplicates": 0,
    "failed_tests": 171,
    "success_rate": 64.74,
    "avg_latency_ms": 47.01,
    "avg_score": 99.69
  },
  "protocol_summary": {
    "vmess": {
      "count": 2,
      "avg_lat": 657.0,
      "avg_score": 95.62
    },
    "vless": {
      "count": 298,
      "avg_lat": 42.26510067114094,
      "avg_score": 99.71823266219239
    },
    "ss": {
      "count": 0,
      "avg_lat": 0.0,
      "avg_score": 0.0
    },
    "trojan": {
      "count": 14,
      "avg_lat": 60.857142857142854,
      "avg_score": 99.5942857142857
    }
  }
}