{
  "scan_timestamp": "2026-02-03T17:57:46.462599+00:00",
  "duration_seconds": 936.12,
  "performance_metrics": {
    "total_processed": 467,
    "valid_configs": 260,
    "duplicates": 0,
    "failed_tests": 207,
    "success_rate": 55.67,
    "avg_latency_ms": 177.1,
    "avg_score": 98.82
  },
  "protocol_summary": {
    "vmess": {
      "count": 57,
      "avg_lat": 65.3157894736842,
      "avg_score": 99.56456140350878
    },
    "vless": {
      "count": 152,
      "avg_lat": 153.98026315789474,
      "avg_score": 98.9734649122807
    },
    "ss": {
      "count": 0,
      "avg_lat": 0.0,
      "avg_score": 0.0
    },
    "trojan": {
      "count": 51,
      "avg_lat": 370.96078431372547,
      "avg_score": 97.52692810457516
    }
  }
}