{
  "scan_timestamp": "2025-12-09T02:47:33.916063+00:00",
  "duration_seconds": 1031.33,
  "performance_metrics": {
    "total_processed": 480,
    "valid_configs": 284,
    "duplicates": 0,
    "failed_tests": 196,
    "success_rate": 59.17,
    "avg_latency_ms": 187.8,
    "avg_score": 98.75
  },
  "protocol_summary": {
    "vmess": {
      "count": 69,
      "avg_lat": 327.5652173913044,
      "avg_score": 97.81623188405797
    },
    "vless": {
      "count": 168,
      "avg_lat": 146.66071428571428,
      "avg_score": 99.02226190476192
    },
    "ss": {
      "count": 0,
      "avg_lat": 0.0,
      "avg_score": 0.0
    },
    "trojan": {
      "count": 47,
      "avg_lat": 129.6595744680851,
      "avg_score": 99.13560283687943
    }
  }
}