{
  "scan_timestamp": "2026-01-04T06:34:15.618934+00:00",
  "duration_seconds": 1082.04,
  "performance_metrics": {
    "total_processed": 480,
    "valid_configs": 318,
    "duplicates": 0,
    "failed_tests": 162,
    "success_rate": 66.25,
    "avg_latency_ms": 127.8,
    "avg_score": 99.15
  },
  "protocol_summary": {
    "vmess": {
      "count": 34,
      "avg_lat": 112.32352941176471,
      "avg_score": 99.25117647058823
    },
    "vless": {
      "count": 256,
      "avg_lat": 123.23828125,
      "avg_score": 99.17841145833333
    },
    "ss": {
      "count": 0,
      "avg_lat": 0.0,
      "avg_score": 0.0
    },
    "trojan": {
      "count": 28,
      "avg_lat": 188.32142857142858,
      "avg_score": 98.74452380952381
    }
  }
}