{
  "scan_timestamp": "2025-12-29T19:23:40.487890+00:00",
  "duration_seconds": 907.3,
  "performance_metrics": {
    "total_processed": 441,
    "valid_configs": 237,
    "duplicates": 0,
    "failed_tests": 204,
    "success_rate": 53.74,
    "avg_latency_ms": 88.33,
    "avg_score": 99.41
  },
  "protocol_summary": {
    "vmess": {
      "count": 43,
      "avg_lat": 109.48837209302326,
      "avg_score": 99.27007751937985
    },
    "vless": {
      "count": 165,
      "avg_lat": 78.38787878787879,
      "avg_score": 99.47741414141414
    },
    "ss": {
      "count": 0,
      "avg_lat": 0.0,
      "avg_score": 0.0
    },
    "trojan": {
      "count": 29,
      "avg_lat": 113.55172413793103,
      "avg_score": 99.24298850574712
    }
  }
}