{
  "scan_timestamp": "2025-12-23T09:30:53.088464+00:00",
  "duration_seconds": 930.12,
  "performance_metrics": {
    "total_processed": 467,
    "valid_configs": 270,
    "duplicates": 0,
    "failed_tests": 197,
    "success_rate": 57.82,
    "avg_latency_ms": 146.77,
    "avg_score": 99.02
  },
  "protocol_summary": {
    "vmess": {
      "count": 92,
      "avg_lat": 104.0,
      "avg_score": 99.30666666666666
    },
    "vless": {
      "count": 96,
      "avg_lat": 117.5,
      "avg_score": 99.21666666666665
    },
    "ss": {
      "count": 0,
      "avg_lat": 0.0,
      "avg_score": 0.0
    },
    "trojan": {
      "count": 82,
      "avg_lat": 229.03658536585365,
      "avg_score": 98.4730894308943
    }
  }
}