{
  "scan_timestamp": "2025-12-15T04:55:51.540916+00:00",
  "duration_seconds": 973.54,
  "performance_metrics": {
    "total_processed": 471,
    "valid_configs": 266,
    "duplicates": 0,
    "failed_tests": 205,
    "success_rate": 56.48,
    "avg_latency_ms": 90.97,
    "avg_score": 99.39
  },
  "protocol_summary": {
    "vmess": {
      "count": 33,
      "avg_lat": 166.63636363636363,
      "avg_score": 98.88909090909091
    },
    "vless": {
      "count": 199,
      "avg_lat": 67.62311557788945,
      "avg_score": 99.54917922948074
    },
    "ss": {
      "count": 0,
      "avg_lat": 0.0,
      "avg_score": 0.0
    },
    "trojan": {
      "count": 34,
      "avg_lat": 154.2058823529412,
      "avg_score": 98.97196078431372
    }
  }
}