{
  "scan_timestamp": "2026-03-25T08:47:16.424151+00:00",
  "duration_seconds": 669.92,
  "performance_metrics": {
    "total_processed": 462,
    "valid_configs": 125,
    "duplicates": 0,
    "failed_tests": 337,
    "success_rate": 27.06,
    "avg_latency_ms": 96.78,
    "avg_score": 99.35
  },
  "protocol_summary": {
    "vmess": {
      "count": 2,
      "avg_lat": 93.5,
      "avg_score": 99.37666666666667
    },
    "vless": {
      "count": 113,
      "avg_lat": 99.14159292035399,
      "avg_score": 99.33905604719764
    },
    "ss": {
      "count": 3,
      "avg_lat": 156.66666666666666,
      "avg_score": 98.95555555555556
    },
    "trojan": {
      "count": 7,
      "avg_lat": 33.857142857142854,
      "avg_score": 99.77428571428571
    }
  }
}