{
  "scan_timestamp": "2026-03-14T01:05:13.490874+00:00",
  "duration_seconds": 230.62,
  "performance_metrics": {
    "total_processed": 359,
    "valid_configs": 42,
    "duplicates": 0,
    "failed_tests": 317,
    "success_rate": 11.7,
    "avg_latency_ms": 88.45,
    "avg_score": 99.41
  },
  "protocol_summary": {
    "vmess": {
      "count": 2,
      "avg_lat": 35.0,
      "avg_score": 99.76666666666667
    },
    "vless": {
      "count": 28,
      "avg_lat": 74.17857142857143,
      "avg_score": 99.50547619047619
    },
    "ss": {
      "count": 11,
      "avg_lat": 141.63636363636363,
      "avg_score": 99.05575757575757
    },
    "trojan": {
      "count": 1,
      "avg_lat": 10.0,
      "avg_score": 99.93333333333334
    }
  }
}