{
  "scan_timestamp": "2026-03-20T12:50:10.911700+00:00",
  "duration_seconds": 1142.07,
  "performance_metrics": {
    "total_processed": 468,
    "valid_configs": 344,
    "duplicates": 0,
    "failed_tests": 124,
    "success_rate": 73.5,
    "avg_latency_ms": 69.51,
    "avg_score": 99.54
  },
  "protocol_summary": {
    "vmess": {
      "count": 15,
      "avg_lat": 105.6,
      "avg_score": 99.296
    },
    "vless": {
      "count": 278,
      "avg_lat": 52.798561151079134,
      "avg_score": 99.64800959232615
    },
    "ss": {
      "count": 0,
      "avg_lat": 0.0,
      "avg_score": 0.0
    },
    "trojan": {
      "count": 51,
      "avg_lat": 150.01960784313727,
      "avg_score": 98.99986928104575
    }
  }
}