{
  "scan_timestamp": "2025-12-31T08:31:30.718107+00:00",
  "duration_seconds": 959.31,
  "performance_metrics": {
    "total_processed": 445,
    "valid_configs": 286,
    "duplicates": 0,
    "failed_tests": 159,
    "success_rate": 64.27,
    "avg_latency_ms": 120.54,
    "avg_score": 99.2
  },
  "protocol_summary": {
    "vmess": {
      "count": 62,
      "avg_lat": 84.1774193548387,
      "avg_score": 99.43881720430107
    },
    "vless": {
      "count": 171,
      "avg_lat": 119.04093567251462,
      "avg_score": 99.20639376218324
    },
    "ss": {
      "count": 0,
      "avg_lat": 0.0,
      "avg_score": 0.0
    },
    "trojan": {
      "count": 53,
      "avg_lat": 167.9245283018868,
      "avg_score": 98.8805031446541
    }
  }
}