{
  "scan_timestamp": "2026-02-06T17:50:43.551281+00:00",
  "duration_seconds": 1086.21,
  "performance_metrics": {
    "total_processed": 482,
    "valid_configs": 300,
    "duplicates": 0,
    "failed_tests": 182,
    "success_rate": 62.24,
    "avg_latency_ms": 135.42,
    "avg_score": 99.1
  },
  "protocol_summary": {
    "vmess": {
      "count": 46,
      "avg_lat": 134.7391304347826,
      "avg_score": 99.1017391304348
    },
    "vless": {
      "count": 183,
      "avg_lat": 101.69398907103825,
      "avg_score": 99.32204007285975
    },
    "ss": {
      "count": 0,
      "avg_lat": 0.0,
      "avg_score": 0.0
    },
    "trojan": {
      "count": 71,
      "avg_lat": 222.77464788732394,
      "avg_score": 98.51483568075118
    }
  }
}