{
  "scan_timestamp": "2025-12-16T19:28:02.726709+00:00",
  "duration_seconds": 947.7,
  "performance_metrics": {
    "total_processed": 472,
    "valid_configs": 243,
    "duplicates": 0,
    "failed_tests": 229,
    "success_rate": 51.48,
    "avg_latency_ms": 94.81,
    "avg_score": 99.37
  },
  "protocol_summary": {
    "vmess": {
      "count": 53,
      "avg_lat": 141.0188679245283,
      "avg_score": 99.05987421383648
    },
    "vless": {
      "count": 151,
      "avg_lat": 71.7748344370861,
      "avg_score": 99.52150110375275
    },
    "ss": {
      "count": 0,
      "avg_lat": 0.0,
      "avg_score": 0.0
    },
    "trojan": {
      "count": 39,
      "avg_lat": 121.17948717948718,
      "avg_score": 99.19213675213675
    }
  }
}