{
  "scan_timestamp": "2026-03-03T19:49:28.178344+00:00",
  "duration_seconds": 1086.7,
  "performance_metrics": {
    "total_processed": 473,
    "valid_configs": 326,
    "duplicates": 0,
    "failed_tests": 147,
    "success_rate": 68.92,
    "avg_latency_ms": 93.44,
    "avg_score": 99.38
  },
  "protocol_summary": {
    "vmess": {
      "count": 60,
      "avg_lat": 70.86666666666666,
      "avg_score": 99.52755555555557
    },
    "vless": {
      "count": 231,
      "avg_lat": 99.94805194805195,
      "avg_score": 99.33367965367967
    },
    "ss": {
      "count": 0,
      "avg_lat": 0.0,
      "avg_score": 0.0
    },
    "trojan": {
      "count": 35,
      "avg_lat": 89.2,
      "avg_score": 99.40533333333333
    }
  }
}