{
  "scan_timestamp": "2026-01-19T10:32:47.786481+00:00",
  "duration_seconds": 943.8,
  "performance_metrics": {
    "total_processed": 458,
    "valid_configs": 265,
    "duplicates": 0,
    "failed_tests": 193,
    "success_rate": 57.86,
    "avg_latency_ms": 117.86,
    "avg_score": 99.21
  },
  "protocol_summary": {
    "vmess": {
      "count": 111,
      "avg_lat": 108.97297297297297,
      "avg_score": 99.27351351351352
    },
    "vless": {
      "count": 106,
      "avg_lat": 93.06603773584905,
      "avg_score": 99.37955974842768
    },
    "ss": {
      "count": 0,
      "avg_lat": 0.0,
      "avg_score": 0.0
    },
    "trojan": {
      "count": 48,
      "avg_lat": 193.1875,
      "avg_score": 98.71208333333334
    }
  }
}