{
  "scan_timestamp": "2026-02-12T17:01:09.023235+00:00",
  "duration_seconds": 1018.63,
  "performance_metrics": {
    "total_processed": 475,
    "valid_configs": 305,
    "duplicates": 0,
    "failed_tests": 170,
    "success_rate": 64.21,
    "avg_latency_ms": 124.06,
    "avg_score": 99.17
  },
  "protocol_summary": {
    "vmess": {
      "count": 58,
      "avg_lat": 131.8793103448276,
      "avg_score": 99.12080459770114
    },
    "vless": {
      "count": 202,
      "avg_lat": 107.61881188118812,
      "avg_score": 99.28254125412542
    },
    "ss": {
      "count": 0,
      "avg_lat": 0.0,
      "avg_score": 0.0
    },
    "trojan": {
      "count": 45,
      "avg_lat": 187.77777777777777,
      "avg_score": 98.74814814814816
    }
  }
}