{
  "scan_timestamp": "2025-12-24T19:22:08.741971+00:00",
  "duration_seconds": 833.99,
  "performance_metrics": {
    "total_processed": 412,
    "valid_configs": 218,
    "duplicates": 0,
    "failed_tests": 194,
    "success_rate": 52.91,
    "avg_latency_ms": 109.54,
    "avg_score": 99.27
  },
  "protocol_summary": {
    "vmess": {
      "count": 51,
      "avg_lat": 101.88235294117646,
      "avg_score": 99.32078431372548
    },
    "vless": {
      "count": 134,
      "avg_lat": 97.86567164179104,
      "avg_score": 99.34756218905473
    },
    "ss": {
      "count": 0,
      "avg_lat": 0.0,
      "avg_score": 0.0
    },
    "trojan": {
      "count": 33,
      "avg_lat": 168.78787878787878,
      "avg_score": 98.87474747474748
    }
  }
}