{
  "scan_timestamp": "2025-12-20T09:25:45.692262+00:00",
  "duration_seconds": 935.79,
  "performance_metrics": {
    "total_processed": 467,
    "valid_configs": 259,
    "duplicates": 0,
    "failed_tests": 208,
    "success_rate": 55.46,
    "avg_latency_ms": 101.79,
    "avg_score": 99.32
  },
  "protocol_summary": {
    "vmess": {
      "count": 70,
      "avg_lat": 131.5,
      "avg_score": 99.12333333333333
    },
    "vless": {
      "count": 150,
      "avg_lat": 71.05333333333333,
      "avg_score": 99.52631111111111
    },
    "ss": {
      "count": 0,
      "avg_lat": 0.0,
      "avg_score": 0.0
    },
    "trojan": {
      "count": 39,
      "avg_lat": 166.66666666666666,
      "avg_score": 98.88888888888889
    }
  }
}