{
  "scan_timestamp": "2026-02-01T23:34:30.011516+00:00",
  "duration_seconds": 1219.98,
  "performance_metrics": {
    "total_processed": 488,
    "valid_configs": 389,
    "duplicates": 0,
    "failed_tests": 99,
    "success_rate": 79.71,
    "avg_latency_ms": 170.45,
    "avg_score": 98.86
  },
  "protocol_summary": {
    "vmess": {
      "count": 23,
      "avg_lat": 111.69565217391305,
      "avg_score": 99.25536231884058
    },
    "vless": {
      "count": 156,
      "avg_lat": 74.5,
      "avg_score": 99.50333333333333
    },
    "ss": {
      "count": 0,
      "avg_lat": 0.0,
      "avg_score": 0.0
    },
    "trojan": {
      "count": 210,
      "avg_lat": 248.15714285714284,
      "avg_score": 98.34561904761904
    }
  }
}