{
  "scan_timestamp": "2026-03-20T14:53:41.579058+00:00",
  "duration_seconds": 1132.55,
  "performance_metrics": {
    "total_processed": 463,
    "valid_configs": 355,
    "duplicates": 0,
    "failed_tests": 108,
    "success_rate": 76.67,
    "avg_latency_ms": 74.1,
    "avg_score": 99.51
  },
  "protocol_summary": {
    "vmess": {
      "count": 20,
      "avg_lat": 156.0,
      "avg_score": 98.96000000000001
    },
    "vless": {
      "count": 287,
      "avg_lat": 57.51567944250871,
      "avg_score": 99.61656213704994
    },
    "ss": {
      "count": 0,
      "avg_lat": 0.0,
      "avg_score": 0.0
    },
    "trojan": {
      "count": 48,
      "avg_lat": 139.10416666666666,
      "avg_score": 99.07263888888889
    }
  }
}