{
  "scan_timestamp": "2026-02-25T22:37:58.994083+00:00",
  "duration_seconds": 1097.64,
  "performance_metrics": {
    "total_processed": 473,
    "valid_configs": 336,
    "duplicates": 0,
    "failed_tests": 137,
    "success_rate": 71.04,
    "avg_latency_ms": 82.58,
    "avg_score": 99.45
  },
  "protocol_summary": {
    "vmess": {
      "count": 62,
      "avg_lat": 57.17741935483871,
      "avg_score": 99.61881720430108
    },
    "vless": {
      "count": 239,
      "avg_lat": 89.61506276150628,
      "avg_score": 99.40256624825662
    },
    "ss": {
      "count": 0,
      "avg_lat": 0.0,
      "avg_score": 0.0
    },
    "trojan": {
      "count": 35,
      "avg_lat": 79.54285714285714,
      "avg_score": 99.46971428571429
    }
  }
}