{
  "scan_timestamp": "2026-04-17T20:06:04.574769+00:00",
  "duration_seconds": 971.74,
  "performance_metrics": {
    "total_processed": 488,
    "valid_configs": 270,
    "duplicates": 0,
    "failed_tests": 218,
    "success_rate": 55.33,
    "avg_latency_ms": 75.26,
    "avg_score": 99.5
  },
  "protocol_summary": {
    "vmess": {
      "count": 2,
      "avg_lat": 138.5,
      "avg_score": 99.07666666666667
    },
    "vless": {
      "count": 262,
      "avg_lat": 75.20610687022901,
      "avg_score": 99.49862595419847
    },
    "ss": {
      "count": 0,
      "avg_lat": 0.0,
      "avg_score": 0.0
    },
    "trojan": {
      "count": 6,
      "avg_lat": 56.333333333333336,
      "avg_score": 99.62444444444445
    }
  }
}