{
  "scan_timestamp": "2026-01-06T03:11:36.186663+00:00",
  "duration_seconds": 1195.38,
  "performance_metrics": {
    "total_processed": 487,
    "valid_configs": 364,
    "duplicates": 0,
    "failed_tests": 123,
    "success_rate": 74.74,
    "avg_latency_ms": 134.8,
    "avg_score": 99.1
  },
  "protocol_summary": {
    "vmess": {
      "count": 60,
      "avg_lat": 148.9,
      "avg_score": 99.00733333333332
    },
    "vless": {
      "count": 265,
      "avg_lat": 126.13584905660377,
      "avg_score": 99.15909433962264
    },
    "ss": {
      "count": 0,
      "avg_lat": 0.0,
      "avg_score": 0.0
    },
    "trojan": {
      "count": 39,
      "avg_lat": 172.02564102564102,
      "avg_score": 98.85316239316239
    }
  }
}