{
  "scan_timestamp": "2026-02-10T23:47:15.401039+00:00",
  "duration_seconds": 1121.9,
  "performance_metrics": {
    "total_processed": 478,
    "valid_configs": 339,
    "duplicates": 0,
    "failed_tests": 139,
    "success_rate": 70.92,
    "avg_latency_ms": 103.42,
    "avg_score": 99.31
  },
  "protocol_summary": {
    "vmess": {
      "count": 44,
      "avg_lat": 129.8409090909091,
      "avg_score": 99.13439393939393
    },
    "vless": {
      "count": 207,
      "avg_lat": 92.90338164251207,
      "avg_score": 99.38064412238326
    },
    "ss": {
      "count": 0,
      "avg_lat": 0.0,
      "avg_score": 0.0
    },
    "trojan": {
      "count": 88,
      "avg_lat": 114.9659090909091,
      "avg_score": 99.2335606060606
    }
  }
}