{
  "scan_timestamp": "2026-02-13T22:38:33.898843+00:00",
  "duration_seconds": 1026.06,
  "performance_metrics": {
    "total_processed": 467,
    "valid_configs": 317,
    "duplicates": 0,
    "failed_tests": 150,
    "success_rate": 67.88,
    "avg_latency_ms": 121.77,
    "avg_score": 99.19
  },
  "protocol_summary": {
    "vmess": {
      "count": 91,
      "avg_lat": 97.91208791208791,
      "avg_score": 99.34725274725275
    },
    "vless": {
      "count": 193,
      "avg_lat": 136.03108808290156,
      "avg_score": 99.09312607944732
    },
    "ss": {
      "count": 0,
      "avg_lat": 0.0,
      "avg_score": 0.0
    },
    "trojan": {
      "count": 33,
      "avg_lat": 104.15151515151516,
      "avg_score": 99.30565656565656
    }
  }
}