{
  "scan_timestamp": "2026-01-19T04:55:33.845106+00:00",
  "duration_seconds": 775.29,
  "performance_metrics": {
    "total_processed": 413,
    "valid_configs": 210,
    "duplicates": 0,
    "failed_tests": 203,
    "success_rate": 50.85,
    "avg_latency_ms": 114.6,
    "avg_score": 99.24
  },
  "protocol_summary": {
    "vmess": {
      "count": 59,
      "avg_lat": 119.33898305084746,
      "avg_score": 99.20440677966103
    },
    "vless": {
      "count": 106,
      "avg_lat": 100.18867924528301,
      "avg_score": 99.33207547169812
    },
    "ss": {
      "count": 0,
      "avg_lat": 0.0,
      "avg_score": 0.0
    },
    "trojan": {
      "count": 45,
      "avg_lat": 142.33333333333334,
      "avg_score": 99.05111111111111
    }
  }
}