{
  "scan_timestamp": "2026-02-19T23:38:44.983993+00:00",
  "duration_seconds": 1164.03,
  "performance_metrics": {
    "total_processed": 473,
    "valid_configs": 372,
    "duplicates": 0,
    "failed_tests": 101,
    "success_rate": 78.65,
    "avg_latency_ms": 75.51,
    "avg_score": 99.5
  },
  "protocol_summary": {
    "vmess": {
      "count": 67,
      "avg_lat": 84.73134328358209,
      "avg_score": 99.43512437810946
    },
    "vless": {
      "count": 273,
      "avg_lat": 76.65567765567765,
      "avg_score": 99.48896214896216
    },
    "ss": {
      "count": 0,
      "avg_lat": 0.0,
      "avg_score": 0.0
    },
    "trojan": {
      "count": 32,
      "avg_lat": 46.46875,
      "avg_score": 99.69020833333333
    }
  }
}