{
  "scan_timestamp": "2026-01-12T20:29:56.068208+00:00",
  "duration_seconds": 1013.84,
  "performance_metrics": {
    "total_processed": 467,
    "valid_configs": 308,
    "duplicates": 0,
    "failed_tests": 159,
    "success_rate": 65.95,
    "avg_latency_ms": 112.61,
    "avg_score": 99.25
  },
  "protocol_summary": {
    "vmess": {
      "count": 99,
      "avg_lat": 88.71717171717172,
      "avg_score": 99.40855218855219
    },
    "vless": {
      "count": 144,
      "avg_lat": 83.61111111111111,
      "avg_score": 99.44259259259259
    },
    "ss": {
      "count": 0,
      "avg_lat": 0.0,
      "avg_score": 0.0
    },
    "trojan": {
      "count": 65,
      "avg_lat": 213.23076923076923,
      "avg_score": 98.57846153846154
    }
  }
}