{
  "scan_timestamp": "2025-12-13T14:24:48.749726+00:00",
  "duration_seconds": 939.19,
  "performance_metrics": {
    "total_processed": 474,
    "valid_configs": 217,
    "duplicates": 0,
    "failed_tests": 257,
    "success_rate": 45.78,
    "avg_latency_ms": 132.09,
    "avg_score": 99.12
  },
  "protocol_summary": {
    "vmess": {
      "count": 28,
      "avg_lat": 106.82142857142857,
      "avg_score": 99.28785714285713
    },
    "vless": {
      "count": 124,
      "avg_lat": 109.8225806451613,
      "avg_score": 99.26784946236559
    },
    "ss": {
      "count": 0,
      "avg_lat": 0.0,
      "avg_score": 0.0
    },
    "trojan": {
      "count": 65,
      "avg_lat": 185.46153846153845,
      "avg_score": 98.76358974358975
    }
  }
}