{
  "scan_timestamp": "2025-12-19T13:41:29.919654+00:00",
  "duration_seconds": 909.58,
  "performance_metrics": {
    "total_processed": 464,
    "valid_configs": 246,
    "duplicates": 0,
    "failed_tests": 218,
    "success_rate": 53.02,
    "avg_latency_ms": 103.91,
    "avg_score": 99.31
  },
  "protocol_summary": {
    "vmess": {
      "count": 81,
      "avg_lat": 152.85185185185185,
      "avg_score": 98.98098765432098
    },
    "vless": {
      "count": 132,
      "avg_lat": 76.06060606060606,
      "avg_score": 99.4929292929293
    },
    "ss": {
      "count": 0,
      "avg_lat": 0.0,
      "avg_score": 0.0
    },
    "trojan": {
      "count": 33,
      "avg_lat": 95.15151515151516,
      "avg_score": 99.36565656565656
    }
  }
}