{
  "scan_timestamp": "2026-01-13T09:30:07.764047+00:00",
  "duration_seconds": 726.91,
  "performance_metrics": {
    "total_processed": 408,
    "valid_configs": 210,
    "duplicates": 0,
    "failed_tests": 198,
    "success_rate": 51.47,
    "avg_latency_ms": 92.88,
    "avg_score": 99.38
  },
  "protocol_summary": {
    "vmess": {
      "count": 86,
      "avg_lat": 91.90697674418605,
      "avg_score": 99.38728682170543
    },
    "vless": {
      "count": 69,
      "avg_lat": 43.2463768115942,
      "avg_score": 99.71169082125604
    },
    "ss": {
      "count": 0,
      "avg_lat": 0.0,
      "avg_score": 0.0
    },
    "trojan": {
      "count": 55,
      "avg_lat": 156.65454545454546,
      "avg_score": 98.95563636363637
    }
  }
}