{
  "scan_timestamp": "2026-01-28T10:35:45.774332+00:00",
  "duration_seconds": 1110.0,
  "performance_metrics": {
    "total_processed": 485,
    "valid_configs": 349,
    "duplicates": 0,
    "failed_tests": 136,
    "success_rate": 71.96,
    "avg_latency_ms": 91.58,
    "avg_score": 99.39
  },
  "protocol_summary": {
    "vmess": {
      "count": 100,
      "avg_lat": 63.34,
      "avg_score": 99.57773333333333
    },
    "vless": {
      "count": 192,
      "avg_lat": 97.109375,
      "avg_score": 99.35260416666667
    },
    "ss": {
      "count": 0,
      "avg_lat": 0.0,
      "avg_score": 0.0
    },
    "trojan": {
      "count": 57,
      "avg_lat": 122.49122807017544,
      "avg_score": 99.1833918128655
    }
  }
}