{
  "scan_timestamp": "2026-03-24T16:06:09.284557+00:00",
  "duration_seconds": 707.36,
  "performance_metrics": {
    "total_processed": 464,
    "valid_configs": 132,
    "duplicates": 0,
    "failed_tests": 332,
    "success_rate": 28.45,
    "avg_latency_ms": 65.4,
    "avg_score": 99.56
  },
  "protocol_summary": {
    "vmess": {
      "count": 1,
      "avg_lat": 24.0,
      "avg_score": 99.84
    },
    "vless": {
      "count": 119,
      "avg_lat": 67.5798319327731,
      "avg_score": 99.54946778711485
    },
    "ss": {
      "count": 4,
      "avg_lat": 90.25,
      "avg_score": 99.39833333333334
    },
    "trojan": {
      "count": 8,
      "avg_lat": 25.75,
      "avg_score": 99.82833333333333
    }
  }
}