{
  "scan_timestamp": "2025-12-09T10:30:01.826152+00:00",
  "duration_seconds": 1013.82,
  "performance_metrics": {
    "total_processed": 477,
    "valid_configs": 284,
    "duplicates": 0,
    "failed_tests": 193,
    "success_rate": 59.54,
    "avg_latency_ms": 195.21,
    "avg_score": 98.7
  },
  "protocol_summary": {
    "vmess": {
      "count": 88,
      "avg_lat": 288.375,
      "avg_score": 98.0775
    },
    "vless": {
      "count": 165,
      "avg_lat": 142.0848484848485,
      "avg_score": 99.05276767676767
    },
    "ss": {
      "count": 0,
      "avg_lat": 0.0,
      "avg_score": 0.0
    },
    "trojan": {
      "count": 31,
      "avg_lat": 213.48387096774192,
      "avg_score": 98.57677419354839
    }
  }
}