{
  "scan_timestamp": "2026-01-21T07:36:06.386517+00:00",
  "duration_seconds": 1001.95,
  "performance_metrics": {
    "total_processed": 476,
    "valid_configs": 284,
    "duplicates": 0,
    "failed_tests": 192,
    "success_rate": 59.66,
    "avg_latency_ms": 126.17,
    "avg_score": 99.16
  },
  "protocol_summary": {
    "vmess": {
      "count": 106,
      "avg_lat": 102.52830188679245,
      "avg_score": 99.3164779874214
    },
    "vless": {
      "count": 129,
      "avg_lat": 87.68992248062015,
      "avg_score": 99.41540051679586
    },
    "ss": {
      "count": 0,
      "avg_lat": 0.0,
      "avg_score": 0.0
    },
    "trojan": {
      "count": 49,
      "avg_lat": 278.61224489795916,
      "avg_score": 98.1425850340136
    }
  }
}