{
  "scan_timestamp": "2026-01-04T21:27:09.871128+00:00",
  "duration_seconds": 1087.11,
  "performance_metrics": {
    "total_processed": 485,
    "valid_configs": 322,
    "duplicates": 0,
    "failed_tests": 163,
    "success_rate": 66.39,
    "avg_latency_ms": 99.14,
    "avg_score": 99.34
  },
  "protocol_summary": {
    "vmess": {
      "count": 36,
      "avg_lat": 111.94444444444444,
      "avg_score": 99.2537037037037
    },
    "vless": {
      "count": 265,
      "avg_lat": 92.04528301886792,
      "avg_score": 99.38636477987421
    },
    "ss": {
      "count": 0,
      "avg_lat": 0.0,
      "avg_score": 0.0
    },
    "trojan": {
      "count": 21,
      "avg_lat": 166.71428571428572,
      "avg_score": 98.88857142857142
    }
  }
}