{
  "scan_timestamp": "2026-02-20T23:37:57.121080+00:00",
  "duration_seconds": 1192.9,
  "performance_metrics": {
    "total_processed": 474,
    "valid_configs": 382,
    "duplicates": 0,
    "failed_tests": 92,
    "success_rate": 80.59,
    "avg_latency_ms": 117.19,
    "avg_score": 99.22
  },
  "protocol_summary": {
    "vmess": {
      "count": 69,
      "avg_lat": 132.42028985507247,
      "avg_score": 99.11719806763286
    },
    "vless": {
      "count": 278,
      "avg_lat": 118.0431654676259,
      "avg_score": 99.21304556354916
    },
    "trojan": {
      "count": 35,
      "avg_lat": 80.34285714285714,
      "avg_score": 99.46438095238096
    }
  }
}