{
  "scan_timestamp": "2025-12-14T12:34:18.804034+00:00",
  "duration_seconds": 978.61,
  "performance_metrics": {
    "total_processed": 474,
    "valid_configs": 263,
    "duplicates": 0,
    "failed_tests": 211,
    "success_rate": 55.49,
    "avg_latency_ms": 100.89,
    "avg_score": 99.33
  },
  "protocol_summary": {
    "vmess": {
      "count": 49,
      "avg_lat": 138.20408163265307,
      "avg_score": 99.07863945578231
    },
    "vless": {
      "count": 186,
      "avg_lat": 87.15591397849462,
      "avg_score": 99.4189605734767
    },
    "ss": {
      "count": 0,
      "avg_lat": 0.0,
      "avg_score": 0.0
    },
    "trojan": {
      "count": 28,
      "avg_lat": 126.85714285714286,
      "avg_score": 99.15428571428572
    }
  }
}