{
  "scan_timestamp": "2026-02-14T23:31:03.889014+00:00",
  "duration_seconds": 1078.65,
  "performance_metrics": {
    "total_processed": 464,
    "valid_configs": 330,
    "duplicates": 0,
    "failed_tests": 134,
    "success_rate": 71.12,
    "avg_latency_ms": 98.74,
    "avg_score": 99.34
  },
  "protocol_summary": {
    "vmess": {
      "count": 69,
      "avg_lat": 143.6086956521739,
      "avg_score": 99.04260869565216
    },
    "vless": {
      "count": 210,
      "avg_lat": 82.35714285714286,
      "avg_score": 99.45095238095239
    },
    "ss": {
      "count": 0,
      "avg_lat": 0.0,
      "avg_score": 0.0
    },
    "trojan": {
      "count": 51,
      "avg_lat": 105.49019607843137,
      "avg_score": 99.29673202614379
    }
  }
}