{
  "scan_timestamp": "2026-02-08T10:33:08.786112+00:00",
  "duration_seconds": 1122.33,
  "performance_metrics": {
    "total_processed": 479,
    "valid_configs": 328,
    "duplicates": 0,
    "failed_tests": 151,
    "success_rate": 68.48,
    "avg_latency_ms": 111.59,
    "avg_score": 99.26
  },
  "protocol_summary": {
    "vmess": {
      "count": 57,
      "avg_lat": 88.03508771929825,
      "avg_score": 99.41309941520468
    },
    "vless": {
      "count": 227,
      "avg_lat": 112.19383259911895,
      "avg_score": 99.25204111600587
    },
    "ss": {
      "count": 0,
      "avg_lat": 0.0,
      "avg_score": 0.0
    },
    "trojan": {
      "count": 44,
      "avg_lat": 138.97727272727272,
      "avg_score": 99.07348484848485
    }
  }
}