{
  "scan_timestamp": "2026-03-06T16:43:39.927212+00:00",
  "duration_seconds": 1078.61,
  "performance_metrics": {
    "total_processed": 473,
    "valid_configs": 321,
    "duplicates": 0,
    "failed_tests": 152,
    "success_rate": 67.86,
    "avg_latency_ms": 99.48,
    "avg_score": 99.34
  },
  "protocol_summary": {
    "vmess": {
      "count": 60,
      "avg_lat": 63.416666666666664,
      "avg_score": 99.57722222222222
    },
    "vless": {
      "count": 226,
      "avg_lat": 112.54867256637168,
      "avg_score": 99.24967551622419
    },
    "ss": {
      "count": 0,
      "avg_lat": 0.0,
      "avg_score": 0.0
    },
    "trojan": {
      "count": 35,
      "avg_lat": 76.94285714285714,
      "avg_score": 99.48704761904762
    }
  }
}