{
  "scan_timestamp": "2025-12-09T23:25:04.380736+00:00",
  "duration_seconds": 905.65,
  "performance_metrics": {
    "total_processed": 467,
    "valid_configs": 208,
    "duplicates": 0,
    "failed_tests": 259,
    "success_rate": 44.54,
    "avg_latency_ms": 135.02,
    "avg_score": 99.1
  },
  "protocol_summary": {
    "vmess": {
      "count": 54,
      "avg_lat": 120.5,
      "avg_score": 99.19666666666666
    },
    "vless": {
      "count": 97,
      "avg_lat": 119.03092783505154,
      "avg_score": 99.20646048109965
    },
    "ss": {
      "count": 0,
      "avg_lat": 0.0,
      "avg_score": 0.0
    },
    "trojan": {
      "count": 57,
      "avg_lat": 176.0,
      "avg_score": 98.82666666666667
    }
  }
}