{
  "scan_timestamp": "2026-03-27T23:37:18.400081+00:00",
  "duration_seconds": 991.38,
  "performance_metrics": {
    "total_processed": 461,
    "valid_configs": 276,
    "duplicates": 0,
    "failed_tests": 185,
    "success_rate": 59.87,
    "avg_latency_ms": 87.57,
    "avg_score": 99.42
  },
  "protocol_summary": {
    "vmess": {
      "count": 17,
      "avg_lat": 124.3529411764706,
      "avg_score": 99.17098039215686
    },
    "vless": {
      "count": 241,
      "avg_lat": 78.75103734439834,
      "avg_score": 99.47499308437068
    },
    "ss": {
      "count": 8,
      "avg_lat": 220.5,
      "avg_score": 98.53
    },
    "trojan": {
      "count": 10,
      "avg_lat": 131.1,
      "avg_score": 99.126
    }
  }
}