{
  "scan_timestamp": "2025-12-26T09:28:50.554264+00:00",
  "duration_seconds": 960.74,
  "performance_metrics": {
    "total_processed": 452,
    "valid_configs": 257,
    "duplicates": 0,
    "failed_tests": 195,
    "success_rate": 56.86,
    "avg_latency_ms": 112.97,
    "avg_score": 99.25
  },
  "protocol_summary": {
    "vmess": {
      "count": 57,
      "avg_lat": 105.10526315789474,
      "avg_score": 99.29929824561404
    },
    "vless": {
      "count": 165,
      "avg_lat": 107.83030303030303,
      "avg_score": 99.28113131313131
    },
    "ss": {
      "count": 0,
      "avg_lat": 0.0,
      "avg_score": 0.0
    },
    "trojan": {
      "count": 35,
      "avg_lat": 150.0,
      "avg_score": 99.0
    }
  }
}