{
  "scan_timestamp": "2026-01-21T21:35:23.178747+00:00",
  "duration_seconds": 974.78,
  "performance_metrics": {
    "total_processed": 482,
    "valid_configs": 242,
    "duplicates": 0,
    "failed_tests": 240,
    "success_rate": 50.21,
    "avg_latency_ms": 101.29,
    "avg_score": 99.32
  },
  "protocol_summary": {
    "vmess": {
      "count": 54,
      "avg_lat": 127.64814814814815,
      "avg_score": 99.14901234567903
    },
    "vless": {
      "count": 142,
      "avg_lat": 85.47183098591549,
      "avg_score": 99.43018779342722
    },
    "ss": {
      "count": 0,
      "avg_lat": 0.0,
      "avg_score": 0.0
    },
    "trojan": {
      "count": 46,
      "avg_lat": 119.17391304347827,
      "avg_score": 99.2055072463768
    }
  }
}