{
  "scan_timestamp": "2025-12-31T06:33:54.732982+00:00",
  "duration_seconds": 973.65,
  "performance_metrics": {
    "total_processed": 445,
    "valid_configs": 289,
    "duplicates": 0,
    "failed_tests": 156,
    "success_rate": 64.94,
    "avg_latency_ms": 108.16,
    "avg_score": 99.28
  },
  "protocol_summary": {
    "vmess": {
      "count": 64,
      "avg_lat": 121.03125,
      "avg_score": 99.193125
    },
    "vless": {
      "count": 170,
      "avg_lat": 86.54117647058824,
      "avg_score": 99.4230588235294
    },
    "ss": {
      "count": 0,
      "avg_lat": 0.0,
      "avg_score": 0.0
    },
    "trojan": {
      "count": 55,
      "avg_lat": 159.98181818181817,
      "avg_score": 98.93345454545455
    }
  }
}