{
  "scan_timestamp": "2026-02-17T15:56:57.469182+00:00",
  "duration_seconds": 1032.38,
  "performance_metrics": {
    "total_processed": 456,
    "valid_configs": 315,
    "duplicates": 0,
    "failed_tests": 141,
    "success_rate": 69.08,
    "avg_latency_ms": 117.38,
    "avg_score": 99.22
  },
  "protocol_summary": {
    "vmess": {
      "count": 51,
      "avg_lat": 131.31372549019608,
      "avg_score": 99.12457516339869
    },
    "vless": {
      "count": 223,
      "avg_lat": 117.66816143497758,
      "avg_score": 99.21554559043348
    },
    "ss": {
      "count": 0,
      "avg_lat": 0.0,
      "avg_score": 0.0
    },
    "trojan": {
      "count": 41,
      "avg_lat": 98.51219512195122,
      "avg_score": 99.34325203252033
    }
  }
}