{
  "scan_timestamp": "2026-01-18T01:12:41.402708+00:00",
  "duration_seconds": 941.28,
  "performance_metrics": {
    "total_processed": 473,
    "valid_configs": 239,
    "duplicates": 0,
    "failed_tests": 234,
    "success_rate": 50.53,
    "avg_latency_ms": 104.13,
    "avg_score": 99.31
  },
  "protocol_summary": {
    "vmess": {
      "count": 64,
      "avg_lat": 74.234375,
      "avg_score": 99.50510416666667
    },
    "vless": {
      "count": 122,
      "avg_lat": 82.78688524590164,
      "avg_score": 99.44808743169398
    },
    "ss": {
      "count": 0,
      "avg_lat": 0.0,
      "avg_score": 0.0
    },
    "trojan": {
      "count": 53,
      "avg_lat": 189.35849056603774,
      "avg_score": 98.73761006289308
    }
  }
}