{
  "scan_timestamp": "2026-01-17T08:29:26.559099+00:00",
  "duration_seconds": 948.02,
  "performance_metrics": {
    "total_processed": 472,
    "valid_configs": 238,
    "duplicates": 0,
    "failed_tests": 234,
    "success_rate": 50.42,
    "avg_latency_ms": 128.49,
    "avg_score": 99.14
  },
  "protocol_summary": {
    "vmess": {
      "count": 62,
      "avg_lat": 106.24193548387096,
      "avg_score": 99.29172043010752
    },
    "vless": {
      "count": 127,
      "avg_lat": 72.41732283464567,
      "avg_score": 99.51721784776903
    },
    "ss": {
      "count": 0,
      "avg_lat": 0.0,
      "avg_score": 0.0
    },
    "trojan": {
      "count": 49,
      "avg_lat": 301.9795918367347,
      "avg_score": 97.98680272108844
    }
  }
}