{
  "scan_timestamp": "2026-02-27T23:32:30.112033+00:00",
  "duration_seconds": 1103.51,
  "performance_metrics": {
    "total_processed": 473,
    "valid_configs": 334,
    "duplicates": 0,
    "failed_tests": 139,
    "success_rate": 70.61,
    "avg_latency_ms": 79.17,
    "avg_score": 99.47
  },
  "protocol_summary": {
    "vmess": {
      "count": 62,
      "avg_lat": 73.59677419354838,
      "avg_score": 99.50935483870968
    },
    "vless": {
      "count": 237,
      "avg_lat": 78.9831223628692,
      "avg_score": 99.4734458509142
    },
    "ss": {
      "count": 0,
      "avg_lat": 0.0,
      "avg_score": 0.0
    },
    "trojan": {
      "count": 35,
      "avg_lat": 90.34285714285714,
      "avg_score": 99.39771428571429
    }
  }
}