{
  "scan_timestamp": "2026-04-07T04:38:26.880225+00:00",
  "duration_seconds": 932.5,
  "performance_metrics": {
    "total_processed": 475,
    "valid_configs": 197,
    "duplicates": 0,
    "failed_tests": 278,
    "success_rate": 41.47,
    "avg_latency_ms": 94.5,
    "avg_score": 99.37
  },
  "protocol_summary": {
    "vmess": {
      "count": 2,
      "avg_lat": 121.0,
      "avg_score": 99.19333333333333
    },
    "vless": {
      "count": 194,
      "avg_lat": 93.57731958762886,
      "avg_score": 99.37615120274913
    },
    "ss": {
      "count": 1,
      "avg_lat": 221.0,
      "avg_score": 98.52666666666667
    },
    "trojan": {
      "count": 0,
      "avg_lat": 0.0,
      "avg_score": 0.0
    }
  }
}