{
  "scan_timestamp": "2026-01-23T14:29:45.967792+00:00",
  "duration_seconds": 849.79,
  "performance_metrics": {
    "total_processed": 420,
    "valid_configs": 226,
    "duplicates": 0,
    "failed_tests": 194,
    "success_rate": 53.81,
    "avg_latency_ms": 123.01,
    "avg_score": 99.18
  },
  "protocol_summary": {
    "vmess": {
      "count": 71,
      "avg_lat": 146.05633802816902,
      "avg_score": 99.02629107981221
    },
    "vless": {
      "count": 123,
      "avg_lat": 110.04065040650407,
      "avg_score": 99.26639566395664
    },
    "ss": {
      "count": 0,
      "avg_lat": 0.0,
      "avg_score": 0.0
    },
    "trojan": {
      "count": 32,
      "avg_lat": 121.75,
      "avg_score": 99.18833333333333
    }
  }
}