{
  "scan_timestamp": "2026-02-21T17:35:43.207843+00:00",
  "duration_seconds": 1174.23,
  "performance_metrics": {
    "total_processed": 474,
    "valid_configs": 364,
    "duplicates": 0,
    "failed_tests": 110,
    "success_rate": 76.79,
    "avg_latency_ms": 130.57,
    "avg_score": 99.13
  },
  "protocol_summary": {
    "vmess": {
      "count": 61,
      "avg_lat": 128.49180327868854,
      "avg_score": 99.14338797814209
    },
    "vless": {
      "count": 267,
      "avg_lat": 142.36329588014982,
      "avg_score": 99.050911360799
    },
    "trojan": {
      "count": 36,
      "avg_lat": 46.611111111111114,
      "avg_score": 99.68925925925926
    }
  }
}