{
  "scan_timestamp": "2026-01-22T09:39:09.255812+00:00",
  "duration_seconds": 1014.81,
  "performance_metrics": {
    "total_processed": 475,
    "valid_configs": 289,
    "duplicates": 0,
    "failed_tests": 186,
    "success_rate": 60.84,
    "avg_latency_ms": 111.6,
    "avg_score": 99.26
  },
  "protocol_summary": {
    "vmess": {
      "count": 112,
      "avg_lat": 87.96428571428571,
      "avg_score": 99.41357142857143
    },
    "vless": {
      "count": 144,
      "avg_lat": 108.46527777777777,
      "avg_score": 99.27689814814815
    },
    "ss": {
      "count": 0,
      "avg_lat": 0.0,
      "avg_score": 0.0
    },
    "trojan": {
      "count": 33,
      "avg_lat": 205.5151515151515,
      "avg_score": 98.62989898989899
    }
  }
}