{
  "scan_timestamp": "2025-12-16T04:43:00.645695+00:00",
  "duration_seconds": 1014.42,
  "performance_metrics": {
    "total_processed": 477,
    "valid_configs": 278,
    "duplicates": 0,
    "failed_tests": 199,
    "success_rate": 58.28,
    "avg_latency_ms": 106.45,
    "avg_score": 99.29
  },
  "protocol_summary": {
    "vmess": {
      "count": 49,
      "avg_lat": 158.6530612244898,
      "avg_score": 98.94231292517007
    },
    "vless": {
      "count": 197,
      "avg_lat": 93.53807106598985,
      "avg_score": 99.37641285956006
    },
    "ss": {
      "count": 0,
      "avg_lat": 0.0,
      "avg_score": 0.0
    },
    "trojan": {
      "count": 32,
      "avg_lat": 106.03125,
      "avg_score": 99.293125
    }
  }
}