{
  "scan_timestamp": "2025-12-30T06:35:06.171201+00:00",
  "duration_seconds": 1073.66,
  "performance_metrics": {
    "total_processed": 477,
    "valid_configs": 301,
    "duplicates": 0,
    "failed_tests": 176,
    "success_rate": 63.1,
    "avg_latency_ms": 119.09,
    "avg_score": 99.21
  },
  "protocol_summary": {
    "vmess": {
      "count": 51,
      "avg_lat": 104.50980392156863,
      "avg_score": 99.3032679738562
    },
    "vless": {
      "count": 215,
      "avg_lat": 119.2139534883721,
      "avg_score": 99.20524031007753
    },
    "ss": {
      "count": 0,
      "avg_lat": 0.0,
      "avg_score": 0.0
    },
    "trojan": {
      "count": 35,
      "avg_lat": 139.57142857142858,
      "avg_score": 99.06952380952382
    }
  }
}