{
  "scan_timestamp": "2026-03-05T05:57:39.062935+00:00",
  "duration_seconds": 1084.84,
  "performance_metrics": {
    "total_processed": 473,
    "valid_configs": 323,
    "duplicates": 0,
    "failed_tests": 150,
    "success_rate": 68.29,
    "avg_latency_ms": 88.51,
    "avg_score": 99.41
  },
  "protocol_summary": {
    "vmess": {
      "count": 60,
      "avg_lat": 58.416666666666664,
      "avg_score": 99.61055555555555
    },
    "vless": {
      "count": 228,
      "avg_lat": 100.52631578947368,
      "avg_score": 99.32982456140351
    },
    "ss": {
      "count": 0,
      "avg_lat": 0.0,
      "avg_score": 0.0
    },
    "trojan": {
      "count": 35,
      "avg_lat": 61.857142857142854,
      "avg_score": 99.58761904761904
    }
  }
}