{
  "scan_timestamp": "2026-01-07T16:35:17.807925+00:00",
  "duration_seconds": 1138.74,
  "performance_metrics": {
    "total_processed": 484,
    "valid_configs": 335,
    "duplicates": 0,
    "failed_tests": 149,
    "success_rate": 69.21,
    "avg_latency_ms": 174.48,
    "avg_score": 98.84
  },
  "protocol_summary": {
    "vmess": {
      "count": 37,
      "avg_lat": 135.67567567567568,
      "avg_score": 99.0954954954955
    },
    "vless": {
      "count": 207,
      "avg_lat": 177.89371980676327,
      "avg_score": 98.81404186795491
    },
    "ss": {
      "count": 0,
      "avg_lat": 0.0,
      "avg_score": 0.0
    },
    "trojan": {
      "count": 91,
      "avg_lat": 182.5054945054945,
      "avg_score": 98.78329670329671
    }
  }
}