{
  "scan_timestamp": "2025-12-28T16:29:01.139163+00:00",
  "duration_seconds": 1017.47,
  "performance_metrics": {
    "total_processed": 475,
    "valid_configs": 284,
    "duplicates": 0,
    "failed_tests": 191,
    "success_rate": 59.79,
    "avg_latency_ms": 100.14,
    "avg_score": 99.33
  },
  "protocol_summary": {
    "vmess": {
      "count": 41,
      "avg_lat": 103.60975609756098,
      "avg_score": 99.30926829268293
    },
    "vless": {
      "count": 165,
      "avg_lat": 87.28484848484848,
      "avg_score": 99.41810101010101
    },
    "ss": {
      "count": 0,
      "avg_lat": 0.0,
      "avg_score": 0.0
    },
    "trojan": {
      "count": 78,
      "avg_lat": 125.51282051282051,
      "avg_score": 99.16324786324786
    }
  }
}