{
  "scan_timestamp": "2026-01-03T07:28:52.936200+00:00",
  "duration_seconds": 1073.57,
  "performance_metrics": {
    "total_processed": 476,
    "valid_configs": 325,
    "duplicates": 0,
    "failed_tests": 151,
    "success_rate": 68.28,
    "avg_latency_ms": 107.41,
    "avg_score": 99.28
  },
  "protocol_summary": {
    "vmess": {
      "count": 51,
      "avg_lat": 167.88235294117646,
      "avg_score": 98.88078431372548
    },
    "vless": {
      "count": 243,
      "avg_lat": 88.7201646090535,
      "avg_score": 99.40853223593965
    },
    "ss": {
      "count": 0,
      "avg_lat": 0.0,
      "avg_score": 0.0
    },
    "trojan": {
      "count": 31,
      "avg_lat": 154.41935483870967,
      "avg_score": 98.9705376344086
    }
  }
}