{
  "scan_timestamp": "2026-01-30T05:18:19.867753+00:00",
  "duration_seconds": 708.14,
  "performance_metrics": {
    "total_processed": 423,
    "valid_configs": 180,
    "duplicates": 0,
    "failed_tests": 243,
    "success_rate": 42.55,
    "avg_latency_ms": 75.76,
    "avg_score": 99.49
  },
  "protocol_summary": {
    "vmess": {
      "count": 60,
      "avg_lat": 44.56666666666667,
      "avg_score": 99.70288888888889
    },
    "vless": {
      "count": 76,
      "avg_lat": 56.671052631578945,
      "avg_score": 99.62219298245614
    },
    "ss": {
      "count": 0,
      "avg_lat": 0.0,
      "avg_score": 0.0
    },
    "trojan": {
      "count": 44,
      "avg_lat": 151.25,
      "avg_score": 98.99166666666666
    }
  }
}