{
  "scan_timestamp": "2026-02-05T16:48:34.814125+00:00",
  "duration_seconds": 987.17,
  "performance_metrics": {
    "total_processed": 457,
    "valid_configs": 264,
    "duplicates": 0,
    "failed_tests": 193,
    "success_rate": 57.77,
    "avg_latency_ms": 143.15,
    "avg_score": 99.05
  },
  "protocol_summary": {
    "vmess": {
      "count": 49,
      "avg_lat": 95.57142857142857,
      "avg_score": 99.36285714285714
    },
    "vless": {
      "count": 154,
      "avg_lat": 117.62337662337663,
      "avg_score": 99.21584415584415
    },
    "ss": {
      "count": 0,
      "avg_lat": 0.0,
      "avg_score": 0.0
    },
    "trojan": {
      "count": 61,
      "avg_lat": 245.81967213114754,
      "avg_score": 98.36120218579235
    }
  }
}