{
  "scan_timestamp": "2026-02-25T10:57:14.338188+00:00",
  "duration_seconds": 1109.34,
  "performance_metrics": {
    "total_processed": 474,
    "valid_configs": 342,
    "duplicates": 0,
    "failed_tests": 132,
    "success_rate": 72.15,
    "avg_latency_ms": 69.54,
    "avg_score": 99.54
  },
  "protocol_summary": {
    "vmess": {
      "count": 64,
      "avg_lat": 65.375,
      "avg_score": 99.56416666666667
    },
    "vless": {
      "count": 242,
      "avg_lat": 77.95454545454545,
      "avg_score": 99.48030303030303
    },
    "trojan": {
      "count": 36,
      "avg_lat": 20.38888888888889,
      "avg_score": 99.86407407407407
    }
  }
}