{
  "scan_timestamp": "2025-12-13T16:26:49.865955+00:00",
  "duration_seconds": 936.6,
  "performance_metrics": {
    "total_processed": 474,
    "valid_configs": 218,
    "duplicates": 0,
    "failed_tests": 256,
    "success_rate": 45.99,
    "avg_latency_ms": 154.23,
    "avg_score": 98.97
  },
  "protocol_summary": {
    "vmess": {
      "count": 28,
      "avg_lat": 117.92857142857143,
      "avg_score": 99.21380952380953
    },
    "vless": {
      "count": 125,
      "avg_lat": 152.32,
      "avg_score": 98.98453333333333
    },
    "ss": {
      "count": 0,
      "avg_lat": 0.0,
      "avg_score": 0.0
    },
    "trojan": {
      "count": 65,
      "avg_lat": 173.55384615384617,
      "avg_score": 98.84297435897436
    }
  }
}