{
  "scan_timestamp": "2026-02-21T09:39:27.741593+00:00",
  "duration_seconds": 1202.2,
  "performance_metrics": {
    "total_processed": 474,
    "valid_configs": 381,
    "duplicates": 0,
    "failed_tests": 93,
    "success_rate": 80.38,
    "avg_latency_ms": 100.46,
    "avg_score": 99.33
  },
  "protocol_summary": {
    "vmess": {
      "count": 67,
      "avg_lat": 77.08955223880596,
      "avg_score": 99.48606965174129
    },
    "vless": {
      "count": 279,
      "avg_lat": 110.95698924731182,
      "avg_score": 99.26028673835125
    },
    "trojan": {
      "count": 35,
      "avg_lat": 61.57142857142857,
      "avg_score": 99.58952380952381
    }
  }
}