{
  "scan_timestamp": "2025-12-07T19:22:27.186850+00:00",
  "duration_seconds": 900.78,
  "performance_metrics": {
    "total_processed": 474,
    "valid_configs": 202,
    "duplicates": 0,
    "failed_tests": 272,
    "success_rate": 42.62,
    "avg_latency_ms": 130.47,
    "avg_score": 99.13
  },
  "protocol_summary": {
    "vmess": {
      "count": 44,
      "avg_lat": 187.61363636363637,
      "avg_score": 98.74924242424241
    },
    "vless": {
      "count": 95,
      "avg_lat": 93.6421052631579,
      "avg_score": 99.37571929824561
    },
    "ss": {
      "count": 0,
      "avg_lat": 0.0,
      "avg_score": 0.0
    },
    "trojan": {
      "count": 63,
      "avg_lat": 146.0952380952381,
      "avg_score": 99.02603174603175
    }
  }
}