{
  "scan_timestamp": "2026-02-21T14:35:19.791005+00:00",
  "duration_seconds": 1184.71,
  "performance_metrics": {
    "total_processed": 474,
    "valid_configs": 370,
    "duplicates": 0,
    "failed_tests": 104,
    "success_rate": 78.06,
    "avg_latency_ms": 95.65,
    "avg_score": 99.36
  },
  "protocol_summary": {
    "vmess": {
      "count": 65,
      "avg_lat": 76.84615384615384,
      "avg_score": 99.4876923076923
    },
    "vless": {
      "count": 270,
      "avg_lat": 105.88888888888889,
      "avg_score": 99.29407407407408
    },
    "trojan": {
      "count": 35,
      "avg_lat": 51.57142857142857,
      "avg_score": 99.65619047619047
    }
  }
}