{
  "scan_timestamp": "2026-03-29T18:41:20.770685+00:00",
  "duration_seconds": 986.06,
  "performance_metrics": {
    "total_processed": 477,
    "valid_configs": 221,
    "duplicates": 0,
    "failed_tests": 256,
    "success_rate": 46.33,
    "avg_latency_ms": 108.16,
    "avg_score": 99.28
  },
  "protocol_summary": {
    "vmess": {
      "count": 18,
      "avg_lat": 251.72222222222223,
      "avg_score": 98.32185185185185
    },
    "vless": {
      "count": 199,
      "avg_lat": 93.25125628140704,
      "avg_score": 99.37832495812395
    },
    "ss": {
      "count": 1,
      "avg_lat": 140.0,
      "avg_score": 99.06666666666666
    },
    "trojan": {
      "count": 3,
      "avg_lat": 225.0,
      "avg_score": 98.5
    }
  }
}