{
  "scan_timestamp": "2026-01-27T07:38:02.348724+00:00",
  "duration_seconds": 1133.46,
  "performance_metrics": {
    "total_processed": 479,
    "valid_configs": 348,
    "duplicates": 0,
    "failed_tests": 131,
    "success_rate": 72.65,
    "avg_latency_ms": 99.42,
    "avg_score": 99.34
  },
  "protocol_summary": {
    "vmess": {
      "count": 41,
      "avg_lat": 84.51219512195122,
      "avg_score": 99.43658536585366
    },
    "vless": {
      "count": 223,
      "avg_lat": 104.12107623318386,
      "avg_score": 99.30585949177876
    },
    "ss": {
      "count": 0,
      "avg_lat": 0.0,
      "avg_score": 0.0
    },
    "trojan": {
      "count": 84,
      "avg_lat": 94.20238095238095,
      "avg_score": 99.37198412698412
    }
  }
}