{
  "scan_timestamp": "2026-04-22T14:43:08.310394+00:00",
  "duration_seconds": 826.22,
  "performance_metrics": {
    "total_processed": 477,
    "valid_configs": 205,
    "duplicates": 0,
    "failed_tests": 272,
    "success_rate": 42.98,
    "avg_latency_ms": 118.21,
    "avg_score": 99.21
  },
  "protocol_summary": {
    "vmess": {
      "count": 2,
      "avg_lat": 152.0,
      "avg_score": 98.98666666666666
    },
    "vless": {
      "count": 193,
      "avg_lat": 119.12953367875647,
      "avg_score": 99.2058031088083
    },
    "ss": {
      "count": 3,
      "avg_lat": 209.0,
      "avg_score": 98.60666666666667
    },
    "trojan": {
      "count": 7,
      "avg_lat": 44.285714285714285,
      "avg_score": 99.70476190476191
    }
  }
}