{
  "scan_timestamp": "2026-01-10T23:27:01.602612+00:00",
  "duration_seconds": 1002.63,
  "performance_metrics": {
    "total_processed": 461,
    "valid_configs": 316,
    "duplicates": 0,
    "failed_tests": 145,
    "success_rate": 68.55,
    "avg_latency_ms": 127.9,
    "avg_score": 99.15
  },
  "protocol_summary": {
    "vmess": {
      "count": 73,
      "avg_lat": 63.986301369863014,
      "avg_score": 99.57342465753425
    },
    "vless": {
      "count": 171,
      "avg_lat": 144.6140350877193,
      "avg_score": 99.03590643274853
    },
    "ss": {
      "count": 0,
      "avg_lat": 0.0,
      "avg_score": 0.0
    },
    "trojan": {
      "count": 72,
      "avg_lat": 153.01388888888889,
      "avg_score": 98.97990740740741
    }
  }
}