{
  "scan_timestamp": "2025-12-21T17:24:20.135394+00:00",
  "duration_seconds": 925.34,
  "performance_metrics": {
    "total_processed": 471,
    "valid_configs": 253,
    "duplicates": 0,
    "failed_tests": 218,
    "success_rate": 53.72,
    "avg_latency_ms": 105.55,
    "avg_score": 99.3
  },
  "protocol_summary": {
    "vmess": {
      "count": 85,
      "avg_lat": 111.97647058823529,
      "avg_score": 99.25349019607843
    },
    "vless": {
      "count": 124,
      "avg_lat": 68.70161290322581,
      "avg_score": 99.54198924731183
    },
    "ss": {
      "count": 0,
      "avg_lat": 0.0,
      "avg_score": 0.0
    },
    "trojan": {
      "count": 44,
      "avg_lat": 196.97727272727272,
      "avg_score": 98.68681818181818
    }
  }
}