{
  "scan_timestamp": "2026-02-06T20:38:13.843564+00:00",
  "duration_seconds": 1064.76,
  "performance_metrics": {
    "total_processed": 481,
    "valid_configs": 299,
    "duplicates": 0,
    "failed_tests": 182,
    "success_rate": 62.16,
    "avg_latency_ms": 147.92,
    "avg_score": 99.01
  },
  "protocol_summary": {
    "vmess": {
      "count": 58,
      "avg_lat": 126.3103448275862,
      "avg_score": 99.15793103448276
    },
    "vless": {
      "count": 169,
      "avg_lat": 122.23668639053254,
      "avg_score": 99.18508875739644
    },
    "ss": {
      "count": 0,
      "avg_lat": 0.0,
      "avg_score": 0.0
    },
    "trojan": {
      "count": 72,
      "avg_lat": 225.61111111111111,
      "avg_score": 98.49592592592593
    }
  }
}