{
  "scan_timestamp": "2026-06-30T19:02:41.123863+00:00",
  "duration_seconds": 419.49,
  "performance_metrics": {
    "total_processed": 446,
    "valid_configs": 130,
    "duplicates": 0,
    "failed_tests": 316,
    "success_rate": 29.15,
    "avg_latency_ms": 100.21,
    "avg_score": 99.33
  },
  "protocol_summary": {
    "vmess": {
      "count": 2,
      "avg_lat": 8.5,
      "avg_score": 99.94333333333333
    },
    "vless": {
      "count": 10,
      "avg_lat": 199.2,
      "avg_score": 98.672
    },
    "ss": {
      "count": 102,
      "avg_lat": 101.88235294117646,
      "avg_score": 99.32078431372548
    },
    "trojan": {
      "count": 16,
      "avg_lat": 39.125,
      "avg_score": 99.73916666666666
    }
  }
}