{
  "scan_timestamp": "2026-07-12T16:06:57.317725+00:00",
  "duration_seconds": 464.59,
  "performance_metrics": {
    "total_processed": 429,
    "valid_configs": 136,
    "duplicates": 0,
    "failed_tests": 293,
    "success_rate": 31.7,
    "avg_latency_ms": 154.37,
    "avg_score": 98.97
  },
  "protocol_summary": {
    "vmess": {
      "count": 1,
      "avg_lat": 68.0,
      "avg_score": 99.54666666666667
    },
    "vless": {
      "count": 2,
      "avg_lat": 82.0,
      "avg_score": 99.45333333333333
    },
    "ss": {
      "count": 133,
      "avg_lat": 156.10526315789474,
      "avg_score": 98.95929824561405
    },
    "trojan": {
      "count": 0,
      "avg_lat": 0.0,
      "avg_score": 0.0
    }
  }
}