{
  "scan_timestamp": "2026-02-01T20:33:29.421600+00:00",
  "duration_seconds": 1214.16,
  "performance_metrics": {
    "total_processed": 488,
    "valid_configs": 388,
    "duplicates": 0,
    "failed_tests": 100,
    "success_rate": 79.51,
    "avg_latency_ms": 150.99,
    "avg_score": 98.99
  },
  "protocol_summary": {
    "vmess": {
      "count": 25,
      "avg_lat": 92.84,
      "avg_score": 99.38106666666667
    },
    "vless": {
      "count": 185,
      "avg_lat": 101.24324324324324,
      "avg_score": 99.32504504504503
    },
    "ss": {
      "count": 0,
      "avg_lat": 0.0,
      "avg_score": 0.0
    },
    "trojan": {
      "count": 178,
      "avg_lat": 210.87078651685394,
      "avg_score": 98.5941947565543
    }
  }
}