{
  "scan_timestamp": "2025-12-11T03:01:45.952154+00:00",
  "duration_seconds": 874.25,
  "performance_metrics": {
    "total_processed": 469,
    "valid_configs": 192,
    "duplicates": 0,
    "failed_tests": 277,
    "success_rate": 40.94,
    "avg_latency_ms": 119.97,
    "avg_score": 99.2
  },
  "protocol_summary": {
    "vmess": {
      "count": 28,
      "avg_lat": 89.92857142857143,
      "avg_score": 99.40047619047618
    },
    "vless": {
      "count": 111,
      "avg_lat": 79.46846846846847,
      "avg_score": 99.4702102102102
    },
    "ss": {
      "count": 0,
      "avg_lat": 0.0,
      "avg_score": 0.0
    },
    "trojan": {
      "count": 53,
      "avg_lat": 220.66037735849056,
      "avg_score": 98.52893081761006
    }
  }
}