{
  "scan_timestamp": "2026-03-24T08:49:11.583274+00:00",
  "duration_seconds": 699.66,
  "performance_metrics": {
    "total_processed": 463,
    "valid_configs": 128,
    "duplicates": 0,
    "failed_tests": 335,
    "success_rate": 27.65,
    "avg_latency_ms": 102.55,
    "avg_score": 99.32
  },
  "protocol_summary": {
    "vmess": {
      "count": 1,
      "avg_lat": 76.0,
      "avg_score": 99.49333333333334
    },
    "vless": {
      "count": 116,
      "avg_lat": 106.85344827586206,
      "avg_score": 99.28764367816092
    },
    "ss": {
      "count": 2,
      "avg_lat": 162.0,
      "avg_score": 98.92
    },
    "trojan": {
      "count": 9,
      "avg_lat": 36.77777777777778,
      "avg_score": 99.75481481481481
    }
  }
}