{
  "scan_timestamp": "2026-02-18T11:48:12.948870+00:00",
  "duration_seconds": 1093.4,
  "performance_metrics": {
    "total_processed": 459,
    "valid_configs": 339,
    "duplicates": 0,
    "failed_tests": 120,
    "success_rate": 73.86,
    "avg_latency_ms": 102.86,
    "avg_score": 99.31
  },
  "protocol_summary": {
    "vmess": {
      "count": 55,
      "avg_lat": 110.10909090909091,
      "avg_score": 99.2659393939394
    },
    "vless": {
      "count": 251,
      "avg_lat": 100.66533864541833,
      "avg_score": 99.32889774236388
    },
    "ss": {
      "count": 0,
      "avg_lat": 0.0,
      "avg_score": 0.0
    },
    "trojan": {
      "count": 33,
      "avg_lat": 107.51515151515152,
      "avg_score": 99.28323232323233
    }
  }
}