{
  "scan_timestamp": "2026-06-29T17:03:54.862015+00:00",
  "duration_seconds": 464.31,
  "performance_metrics": {
    "total_processed": 453,
    "valid_configs": 144,
    "duplicates": 0,
    "failed_tests": 309,
    "success_rate": 31.79,
    "avg_latency_ms": 144.7,
    "avg_score": 99.04
  },
  "protocol_summary": {
    "vmess": {
      "count": 2,
      "avg_lat": 2.0,
      "avg_score": 99.98666666666668
    },
    "vless": {
      "count": 11,
      "avg_lat": 140.0909090909091,
      "avg_score": 99.0660606060606
    },
    "ss": {
      "count": 116,
      "avg_lat": 130.22413793103448,
      "avg_score": 99.13183908045977
    },
    "trojan": {
      "count": 15,
      "avg_lat": 279.06666666666666,
      "avg_score": 98.13955555555555
    }
  }
}