{
  "scan_timestamp": "2026-01-05T18:36:43.762779+00:00",
  "duration_seconds": 1155.07,
  "performance_metrics": {
    "total_processed": 479,
    "valid_configs": 349,
    "duplicates": 0,
    "failed_tests": 130,
    "success_rate": 72.86,
    "avg_latency_ms": 130.72,
    "avg_score": 99.13
  },
  "protocol_summary": {
    "vmess": {
      "count": 32,
      "avg_lat": 137.5,
      "avg_score": 99.08333333333333
    },
    "vless": {
      "count": 235,
      "avg_lat": 117.97021276595744,
      "avg_score": 99.21353191489362
    },
    "ss": {
      "count": 0,
      "avg_lat": 0.0,
      "avg_score": 0.0
    },
    "trojan": {
      "count": 82,
      "avg_lat": 164.6219512195122,
      "avg_score": 98.90252032520324
    }
  }
}