{
  "scan_timestamp": "2026-04-11T12:47:22.296600+00:00",
  "duration_seconds": 1019.94,
  "performance_metrics": {
    "total_processed": 485,
    "valid_configs": 237,
    "duplicates": 0,
    "failed_tests": 248,
    "success_rate": 48.87,
    "avg_latency_ms": 80.8,
    "avg_score": 99.46
  },
  "protocol_summary": {
    "vmess": {
      "count": 1,
      "avg_lat": 28.0,
      "avg_score": 99.81333333333333
    },
    "vless": {
      "count": 229,
      "avg_lat": 82.31441048034935,
      "avg_score": 99.45123726346434
    },
    "ss": {
      "count": 0,
      "avg_lat": 0.0,
      "avg_score": 0.0
    },
    "trojan": {
      "count": 7,
      "avg_lat": 38.714285714285715,
      "avg_score": 99.74190476190476
    }
  }
}