{
  "scan_timestamp": "2025-12-23T18:30:40.055323+00:00",
  "duration_seconds": 877.22,
  "performance_metrics": {
    "total_processed": 466,
    "valid_configs": 248,
    "duplicates": 0,
    "failed_tests": 218,
    "success_rate": 53.22,
    "avg_latency_ms": 106.17,
    "avg_score": 99.29
  },
  "protocol_summary": {
    "vmess": {
      "count": 89,
      "avg_lat": 82.19101123595506,
      "avg_score": 99.45205992509364
    },
    "vless": {
      "count": 83,
      "avg_lat": 105.19277108433735,
      "avg_score": 99.29871485943775
    },
    "ss": {
      "count": 0,
      "avg_lat": 0.0,
      "avg_score": 0.0
    },
    "trojan": {
      "count": 76,
      "avg_lat": 135.32894736842104,
      "avg_score": 99.09780701754386
    }
  }
}