{
  "scan_timestamp": "2026-03-05T14:54:55.561594+00:00",
  "duration_seconds": 1080.75,
  "performance_metrics": {
    "total_processed": 473,
    "valid_configs": 325,
    "duplicates": 0,
    "failed_tests": 148,
    "success_rate": 68.71,
    "avg_latency_ms": 67.69,
    "avg_score": 99.55
  },
  "protocol_summary": {
    "vmess": {
      "count": 60,
      "avg_lat": 50.266666666666666,
      "avg_score": 99.6648888888889
    },
    "vless": {
      "count": 230,
      "avg_lat": 74.09130434782608,
      "avg_score": 99.5060579710145
    },
    "ss": {
      "count": 0,
      "avg_lat": 0.0,
      "avg_score": 0.0
    },
    "trojan": {
      "count": 35,
      "avg_lat": 55.48571428571429,
      "avg_score": 99.63009523809524
    }
  }
}