{
  "scan_timestamp": "2025-12-25T15:26:54.868149+00:00",
  "duration_seconds": 974.04,
  "performance_metrics": {
    "total_processed": 476,
    "valid_configs": 265,
    "duplicates": 0,
    "failed_tests": 211,
    "success_rate": 55.67,
    "avg_latency_ms": 106.01,
    "avg_score": 99.29
  },
  "protocol_summary": {
    "vmess": {
      "count": 51,
      "avg_lat": 124.15686274509804,
      "avg_score": 99.17228758169935
    },
    "vless": {
      "count": 167,
      "avg_lat": 90.97005988023952,
      "avg_score": 99.39353293413174
    },
    "ss": {
      "count": 0,
      "avg_lat": 0.0,
      "avg_score": 0.0
    },
    "trojan": {
      "count": 47,
      "avg_lat": 139.74468085106383,
      "avg_score": 99.06836879432623
    }
  }
}