{
  "scan_timestamp": "2025-12-17T15:28:26.919738+00:00",
  "duration_seconds": 945.54,
  "performance_metrics": {
    "total_processed": 477,
    "valid_configs": 267,
    "duplicates": 0,
    "failed_tests": 210,
    "success_rate": 55.97,
    "avg_latency_ms": 96.37,
    "avg_score": 99.36
  },
  "protocol_summary": {
    "vmess": {
      "count": 39,
      "avg_lat": 143.84615384615384,
      "avg_score": 99.04102564102564
    },
    "vless": {
      "count": 180,
      "avg_lat": 90.52777777777777,
      "avg_score": 99.39648148148147
    },
    "ss": {
      "count": 0,
      "avg_lat": 0.0,
      "avg_score": 0.0
    },
    "trojan": {
      "count": 48,
      "avg_lat": 79.6875,
      "avg_score": 99.46875
    }
  }
}