{
  "scan_timestamp": "2025-12-29T17:24:52.608320+00:00",
  "duration_seconds": 907.39,
  "performance_metrics": {
    "total_processed": 441,
    "valid_configs": 239,
    "duplicates": 0,
    "failed_tests": 202,
    "success_rate": 54.2,
    "avg_latency_ms": 104.11,
    "avg_score": 99.31
  },
  "protocol_summary": {
    "vmess": {
      "count": 44,
      "avg_lat": 113.88636363636364,
      "avg_score": 99.24075757575757
    },
    "vless": {
      "count": 166,
      "avg_lat": 86.78313253012048,
      "avg_score": 99.42144578313253
    },
    "ss": {
      "count": 0,
      "avg_lat": 0.0,
      "avg_score": 0.0
    },
    "trojan": {
      "count": 29,
      "avg_lat": 188.44827586206895,
      "avg_score": 98.74367816091954
    }
  }
}