{
  "scan_timestamp": "2026-03-30T17:59:35.686255+00:00",
  "duration_seconds": 1037.8,
  "performance_metrics": {
    "total_processed": 474,
    "valid_configs": 241,
    "duplicates": 0,
    "failed_tests": 233,
    "success_rate": 50.84,
    "avg_latency_ms": 90.92,
    "avg_score": 99.39
  },
  "protocol_summary": {
    "vmess": {
      "count": 16,
      "avg_lat": 109.625,
      "avg_score": 99.26916666666666
    },
    "vless": {
      "count": 214,
      "avg_lat": 88.55607476635514,
      "avg_score": 99.40962616822429
    },
    "ss": {
      "count": 3,
      "avg_lat": 70.33333333333333,
      "avg_score": 99.53111111111112
    },
    "trojan": {
      "count": 8,
      "avg_lat": 124.5,
      "avg_score": 99.17
    }
  }
}