{
  "scan_timestamp": "2026-04-19T23:40:12.335939+00:00",
  "duration_seconds": 884.29,
  "performance_metrics": {
    "total_processed": 484,
    "valid_configs": 223,
    "duplicates": 0,
    "failed_tests": 261,
    "success_rate": 46.07,
    "avg_latency_ms": 94.63,
    "avg_score": 99.37
  },
  "protocol_summary": {
    "vmess": {
      "count": 6,
      "avg_lat": 118.5,
      "avg_score": 99.21
    },
    "vless": {
      "count": 205,
      "avg_lat": 95.58048780487805,
      "avg_score": 99.36279674796748
    },
    "ss": {
      "count": 3,
      "avg_lat": 155.66666666666666,
      "avg_score": 98.96222222222222
    },
    "trojan": {
      "count": 9,
      "avg_lat": 36.666666666666664,
      "avg_score": 99.75555555555555
    }
  }
}