{
  "scan_timestamp": "2026-02-28T14:30:00.672485+00:00",
  "duration_seconds": 1103.17,
  "performance_metrics": {
    "total_processed": 473,
    "valid_configs": 329,
    "duplicates": 0,
    "failed_tests": 144,
    "success_rate": 69.56,
    "avg_latency_ms": 87.19,
    "avg_score": 99.42
  },
  "protocol_summary": {
    "vmess": {
      "count": 58,
      "avg_lat": 53.98275862068966,
      "avg_score": 99.64011494252874
    },
    "vless": {
      "count": 236,
      "avg_lat": 101.36864406779661,
      "avg_score": 99.32420903954802
    },
    "ss": {
      "count": 0,
      "avg_lat": 0.0,
      "avg_score": 0.0
    },
    "trojan": {
      "count": 35,
      "avg_lat": 46.628571428571426,
      "avg_score": 99.68914285714285
    }
  }
}