{
  "scan_timestamp": "2026-02-02T11:44:48.939730+00:00",
  "duration_seconds": 1015.91,
  "performance_metrics": {
    "total_processed": 482,
    "valid_configs": 280,
    "duplicates": 0,
    "failed_tests": 202,
    "success_rate": 58.09,
    "avg_latency_ms": 129.4,
    "avg_score": 99.14
  },
  "protocol_summary": {
    "vmess": {
      "count": 71,
      "avg_lat": 96.45070422535211,
      "avg_score": 99.35699530516432
    },
    "vless": {
      "count": 149,
      "avg_lat": 89.22818791946308,
      "avg_score": 99.40514541387024
    },
    "ss": {
      "count": 0,
      "avg_lat": 0.0,
      "avg_score": 0.0
    },
    "trojan": {
      "count": 60,
      "avg_lat": 268.1333333333333,
      "avg_score": 98.21244444444444
    }
  }
}