{
  "scan_timestamp": "2026-01-09T01:11:07.132854+00:00",
  "duration_seconds": 1092.67,
  "performance_metrics": {
    "total_processed": 474,
    "valid_configs": 339,
    "duplicates": 0,
    "failed_tests": 135,
    "success_rate": 71.52,
    "avg_latency_ms": 105.09,
    "avg_score": 99.3
  },
  "protocol_summary": {
    "vmess": {
      "count": 48,
      "avg_lat": 104.5625,
      "avg_score": 99.30291666666666
    },
    "vless": {
      "count": 225,
      "avg_lat": 90.80444444444444,
      "avg_score": 99.39463703703704
    },
    "ss": {
      "count": 0,
      "avg_lat": 0.0,
      "avg_score": 0.0
    },
    "trojan": {
      "count": 66,
      "avg_lat": 154.1818181818182,
      "avg_score": 98.97212121212121
    }
  }
}