{
  "scan_timestamp": "2026-07-17T09:14:27.027415+00:00",
  "duration_seconds": 358.5,
  "performance_metrics": {
    "total_processed": 390,
    "valid_configs": 111,
    "duplicates": 0,
    "failed_tests": 279,
    "success_rate": 28.46,
    "avg_latency_ms": 140.95,
    "avg_score": 99.06
  },
  "protocol_summary": {
    "vmess": {
      "count": 1,
      "avg_lat": 1.0,
      "avg_score": 99.99333333333334
    },
    "vless": {
      "count": 2,
      "avg_lat": 49.0,
      "avg_score": 99.67333333333333
    },
    "ss": {
      "count": 108,
      "avg_lat": 143.9537037037037,
      "avg_score": 99.0403086419753
    }
  }
}