{
  "scan_timestamp": "2026-07-02T21:13:14.104470+00:00",
  "duration_seconds": 471.1,
  "performance_metrics": {
    "total_processed": 458,
    "valid_configs": 150,
    "duplicates": 0,
    "failed_tests": 308,
    "success_rate": 32.75,
    "avg_latency_ms": 143.1,
    "avg_score": 99.05
  },
  "protocol_summary": {
    "vmess": {
      "count": 2,
      "avg_lat": 54.0,
      "avg_score": 99.64
    },
    "vless": {
      "count": 4,
      "avg_lat": 291.75,
      "avg_score": 98.055
    },
    "ss": {
      "count": 138,
      "avg_lat": 145.52898550724638,
      "avg_score": 99.02980676328502
    },
    "trojan": {
      "count": 6,
      "avg_lat": 17.833333333333332,
      "avg_score": 99.88111111111111
    }
  }
}