{
  "scan_timestamp": "2026-01-25T22:25:02.468177+00:00",
  "duration_seconds": 883.15,
  "performance_metrics": {
    "total_processed": 443,
    "valid_configs": 240,
    "duplicates": 0,
    "failed_tests": 203,
    "success_rate": 54.18,
    "avg_latency_ms": 118.97,
    "avg_score": 99.21
  },
  "protocol_summary": {
    "vmess": {
      "count": 43,
      "avg_lat": 80.86046511627907,
      "avg_score": 99.46093023255813
    },
    "vless": {
      "count": 149,
      "avg_lat": 127.04697986577182,
      "avg_score": 99.15302013422819
    },
    "ss": {
      "count": 0,
      "avg_lat": 0.0,
      "avg_score": 0.0
    },
    "trojan": {
      "count": 48,
      "avg_lat": 128.04166666666666,
      "avg_score": 99.1463888888889
    }
  }
}