{
  "scan_timestamp": "2026-01-07T14:32:56.720912+00:00",
  "duration_seconds": 1129.99,
  "performance_metrics": {
    "total_processed": 481,
    "valid_configs": 346,
    "duplicates": 0,
    "failed_tests": 135,
    "success_rate": 71.93,
    "avg_latency_ms": 152.99,
    "avg_score": 98.98
  },
  "protocol_summary": {
    "vmess": {
      "count": 54,
      "avg_lat": 146.88888888888889,
      "avg_score": 99.02074074074073
    },
    "vless": {
      "count": 203,
      "avg_lat": 128.5270935960591,
      "avg_score": 99.14315270935961
    },
    "ss": {
      "count": 0,
      "avg_lat": 0.0,
      "avg_score": 0.0
    },
    "trojan": {
      "count": 89,
      "avg_lat": 212.5056179775281,
      "avg_score": 98.58329588014982
    }
  }
}