{
  "scan_timestamp": "2026-03-03T21:40:55.028868+00:00",
  "duration_seconds": 1086.23,
  "performance_metrics": {
    "total_processed": 473,
    "valid_configs": 326,
    "duplicates": 0,
    "failed_tests": 147,
    "success_rate": 68.92,
    "avg_latency_ms": 81.25,
    "avg_score": 99.46
  },
  "protocol_summary": {
    "vmess": {
      "count": 60,
      "avg_lat": 49.916666666666664,
      "avg_score": 99.66722222222224
    },
    "vless": {
      "count": 231,
      "avg_lat": 94.13419913419914,
      "avg_score": 99.37243867243868
    },
    "ss": {
      "count": 0,
      "avg_lat": 0.0,
      "avg_score": 0.0
    },
    "trojan": {
      "count": 35,
      "avg_lat": 49.91428571428571,
      "avg_score": 99.6672380952381
    }
  }
}