{
  "scan_timestamp": "2025-12-29T21:24:48.104469+00:00",
  "duration_seconds": 934.39,
  "performance_metrics": {
    "total_processed": 441,
    "valid_configs": 248,
    "duplicates": 0,
    "failed_tests": 193,
    "success_rate": 56.24,
    "avg_latency_ms": 83.32,
    "avg_score": 99.44
  },
  "protocol_summary": {
    "vmess": {
      "count": 49,
      "avg_lat": 96.65306122448979,
      "avg_score": 99.3556462585034
    },
    "vless": {
      "count": 167,
      "avg_lat": 66.35329341317366,
      "avg_score": 99.55764471057884
    },
    "ss": {
      "count": 0,
      "avg_lat": 0.0,
      "avg_score": 0.0
    },
    "trojan": {
      "count": 32,
      "avg_lat": 151.4375,
      "avg_score": 98.99041666666666
    }
  }
}