{
  "scan_timestamp": "2026-01-02T12:38:12.267217+00:00",
  "duration_seconds": 1117.07,
  "performance_metrics": {
    "total_processed": 479,
    "valid_configs": 324,
    "duplicates": 0,
    "failed_tests": 155,
    "success_rate": 67.64,
    "avg_latency_ms": 86.11,
    "avg_score": 99.43
  },
  "protocol_summary": {
    "vmess": {
      "count": 39,
      "avg_lat": 125.84615384615384,
      "avg_score": 99.16102564102565
    },
    "vless": {
      "count": 266,
      "avg_lat": 73.42857142857143,
      "avg_score": 99.5104761904762
    },
    "ss": {
      "count": 0,
      "avg_lat": 0.0,
      "avg_score": 0.0
    },
    "trojan": {
      "count": 19,
      "avg_lat": 182.10526315789474,
      "avg_score": 98.7859649122807
    }
  }
}