{
  "scan_timestamp": "2026-03-25T19:48:24.431905+00:00",
  "duration_seconds": 648.98,
  "performance_metrics": {
    "total_processed": 457,
    "valid_configs": 115,
    "duplicates": 0,
    "failed_tests": 342,
    "success_rate": 25.16,
    "avg_latency_ms": 73.53,
    "avg_score": 99.51
  },
  "protocol_summary": {
    "vmess": {
      "count": 2,
      "avg_lat": 57.5,
      "avg_score": 99.61666666666667
    },
    "vless": {
      "count": 103,
      "avg_lat": 76.10679611650485,
      "avg_score": 99.49262135922329
    },
    "ss": {
      "count": 3,
      "avg_lat": 130.66666666666666,
      "avg_score": 99.12888888888888
    },
    "trojan": {
      "count": 7,
      "avg_lat": 15.714285714285714,
      "avg_score": 99.8952380952381
    }
  }
}