{
  "scan_timestamp": "2026-07-07T16:36:04.777352+00:00",
  "duration_seconds": 357.26,
  "performance_metrics": {
    "total_processed": 460,
    "valid_configs": 119,
    "duplicates": 0,
    "failed_tests": 341,
    "success_rate": 25.87,
    "avg_latency_ms": 111.39,
    "avg_score": 99.26
  },
  "protocol_summary": {
    "ss": {
      "count": 109,
      "avg_lat": 121.36697247706422,
      "avg_score": 99.1908868501529
    },
    "trojan": {
      "count": 10,
      "avg_lat": 2.6,
      "avg_score": 99.98266666666667
    }
  }
}