{
  "scan_timestamp": "2025-12-15T14:31:36.184311+00:00",
  "duration_seconds": 982.87,
  "performance_metrics": {
    "total_processed": 466,
    "valid_configs": 274,
    "duplicates": 0,
    "failed_tests": 192,
    "success_rate": 58.8,
    "avg_latency_ms": 111.97,
    "avg_score": 99.25
  },
  "protocol_summary": {
    "vmess": {
      "count": 52,
      "avg_lat": 136.6346153846154,
      "avg_score": 99.08910256410256
    },
    "vless": {
      "count": 192,
      "avg_lat": 106.08333333333333,
      "avg_score": 99.29277777777777
    },
    "ss": {
      "count": 0,
      "avg_lat": 0.0,
      "avg_score": 0.0
    },
    "trojan": {
      "count": 30,
      "avg_lat": 106.93333333333334,
      "avg_score": 99.2871111111111
    }
  }
}