{
  "scan_timestamp": "2026-01-11T17:26:56.113569+00:00",
  "duration_seconds": 1094.44,
  "performance_metrics": {
    "total_processed": 479,
    "valid_configs": 320,
    "duplicates": 0,
    "failed_tests": 159,
    "success_rate": 66.81,
    "avg_latency_ms": 134.1,
    "avg_score": 99.11
  },
  "protocol_summary": {
    "vmess": {
      "count": 66,
      "avg_lat": 270.1515151515151,
      "avg_score": 98.1989898989899
    },
    "vless": {
      "count": 205,
      "avg_lat": 98.90243902439025,
      "avg_score": 99.34065040650405
    },
    "ss": {
      "count": 0,
      "avg_lat": 0.0,
      "avg_score": 0.0
    },
    "trojan": {
      "count": 49,
      "avg_lat": 98.10204081632654,
      "avg_score": 99.34598639455781
    }
  }
}