{
  "scan_timestamp": "2025-12-31T04:47:58.770095+00:00",
  "duration_seconds": 1050.69,
  "performance_metrics": {
    "total_processed": 479,
    "valid_configs": 285,
    "duplicates": 0,
    "failed_tests": 194,
    "success_rate": 59.5,
    "avg_latency_ms": 107.37,
    "avg_score": 99.28
  },
  "protocol_summary": {
    "vmess": {
      "count": 48,
      "avg_lat": 123.85416666666667,
      "avg_score": 99.17430555555556
    },
    "vless": {
      "count": 207,
      "avg_lat": 90.76811594202898,
      "avg_score": 99.39487922705315
    },
    "ss": {
      "count": 0,
      "avg_lat": 0.0,
      "avg_score": 0.0
    },
    "trojan": {
      "count": 30,
      "avg_lat": 195.56666666666666,
      "avg_score": 98.69622222222223
    }
  }
}