{
  "scan_timestamp": "2025-12-20T23:23:37.563172+00:00",
  "duration_seconds": 860.73,
  "performance_metrics": {
    "total_processed": 460,
    "valid_configs": 241,
    "duplicates": 0,
    "failed_tests": 219,
    "success_rate": 52.39,
    "avg_latency_ms": 103.98,
    "avg_score": 99.31
  },
  "protocol_summary": {
    "vmess": {
      "count": 106,
      "avg_lat": 113.5377358490566,
      "avg_score": 99.24308176100628
    },
    "vless": {
      "count": 92,
      "avg_lat": 71.71739130434783,
      "avg_score": 99.52188405797101
    },
    "ss": {
      "count": 0,
      "avg_lat": 0.0,
      "avg_score": 0.0
    },
    "trojan": {
      "count": 43,
      "avg_lat": 149.46511627906978,
      "avg_score": 99.00356589147287
    }
  }
}