{
  "scan_timestamp": "2025-12-06T23:25:40.694841+00:00",
  "duration_seconds": 975.26,
  "performance_metrics": {
    "total_processed": 475,
    "valid_configs": 252,
    "duplicates": 0,
    "failed_tests": 223,
    "success_rate": 53.05,
    "avg_latency_ms": 171.78,
    "avg_score": 98.85
  },
  "protocol_summary": {
    "vmess": {
      "count": 63,
      "avg_lat": 279.87301587301585,
      "avg_score": 98.1341798941799
    },
    "vless": {
      "count": 129,
      "avg_lat": 97.72093023255815,
      "avg_score": 99.34852713178294
    },
    "ss": {
      "count": 0,
      "avg_lat": 0.0,
      "avg_score": 0.0
    },
    "trojan": {
      "count": 60,
      "avg_lat": 217.51666666666668,
      "avg_score": 98.54988888888889
    }
  }
}