{
  "scan_timestamp": "2025-12-19T14:26:42.611544+00:00",
  "duration_seconds": 908.56,
  "performance_metrics": {
    "total_processed": 464,
    "valid_configs": 242,
    "duplicates": 0,
    "failed_tests": 222,
    "success_rate": 52.16,
    "avg_latency_ms": 102.16,
    "avg_score": 99.32
  },
  "protocol_summary": {
    "vmess": {
      "count": 82,
      "avg_lat": 117.13414634146342,
      "avg_score": 99.21910569105691
    },
    "vless": {
      "count": 125,
      "avg_lat": 76.024,
      "avg_score": 99.49317333333335
    },
    "ss": {
      "count": 0,
      "avg_lat": 0.0,
      "avg_score": 0.0
    },
    "trojan": {
      "count": 35,
      "avg_lat": 160.4,
      "avg_score": 98.93066666666667
    }
  }
}