{
  "scan_timestamp": "2026-01-20T18:34:50.396189+00:00",
  "duration_seconds": 896.89,
  "performance_metrics": {
    "total_processed": 470,
    "valid_configs": 250,
    "duplicates": 0,
    "failed_tests": 220,
    "success_rate": 53.19,
    "avg_latency_ms": 103.67,
    "avg_score": 99.31
  },
  "protocol_summary": {
    "vmess": {
      "count": 78,
      "avg_lat": 85.64102564102564,
      "avg_score": 99.42905982905982
    },
    "vless": {
      "count": 123,
      "avg_lat": 105.96747967479675,
      "avg_score": 99.29355013550135
    },
    "ss": {
      "count": 0,
      "avg_lat": 0.0,
      "avg_score": 0.0
    },
    "trojan": {
      "count": 49,
      "avg_lat": 126.59183673469387,
      "avg_score": 99.1560544217687
    }
  }
}