{
  "scan_timestamp": "2026-01-08T05:34:44.721252+00:00",
  "duration_seconds": 1123.32,
  "performance_metrics": {
    "total_processed": 482,
    "valid_configs": 346,
    "duplicates": 0,
    "failed_tests": 136,
    "success_rate": 71.78,
    "avg_latency_ms": 159.79,
    "avg_score": 98.93
  },
  "protocol_summary": {
    "vmess": {
      "count": 60,
      "avg_lat": 185.11666666666667,
      "avg_score": 98.76588888888888
    },
    "vless": {
      "count": 237,
      "avg_lat": 153.66666666666666,
      "avg_score": 98.97555555555554
    },
    "ss": {
      "count": 0,
      "avg_lat": 0.0,
      "avg_score": 0.0
    },
    "trojan": {
      "count": 49,
      "avg_lat": 158.3673469387755,
      "avg_score": 98.94421768707483
    }
  }
}