{
  "scan_timestamp": "2026-01-10T07:27:56.407575+00:00",
  "duration_seconds": 1013.54,
  "performance_metrics": {
    "total_processed": 461,
    "valid_configs": 315,
    "duplicates": 0,
    "failed_tests": 146,
    "success_rate": 68.33,
    "avg_latency_ms": 133.54,
    "avg_score": 99.11
  },
  "protocol_summary": {
    "vmess": {
      "count": 70,
      "avg_lat": 63.371428571428574,
      "avg_score": 99.57752380952381
    },
    "vless": {
      "count": 172,
      "avg_lat": 138.5174418604651,
      "avg_score": 99.07655038759691
    },
    "ss": {
      "count": 0,
      "avg_lat": 0.0,
      "avg_score": 0.0
    },
    "trojan": {
      "count": 73,
      "avg_lat": 189.0958904109589,
      "avg_score": 98.7393607305936
    }
  }
}