{
  "scan_timestamp": "2026-01-12T10:32:10.227228+00:00",
  "duration_seconds": 1036.68,
  "performance_metrics": {
    "total_processed": 472,
    "valid_configs": 319,
    "duplicates": 0,
    "failed_tests": 153,
    "success_rate": 67.58,
    "avg_latency_ms": 151.72,
    "avg_score": 98.99
  },
  "protocol_summary": {
    "vmess": {
      "count": 93,
      "avg_lat": 100.70967741935483,
      "avg_score": 99.32860215053763
    },
    "vless": {
      "count": 140,
      "avg_lat": 86.12857142857143,
      "avg_score": 99.42580952380952
    },
    "ss": {
      "count": 0,
      "avg_lat": 0.0,
      "avg_score": 0.0
    },
    "trojan": {
      "count": 86,
      "avg_lat": 313.6511627906977,
      "avg_score": 97.90899224806202
    }
  }
}