{
  "scan_timestamp": "2026-02-11T20:05:55.133272+00:00",
  "duration_seconds": 1055.17,
  "performance_metrics": {
    "total_processed": 478,
    "valid_configs": 286,
    "duplicates": 0,
    "failed_tests": 192,
    "success_rate": 59.83,
    "avg_latency_ms": 133.66,
    "avg_score": 99.11
  },
  "protocol_summary": {
    "vmess": {
      "count": 50,
      "avg_lat": 162.06,
      "avg_score": 98.91959999999999
    },
    "vless": {
      "count": 195,
      "avg_lat": 131.8051282051282,
      "avg_score": 99.12129914529913
    },
    "ss": {
      "count": 0,
      "avg_lat": 0.0,
      "avg_score": 0.0
    },
    "trojan": {
      "count": 41,
      "avg_lat": 107.82926829268293,
      "avg_score": 99.28113821138211
    }
  }
}