{
  "scan_timestamp": "2026-02-07T10:32:13.803369+00:00",
  "duration_seconds": 1086.25,
  "performance_metrics": {
    "total_processed": 481,
    "valid_configs": 309,
    "duplicates": 0,
    "failed_tests": 172,
    "success_rate": 64.24,
    "avg_latency_ms": 137.57,
    "avg_score": 99.08
  },
  "protocol_summary": {
    "vmess": {
      "count": 63,
      "avg_lat": 113.06349206349206,
      "avg_score": 99.24624338624339
    },
    "vless": {
      "count": 189,
      "avg_lat": 121.1058201058201,
      "avg_score": 99.1926278659612
    },
    "ss": {
      "count": 0,
      "avg_lat": 0.0,
      "avg_score": 0.0
    },
    "trojan": {
      "count": 57,
      "avg_lat": 219.24561403508773,
      "avg_score": 98.5383625730994
    }
  }
}