{
  "scan_timestamp": "2026-02-22T08:37:54.359019+00:00",
  "duration_seconds": 1165.97,
  "performance_metrics": {
    "total_processed": 474,
    "valid_configs": 357,
    "duplicates": 0,
    "failed_tests": 117,
    "success_rate": 75.32,
    "avg_latency_ms": 75.07,
    "avg_score": 99.5
  },
  "protocol_summary": {
    "vmess": {
      "count": 64,
      "avg_lat": 61.25,
      "avg_score": 99.59166666666667
    },
    "vless": {
      "count": 258,
      "avg_lat": 83.55813953488372,
      "avg_score": 99.4429457364341
    },
    "trojan": {
      "count": 35,
      "avg_lat": 37.77142857142857,
      "avg_score": 99.74819047619047
    }
  }
}