{
  "scan_timestamp": "2026-01-08T11:30:11.918431+00:00",
  "duration_seconds": 1084.08,
  "performance_metrics": {
    "total_processed": 481,
    "valid_configs": 328,
    "duplicates": 0,
    "failed_tests": 153,
    "success_rate": 68.19,
    "avg_latency_ms": 149.54,
    "avg_score": 99.0
  },
  "protocol_summary": {
    "vmess": {
      "count": 40,
      "avg_lat": 133.875,
      "avg_score": 99.1075
    },
    "vless": {
      "count": 222,
      "avg_lat": 166.8153153153153,
      "avg_score": 98.8878978978979
    },
    "ss": {
      "count": 0,
      "avg_lat": 0.0,
      "avg_score": 0.0
    },
    "trojan": {
      "count": 66,
      "avg_lat": 100.93939393939394,
      "avg_score": 99.32707070707072
    }
  }
}