{
  "scan_timestamp": "2026-02-12T06:14:33.428283+00:00",
  "duration_seconds": 1037.55,
  "performance_metrics": {
    "total_processed": 474,
    "valid_configs": 290,
    "duplicates": 0,
    "failed_tests": 184,
    "success_rate": 61.18,
    "avg_latency_ms": 138.58,
    "avg_score": 99.08
  },
  "protocol_summary": {
    "vmess": {
      "count": 50,
      "avg_lat": 143.9,
      "avg_score": 99.04066666666665
    },
    "vless": {
      "count": 193,
      "avg_lat": 115.89119170984456,
      "avg_score": 99.2273920552677
    },
    "ss": {
      "count": 0,
      "avg_lat": 0.0,
      "avg_score": 0.0
    },
    "trojan": {
      "count": 47,
      "avg_lat": 226.08510638297872,
      "avg_score": 98.4927659574468
    }
  }
}