{
  "scan_timestamp": "2026-02-15T08:36:53.623815+00:00",
  "duration_seconds": 1042.87,
  "performance_metrics": {
    "total_processed": 462,
    "valid_configs": 318,
    "duplicates": 0,
    "failed_tests": 144,
    "success_rate": 68.83,
    "avg_latency_ms": 123.43,
    "avg_score": 99.18
  },
  "protocol_summary": {
    "vmess": {
      "count": 74,
      "avg_lat": 129.97297297297297,
      "avg_score": 99.13351351351352
    },
    "vless": {
      "count": 210,
      "avg_lat": 126.63333333333334,
      "avg_score": 99.15577777777777
    },
    "ss": {
      "count": 0,
      "avg_lat": 0.0,
      "avg_score": 0.0
    },
    "trojan": {
      "count": 34,
      "avg_lat": 89.38235294117646,
      "avg_score": 99.40411764705883
    }
  }
}