{
  "scan_timestamp": "2026-03-24T04:18:00.312896+00:00",
  "duration_seconds": 701.24,
  "performance_metrics": {
    "total_processed": 463,
    "valid_configs": 131,
    "duplicates": 0,
    "failed_tests": 332,
    "success_rate": 28.29,
    "avg_latency_ms": 97.53,
    "avg_score": 99.35
  },
  "protocol_summary": {
    "vmess": {
      "count": 1,
      "avg_lat": 21.0,
      "avg_score": 99.86
    },
    "vless": {
      "count": 118,
      "avg_lat": 102.47457627118644,
      "avg_score": 99.31683615819209
    },
    "ss": {
      "count": 2,
      "avg_lat": 113.5,
      "avg_score": 99.24333333333334
    },
    "trojan": {
      "count": 10,
      "avg_lat": 43.7,
      "avg_score": 99.70866666666666
    }
  }
}