{
  "scan_timestamp": "2026-01-18T10:22:03.447064+00:00",
  "duration_seconds": 688.55,
  "performance_metrics": {
    "total_processed": 412,
    "valid_configs": 177,
    "duplicates": 0,
    "failed_tests": 235,
    "success_rate": 42.96,
    "avg_latency_ms": 122.47,
    "avg_score": 99.18
  },
  "protocol_summary": {
    "vmess": {
      "count": 41,
      "avg_lat": 114.73170731707317,
      "avg_score": 99.23512195121951
    },
    "vless": {
      "count": 76,
      "avg_lat": 74.6842105263158,
      "avg_score": 99.50210526315789
    },
    "ss": {
      "count": 0,
      "avg_lat": 0.0,
      "avg_score": 0.0
    },
    "trojan": {
      "count": 60,
      "avg_lat": 188.3,
      "avg_score": 98.74466666666667
    }
  }
}