{
  "scan_timestamp": "2026-04-19T15:42:55.695311+00:00",
  "duration_seconds": 930.73,
  "performance_metrics": {
    "total_processed": 489,
    "valid_configs": 242,
    "duplicates": 0,
    "failed_tests": 247,
    "success_rate": 49.49,
    "avg_latency_ms": 122.12,
    "avg_score": 99.19
  },
  "protocol_summary": {
    "vmess": {
      "count": 2,
      "avg_lat": 141.0,
      "avg_score": 99.06
    },
    "vless": {
      "count": 233,
      "avg_lat": 123.62660944206009,
      "avg_score": 99.1758226037196
    },
    "ss": {
      "count": 1,
      "avg_lat": 130.0,
      "avg_score": 99.13333333333334
    },
    "trojan": {
      "count": 6,
      "avg_lat": 56.166666666666664,
      "avg_score": 99.62555555555555
    }
  }
}