{
  "scan_timestamp": "2026-03-09T08:33:42.552255+00:00",
  "duration_seconds": 186.11,
  "performance_metrics": {
    "total_processed": 373,
    "valid_configs": 33,
    "duplicates": 0,
    "failed_tests": 340,
    "success_rate": 8.85,
    "avg_latency_ms": 118.91,
    "avg_score": 99.21
  },
  "protocol_summary": {
    "vmess": {
      "count": 1,
      "avg_lat": 19.0,
      "avg_score": 99.87333333333333
    },
    "vless": {
      "count": 28,
      "avg_lat": 121.60714285714286,
      "avg_score": 99.18928571428572
    },
    "ss": {
      "count": 4,
      "avg_lat": 125.0,
      "avg_score": 99.16666666666667
    },
    "trojan": {
      "count": 0,
      "avg_lat": 0.0,
      "avg_score": 0.0
    }
  }
}