{
  "scan_timestamp": "2026-04-21T10:23:04.402481+00:00",
  "duration_seconds": 879.31,
  "performance_metrics": {
    "total_processed": 481,
    "valid_configs": 232,
    "duplicates": 0,
    "failed_tests": 249,
    "success_rate": 48.23,
    "avg_latency_ms": 121.59,
    "avg_score": 99.19
  },
  "protocol_summary": {
    "vmess": {
      "count": 4,
      "avg_lat": 155.0,
      "avg_score": 98.96666666666667
    },
    "vless": {
      "count": 219,
      "avg_lat": 121.6986301369863,
      "avg_score": 99.18867579908675
    },
    "ss": {
      "count": 4,
      "avg_lat": 194.5,
      "avg_score": 98.70333333333333
    },
    "trojan": {
      "count": 5,
      "avg_lat": 31.8,
      "avg_score": 99.788
    }
  }
}