{
  "scan_timestamp": "2025-12-21T06:30:49.497351+00:00",
  "duration_seconds": 934.23,
  "performance_metrics": {
    "total_processed": 468,
    "valid_configs": 269,
    "duplicates": 0,
    "failed_tests": 199,
    "success_rate": 57.48,
    "avg_latency_ms": 112.89,
    "avg_score": 99.25
  },
  "protocol_summary": {
    "vmess": {
      "count": 112,
      "avg_lat": 110.41964285714286,
      "avg_score": 99.26386904761905
    },
    "vless": {
      "count": 117,
      "avg_lat": 85.54700854700855,
      "avg_score": 99.4296866096866
    },
    "ss": {
      "count": 0,
      "avg_lat": 0.0,
      "avg_score": 0.0
    },
    "trojan": {
      "count": 40,
      "avg_lat": 199.775,
      "avg_score": 98.66816666666668
    }
  }
}