{
  "scan_timestamp": "2026-04-15T18:14:41.844533+00:00",
  "duration_seconds": 1035.63,
  "performance_metrics": {
    "total_processed": 485,
    "valid_configs": 302,
    "duplicates": 0,
    "failed_tests": 183,
    "success_rate": 62.27,
    "avg_latency_ms": 51.04,
    "avg_score": 99.66
  },
  "protocol_summary": {
    "vmess": {
      "count": 2,
      "avg_lat": 135.5,
      "avg_score": 99.09666666666666
    },
    "vless": {
      "count": 285,
      "avg_lat": 47.37543859649123,
      "avg_score": 99.68416374269006
    },
    "ss": {
      "count": 0,
      "avg_lat": 0.0,
      "avg_score": 0.0
    },
    "trojan": {
      "count": 15,
      "avg_lat": 109.33333333333333,
      "avg_score": 99.27111111111111
    }
  }
}