{
  "scan_timestamp": "2026-02-24T08:01:08.066223+00:00",
  "duration_seconds": 1146.43,
  "performance_metrics": {
    "total_processed": 474,
    "valid_configs": 355,
    "duplicates": 0,
    "failed_tests": 119,
    "success_rate": 74.89,
    "avg_latency_ms": 81.39,
    "avg_score": 99.46
  },
  "protocol_summary": {
    "vmess": {
      "count": 67,
      "avg_lat": 62.134328358208954,
      "avg_score": 99.58577114427861
    },
    "vless": {
      "count": 252,
      "avg_lat": 91.55555555555556,
      "avg_score": 99.38962962962964
    },
    "trojan": {
      "count": 36,
      "avg_lat": 46.083333333333336,
      "avg_score": 99.69277777777778
    }
  }
}