{
  "scan_timestamp": "2025-12-08T11:25:20.420184+00:00",
  "duration_seconds": 916.71,
  "performance_metrics": {
    "total_processed": 476,
    "valid_configs": 207,
    "duplicates": 0,
    "failed_tests": 269,
    "success_rate": 43.49,
    "avg_latency_ms": 238.09,
    "avg_score": 98.41
  },
  "protocol_summary": {
    "vmess": {
      "count": 76,
      "avg_lat": 375.57894736842104,
      "avg_score": 97.4961403508772
    },
    "vless": {
      "count": 63,
      "avg_lat": 88.74603174603175,
      "avg_score": 99.40835978835979
    },
    "ss": {
      "count": 0,
      "avg_lat": 0.0,
      "avg_score": 0.0
    },
    "trojan": {
      "count": 68,
      "avg_lat": 222.77941176470588,
      "avg_score": 98.51480392156861
    }
  }
}