{
  "scan_timestamp": "2026-03-19T01:11:14.270715+00:00",
  "duration_seconds": 231.22,
  "performance_metrics": {
    "total_processed": 396,
    "valid_configs": 44,
    "duplicates": 0,
    "failed_tests": 352,
    "success_rate": 11.11,
    "avg_latency_ms": 63.2,
    "avg_score": 99.58
  },
  "protocol_summary": {
    "vmess": {
      "count": 1,
      "avg_lat": 32.0,
      "avg_score": 99.78666666666666
    },
    "vless": {
      "count": 28,
      "avg_lat": 46.607142857142854,
      "avg_score": 99.68928571428572
    },
    "ss": {
      "count": 3,
      "avg_lat": 161.0,
      "avg_score": 98.92666666666666
    },
    "trojan": {
      "count": 12,
      "avg_lat": 80.08333333333333,
      "avg_score": 99.4661111111111
    }
  }
}