{
  "scan_timestamp": "2025-12-31T15:26:52.246750+00:00",
  "duration_seconds": 947.16,
  "performance_metrics": {
    "total_processed": 444,
    "valid_configs": 283,
    "duplicates": 0,
    "failed_tests": 161,
    "success_rate": 63.74,
    "avg_latency_ms": 126.04,
    "avg_score": 99.16
  },
  "protocol_summary": {
    "vmess": {
      "count": 50,
      "avg_lat": 104.58,
      "avg_score": 99.3028
    },
    "vless": {
      "count": 158,
      "avg_lat": 141.22784810126583,
      "avg_score": 99.05848101265822
    },
    "ss": {
      "count": 0,
      "avg_lat": 0.0,
      "avg_score": 0.0
    },
    "trojan": {
      "count": 75,
      "avg_lat": 108.33333333333333,
      "avg_score": 99.27777777777777
    }
  }
}