{
  "scan_timestamp": "2026-04-06T20:43:14.656243+00:00",
  "duration_seconds": 961.8,
  "performance_metrics": {
    "total_processed": 479,
    "valid_configs": 215,
    "duplicates": 0,
    "failed_tests": 264,
    "success_rate": 44.89,
    "avg_latency_ms": 117.95,
    "avg_score": 99.21
  },
  "protocol_summary": {
    "vmess": {
      "count": 2,
      "avg_lat": 167.5,
      "avg_score": 98.88333333333333
    },
    "vless": {
      "count": 210,
      "avg_lat": 117.05714285714286,
      "avg_score": 99.21961904761905
    },
    "ss": {
      "count": 1,
      "avg_lat": 186.0,
      "avg_score": 98.76
    },
    "trojan": {
      "count": 2,
      "avg_lat": 128.5,
      "avg_score": 99.14333333333335
    }
  }
}