{
  "scan_timestamp": "2026-03-12T13:57:45.687936+00:00",
  "duration_seconds": 208.44,
  "performance_metrics": {
    "total_processed": 362,
    "valid_configs": 32,
    "duplicates": 0,
    "failed_tests": 330,
    "success_rate": 8.84,
    "avg_latency_ms": 74.97,
    "avg_score": 99.5
  },
  "protocol_summary": {
    "vmess": {
      "count": 2,
      "avg_lat": 48.5,
      "avg_score": 99.67666666666668
    },
    "vless": {
      "count": 28,
      "avg_lat": 72.32142857142857,
      "avg_score": 99.51785714285714
    },
    "ss": {
      "count": 1,
      "avg_lat": 259.0,
      "avg_score": 98.27333333333334
    },
    "trojan": {
      "count": 1,
      "avg_lat": 18.0,
      "avg_score": 99.88
    }
  }
}