{
  "scan_timestamp": "2025-12-30T07:32:12.057362+00:00",
  "duration_seconds": 1066.29,
  "performance_metrics": {
    "total_processed": 477,
    "valid_configs": 297,
    "duplicates": 0,
    "failed_tests": 180,
    "success_rate": 62.26,
    "avg_latency_ms": 127.58,
    "avg_score": 99.15
  },
  "protocol_summary": {
    "vmess": {
      "count": 48,
      "avg_lat": 128.875,
      "avg_score": 99.14083333333333
    },
    "vless": {
      "count": 214,
      "avg_lat": 124.49065420560747,
      "avg_score": 99.17006230529596
    },
    "ss": {
      "count": 0,
      "avg_lat": 0.0,
      "avg_score": 0.0
    },
    "trojan": {
      "count": 35,
      "avg_lat": 144.68571428571428,
      "avg_score": 99.03542857142857
    }
  }
}