{
  "scan_timestamp": "2026-02-14T21:31:43.088249+00:00",
  "duration_seconds": 1094.92,
  "performance_metrics": {
    "total_processed": 465,
    "valid_configs": 336,
    "duplicates": 0,
    "failed_tests": 129,
    "success_rate": 72.26,
    "avg_latency_ms": 105.9,
    "avg_score": 99.29
  },
  "protocol_summary": {
    "vmess": {
      "count": 67,
      "avg_lat": 128.08955223880596,
      "avg_score": 99.1460696517413
    },
    "vless": {
      "count": 217,
      "avg_lat": 89.7741935483871,
      "avg_score": 99.40150537634409
    },
    "ss": {
      "count": 0,
      "avg_lat": 0.0,
      "avg_score": 0.0
    },
    "trojan": {
      "count": 52,
      "avg_lat": 144.59615384615384,
      "avg_score": 99.03602564102563
    }
  }
}