{
  "scan_timestamp": "2025-12-17T04:03:54.946371+00:00",
  "duration_seconds": 943.32,
  "performance_metrics": {
    "total_processed": 469,
    "valid_configs": 269,
    "duplicates": 0,
    "failed_tests": 200,
    "success_rate": 57.36,
    "avg_latency_ms": 113.57,
    "avg_score": 99.24
  },
  "protocol_summary": {
    "vmess": {
      "count": 35,
      "avg_lat": 220.37142857142857,
      "avg_score": 98.53085714285714
    },
    "vless": {
      "count": 189,
      "avg_lat": 100.32804232804233,
      "avg_score": 99.33114638447971
    },
    "ss": {
      "count": 0,
      "avg_lat": 0.0,
      "avg_score": 0.0
    },
    "trojan": {
      "count": 45,
      "avg_lat": 86.08888888888889,
      "avg_score": 99.42607407407407
    }
  }
}