{
  "scan_timestamp": "2026-02-23T09:59:47.638259+00:00",
  "duration_seconds": 1140.74,
  "performance_metrics": {
    "total_processed": 484,
    "valid_configs": 353,
    "duplicates": 0,
    "failed_tests": 131,
    "success_rate": 72.93,
    "avg_latency_ms": 108.81,
    "avg_score": 99.27
  },
  "protocol_summary": {
    "vmess": {
      "count": 64,
      "avg_lat": 103.53125,
      "avg_score": 99.30979166666667
    },
    "vless": {
      "count": 257,
      "avg_lat": 114.21789883268482,
      "avg_score": 99.23854734111544
    },
    "trojan": {
      "count": 32,
      "avg_lat": 75.9375,
      "avg_score": 99.49375
    }
  }
}