{
  "scan_timestamp": "2026-02-03T01:21:06.026369+00:00",
  "duration_seconds": 970.03,
  "performance_metrics": {
    "total_processed": 480,
    "valid_configs": 258,
    "duplicates": 0,
    "failed_tests": 222,
    "success_rate": 53.75,
    "avg_latency_ms": 144.03,
    "avg_score": 99.04
  },
  "protocol_summary": {
    "vmess": {
      "count": 75,
      "avg_lat": 64.37333333333333,
      "avg_score": 99.57084444444445
    },
    "vless": {
      "count": 121,
      "avg_lat": 147.96694214876032,
      "avg_score": 99.01355371900826
    },
    "ss": {
      "count": 0,
      "avg_lat": 0.0,
      "avg_score": 0.0
    },
    "trojan": {
      "count": 62,
      "avg_lat": 232.7258064516129,
      "avg_score": 98.4484946236559
    }
  }
}