{
  "scan_timestamp": "2026-04-01T20:49:15.814295+00:00",
  "duration_seconds": 971.45,
  "performance_metrics": {
    "total_processed": 489,
    "valid_configs": 241,
    "duplicates": 0,
    "failed_tests": 248,
    "success_rate": 49.28,
    "avg_latency_ms": 114.64,
    "avg_score": 99.24
  },
  "protocol_summary": {
    "vmess": {
      "count": 2,
      "avg_lat": 111.5,
      "avg_score": 99.25666666666666
    },
    "vless": {
      "count": 236,
      "avg_lat": 114.75847457627118,
      "avg_score": 99.23494350282486
    },
    "ss": {
      "count": 0,
      "avg_lat": 0.0,
      "avg_score": 0.0
    },
    "trojan": {
      "count": 3,
      "avg_lat": 107.66666666666667,
      "avg_score": 99.28222222222223
    }
  }
}