{
  "scan_timestamp": "2026-01-05T09:39:52.629508+00:00",
  "duration_seconds": 1148.82,
  "performance_metrics": {
    "total_processed": 485,
    "valid_configs": 356,
    "duplicates": 0,
    "failed_tests": 129,
    "success_rate": 73.4,
    "avg_latency_ms": 114.29,
    "avg_score": 99.24
  },
  "protocol_summary": {
    "vmess": {
      "count": 32,
      "avg_lat": 108.28125,
      "avg_score": 99.278125
    },
    "vless": {
      "count": 265,
      "avg_lat": 104.41509433962264,
      "avg_score": 99.30389937106918
    },
    "ss": {
      "count": 0,
      "avg_lat": 0.0,
      "avg_score": 0.0
    },
    "trojan": {
      "count": 59,
      "avg_lat": 161.89830508474577,
      "avg_score": 98.92067796610169
    }
  }
}