{
  "scan_timestamp": "2026-04-20T11:23:34.713077+00:00",
  "duration_seconds": 856.03,
  "performance_metrics": {
    "total_processed": 485,
    "valid_configs": 215,
    "duplicates": 0,
    "failed_tests": 270,
    "success_rate": 44.33,
    "avg_latency_ms": 76.21,
    "avg_score": 99.49
  },
  "protocol_summary": {
    "vmess": {
      "count": 6,
      "avg_lat": 139.0,
      "avg_score": 99.07333333333334
    },
    "vless": {
      "count": 201,
      "avg_lat": 74.50746268656717,
      "avg_score": 99.50328358208955
    },
    "ss": {
      "count": 3,
      "avg_lat": 146.0,
      "avg_score": 99.02666666666666
    },
    "trojan": {
      "count": 5,
      "avg_lat": 27.6,
      "avg_score": 99.816
    }
  }
}