{
  "scan_timestamp": "2025-12-11T22:26:05.622509+00:00",
  "duration_seconds": 920.41,
  "performance_metrics": {
    "total_processed": 474,
    "valid_configs": 221,
    "duplicates": 0,
    "failed_tests": 253,
    "success_rate": 46.62,
    "avg_latency_ms": 141.57,
    "avg_score": 99.06
  },
  "protocol_summary": {
    "vmess": {
      "count": 27,
      "avg_lat": 84.66666666666667,
      "avg_score": 99.43555555555557
    },
    "vless": {
      "count": 122,
      "avg_lat": 102.21311475409836,
      "avg_score": 99.31857923497267
    },
    "ss": {
      "count": 0,
      "avg_lat": 0.0,
      "avg_score": 0.0
    },
    "trojan": {
      "count": 72,
      "avg_lat": 229.59722222222223,
      "avg_score": 98.46935185185185
    }
  }
}