{
  "scan_timestamp": "2026-01-06T18:35:30.904383+00:00",
  "duration_seconds": 1176.33,
  "performance_metrics": {
    "total_processed": 481,
    "valid_configs": 370,
    "duplicates": 0,
    "failed_tests": 111,
    "success_rate": 76.92,
    "avg_latency_ms": 141.62,
    "avg_score": 99.06
  },
  "protocol_summary": {
    "vmess": {
      "count": 41,
      "avg_lat": 130.46341463414635,
      "avg_score": 99.13024390243903
    },
    "vless": {
      "count": 251,
      "avg_lat": 136.54980079681275,
      "avg_score": 99.08966799468791
    },
    "ss": {
      "count": 0,
      "avg_lat": 0.0,
      "avg_score": 0.0
    },
    "trojan": {
      "count": 78,
      "avg_lat": 163.82051282051282,
      "avg_score": 98.90786324786325
    }
  }
}