{
  "scan_timestamp": "2025-12-15T18:32:48.931966+00:00",
  "duration_seconds": 973.83,
  "performance_metrics": {
    "total_processed": 464,
    "valid_configs": 267,
    "duplicates": 0,
    "failed_tests": 197,
    "success_rate": 57.54,
    "avg_latency_ms": 100.04,
    "avg_score": 99.33
  },
  "protocol_summary": {
    "vmess": {
      "count": 50,
      "avg_lat": 168.14,
      "avg_score": 98.87906666666667
    },
    "vless": {
      "count": 187,
      "avg_lat": 75.27807486631016,
      "avg_score": 99.49814616755792
    },
    "ss": {
      "count": 0,
      "avg_lat": 0.0,
      "avg_score": 0.0
    },
    "trojan": {
      "count": 30,
      "avg_lat": 140.93333333333334,
      "avg_score": 99.06044444444446
    }
  }
}