{
  "scan_timestamp": "2025-12-12T15:27:42.177540+00:00",
  "duration_seconds": 934.04,
  "performance_metrics": {
    "total_processed": 478,
    "valid_configs": 218,
    "duplicates": 0,
    "failed_tests": 260,
    "success_rate": 45.61,
    "avg_latency_ms": 129.16,
    "avg_score": 99.14
  },
  "protocol_summary": {
    "vmess": {
      "count": 25,
      "avg_lat": 145.92,
      "avg_score": 99.0272
    },
    "vless": {
      "count": 117,
      "avg_lat": 85.62393162393163,
      "avg_score": 99.42917378917379
    },
    "ss": {
      "count": 0,
      "avg_lat": 0.0,
      "avg_score": 0.0
    },
    "trojan": {
      "count": 76,
      "avg_lat": 190.6578947368421,
      "avg_score": 98.72894736842105
    }
  }
}