{
  "scan_timestamp": "2026-03-19T06:46:39.868283+00:00",
  "duration_seconds": 245.49,
  "performance_metrics": {
    "total_processed": 407,
    "valid_configs": 46,
    "duplicates": 0,
    "failed_tests": 361,
    "success_rate": 11.3,
    "avg_latency_ms": 73.26,
    "avg_score": 99.51
  },
  "protocol_summary": {
    "vmess": {
      "count": 1,
      "avg_lat": 70.0,
      "avg_score": 99.53333333333333
    },
    "vless": {
      "count": 28,
      "avg_lat": 75.78571428571429,
      "avg_score": 99.49476190476192
    },
    "ss": {
      "count": 3,
      "avg_lat": 181.66666666666666,
      "avg_score": 98.78888888888889
    },
    "trojan": {
      "count": 14,
      "avg_lat": 45.214285714285715,
      "avg_score": 99.69857142857143
    }
  }
}