{
  "scan_timestamp": "2026-03-16T04:32:45.699072+00:00",
  "duration_seconds": 208.73,
  "performance_metrics": {
    "total_processed": 378,
    "valid_configs": 35,
    "duplicates": 0,
    "failed_tests": 343,
    "success_rate": 9.26,
    "avg_latency_ms": 60.06,
    "avg_score": 99.6
  },
  "protocol_summary": {
    "vmess": {
      "count": 1,
      "avg_lat": 19.0,
      "avg_score": 99.87333333333333
    },
    "vless": {
      "count": 29,
      "avg_lat": 52.10344827586207,
      "avg_score": 99.65264367816093
    },
    "ss": {
      "count": 4,
      "avg_lat": 142.5,
      "avg_score": 99.05
    },
    "trojan": {
      "count": 1,
      "avg_lat": 2.0,
      "avg_score": 99.98666666666666
    }
  }
}