{
  "scan_timestamp": "2026-04-07T23:43:31.875978+00:00",
  "duration_seconds": 953.51,
  "performance_metrics": {
    "total_processed": 482,
    "valid_configs": 187,
    "duplicates": 0,
    "failed_tests": 295,
    "success_rate": 38.8,
    "avg_latency_ms": 87.36,
    "avg_score": 99.42
  },
  "protocol_summary": {
    "vmess": {
      "count": 2,
      "avg_lat": 108.5,
      "avg_score": 99.27666666666667
    },
    "vless": {
      "count": 182,
      "avg_lat": 86.95054945054945,
      "avg_score": 99.42032967032966
    },
    "ss": {
      "count": 1,
      "avg_lat": 123.0,
      "avg_score": 99.18
    },
    "trojan": {
      "count": 2,
      "avg_lat": 86.0,
      "avg_score": 99.42666666666666
    }
  }
}