{
  "scan_timestamp": "2026-02-18T06:11:47.688804+00:00",
  "duration_seconds": 1117.4,
  "performance_metrics": {
    "total_processed": 461,
    "valid_configs": 351,
    "duplicates": 0,
    "failed_tests": 110,
    "success_rate": 76.14,
    "avg_latency_ms": 106.8,
    "avg_score": 99.29
  },
  "protocol_summary": {
    "vmess": {
      "count": 51,
      "avg_lat": 141.84313725490196,
      "avg_score": 99.05437908496732
    },
    "vless": {
      "count": 262,
      "avg_lat": 100.70992366412214,
      "avg_score": 99.32860050890585
    },
    "ss": {
      "count": 0,
      "avg_lat": 0.0,
      "avg_score": 0.0
    },
    "trojan": {
      "count": 38,
      "avg_lat": 101.78947368421052,
      "avg_score": 99.32140350877192
    }
  }
}