{
  "scan_timestamp": "2026-01-22T23:27:24.132800+00:00",
  "duration_seconds": 973.62,
  "performance_metrics": {
    "total_processed": 457,
    "valid_configs": 278,
    "duplicates": 0,
    "failed_tests": 179,
    "success_rate": 60.83,
    "avg_latency_ms": 107.83,
    "avg_score": 99.28
  },
  "protocol_summary": {
    "vmess": {
      "count": 118,
      "avg_lat": 110.82203389830508,
      "avg_score": 99.26118644067796
    },
    "vless": {
      "count": 129,
      "avg_lat": 95.55038759689923,
      "avg_score": 99.36299741602066
    },
    "ss": {
      "count": 0,
      "avg_lat": 0.0,
      "avg_score": 0.0
    },
    "trojan": {
      "count": 31,
      "avg_lat": 147.5483870967742,
      "avg_score": 99.0163440860215
    }
  }
}