{
  "scan_timestamp": "2026-02-20T16:44:04.576871+00:00",
  "duration_seconds": 1200.34,
  "performance_metrics": {
    "total_processed": 474,
    "valid_configs": 384,
    "duplicates": 0,
    "failed_tests": 90,
    "success_rate": 81.01,
    "avg_latency_ms": 117.51,
    "avg_score": 99.22
  },
  "protocol_summary": {
    "vmess": {
      "count": 69,
      "avg_lat": 129.1304347826087,
      "avg_score": 99.13913043478261
    },
    "vless": {
      "count": 280,
      "avg_lat": 119.21428571428571,
      "avg_score": 99.2052380952381
    },
    "trojan": {
      "count": 35,
      "avg_lat": 80.97142857142858,
      "avg_score": 99.46019047619048
    }
  }
}