{
  "scan_timestamp": "2026-01-28T22:30:51.375515+00:00",
  "duration_seconds": 899.14,
  "performance_metrics": {
    "total_processed": 467,
    "valid_configs": 234,
    "duplicates": 0,
    "failed_tests": 233,
    "success_rate": 50.11,
    "avg_latency_ms": 99.26,
    "avg_score": 99.34
  },
  "protocol_summary": {
    "vmess": {
      "count": 105,
      "avg_lat": 50.7047619047619,
      "avg_score": 99.66196825396825
    },
    "vless": {
      "count": 77,
      "avg_lat": 121.98701298701299,
      "avg_score": 99.18675324675324
    },
    "ss": {
      "count": 0,
      "avg_lat": 0.0,
      "avg_score": 0.0
    },
    "trojan": {
      "count": 52,
      "avg_lat": 163.6346153846154,
      "avg_score": 98.90910256410257
    }
  }
}