{
  "scan_timestamp": "2026-02-15T17:33:34.715803+00:00",
  "duration_seconds": 1052.81,
  "performance_metrics": {
    "total_processed": 462,
    "valid_configs": 311,
    "duplicates": 0,
    "failed_tests": 151,
    "success_rate": 67.32,
    "avg_latency_ms": 93.38,
    "avg_score": 99.38
  },
  "protocol_summary": {
    "vmess": {
      "count": 72,
      "avg_lat": 125.06944444444444,
      "avg_score": 99.1662037037037
    },
    "vless": {
      "count": 208,
      "avg_lat": 83.1923076923077,
      "avg_score": 99.44538461538461
    },
    "ss": {
      "count": 0,
      "avg_lat": 0.0,
      "avg_score": 0.0
    },
    "trojan": {
      "count": 31,
      "avg_lat": 88.12903225806451,
      "avg_score": 99.41247311827958
    }
  }
}