{
  "scan_timestamp": "2026-01-21T04:15:39.829121+00:00",
  "duration_seconds": 876.65,
  "performance_metrics": {
    "total_processed": 426,
    "valid_configs": 234,
    "duplicates": 0,
    "failed_tests": 192,
    "success_rate": 54.93,
    "avg_latency_ms": 92.7,
    "avg_score": 99.38
  },
  "protocol_summary": {
    "vmess": {
      "count": 61,
      "avg_lat": 91.8360655737705,
      "avg_score": 99.38775956284154
    },
    "vless": {
      "count": 131,
      "avg_lat": 61.97709923664122,
      "avg_score": 99.58681933842239
    },
    "ss": {
      "count": 0,
      "avg_lat": 0.0,
      "avg_score": 0.0
    },
    "trojan": {
      "count": 42,
      "avg_lat": 189.78571428571428,
      "avg_score": 98.7347619047619
    }
  }
}