{
  "scan_timestamp": "2025-12-29T16:27:48.223413+00:00",
  "duration_seconds": 912.08,
  "performance_metrics": {
    "total_processed": 440,
    "valid_configs": 243,
    "duplicates": 0,
    "failed_tests": 197,
    "success_rate": 55.23,
    "avg_latency_ms": 119.86,
    "avg_score": 99.2
  },
  "protocol_summary": {
    "vmess": {
      "count": 48,
      "avg_lat": 133.70833333333334,
      "avg_score": 99.1086111111111
    },
    "vless": {
      "count": 167,
      "avg_lat": 104.08982035928143,
      "avg_score": 99.30606786427147
    },
    "ss": {
      "count": 0,
      "avg_lat": 0.0,
      "avg_score": 0.0
    },
    "trojan": {
      "count": 28,
      "avg_lat": 190.17857142857142,
      "avg_score": 98.73214285714286
    }
  }
}