{
  "scan_timestamp": "2026-03-21T03:28:35.527219+00:00",
  "duration_seconds": 403.26,
  "performance_metrics": {
    "total_processed": 416,
    "valid_configs": 49,
    "duplicates": 0,
    "failed_tests": 367,
    "success_rate": 11.78,
    "avg_latency_ms": 147.53,
    "avg_score": 99.02
  },
  "protocol_summary": {
    "vmess": {
      "count": 1,
      "avg_lat": 70.0,
      "avg_score": 99.53333333333333
    },
    "vless": {
      "count": 27,
      "avg_lat": 69.88888888888889,
      "avg_score": 99.53407407407407
    },
    "ss": {
      "count": 15,
      "avg_lat": 314.2,
      "avg_score": 97.90533333333333
    },
    "trojan": {
      "count": 6,
      "avg_lat": 93.16666666666667,
      "avg_score": 99.37888888888888
    }
  }
}