{
  "scan_timestamp": "2026-03-12T17:43:35.768018+00:00",
  "duration_seconds": 208.51,
  "performance_metrics": {
    "total_processed": 362,
    "valid_configs": 32,
    "duplicates": 0,
    "failed_tests": 330,
    "success_rate": 8.84,
    "avg_latency_ms": 87.94,
    "avg_score": 99.41
  },
  "protocol_summary": {
    "vmess": {
      "count": 2,
      "avg_lat": 49.0,
      "avg_score": 99.67333333333335
    },
    "vless": {
      "count": 28,
      "avg_lat": 86.96428571428571,
      "avg_score": 99.42023809523809
    },
    "ss": {
      "count": 1,
      "avg_lat": 263.0,
      "avg_score": 98.24666666666667
    },
    "trojan": {
      "count": 1,
      "avg_lat": 18.0,
      "avg_score": 99.88
    }
  }
}