{
  "scan_timestamp": "2026-02-19T20:39:26.740220+00:00",
  "duration_seconds": 1171.77,
  "performance_metrics": {
    "total_processed": 472,
    "valid_configs": 375,
    "duplicates": 0,
    "failed_tests": 97,
    "success_rate": 79.45,
    "avg_latency_ms": 103.08,
    "avg_score": 99.31
  },
  "protocol_summary": {
    "vmess": {
      "count": 67,
      "avg_lat": 97.29850746268657,
      "avg_score": 99.35134328358208
    },
    "vless": {
      "count": 276,
      "avg_lat": 112.02173913043478,
      "avg_score": 99.2531884057971
    },
    "ss": {
      "count": 0,
      "avg_lat": 0.0,
      "avg_score": 0.0
    },
    "trojan": {
      "count": 32,
      "avg_lat": 38.0625,
      "avg_score": 99.74625
    }
  }
}