{
  "scan_timestamp": "2026-01-10T10:25:21.052787+00:00",
  "duration_seconds": 891.41,
  "performance_metrics": {
    "total_processed": 454,
    "valid_configs": 275,
    "duplicates": 0,
    "failed_tests": 179,
    "success_rate": 60.57,
    "avg_latency_ms": 175.81,
    "avg_score": 98.83
  },
  "protocol_summary": {
    "vmess": {
      "count": 31,
      "avg_lat": 171.70967741935485,
      "avg_score": 98.8552688172043
    },
    "vless": {
      "count": 171,
      "avg_lat": 168.89473684210526,
      "avg_score": 98.87403508771929
    },
    "ss": {
      "count": 0,
      "avg_lat": 0.0,
      "avg_score": 0.0
    },
    "trojan": {
      "count": 73,
      "avg_lat": 193.75342465753425,
      "avg_score": 98.70831050228311
    }
  }
}