{
  "scan_timestamp": "2026-06-29T09:05:35.081737+00:00",
  "duration_seconds": 429.14,
  "performance_metrics": {
    "total_processed": 458,
    "valid_configs": 136,
    "duplicates": 0,
    "failed_tests": 322,
    "success_rate": 29.69,
    "avg_latency_ms": 145.27,
    "avg_score": 99.03
  },
  "protocol_summary": {
    "vmess": {
      "count": 2,
      "avg_lat": 4.5,
      "avg_score": 99.97
    },
    "vless": {
      "count": 8,
      "avg_lat": 198.5,
      "avg_score": 98.67666666666666
    },
    "ss": {
      "count": 113,
      "avg_lat": 130.21238938053096,
      "avg_score": 99.13191740412978
    },
    "trojan": {
      "count": 13,
      "avg_lat": 265.0769230769231,
      "avg_score": 98.23282051282051
    }
  }
}