{
  "scan_timestamp": "2026-02-27T07:56:19.268544+00:00",
  "duration_seconds": 1106.28,
  "performance_metrics": {
    "total_processed": 473,
    "valid_configs": 334,
    "duplicates": 0,
    "failed_tests": 139,
    "success_rate": 70.61,
    "avg_latency_ms": 104.13,
    "avg_score": 99.31
  },
  "protocol_summary": {
    "vmess": {
      "count": 62,
      "avg_lat": 101.51612903225806,
      "avg_score": 99.32322580645162
    },
    "vless": {
      "count": 237,
      "avg_lat": 111.49367088607595,
      "avg_score": 99.25670886075949
    },
    "ss": {
      "count": 0,
      "avg_lat": 0.0,
      "avg_score": 0.0
    },
    "trojan": {
      "count": 35,
      "avg_lat": 58.94285714285714,
      "avg_score": 99.60704761904762
    }
  }
}