{
  "scan_timestamp": "2026-02-17T15:00:14.588398+00:00",
  "duration_seconds": 1040.58,
  "performance_metrics": {
    "total_processed": 456,
    "valid_configs": 318,
    "duplicates": 0,
    "failed_tests": 138,
    "success_rate": 69.74,
    "avg_latency_ms": 119.22,
    "avg_score": 99.21
  },
  "protocol_summary": {
    "vmess": {
      "count": 55,
      "avg_lat": 131.52727272727273,
      "avg_score": 99.12315151515152
    },
    "vless": {
      "count": 222,
      "avg_lat": 116.45945945945945,
      "avg_score": 99.2236036036036
    },
    "ss": {
      "count": 0,
      "avg_lat": 0.0,
      "avg_score": 0.0
    },
    "trojan": {
      "count": 41,
      "avg_lat": 117.65853658536585,
      "avg_score": 99.21560975609756
    }
  }
}