{
  "scan_timestamp": "2026-02-13T19:51:07.264981+00:00",
  "duration_seconds": 1035.86,
  "performance_metrics": {
    "total_processed": 467,
    "valid_configs": 316,
    "duplicates": 0,
    "failed_tests": 151,
    "success_rate": 67.67,
    "avg_latency_ms": 136.03,
    "avg_score": 99.09
  },
  "protocol_summary": {
    "vmess": {
      "count": 97,
      "avg_lat": 106.79381443298969,
      "avg_score": 99.2880412371134
    },
    "vless": {
      "count": 182,
      "avg_lat": 157.85714285714286,
      "avg_score": 98.94761904761906
    },
    "ss": {
      "count": 0,
      "avg_lat": 0.0,
      "avg_score": 0.0
    },
    "trojan": {
      "count": 37,
      "avg_lat": 105.29729729729729,
      "avg_score": 99.29801801801801
    }
  }
}