{
  "scan_timestamp": "2026-03-10T14:42:17.892096+00:00",
  "duration_seconds": 216.87,
  "performance_metrics": {
    "total_processed": 378,
    "valid_configs": 35,
    "duplicates": 0,
    "failed_tests": 343,
    "success_rate": 9.26,
    "avg_latency_ms": 111.31,
    "avg_score": 99.26
  },
  "protocol_summary": {
    "vmess": {
      "count": 3,
      "avg_lat": 159.66666666666666,
      "avg_score": 98.93555555555555
    },
    "vless": {
      "count": 30,
      "avg_lat": 102.66666666666667,
      "avg_score": 99.31555555555556
    },
    "ss": {
      "count": 1,
      "avg_lat": 178.0,
      "avg_score": 98.81333333333333
    },
    "trojan": {
      "count": 1,
      "avg_lat": 159.0,
      "avg_score": 98.94
    }
  }
}