{
  "scan_timestamp": "2026-03-18T09:44:46.749495+00:00",
  "duration_seconds": 238.64,
  "performance_metrics": {
    "total_processed": 397,
    "valid_configs": 42,
    "duplicates": 0,
    "failed_tests": 355,
    "success_rate": 10.58,
    "avg_latency_ms": 55.4,
    "avg_score": 99.63
  },
  "protocol_summary": {
    "vmess": {
      "count": 1,
      "avg_lat": 27.0,
      "avg_score": 99.82
    },
    "vless": {
      "count": 29,
      "avg_lat": 50.6551724137931,
      "avg_score": 99.6622988505747
    },
    "ss": {
      "count": 3,
      "avg_lat": 120.66666666666667,
      "avg_score": 99.19555555555554
    },
    "trojan": {
      "count": 9,
      "avg_lat": 52.111111111111114,
      "avg_score": 99.6525925925926
    }
  }
}