{
  "scan_timestamp": "2026-04-10T21:43:29.757027+00:00",
  "duration_seconds": 1048.71,
  "performance_metrics": {
    "total_processed": 487,
    "valid_configs": 244,
    "duplicates": 0,
    "failed_tests": 243,
    "success_rate": 50.1,
    "avg_latency_ms": 112.54,
    "avg_score": 99.25
  },
  "protocol_summary": {
    "vmess": {
      "count": 2,
      "avg_lat": 149.0,
      "avg_score": 99.00666666666666
    },
    "vless": {
      "count": 234,
      "avg_lat": 113.41025641025641,
      "avg_score": 99.24393162393163
    },
    "ss": {
      "count": 1,
      "avg_lat": 176.0,
      "avg_score": 98.82666666666667
    },
    "trojan": {
      "count": 7,
      "avg_lat": 64.0,
      "avg_score": 99.57333333333334
    }
  }
}