{
  "scan_timestamp": "2026-01-11T15:27:11.675150+00:00",
  "duration_seconds": 1059.75,
  "performance_metrics": {
    "total_processed": 472,
    "valid_configs": 310,
    "duplicates": 0,
    "failed_tests": 162,
    "success_rate": 65.68,
    "avg_latency_ms": 121.44,
    "avg_score": 99.19
  },
  "protocol_summary": {
    "vmess": {
      "count": 54,
      "avg_lat": 152.3148148148148,
      "avg_score": 98.98456790123457
    },
    "vless": {
      "count": 206,
      "avg_lat": 111.42233009708738,
      "avg_score": 99.25718446601941
    },
    "ss": {
      "count": 0,
      "avg_lat": 0.0,
      "avg_score": 0.0
    },
    "trojan": {
      "count": 50,
      "avg_lat": 129.38,
      "avg_score": 99.13746666666665
    }
  }
}