{
  "scan_timestamp": "2026-07-09T03:01:49.023464+00:00",
  "duration_seconds": 506.68,
  "performance_metrics": {
    "total_processed": 460,
    "valid_configs": 159,
    "duplicates": 0,
    "failed_tests": 301,
    "success_rate": 34.57,
    "avg_latency_ms": 152.19,
    "avg_score": 98.99
  },
  "protocol_summary": {
    "vmess": {
      "count": 1,
      "avg_lat": 69.0,
      "avg_score": 99.54
    },
    "ss": {
      "count": 151,
      "avg_lat": 157.09271523178808,
      "avg_score": 98.95271523178808
    },
    "trojan": {
      "count": 7,
      "avg_lat": 58.285714285714285,
      "avg_score": 99.61142857142856
    }
  }
}