{
  "scan_timestamp": "2025-12-15T16:32:09.518456+00:00",
  "duration_seconds": 983.71,
  "performance_metrics": {
    "total_processed": 466,
    "valid_configs": 275,
    "duplicates": 0,
    "failed_tests": 191,
    "success_rate": 59.01,
    "avg_latency_ms": 100.12,
    "avg_score": 99.33
  },
  "protocol_summary": {
    "vmess": {
      "count": 54,
      "avg_lat": 167.33333333333334,
      "avg_score": 98.88444444444445
    },
    "vless": {
      "count": 191,
      "avg_lat": 76.36125654450262,
      "avg_score": 99.49092495636998
    },
    "ss": {
      "count": 0,
      "avg_lat": 0.0,
      "avg_score": 0.0
    },
    "trojan": {
      "count": 30,
      "avg_lat": 130.43333333333334,
      "avg_score": 99.13044444444445
    }
  }
}