{
  "scan_timestamp": "2026-02-09T12:56:47.894567+00:00",
  "duration_seconds": 1087.34,
  "performance_metrics": {
    "total_processed": 477,
    "valid_configs": 342,
    "duplicates": 0,
    "failed_tests": 135,
    "success_rate": 71.7,
    "avg_latency_ms": 138.63,
    "avg_score": 99.08
  },
  "protocol_summary": {
    "vmess": {
      "count": 45,
      "avg_lat": 164.44444444444446,
      "avg_score": 98.90370370370371
    },
    "vless": {
      "count": 212,
      "avg_lat": 132.72169811320754,
      "avg_score": 99.11518867924528
    },
    "ss": {
      "count": 0,
      "avg_lat": 0.0,
      "avg_score": 0.0
    },
    "trojan": {
      "count": 85,
      "avg_lat": 139.7058823529412,
      "avg_score": 99.0686274509804
    }
  }
}