{
  "scan_timestamp": "2026-06-29T23:08:11.313954+00:00",
  "duration_seconds": 470.84,
  "performance_metrics": {
    "total_processed": 445,
    "valid_configs": 143,
    "duplicates": 0,
    "failed_tests": 302,
    "success_rate": 32.13,
    "avg_latency_ms": 138.31,
    "avg_score": 99.08
  },
  "protocol_summary": {
    "vmess": {
      "count": 1,
      "avg_lat": 4.0,
      "avg_score": 99.97333333333333
    },
    "vless": {
      "count": 9,
      "avg_lat": 185.22222222222223,
      "avg_score": 98.76518518518519
    },
    "ss": {
      "count": 114,
      "avg_lat": 110.75438596491227,
      "avg_score": 99.26163742690058
    },
    "trojan": {
      "count": 19,
      "avg_lat": 288.5263157894737,
      "avg_score": 98.07649122807018
    }
  }
}