{
  "scan_timestamp": "2026-03-15T07:40:48.284298+00:00",
  "duration_seconds": 211.12,
  "performance_metrics": {
    "total_processed": 354,
    "valid_configs": 35,
    "duplicates": 0,
    "failed_tests": 319,
    "success_rate": 9.89,
    "avg_latency_ms": 57.06,
    "avg_score": 99.62
  },
  "protocol_summary": {
    "vmess": {
      "count": 1,
      "avg_lat": 22.0,
      "avg_score": 99.85333333333334
    },
    "vless": {
      "count": 28,
      "avg_lat": 50.642857142857146,
      "avg_score": 99.66238095238096
    },
    "ss": {
      "count": 5,
      "avg_lat": 111.0,
      "avg_score": 99.26
    },
    "trojan": {
      "count": 1,
      "avg_lat": 2.0,
      "avg_score": 99.98666666666666
    }
  }
}