{
  "scan_timestamp": "2026-03-14T17:21:29.000716+00:00",
  "duration_seconds": 296.89,
  "performance_metrics": {
    "total_processed": 337,
    "valid_configs": 63,
    "duplicates": 0,
    "failed_tests": 274,
    "success_rate": 18.69,
    "avg_latency_ms": 218.86,
    "avg_score": 98.54
  },
  "protocol_summary": {
    "vmess": {
      "count": 2,
      "avg_lat": 17.5,
      "avg_score": 99.88333333333333
    },
    "vless": {
      "count": 27,
      "avg_lat": 46.851851851851855,
      "avg_score": 99.68765432098765
    },
    "ss": {
      "count": 33,
      "avg_lat": 378.3636363636364,
      "avg_score": 97.47757575757575
    },
    "trojan": {
      "count": 1,
      "avg_lat": 2.0,
      "avg_score": 99.98666666666666
    }
  }
}