{
  "scan_timestamp": "2025-12-09T21:24:18.430333+00:00",
  "duration_seconds": 938.54,
  "performance_metrics": {
    "total_processed": 475,
    "valid_configs": 217,
    "duplicates": 0,
    "failed_tests": 258,
    "success_rate": 45.68,
    "avg_latency_ms": 175.69,
    "avg_score": 98.83
  },
  "protocol_summary": {
    "vmess": {
      "count": 61,
      "avg_lat": 214.54098360655738,
      "avg_score": 98.56972677595628
    },
    "vless": {
      "count": 96,
      "avg_lat": 118.25,
      "avg_score": 99.21166666666666
    },
    "ss": {
      "count": 0,
      "avg_lat": 0.0,
      "avg_score": 0.0
    },
    "trojan": {
      "count": 60,
      "avg_lat": 228.1,
      "avg_score": 98.47933333333334
    }
  }
}