{
  "scan_timestamp": "2026-02-15T20:30:46.653693+00:00",
  "duration_seconds": 1065.81,
  "performance_metrics": {
    "total_processed": 462,
    "valid_configs": 319,
    "duplicates": 0,
    "failed_tests": 143,
    "success_rate": 69.05,
    "avg_latency_ms": 110.37,
    "avg_score": 99.26
  },
  "protocol_summary": {
    "vmess": {
      "count": 82,
      "avg_lat": 106.15853658536585,
      "avg_score": 99.29227642276423
    },
    "vless": {
      "count": 207,
      "avg_lat": 111.03864734299516,
      "avg_score": 99.2597423510467
    },
    "ss": {
      "count": 0,
      "avg_lat": 0.0,
      "avg_score": 0.0
    },
    "trojan": {
      "count": 30,
      "avg_lat": 117.26666666666667,
      "avg_score": 99.21822222222222
    }
  }
}