{
  "scan_timestamp": "2026-03-06T05:26:01.065570+00:00",
  "duration_seconds": 1075.05,
  "performance_metrics": {
    "total_processed": 473,
    "valid_configs": 321,
    "duplicates": 0,
    "failed_tests": 152,
    "success_rate": 67.86,
    "avg_latency_ms": 92.09,
    "avg_score": 99.39
  },
  "protocol_summary": {
    "vmess": {
      "count": 60,
      "avg_lat": 68.45,
      "avg_score": 99.54366666666667
    },
    "vless": {
      "count": 226,
      "avg_lat": 88.34955752212389,
      "avg_score": 99.4110029498525
    },
    "ss": {
      "count": 0,
      "avg_lat": 0.0,
      "avg_score": 0.0
    },
    "trojan": {
      "count": 35,
      "avg_lat": 156.8,
      "avg_score": 98.95466666666667
    }
  }
}