{
  "scan_timestamp": "2026-02-05T09:50:55.671779+00:00",
  "duration_seconds": 1098.89,
  "performance_metrics": {
    "total_processed": 485,
    "valid_configs": 309,
    "duplicates": 0,
    "failed_tests": 176,
    "success_rate": 63.71,
    "avg_latency_ms": 156.69,
    "avg_score": 98.96
  },
  "protocol_summary": {
    "vmess": {
      "count": 62,
      "avg_lat": 98.29032258064517,
      "avg_score": 99.3447311827957
    },
    "vless": {
      "count": 165,
      "avg_lat": 155.45454545454547,
      "avg_score": 98.96363636363637
    },
    "ss": {
      "count": 0,
      "avg_lat": 0.0,
      "avg_score": 0.0
    },
    "trojan": {
      "count": 82,
      "avg_lat": 203.34146341463415,
      "avg_score": 98.64439024390244
    }
  }
}