{
  "scan_timestamp": "2026-02-27T14:09:30.252082+00:00",
  "duration_seconds": 1107.94,
  "performance_metrics": {
    "total_processed": 473,
    "valid_configs": 335,
    "duplicates": 0,
    "failed_tests": 138,
    "success_rate": 70.82,
    "avg_latency_ms": 114.21,
    "avg_score": 99.24
  },
  "protocol_summary": {
    "vmess": {
      "count": 62,
      "avg_lat": 103.7258064516129,
      "avg_score": 99.30849462365592
    },
    "vless": {
      "count": 238,
      "avg_lat": 124.49159663865547,
      "avg_score": 99.17005602240896
    },
    "ss": {
      "count": 0,
      "avg_lat": 0.0,
      "avg_score": 0.0
    },
    "trojan": {
      "count": 35,
      "avg_lat": 62.82857142857143,
      "avg_score": 99.58114285714286
    }
  }
}