{
  "scan_timestamp": "2025-12-09T08:33:13.636072+00:00",
  "duration_seconds": 1030.72,
  "performance_metrics": {
    "total_processed": 477,
    "valid_configs": 296,
    "duplicates": 0,
    "failed_tests": 181,
    "success_rate": 62.05,
    "avg_latency_ms": 177.44,
    "avg_score": 98.82
  },
  "protocol_summary": {
    "vmess": {
      "count": 87,
      "avg_lat": 205.05747126436782,
      "avg_score": 98.63295019157088
    },
    "vless": {
      "count": 167,
      "avg_lat": 150.562874251497,
      "avg_score": 98.99624750499002
    },
    "ss": {
      "count": 0,
      "avg_lat": 0.0,
      "avg_score": 0.0
    },
    "trojan": {
      "count": 42,
      "avg_lat": 227.11904761904762,
      "avg_score": 98.48587301587301
    }
  }
}