{
  "scan_timestamp": "2025-12-22T22:25:39.738554+00:00",
  "duration_seconds": 915.17,
  "performance_metrics": {
    "total_processed": 470,
    "valid_configs": 261,
    "duplicates": 0,
    "failed_tests": 209,
    "success_rate": 55.53,
    "avg_latency_ms": 140.03,
    "avg_score": 99.07
  },
  "protocol_summary": {
    "vmess": {
      "count": 55,
      "avg_lat": 133.8,
      "avg_score": 99.10799999999999
    },
    "vless": {
      "count": 131,
      "avg_lat": 70.96946564885496,
      "avg_score": 99.52687022900764
    },
    "ss": {
      "count": 3,
      "avg_lat": 172.66666666666666,
      "avg_score": 98.8488888888889
    },
    "trojan": {
      "count": 72,
      "avg_lat": 269.0833333333333,
      "avg_score": 98.20611111111111
    }
  }
}