{
  "scan_timestamp": "2026-02-22T16:34:36.725351+00:00",
  "duration_seconds": 1146.47,
  "performance_metrics": {
    "total_processed": 474,
    "valid_configs": 349,
    "duplicates": 0,
    "failed_tests": 125,
    "success_rate": 73.63,
    "avg_latency_ms": 105.45,
    "avg_score": 99.3
  },
  "protocol_summary": {
    "vmess": {
      "count": 64,
      "avg_lat": 79.984375,
      "avg_score": 99.46677083333333
    },
    "vless": {
      "count": 250,
      "avg_lat": 113.896,
      "avg_score": 99.24069333333333
    },
    "trojan": {
      "count": 35,
      "avg_lat": 91.65714285714286,
      "avg_score": 99.38895238095238
    }
  }
}