{
  "scan_timestamp": "2026-03-25T18:04:32.882261+00:00",
  "duration_seconds": 670.34,
  "performance_metrics": {
    "total_processed": 459,
    "valid_configs": 115,
    "duplicates": 0,
    "failed_tests": 344,
    "success_rate": 25.05,
    "avg_latency_ms": 84.89,
    "avg_score": 99.43
  },
  "protocol_summary": {
    "vmess": {
      "count": 2,
      "avg_lat": 67.0,
      "avg_score": 99.55333333333334
    },
    "vless": {
      "count": 103,
      "avg_lat": 88.27184466019418,
      "avg_score": 99.41152103559871
    },
    "ss": {
      "count": 3,
      "avg_lat": 138.33333333333334,
      "avg_score": 99.07777777777778
    },
    "trojan": {
      "count": 7,
      "avg_lat": 17.285714285714285,
      "avg_score": 99.88476190476192
    }
  }
}