{
  "scan_timestamp": "2026-02-15T14:34:42.593031+00:00",
  "duration_seconds": 1049.29,
  "performance_metrics": {
    "total_processed": 462,
    "valid_configs": 319,
    "duplicates": 0,
    "failed_tests": 143,
    "success_rate": 69.05,
    "avg_latency_ms": 115.45,
    "avg_score": 99.23
  },
  "protocol_summary": {
    "vmess": {
      "count": 77,
      "avg_lat": 168.44155844155844,
      "avg_score": 98.87705627705627
    },
    "vless": {
      "count": 209,
      "avg_lat": 90.95693779904306,
      "avg_score": 99.39362041467305
    },
    "ss": {
      "count": 0,
      "avg_lat": 0.0,
      "avg_score": 0.0
    },
    "trojan": {
      "count": 33,
      "avg_lat": 146.93939393939394,
      "avg_score": 99.02040404040403
    }
  }
}