{
  "scan_timestamp": "2025-12-20T21:21:50.579545+00:00",
  "duration_seconds": 798.6,
  "performance_metrics": {
    "total_processed": 398,
    "valid_configs": 203,
    "duplicates": 0,
    "failed_tests": 195,
    "success_rate": 51.01,
    "avg_latency_ms": 91.25,
    "avg_score": 99.39
  },
  "protocol_summary": {
    "vmess": {
      "count": 48,
      "avg_lat": 110.875,
      "avg_score": 99.26083333333332
    },
    "vless": {
      "count": 126,
      "avg_lat": 71.47619047619048,
      "avg_score": 99.52349206349206
    },
    "ss": {
      "count": 0,
      "avg_lat": 0.0,
      "avg_score": 0.0
    },
    "trojan": {
      "count": 29,
      "avg_lat": 144.68965517241378,
      "avg_score": 99.03540229885057
    }
  }
}