{
  "scan_timestamp": "2026-07-14T16:22:19.469017+00:00",
  "duration_seconds": 508.61,
  "performance_metrics": {
    "total_processed": 423,
    "valid_configs": 157,
    "duplicates": 0,
    "failed_tests": 266,
    "success_rate": 37.12,
    "avg_latency_ms": 112.11,
    "avg_score": 99.25
  },
  "protocol_summary": {
    "vmess": {
      "count": 1,
      "avg_lat": 1.0,
      "avg_score": 99.99333333333334
    },
    "vless": {
      "count": 3,
      "avg_lat": 415.0,
      "avg_score": 97.23333333333333
    },
    "ss": {
      "count": 153,
      "avg_lat": 106.89542483660131,
      "avg_score": 99.28736383442266
    },
    "trojan": {
      "count": 0,
      "avg_lat": 0.0,
      "avg_score": 0.0
    }
  }
}