{
  "scan_timestamp": "2026-07-10T04:58:57.112760+00:00",
  "duration_seconds": 468.87,
  "performance_metrics": {
    "total_processed": 456,
    "valid_configs": 155,
    "duplicates": 0,
    "failed_tests": 301,
    "success_rate": 33.99,
    "avg_latency_ms": 93.23,
    "avg_score": 99.38
  },
  "protocol_summary": {
    "vmess": {
      "count": 1,
      "avg_lat": 13.0,
      "avg_score": 99.91333333333333
    },
    "ss": {
      "count": 138,
      "avg_lat": 100.92028985507247,
      "avg_score": 99.32719806763285
    },
    "trojan": {
      "count": 16,
      "avg_lat": 31.9375,
      "avg_score": 99.78708333333333
    }
  }
}