{
  "scan_timestamp": "2025-12-30T11:27:49.615299+00:00",
  "duration_seconds": 1072.09,
  "performance_metrics": {
    "total_processed": 480,
    "valid_configs": 295,
    "duplicates": 0,
    "failed_tests": 185,
    "success_rate": 61.46,
    "avg_latency_ms": 116.88,
    "avg_score": 99.22
  },
  "protocol_summary": {
    "vmess": {
      "count": 47,
      "avg_lat": 153.95744680851064,
      "avg_score": 98.9736170212766
    },
    "vless": {
      "count": 214,
      "avg_lat": 96.10280373831776,
      "avg_score": 99.35931464174455
    },
    "ss": {
      "count": 0,
      "avg_lat": 0.0,
      "avg_score": 0.0
    },
    "trojan": {
      "count": 34,
      "avg_lat": 196.41176470588235,
      "avg_score": 98.69058823529411
    }
  }
}