{
  "scan_timestamp": "2026-02-08T19:35:20.347977+00:00",
  "duration_seconds": 1101.47,
  "performance_metrics": {
    "total_processed": 478,
    "valid_configs": 332,
    "duplicates": 0,
    "failed_tests": 146,
    "success_rate": 69.46,
    "avg_latency_ms": 110.11,
    "avg_score": 99.27
  },
  "protocol_summary": {
    "vmess": {
      "count": 59,
      "avg_lat": 134.64406779661016,
      "avg_score": 99.10237288135593
    },
    "vless": {
      "count": 229,
      "avg_lat": 109.18340611353712,
      "avg_score": 99.27211062590975
    },
    "ss": {
      "count": 0,
      "avg_lat": 0.0,
      "avg_score": 0.0
    },
    "trojan": {
      "count": 44,
      "avg_lat": 82.0,
      "avg_score": 99.45333333333333
    }
  }
}