{
  "scan_timestamp": "2026-04-18T09:53:30.368713+00:00",
  "duration_seconds": 998.98,
  "performance_metrics": {
    "total_processed": 490,
    "valid_configs": 280,
    "duplicates": 0,
    "failed_tests": 210,
    "success_rate": 57.14,
    "avg_latency_ms": 55.23,
    "avg_score": 99.63
  },
  "protocol_summary": {
    "vmess": {
      "count": 2,
      "avg_lat": 125.0,
      "avg_score": 99.16666666666666
    },
    "vless": {
      "count": 271,
      "avg_lat": 55.66420664206642,
      "avg_score": 99.6289052890529
    },
    "ss": {
      "count": 0,
      "avg_lat": 0.0,
      "avg_score": 0.0
    },
    "trojan": {
      "count": 7,
      "avg_lat": 18.428571428571427,
      "avg_score": 99.87714285714286
    }
  }
}