{
  "scan_timestamp": "2026-01-15T05:32:31.929300+00:00",
  "duration_seconds": 886.14,
  "performance_metrics": {
    "total_processed": 428,
    "valid_configs": 247,
    "duplicates": 0,
    "failed_tests": 181,
    "success_rate": 57.71,
    "avg_latency_ms": 101.42,
    "avg_score": 99.32
  },
  "protocol_summary": {
    "vmess": {
      "count": 53,
      "avg_lat": 107.32075471698113,
      "avg_score": 99.2845283018868
    },
    "vless": {
      "count": 152,
      "avg_lat": 88.71052631578948,
      "avg_score": 99.40859649122807
    },
    "ss": {
      "count": 0,
      "avg_lat": 0.0,
      "avg_score": 0.0
    },
    "trojan": {
      "count": 42,
      "avg_lat": 139.97619047619048,
      "avg_score": 99.0668253968254
    }
  }
}