{
  "scan_timestamp": "2026-03-04T14:48:21.107133+00:00",
  "duration_seconds": 1083.52,
  "performance_metrics": {
    "total_processed": 473,
    "valid_configs": 325,
    "duplicates": 0,
    "failed_tests": 148,
    "success_rate": 68.71,
    "avg_latency_ms": 109.05,
    "avg_score": 99.27
  },
  "protocol_summary": {
    "vmess": {
      "count": 60,
      "avg_lat": 73.81666666666666,
      "avg_score": 99.50788888888889
    },
    "vless": {
      "count": 230,
      "avg_lat": 113.32173913043478,
      "avg_score": 99.24452173913045
    },
    "ss": {
      "count": 0,
      "avg_lat": 0.0,
      "avg_score": 0.0
    },
    "trojan": {
      "count": 35,
      "avg_lat": 141.4,
      "avg_score": 99.05733333333333
    }
  }
}