{
  "scan_timestamp": "2026-03-11T17:43:36.268344+00:00",
  "duration_seconds": 218.58,
  "performance_metrics": {
    "total_processed": 372,
    "valid_configs": 35,
    "duplicates": 0,
    "failed_tests": 337,
    "success_rate": 9.41,
    "avg_latency_ms": 126.17,
    "avg_score": 99.16
  },
  "protocol_summary": {
    "vmess": {
      "count": 3,
      "avg_lat": 147.66666666666666,
      "avg_score": 99.01555555555557
    },
    "vless": {
      "count": 30,
      "avg_lat": 55.1,
      "avg_score": 99.63266666666667
    },
    "ss": {
      "count": 1,
      "avg_lat": 2318.0,
      "avg_score": 84.54666666666667
    },
    "trojan": {
      "count": 1,
      "avg_lat": 2.0,
      "avg_score": 99.98666666666666
    }
  }
}