{
  "scan_timestamp": "2025-12-20T22:23:06.869884+00:00",
  "duration_seconds": 843.48,
  "performance_metrics": {
    "total_processed": 460,
    "valid_configs": 237,
    "duplicates": 0,
    "failed_tests": 223,
    "success_rate": 51.52,
    "avg_latency_ms": 102.63,
    "avg_score": 99.32
  },
  "protocol_summary": {
    "vmess": {
      "count": 106,
      "avg_lat": 102.05660377358491,
      "avg_score": 99.31962264150944
    },
    "vless": {
      "count": 91,
      "avg_lat": 87.43956043956044,
      "avg_score": 99.4170695970696
    },
    "ss": {
      "count": 0,
      "avg_lat": 0.0,
      "avg_score": 0.0
    },
    "trojan": {
      "count": 40,
      "avg_lat": 138.7,
      "avg_score": 99.07533333333333
    }
  }
}