{
  "scan_timestamp": "2026-01-19T12:38:56.835209+00:00",
  "duration_seconds": 963.25,
  "performance_metrics": {
    "total_processed": 463,
    "valid_configs": 271,
    "duplicates": 0,
    "failed_tests": 192,
    "success_rate": 58.53,
    "avg_latency_ms": 115.46,
    "avg_score": 99.23
  },
  "protocol_summary": {
    "vmess": {
      "count": 112,
      "avg_lat": 107.23214285714286,
      "avg_score": 99.28511904761903
    },
    "vless": {
      "count": 111,
      "avg_lat": 91.47747747747748,
      "avg_score": 99.39015015015016
    },
    "ss": {
      "count": 0,
      "avg_lat": 0.0,
      "avg_score": 0.0
    },
    "trojan": {
      "count": 48,
      "avg_lat": 190.14583333333334,
      "avg_score": 98.73236111111112
    }
  }
}