{
  "scan_timestamp": "2026-01-09T06:36:16.794330+00:00",
  "duration_seconds": 1098.27,
  "performance_metrics": {
    "total_processed": 472,
    "valid_configs": 354,
    "duplicates": 0,
    "failed_tests": 118,
    "success_rate": 75.0,
    "avg_latency_ms": 104.53,
    "avg_score": 99.3
  },
  "protocol_summary": {
    "vmess": {
      "count": 51,
      "avg_lat": 125.01960784313725,
      "avg_score": 99.1665359477124
    },
    "vless": {
      "count": 243,
      "avg_lat": 95.70781893004116,
      "avg_score": 99.36194787379974
    },
    "ss": {
      "count": 0,
      "avg_lat": 0.0,
      "avg_score": 0.0
    },
    "trojan": {
      "count": 60,
      "avg_lat": 122.83333333333333,
      "avg_score": 99.18111111111111
    }
  }
}