{
  "scan_timestamp": "2026-03-24T14:23:09.134175+00:00",
  "duration_seconds": 707.89,
  "performance_metrics": {
    "total_processed": 464,
    "valid_configs": 132,
    "duplicates": 0,
    "failed_tests": 332,
    "success_rate": 28.45,
    "avg_latency_ms": 113.72,
    "avg_score": 99.24
  },
  "protocol_summary": {
    "vmess": {
      "count": 1,
      "avg_lat": 63.0,
      "avg_score": 99.58
    },
    "vless": {
      "count": 118,
      "avg_lat": 119.5,
      "avg_score": 99.20333333333333
    },
    "ss": {
      "count": 4,
      "avg_lat": 143.5,
      "avg_score": 99.04333333333334
    },
    "trojan": {
      "count": 9,
      "avg_lat": 30.333333333333332,
      "avg_score": 99.79777777777778
    }
  }
}