{
  "scan_timestamp": "2026-02-16T17:46:56.743211+00:00",
  "duration_seconds": 1034.72,
  "performance_metrics": {
    "total_processed": 459,
    "valid_configs": 303,
    "duplicates": 0,
    "failed_tests": 156,
    "success_rate": 66.01,
    "avg_latency_ms": 119.7,
    "avg_score": 99.2
  },
  "protocol_summary": {
    "vmess": {
      "count": 76,
      "avg_lat": 183.56578947368422,
      "avg_score": 98.77622807017545
    },
    "vless": {
      "count": 194,
      "avg_lat": 94.4639175257732,
      "avg_score": 99.37024054982818
    },
    "ss": {
      "count": 0,
      "avg_lat": 0.0,
      "avg_score": 0.0
    },
    "trojan": {
      "count": 33,
      "avg_lat": 121.0,
      "avg_score": 99.19333333333334
    }
  }
}