{
  "scan_timestamp": "2026-01-14T14:31:51.861452+00:00",
  "duration_seconds": 983.04,
  "performance_metrics": {
    "total_processed": 467,
    "valid_configs": 292,
    "duplicates": 0,
    "failed_tests": 175,
    "success_rate": 62.53,
    "avg_latency_ms": 117.04,
    "avg_score": 99.22
  },
  "protocol_summary": {
    "vmess": {
      "count": 78,
      "avg_lat": 97.06410256410257,
      "avg_score": 99.35290598290598
    },
    "vless": {
      "count": 137,
      "avg_lat": 80.00729927007299,
      "avg_score": 99.46661800486618
    },
    "ss": {
      "count": 0,
      "avg_lat": 0.0,
      "avg_score": 0.0
    },
    "trojan": {
      "count": 77,
      "avg_lat": 203.1818181818182,
      "avg_score": 98.64545454545454
    }
  }
}