{
  "scan_timestamp": "2026-01-14T11:28:20.968639+00:00",
  "duration_seconds": 969.59,
  "performance_metrics": {
    "total_processed": 474,
    "valid_configs": 279,
    "duplicates": 0,
    "failed_tests": 195,
    "success_rate": 58.86,
    "avg_latency_ms": 121.3,
    "avg_score": 99.19
  },
  "protocol_summary": {
    "vmess": {
      "count": 80,
      "avg_lat": 83.3,
      "avg_score": 99.44466666666668
    },
    "vless": {
      "count": 144,
      "avg_lat": 101.375,
      "avg_score": 99.32416666666667
    },
    "ss": {
      "count": 0,
      "avg_lat": 0.0,
      "avg_score": 0.0
    },
    "trojan": {
      "count": 55,
      "avg_lat": 228.76363636363635,
      "avg_score": 98.4749090909091
    }
  }
}