{
  "scan_timestamp": "2026-01-24T22:24:33.594595+00:00",
  "duration_seconds": 864.52,
  "performance_metrics": {
    "total_processed": 424,
    "valid_configs": 230,
    "duplicates": 0,
    "failed_tests": 194,
    "success_rate": 54.25,
    "avg_latency_ms": 119.59,
    "avg_score": 99.2
  },
  "protocol_summary": {
    "vmess": {
      "count": 62,
      "avg_lat": 115.69354838709677,
      "avg_score": 99.22870967741936
    },
    "vless": {
      "count": 137,
      "avg_lat": 113.54014598540147,
      "avg_score": 99.24306569343065
    },
    "ss": {
      "count": 2,
      "avg_lat": 51.5,
      "avg_score": 99.65666666666667
    },
    "trojan": {
      "count": 29,
      "avg_lat": 161.17241379310346,
      "avg_score": 98.92551724137931
    }
  }
}