{
  "scan_timestamp": "2026-02-24T16:02:03.554682+00:00",
  "duration_seconds": 1114.92,
  "performance_metrics": {
    "total_processed": 474,
    "valid_configs": 345,
    "duplicates": 0,
    "failed_tests": 129,
    "success_rate": 72.78,
    "avg_latency_ms": 73.09,
    "avg_score": 99.51
  },
  "protocol_summary": {
    "vmess": {
      "count": 65,
      "avg_lat": 65.38461538461539,
      "avg_score": 99.56410256410257
    },
    "vless": {
      "count": 244,
      "avg_lat": 78.04098360655738,
      "avg_score": 99.47972677595628
    },
    "trojan": {
      "count": 36,
      "avg_lat": 53.44444444444444,
      "avg_score": 99.6437037037037
    }
  }
}