{
  "scan_timestamp": "2026-03-08T15:15:58.415658+00:00",
  "duration_seconds": 186.08,
  "performance_metrics": {
    "total_processed": 371,
    "valid_configs": 31,
    "duplicates": 0,
    "failed_tests": 340,
    "success_rate": 8.36,
    "avg_latency_ms": 51.13,
    "avg_score": 99.66
  },
  "protocol_summary": {
    "vmess": {
      "count": 2,
      "avg_lat": 110.0,
      "avg_score": 99.26666666666667
    },
    "vless": {
      "count": 28,
      "avg_lat": 45.142857142857146,
      "avg_score": 99.69904761904762
    },
    "ss": {
      "count": 1,
      "avg_lat": 101.0,
      "avg_score": 99.32666666666667
    },
    "trojan": {
      "count": 0,
      "avg_lat": 0.0,
      "avg_score": 0.0
    }
  }
}