{
  "scan_timestamp": "2026-03-06T04:16:28.761756+00:00",
  "duration_seconds": 1076.16,
  "performance_metrics": {
    "total_processed": 473,
    "valid_configs": 321,
    "duplicates": 0,
    "failed_tests": 152,
    "success_rate": 67.86,
    "avg_latency_ms": 81.2,
    "avg_score": 99.46
  },
  "protocol_summary": {
    "vmess": {
      "count": 60,
      "avg_lat": 53.9,
      "avg_score": 99.64066666666666
    },
    "vless": {
      "count": 226,
      "avg_lat": 93.29646017699115,
      "avg_score": 99.37802359882006
    },
    "ss": {
      "count": 0,
      "avg_lat": 0.0,
      "avg_score": 0.0
    },
    "trojan": {
      "count": 35,
      "avg_lat": 49.91428571428571,
      "avg_score": 99.6672380952381
    }
  }
}