{
  "scan_timestamp": "2026-02-12T09:53:36.097514+00:00",
  "duration_seconds": 1028.2,
  "performance_metrics": {
    "total_processed": 474,
    "valid_configs": 297,
    "duplicates": 0,
    "failed_tests": 177,
    "success_rate": 62.66,
    "avg_latency_ms": 125.6,
    "avg_score": 99.16
  },
  "protocol_summary": {
    "vmess": {
      "count": 52,
      "avg_lat": 124.92307692307692,
      "avg_score": 99.1671794871795
    },
    "vless": {
      "count": 199,
      "avg_lat": 112.98492462311557,
      "avg_score": 99.24676716917922
    },
    "ss": {
      "count": 0,
      "avg_lat": 0.0,
      "avg_score": 0.0
    },
    "trojan": {
      "count": 46,
      "avg_lat": 180.93478260869566,
      "avg_score": 98.79376811594203
    }
  }
}