{
  "scan_timestamp": "2026-01-16T18:31:04.309028+00:00",
  "duration_seconds": 831.53,
  "performance_metrics": {
    "total_processed": 419,
    "valid_configs": 223,
    "duplicates": 0,
    "failed_tests": 196,
    "success_rate": 53.22,
    "avg_latency_ms": 103.42,
    "avg_score": 99.31
  },
  "protocol_summary": {
    "vmess": {
      "count": 54,
      "avg_lat": 128.7962962962963,
      "avg_score": 99.14135802469136
    },
    "vless": {
      "count": 126,
      "avg_lat": 88.33333333333333,
      "avg_score": 99.41111111111111
    },
    "ss": {
      "count": 0,
      "avg_lat": 0.0,
      "avg_score": 0.0
    },
    "trojan": {
      "count": 43,
      "avg_lat": 115.76744186046511,
      "avg_score": 99.22821705426357
    }
  }
}