{
  "scan_timestamp": "2026-02-01T17:35:50.871128+00:00",
  "duration_seconds": 1212.09,
  "performance_metrics": {
    "total_processed": 488,
    "valid_configs": 383,
    "duplicates": 0,
    "failed_tests": 105,
    "success_rate": 78.48,
    "avg_latency_ms": 199.93,
    "avg_score": 98.67
  },
  "protocol_summary": {
    "vmess": {
      "count": 21,
      "avg_lat": 120.0952380952381,
      "avg_score": 99.19936507936507
    },
    "vless": {
      "count": 128,
      "avg_lat": 126.9296875,
      "avg_score": 99.15380208333333
    },
    "ss": {
      "count": 0,
      "avg_lat": 0.0,
      "avg_score": 0.0
    },
    "trojan": {
      "count": 234,
      "avg_lat": 247.03418803418805,
      "avg_score": 98.35310541310541
    }
  }
}