{
  "scan_timestamp": "2026-04-22T21:53:41.242302+00:00",
  "duration_seconds": 781.71,
  "performance_metrics": {
    "total_processed": 480,
    "valid_configs": 192,
    "duplicates": 0,
    "failed_tests": 288,
    "success_rate": 40.0,
    "avg_latency_ms": 143.67,
    "avg_score": 99.04
  },
  "protocol_summary": {
    "vmess": {
      "count": 3,
      "avg_lat": 131.0,
      "avg_score": 99.12666666666667
    },
    "vless": {
      "count": 179,
      "avg_lat": 147.60893854748602,
      "avg_score": 99.01594040968342
    },
    "ss": {
      "count": 2,
      "avg_lat": 170.5,
      "avg_score": 98.86333333333333
    },
    "trojan": {
      "count": 8,
      "avg_lat": 53.625,
      "avg_score": 99.6425
    }
  }
}