{
  "scan_timestamp": "2026-01-08T01:11:05.648008+00:00",
  "duration_seconds": 1116.6,
  "performance_metrics": {
    "total_processed": 480,
    "valid_configs": 335,
    "duplicates": 0,
    "failed_tests": 145,
    "success_rate": 69.79,
    "avg_latency_ms": 135.56,
    "avg_score": 99.1
  },
  "protocol_summary": {
    "vmess": {
      "count": 58,
      "avg_lat": 189.27586206896552,
      "avg_score": 98.73816091954023
    },
    "vless": {
      "count": 208,
      "avg_lat": 99.41826923076923,
      "avg_score": 99.33721153846153
    },
    "ss": {
      "count": 0,
      "avg_lat": 0.0,
      "avg_score": 0.0
    },
    "trojan": {
      "count": 69,
      "avg_lat": 199.3768115942029,
      "avg_score": 98.67082125603865
    }
  }
}