{
  "scan_timestamp": "2025-12-08T13:42:59.300843+00:00",
  "duration_seconds": 904.37,
  "performance_metrics": {
    "total_processed": 476,
    "valid_configs": 205,
    "duplicates": 0,
    "failed_tests": 271,
    "success_rate": 43.07,
    "avg_latency_ms": 227.26,
    "avg_score": 98.48
  },
  "protocol_summary": {
    "vmess": {
      "count": 77,
      "avg_lat": 318.93506493506493,
      "avg_score": 97.87376623376623
    },
    "vless": {
      "count": 63,
      "avg_lat": 100.44444444444444,
      "avg_score": 99.33037037037037
    },
    "ss": {
      "count": 0,
      "avg_lat": 0.0,
      "avg_score": 0.0
    },
    "trojan": {
      "count": 65,
      "avg_lat": 241.56923076923076,
      "avg_score": 98.38953846153845
    }
  }
}