{
  "scan_timestamp": "2025-12-19T12:34:52.485369+00:00",
  "duration_seconds": 905.87,
  "performance_metrics": {
    "total_processed": 464,
    "valid_configs": 242,
    "duplicates": 0,
    "failed_tests": 222,
    "success_rate": 52.16,
    "avg_latency_ms": 97.86,
    "avg_score": 99.35
  },
  "protocol_summary": {
    "vmess": {
      "count": 86,
      "avg_lat": 123.86046511627907,
      "avg_score": 99.17426356589148
    },
    "vless": {
      "count": 122,
      "avg_lat": 79.0327868852459,
      "avg_score": 99.47311475409836
    },
    "ss": {
      "count": 0,
      "avg_lat": 0.0,
      "avg_score": 0.0
    },
    "trojan": {
      "count": 34,
      "avg_lat": 99.6470588235294,
      "avg_score": 99.33568627450981
    }
  }
}