{
  "scan_timestamp": "2026-03-26T01:22:43.864951+00:00",
  "duration_seconds": 655.17,
  "performance_metrics": {
    "total_processed": 457,
    "valid_configs": 115,
    "duplicates": 0,
    "failed_tests": 342,
    "success_rate": 25.16,
    "avg_latency_ms": 99.76,
    "avg_score": 99.33
  },
  "protocol_summary": {
    "vmess": {
      "count": 2,
      "avg_lat": 114.5,
      "avg_score": 99.23666666666666
    },
    "vless": {
      "count": 104,
      "avg_lat": 102.99038461538461,
      "avg_score": 99.31339743589744
    },
    "ss": {
      "count": 3,
      "avg_lat": 173.66666666666666,
      "avg_score": 98.84222222222222
    },
    "trojan": {
      "count": 6,
      "avg_lat": 1.8333333333333333,
      "avg_score": 99.98777777777777
    }
  }
}