{
  "scan_timestamp": "2026-01-01T17:25:40.315911+00:00",
  "duration_seconds": 866.07,
  "performance_metrics": {
    "total_processed": 478,
    "valid_configs": 247,
    "duplicates": 0,
    "failed_tests": 231,
    "success_rate": 51.67,
    "avg_latency_ms": 154.51,
    "avg_score": 98.97
  },
  "protocol_summary": {
    "vmess": {
      "count": 70,
      "avg_lat": 150.64285714285714,
      "avg_score": 98.99571428571429
    },
    "vless": {
      "count": 153,
      "avg_lat": 160.640522875817,
      "avg_score": 98.9290631808279
    },
    "ss": {
      "count": 0,
      "avg_lat": 0.0,
      "avg_score": 0.0
    },
    "trojan": {
      "count": 24,
      "avg_lat": 126.70833333333333,
      "avg_score": 99.15527777777777
    }
  }
}