{
  "scan_timestamp": "2025-12-08T21:26:32.594612+00:00",
  "duration_seconds": 1017.06,
  "performance_metrics": {
    "total_processed": 477,
    "valid_configs": 284,
    "duplicates": 0,
    "failed_tests": 193,
    "success_rate": 59.54,
    "avg_latency_ms": 166.15,
    "avg_score": 98.89
  },
  "protocol_summary": {
    "vmess": {
      "count": 81,
      "avg_lat": 259.6666666666667,
      "avg_score": 98.26888888888888
    },
    "vless": {
      "count": 168,
      "avg_lat": 123.0297619047619,
      "avg_score": 99.17980158730158
    },
    "ss": {
      "count": 0,
      "avg_lat": 0.0,
      "avg_score": 0.0
    },
    "trojan": {
      "count": 35,
      "avg_lat": 156.71428571428572,
      "avg_score": 98.9552380952381
    }
  }
}