{
  "scan_timestamp": "2026-03-30T20:49:57.097892+00:00",
  "duration_seconds": 1026.25,
  "performance_metrics": {
    "total_processed": 474,
    "valid_configs": 234,
    "duplicates": 0,
    "failed_tests": 240,
    "success_rate": 49.37,
    "avg_latency_ms": 82.06,
    "avg_score": 99.45
  },
  "protocol_summary": {
    "vmess": {
      "count": 17,
      "avg_lat": 101.17647058823529,
      "avg_score": 99.32549019607843
    },
    "vless": {
      "count": 208,
      "avg_lat": 77.5625,
      "avg_score": 99.48291666666667
    },
    "ss": {
      "count": 3,
      "avg_lat": 68.66666666666667,
      "avg_score": 99.54222222222222
    },
    "trojan": {
      "count": 6,
      "avg_lat": 190.66666666666666,
      "avg_score": 98.72888888888889
    }
  }
}