{
  "scan_timestamp": "2026-03-24T23:31:41.657940+00:00",
  "duration_seconds": 675.59,
  "performance_metrics": {
    "total_processed": 461,
    "valid_configs": 125,
    "duplicates": 0,
    "failed_tests": 336,
    "success_rate": 27.11,
    "avg_latency_ms": 74.12,
    "avg_score": 99.51
  },
  "protocol_summary": {
    "vmess": {
      "count": 1,
      "avg_lat": 21.0,
      "avg_score": 99.86
    },
    "vless": {
      "count": 110,
      "avg_lat": 80.2090909090909,
      "avg_score": 99.46527272727273
    },
    "ss": {
      "count": 3,
      "avg_lat": 97.33333333333333,
      "avg_score": 99.3511111111111
    },
    "trojan": {
      "count": 11,
      "avg_lat": 11.727272727272727,
      "avg_score": 99.92181818181817
    }
  }
}