{
  "scan_timestamp": "2026-01-24T11:23:15.964619+00:00",
  "duration_seconds": 850.48,
  "performance_metrics": {
    "total_processed": 427,
    "valid_configs": 227,
    "duplicates": 0,
    "failed_tests": 200,
    "success_rate": 53.16,
    "avg_latency_ms": 141.48,
    "avg_score": 99.06
  },
  "protocol_summary": {
    "vmess": {
      "count": 54,
      "avg_lat": 121.83333333333333,
      "avg_score": 99.18777777777778
    },
    "vless": {
      "count": 135,
      "avg_lat": 144.63703703703703,
      "avg_score": 99.03575308641975
    },
    "ss": {
      "count": 0,
      "avg_lat": 0.0,
      "avg_score": 0.0
    },
    "trojan": {
      "count": 38,
      "avg_lat": 158.18421052631578,
      "avg_score": 98.94543859649123
    }
  }
}