{
  "scan_timestamp": "2026-01-05T23:29:59.643906+00:00",
  "duration_seconds": 1180.63,
  "performance_metrics": {
    "total_processed": 484,
    "valid_configs": 358,
    "duplicates": 0,
    "failed_tests": 126,
    "success_rate": 73.97,
    "avg_latency_ms": 108.52,
    "avg_score": 99.28
  },
  "protocol_summary": {
    "vmess": {
      "count": 59,
      "avg_lat": 140.76271186440678,
      "avg_score": 99.06158192090395
    },
    "vless": {
      "count": 261,
      "avg_lat": 97.24904214559388,
      "avg_score": 99.35167305236271
    },
    "ss": {
      "count": 0,
      "avg_lat": 0.0,
      "avg_score": 0.0
    },
    "trojan": {
      "count": 38,
      "avg_lat": 135.89473684210526,
      "avg_score": 99.09403508771929
    }
  }
}