{
  "scan_timestamp": "2026-01-18T08:25:52.446152+00:00",
  "duration_seconds": 728.37,
  "performance_metrics": {
    "total_processed": 417,
    "valid_configs": 196,
    "duplicates": 0,
    "failed_tests": 221,
    "success_rate": 47.0,
    "avg_latency_ms": 103.36,
    "avg_score": 99.31
  },
  "protocol_summary": {
    "vmess": {
      "count": 63,
      "avg_lat": 95.74603174603175,
      "avg_score": 99.36169312169312
    },
    "vless": {
      "count": 72,
      "avg_lat": 62.625,
      "avg_score": 99.5825
    },
    "ss": {
      "count": 0,
      "avg_lat": 0.0,
      "avg_score": 0.0
    },
    "trojan": {
      "count": 61,
      "avg_lat": 159.29508196721312,
      "avg_score": 98.93803278688524
    }
  }
}