{
  "scan_timestamp": "2026-03-20T07:41:52.225024+00:00",
  "duration_seconds": 223.95,
  "performance_metrics": {
    "total_processed": 394,
    "valid_configs": 42,
    "duplicates": 0,
    "failed_tests": 352,
    "success_rate": 10.66,
    "avg_latency_ms": 66.19,
    "avg_score": 99.56
  },
  "protocol_summary": {
    "vmess": {
      "count": 1,
      "avg_lat": 47.0,
      "avg_score": 99.68666666666667
    },
    "vless": {
      "count": 28,
      "avg_lat": 77.21428571428571,
      "avg_score": 99.48523809523809
    },
    "ss": {
      "count": 0,
      "avg_lat": 0.0,
      "avg_score": 0.0
    },
    "trojan": {
      "count": 13,
      "avg_lat": 43.92307692307692,
      "avg_score": 99.70717948717949
    }
  }
}