{
  "scan_timestamp": "2026-04-23T08:41:00.168150+00:00",
  "duration_seconds": 855.43,
  "performance_metrics": {
    "total_processed": 488,
    "valid_configs": 210,
    "duplicates": 0,
    "failed_tests": 278,
    "success_rate": 43.03,
    "avg_latency_ms": 135.57,
    "avg_score": 99.1
  },
  "protocol_summary": {
    "vmess": {
      "count": 3,
      "avg_lat": 109.0,
      "avg_score": 99.27333333333333
    },
    "vless": {
      "count": 200,
      "avg_lat": 139.09,
      "avg_score": 99.07273333333333
    },
    "ss": {
      "count": 1,
      "avg_lat": 221.0,
      "avg_score": 98.52666666666667
    },
    "trojan": {
      "count": 6,
      "avg_lat": 17.333333333333332,
      "avg_score": 99.88444444444444
    }
  }
}