{
  "scan_timestamp": "2026-04-15T04:53:24.834061+00:00",
  "duration_seconds": 1074.02,
  "performance_metrics": {
    "total_processed": 486,
    "valid_configs": 312,
    "duplicates": 0,
    "failed_tests": 174,
    "success_rate": 64.2,
    "avg_latency_ms": 69.82,
    "avg_score": 99.53
  },
  "protocol_summary": {
    "vmess": {
      "count": 2,
      "avg_lat": 146.5,
      "avg_score": 99.02333333333334
    },
    "vless": {
      "count": 294,
      "avg_lat": 65.69047619047619,
      "avg_score": 99.56206349206349
    },
    "ss": {
      "count": 0,
      "avg_lat": 0.0,
      "avg_score": 0.0
    },
    "trojan": {
      "count": 16,
      "avg_lat": 136.1875,
      "avg_score": 99.09208333333333
    }
  }
}