{
  "scan_timestamp": "2026-01-30T17:36:29.912464+00:00",
  "duration_seconds": 707.37,
  "performance_metrics": {
    "total_processed": 418,
    "valid_configs": 187,
    "duplicates": 0,
    "failed_tests": 231,
    "success_rate": 44.74,
    "avg_latency_ms": 99.72,
    "avg_score": 99.34
  },
  "protocol_summary": {
    "vmess": {
      "count": 66,
      "avg_lat": 70.28787878787878,
      "avg_score": 99.53141414141413
    },
    "vless": {
      "count": 75,
      "avg_lat": 60.56,
      "avg_score": 99.59626666666666
    },
    "ss": {
      "count": 1,
      "avg_lat": 92.0,
      "avg_score": 99.38666666666667
    },
    "trojan": {
      "count": 45,
      "avg_lat": 208.3111111111111,
      "avg_score": 98.61125925925924
    }
  }
}