{
  "scan_timestamp": "2025-12-10T10:27:00.555707+00:00",
  "duration_seconds": 875.73,
  "performance_metrics": {
    "total_processed": 467,
    "valid_configs": 193,
    "duplicates": 0,
    "failed_tests": 274,
    "success_rate": 41.33,
    "avg_latency_ms": 143.13,
    "avg_score": 99.05
  },
  "protocol_summary": {
    "vmess": {
      "count": 36,
      "avg_lat": 126.25,
      "avg_score": 99.15833333333333
    },
    "vless": {
      "count": 97,
      "avg_lat": 144.18556701030928,
      "avg_score": 99.03876288659794
    },
    "ss": {
      "count": 0,
      "avg_lat": 0.0,
      "avg_score": 0.0
    },
    "trojan": {
      "count": 60,
      "avg_lat": 151.56666666666666,
      "avg_score": 98.98955555555555
    }
  }
}