{
  "scan_timestamp": "2026-01-04T20:29:34.305253+00:00",
  "duration_seconds": 1082.81,
  "performance_metrics": {
    "total_processed": 481,
    "valid_configs": 325,
    "duplicates": 0,
    "failed_tests": 156,
    "success_rate": 67.57,
    "avg_latency_ms": 142.18,
    "avg_score": 99.05
  },
  "protocol_summary": {
    "vmess": {
      "count": 38,
      "avg_lat": 191.0,
      "avg_score": 98.72666666666666
    },
    "vless": {
      "count": 266,
      "avg_lat": 130.78571428571428,
      "avg_score": 99.12809523809524
    },
    "ss": {
      "count": 0,
      "avg_lat": 0.0,
      "avg_score": 0.0
    },
    "trojan": {
      "count": 21,
      "avg_lat": 198.23809523809524,
      "avg_score": 98.67841269841269
    }
  }
}