{
  "scan_timestamp": "2026-07-04T02:57:07.146404+00:00",
  "duration_seconds": 493.18,
  "performance_metrics": {
    "total_processed": 461,
    "valid_configs": 153,
    "duplicates": 0,
    "failed_tests": 308,
    "success_rate": 33.19,
    "avg_latency_ms": 107.99,
    "avg_score": 99.28
  },
  "protocol_summary": {
    "vmess": {
      "count": 2,
      "avg_lat": 1.5,
      "avg_score": 99.99000000000001
    },
    "vless": {
      "count": 4,
      "avg_lat": 354.25,
      "avg_score": 97.63833333333334
    },
    "ss": {
      "count": 137,
      "avg_lat": 110.08759124087591,
      "avg_score": 99.26608272506083
    },
    "trojan": {
      "count": 10,
      "avg_lat": 2.1,
      "avg_score": 99.986
    }
  }
}