{
  "scan_timestamp": "2026-01-02T23:28:09.803956+00:00",
  "duration_seconds": 1081.09,
  "performance_metrics": {
    "total_processed": 479,
    "valid_configs": 310,
    "duplicates": 0,
    "failed_tests": 169,
    "success_rate": 64.72,
    "avg_latency_ms": 126.52,
    "avg_score": 99.16
  },
  "protocol_summary": {
    "vmess": {
      "count": 44,
      "avg_lat": 126.0909090909091,
      "avg_score": 99.15939393939394
    },
    "vless": {
      "count": 246,
      "avg_lat": 125.76829268292683,
      "avg_score": 99.16154471544716
    },
    "ss": {
      "count": 0,
      "avg_lat": 0.0,
      "avg_score": 0.0
    },
    "trojan": {
      "count": 20,
      "avg_lat": 136.75,
      "avg_score": 99.08833333333334
    }
  }
}