{
  "scan_timestamp": "2026-01-25T17:24:55.938557+00:00",
  "duration_seconds": 949.46,
  "performance_metrics": {
    "total_processed": 461,
    "valid_configs": 269,
    "duplicates": 0,
    "failed_tests": 192,
    "success_rate": 58.35,
    "avg_latency_ms": 121.13,
    "avg_score": 99.19
  },
  "protocol_summary": {
    "vmess": {
      "count": 86,
      "avg_lat": 66.76744186046511,
      "avg_score": 99.55488372093022
    },
    "vless": {
      "count": 144,
      "avg_lat": 146.32638888888889,
      "avg_score": 99.02449074074075
    },
    "ss": {
      "count": 0,
      "avg_lat": 0.0,
      "avg_score": 0.0
    },
    "trojan": {
      "count": 39,
      "avg_lat": 148.0,
      "avg_score": 99.01333333333334
    }
  }
}