{
  "scan_timestamp": "2026-01-06T06:37:30.421473+00:00",
  "duration_seconds": 1164.84,
  "performance_metrics": {
    "total_processed": 482,
    "valid_configs": 370,
    "duplicates": 0,
    "failed_tests": 112,
    "success_rate": 76.76,
    "avg_latency_ms": 116.19,
    "avg_score": 99.23
  },
  "protocol_summary": {
    "vmess": {
      "count": 33,
      "avg_lat": 125.93939393939394,
      "avg_score": 99.16040404040405
    },
    "vless": {
      "count": 290,
      "avg_lat": 109.32413793103449,
      "avg_score": 99.2711724137931
    },
    "ss": {
      "count": 0,
      "avg_lat": 0.0,
      "avg_score": 0.0
    },
    "trojan": {
      "count": 47,
      "avg_lat": 151.74468085106383,
      "avg_score": 98.98836879432625
    }
  }
}