{
  "scan_timestamp": "2026-02-12T15:56:44.329961+00:00",
  "duration_seconds": 1019.21,
  "performance_metrics": {
    "total_processed": 475,
    "valid_configs": 299,
    "duplicates": 0,
    "failed_tests": 176,
    "success_rate": 62.95,
    "avg_latency_ms": 119.11,
    "avg_score": 99.21
  },
  "protocol_summary": {
    "vmess": {
      "count": 55,
      "avg_lat": 133.01818181818183,
      "avg_score": 99.11321212121211
    },
    "vless": {
      "count": 200,
      "avg_lat": 103.01,
      "avg_score": 99.31326666666666
    },
    "ss": {
      "count": 0,
      "avg_lat": 0.0,
      "avg_score": 0.0
    },
    "trojan": {
      "count": 44,
      "avg_lat": 174.9090909090909,
      "avg_score": 98.8339393939394
    }
  }
}