{
  "scan_timestamp": "2026-04-24T09:09:32.842177+00:00",
  "duration_seconds": 806.82,
  "performance_metrics": {
    "total_processed": 481,
    "valid_configs": 187,
    "duplicates": 0,
    "failed_tests": 294,
    "success_rate": 38.88,
    "avg_latency_ms": 147.64,
    "avg_score": 99.02
  },
  "protocol_summary": {
    "vmess": {
      "count": 2,
      "avg_lat": 143.5,
      "avg_score": 99.04333333333332
    },
    "vless": {
      "count": 177,
      "avg_lat": 151.68361581920905,
      "avg_score": 98.9887758945386
    },
    "ss": {
      "count": 3,
      "avg_lat": 94.66666666666667,
      "avg_score": 99.36888888888889
    },
    "trojan": {
      "count": 5,
      "avg_lat": 37.8,
      "avg_score": 99.748
    }
  }
}