{
  "scan_timestamp": "2026-01-03T04:41:10.876783+00:00",
  "duration_seconds": 1114.9,
  "performance_metrics": {
    "total_processed": 479,
    "valid_configs": 324,
    "duplicates": 0,
    "failed_tests": 155,
    "success_rate": 67.64,
    "avg_latency_ms": 92.52,
    "avg_score": 99.38
  },
  "protocol_summary": {
    "vmess": {
      "count": 39,
      "avg_lat": 122.58974358974359,
      "avg_score": 99.18273504273505
    },
    "vless": {
      "count": 264,
      "avg_lat": 81.6780303030303,
      "avg_score": 99.45547979797979
    },
    "ss": {
      "count": 0,
      "avg_lat": 0.0,
      "avg_score": 0.0
    },
    "trojan": {
      "count": 21,
      "avg_lat": 173.04761904761904,
      "avg_score": 98.84634920634922
    }
  }
}