{
  "scan_timestamp": "2026-01-02T06:33:07.550802+00:00",
  "duration_seconds": 900.45,
  "performance_metrics": {
    "total_processed": 464,
    "valid_configs": 246,
    "duplicates": 0,
    "failed_tests": 218,
    "success_rate": 53.02,
    "avg_latency_ms": 95.62,
    "avg_score": 99.36
  },
  "protocol_summary": {
    "vmess": {
      "count": 36,
      "avg_lat": 119.52777777777777,
      "avg_score": 99.20314814814816
    },
    "vless": {
      "count": 187,
      "avg_lat": 78.33155080213903,
      "avg_score": 99.47778966131908
    },
    "ss": {
      "count": 0,
      "avg_lat": 0.0,
      "avg_score": 0.0
    },
    "trojan": {
      "count": 23,
      "avg_lat": 198.7391304347826,
      "avg_score": 98.67507246376812
    }
  }
}