{
  "scan_timestamp": "2026-03-30T21:48:25.115936+00:00",
  "duration_seconds": 1006.16,
  "performance_metrics": {
    "total_processed": 474,
    "valid_configs": 225,
    "duplicates": 0,
    "failed_tests": 249,
    "success_rate": 47.47,
    "avg_latency_ms": 70.52,
    "avg_score": 99.53
  },
  "protocol_summary": {
    "vmess": {
      "count": 16,
      "avg_lat": 112.8125,
      "avg_score": 99.24791666666667
    },
    "vless": {
      "count": 202,
      "avg_lat": 66.05940594059406,
      "avg_score": 99.55960396039605
    },
    "ss": {
      "count": 3,
      "avg_lat": 65.66666666666667,
      "avg_score": 99.56222222222222
    },
    "trojan": {
      "count": 4,
      "avg_lat": 130.0,
      "avg_score": 99.13333333333334
    }
  }
}