{
  "scan_timestamp": "2026-02-15T12:40:21.457456+00:00",
  "duration_seconds": 1043.14,
  "performance_metrics": {
    "total_processed": 462,
    "valid_configs": 313,
    "duplicates": 0,
    "failed_tests": 149,
    "success_rate": 67.75,
    "avg_latency_ms": 116.46,
    "avg_score": 99.22
  },
  "protocol_summary": {
    "vmess": {
      "count": 72,
      "avg_lat": 162.27777777777777,
      "avg_score": 98.91814814814815
    },
    "vless": {
      "count": 197,
      "avg_lat": 99.51776649746193,
      "avg_score": 99.33654822335025
    },
    "ss": {
      "count": 0,
      "avg_lat": 0.0,
      "avg_score": 0.0
    },
    "trojan": {
      "count": 44,
      "avg_lat": 117.36363636363636,
      "avg_score": 99.21757575757577
    }
  }
}