{
  "scan_timestamp": "2026-04-10T01:31:49.104915+00:00",
  "duration_seconds": 998.03,
  "performance_metrics": {
    "total_processed": 486,
    "valid_configs": 222,
    "duplicates": 0,
    "failed_tests": 264,
    "success_rate": 45.68,
    "avg_latency_ms": 114.04,
    "avg_score": 99.24
  },
  "protocol_summary": {
    "vmess": {
      "count": 2,
      "avg_lat": 151.5,
      "avg_score": 98.99000000000001
    },
    "vless": {
      "count": 210,
      "avg_lat": 114.79047619047618,
      "avg_score": 99.23473015873017
    },
    "ss": {
      "count": 3,
      "avg_lat": 196.66666666666666,
      "avg_score": 98.68888888888888
    },
    "trojan": {
      "count": 7,
      "avg_lat": 45.285714285714285,
      "avg_score": 99.69809523809523
    }
  }
}