{
  "scan_timestamp": "2026-03-20T19:39:46.023822+00:00",
  "duration_seconds": 606.97,
  "performance_metrics": {
    "total_processed": 436,
    "valid_configs": 82,
    "duplicates": 0,
    "failed_tests": 354,
    "success_rate": 18.81,
    "avg_latency_ms": 88.45,
    "avg_score": 99.41
  },
  "protocol_summary": {
    "vmess": {
      "count": 1,
      "avg_lat": 28.0,
      "avg_score": 99.81333333333333
    },
    "vless": {
      "count": 62,
      "avg_lat": 86.70967741935483,
      "avg_score": 99.42193548387097
    },
    "ss": {
      "count": 13,
      "avg_lat": 120.92307692307692,
      "avg_score": 99.19384615384615
    },
    "trojan": {
      "count": 6,
      "avg_lat": 46.166666666666664,
      "avg_score": 99.69222222222221
    }
  }
}