{
  "scan_timestamp": "2025-12-10T08:29:59.819388+00:00",
  "duration_seconds": 875.24,
  "performance_metrics": {
    "total_processed": 468,
    "valid_configs": 197,
    "duplicates": 0,
    "failed_tests": 271,
    "success_rate": 42.09,
    "avg_latency_ms": 149.66,
    "avg_score": 99.0
  },
  "protocol_summary": {
    "vmess": {
      "count": 38,
      "avg_lat": 89.73684210526316,
      "avg_score": 99.4017543859649
    },
    "vless": {
      "count": 97,
      "avg_lat": 149.57731958762886,
      "avg_score": 99.00281786941581
    },
    "ss": {
      "count": 0,
      "avg_lat": 0.0,
      "avg_score": 0.0
    },
    "trojan": {
      "count": 62,
      "avg_lat": 186.51612903225808,
      "avg_score": 98.75655913978495
    }
  }
}