{
  "scan_timestamp": "2026-04-23T01:35:49.436911+00:00",
  "duration_seconds": 778.09,
  "performance_metrics": {
    "total_processed": 478,
    "valid_configs": 194,
    "duplicates": 0,
    "failed_tests": 284,
    "success_rate": 40.59,
    "avg_latency_ms": 148.55,
    "avg_score": 99.01
  },
  "protocol_summary": {
    "vmess": {
      "count": 3,
      "avg_lat": 149.66666666666666,
      "avg_score": 99.00222222222222
    },
    "vless": {
      "count": 184,
      "avg_lat": 151.30434782608697,
      "avg_score": 98.9913043478261
    },
    "ss": {
      "count": 2,
      "avg_lat": 169.0,
      "avg_score": 98.87333333333333
    },
    "trojan": {
      "count": 5,
      "avg_lat": 38.4,
      "avg_score": 99.744
    }
  }
}