{
  "scan_timestamp": "2026-03-21T14:19:54.303651+00:00",
  "duration_seconds": 231.52,
  "performance_metrics": {
    "total_processed": 342,
    "valid_configs": 43,
    "duplicates": 0,
    "failed_tests": 299,
    "success_rate": 12.57,
    "avg_latency_ms": 106.84,
    "avg_score": 99.29
  },
  "protocol_summary": {
    "vmess": {
      "count": 1,
      "avg_lat": 23.0,
      "avg_score": 99.84666666666666
    },
    "vless": {
      "count": 28,
      "avg_lat": 41.964285714285715,
      "avg_score": 99.72023809523809
    },
    "ss": {
      "count": 13,
      "avg_lat": 261.0769230769231,
      "avg_score": 98.25948717948717
    },
    "trojan": {
      "count": 1,
      "avg_lat": 2.0,
      "avg_score": 99.98666666666666
    }
  }
}