{
  "scan_timestamp": "2025-12-10T16:29:58.414719+00:00",
  "duration_seconds": 863.46,
  "performance_metrics": {
    "total_processed": 467,
    "valid_configs": 193,
    "duplicates": 0,
    "failed_tests": 274,
    "success_rate": 41.33,
    "avg_latency_ms": 120.73,
    "avg_score": 99.2
  },
  "protocol_summary": {
    "vmess": {
      "count": 38,
      "avg_lat": 124.57894736842105,
      "avg_score": 99.16947368421053
    },
    "vless": {
      "count": 96,
      "avg_lat": 112.59375,
      "avg_score": 99.249375
    },
    "ss": {
      "count": 0,
      "avg_lat": 0.0,
      "avg_score": 0.0
    },
    "trojan": {
      "count": 59,
      "avg_lat": 131.47457627118644,
      "avg_score": 99.12350282485876
    }
  }
}