{
  "scan_timestamp": "2026-02-13T14:50:21.746249+00:00",
  "duration_seconds": 1013.2,
  "performance_metrics": {
    "total_processed": 467,
    "valid_configs": 306,
    "duplicates": 0,
    "failed_tests": 161,
    "success_rate": 65.52,
    "avg_latency_ms": 148.24,
    "avg_score": 99.01
  },
  "protocol_summary": {
    "vmess": {
      "count": 68,
      "avg_lat": 164.48529411764707,
      "avg_score": 98.90343137254902
    },
    "vless": {
      "count": 190,
      "avg_lat": 127.35263157894737,
      "avg_score": 99.15098245614034
    },
    "ss": {
      "count": 0,
      "avg_lat": 0.0,
      "avg_score": 0.0
    },
    "trojan": {
      "count": 48,
      "avg_lat": 207.875,
      "avg_score": 98.61416666666666
    }
  }
}