{
  "scan_timestamp": "2026-01-17T02:58:22.506048+00:00",
  "duration_seconds": 840.37,
  "performance_metrics": {
    "total_processed": 418,
    "valid_configs": 223,
    "duplicates": 0,
    "failed_tests": 195,
    "success_rate": 53.35,
    "avg_latency_ms": 96.63,
    "avg_score": 99.36
  },
  "protocol_summary": {
    "vmess": {
      "count": 52,
      "avg_lat": 77.42307692307692,
      "avg_score": 99.48384615384614
    },
    "vless": {
      "count": 129,
      "avg_lat": 73.94573643410853,
      "avg_score": 99.50702842377261
    },
    "ss": {
      "count": 0,
      "avg_lat": 0.0,
      "avg_score": 0.0
    },
    "trojan": {
      "count": 42,
      "avg_lat": 190.0952380952381,
      "avg_score": 98.73269841269841
    }
  }
}