{
  "scan_timestamp": "2025-12-16T04:09:34.886804+00:00",
  "duration_seconds": 1013.29,
  "performance_metrics": {
    "total_processed": 477,
    "valid_configs": 279,
    "duplicates": 0,
    "failed_tests": 198,
    "success_rate": 58.49,
    "avg_latency_ms": 90.82,
    "avg_score": 99.39
  },
  "protocol_summary": {
    "vmess": {
      "count": 50,
      "avg_lat": 158.52,
      "avg_score": 98.94319999999999
    },
    "vless": {
      "count": 197,
      "avg_lat": 68.83756345177665,
      "avg_score": 99.54108291032149
    },
    "ss": {
      "count": 0,
      "avg_lat": 0.0,
      "avg_score": 0.0
    },
    "trojan": {
      "count": 32,
      "avg_lat": 120.34375,
      "avg_score": 99.19770833333334
    }
  }
}