{
  "scan_timestamp": "2026-02-05T06:02:55.128856+00:00",
  "duration_seconds": 1009.44,
  "performance_metrics": {
    "total_processed": 470,
    "valid_configs": 279,
    "duplicates": 0,
    "failed_tests": 191,
    "success_rate": 59.36,
    "avg_latency_ms": 117.62,
    "avg_score": 99.22
  },
  "protocol_summary": {
    "vmess": {
      "count": 52,
      "avg_lat": 118.82692307692308,
      "avg_score": 99.2078205128205
    },
    "vless": {
      "count": 170,
      "avg_lat": 97.25882352941177,
      "avg_score": 99.35160784313726
    },
    "ss": {
      "count": 0,
      "avg_lat": 0.0,
      "avg_score": 0.0
    },
    "trojan": {
      "count": 57,
      "avg_lat": 177.24561403508773,
      "avg_score": 98.8183625730994
    }
  }
}