{
  "scan_timestamp": "2026-04-06T01:32:30.823392+00:00",
  "duration_seconds": 998.52,
  "performance_metrics": {
    "total_processed": 489,
    "valid_configs": 245,
    "duplicates": 0,
    "failed_tests": 244,
    "success_rate": 50.1,
    "avg_latency_ms": 144.97,
    "avg_score": 99.03
  },
  "protocol_summary": {
    "vmess": {
      "count": 2,
      "avg_lat": 138.0,
      "avg_score": 99.08000000000001
    },
    "vless": {
      "count": 239,
      "avg_lat": 144.86610878661088,
      "avg_score": 99.03422594142259
    },
    "ss": {
      "count": 2,
      "avg_lat": 187.0,
      "avg_score": 98.75333333333333
    },
    "trojan": {
      "count": 2,
      "avg_lat": 122.0,
      "avg_score": 99.18666666666667
    }
  }
}