{
  "scan_timestamp": "2025-12-13T03:58:24.389308+00:00",
  "duration_seconds": 932.92,
  "performance_metrics": {
    "total_processed": 477,
    "valid_configs": 233,
    "duplicates": 0,
    "failed_tests": 244,
    "success_rate": 48.85,
    "avg_latency_ms": 154.42,
    "avg_score": 98.97
  },
  "protocol_summary": {
    "vmess": {
      "count": 43,
      "avg_lat": 111.23255813953489,
      "avg_score": 99.25844961240311
    },
    "vless": {
      "count": 118,
      "avg_lat": 126.59322033898304,
      "avg_score": 99.15604519774011
    },
    "ss": {
      "count": 0,
      "avg_lat": 0.0,
      "avg_score": 0.0
    },
    "trojan": {
      "count": 72,
      "avg_lat": 225.83333333333334,
      "avg_score": 98.49444444444445
    }
  }
}