{
  "scan_timestamp": "2026-02-03T20:38:44.477461+00:00",
  "duration_seconds": 942.71,
  "performance_metrics": {
    "total_processed": 466,
    "valid_configs": 271,
    "duplicates": 0,
    "failed_tests": 195,
    "success_rate": 58.15,
    "avg_latency_ms": 141.03,
    "avg_score": 99.06
  },
  "protocol_summary": {
    "vmess": {
      "count": 54,
      "avg_lat": 83.75925925925925,
      "avg_score": 99.4416049382716
    },
    "vless": {
      "count": 162,
      "avg_lat": 108.78395061728395,
      "avg_score": 99.27477366255144
    },
    "ss": {
      "count": 0,
      "avg_lat": 0.0,
      "avg_score": 0.0
    },
    "trojan": {
      "count": 55,
      "avg_lat": 292.23636363636365,
      "avg_score": 98.05175757575758
    }
  }
}