{
  "scan_timestamp": "2026-07-04T15:13:03.355845+00:00",
  "duration_seconds": 510.29,
  "performance_metrics": {
    "total_processed": 461,
    "valid_configs": 154,
    "duplicates": 0,
    "failed_tests": 307,
    "success_rate": 33.41,
    "avg_latency_ms": 235.88,
    "avg_score": 98.43
  },
  "protocol_summary": {
    "vmess": {
      "count": 1,
      "avg_lat": 67.0,
      "avg_score": 99.55333333333333
    },
    "vless": {
      "count": 3,
      "avg_lat": 447.6666666666667,
      "avg_score": 97.01555555555554
    },
    "ss": {
      "count": 147,
      "avg_lat": 237.47619047619048,
      "avg_score": 98.4168253968254
    },
    "trojan": {
      "count": 3,
      "avg_lat": 2.0,
      "avg_score": 99.98666666666666
    }
  }
}