{
  "scan_timestamp": "2025-12-28T18:31:42.993043+00:00",
  "duration_seconds": 1013.1,
  "performance_metrics": {
    "total_processed": 471,
    "valid_configs": 296,
    "duplicates": 0,
    "failed_tests": 175,
    "success_rate": 62.85,
    "avg_latency_ms": 124.52,
    "avg_score": 99.17
  },
  "protocol_summary": {
    "vmess": {
      "count": 34,
      "avg_lat": 107.67647058823529,
      "avg_score": 99.2821568627451
    },
    "vless": {
      "count": 155,
      "avg_lat": 97.31612903225806,
      "avg_score": 99.35122580645162
    },
    "ss": {
      "count": 0,
      "avg_lat": 0.0,
      "avg_score": 0.0
    },
    "trojan": {
      "count": 107,
      "avg_lat": 169.28971962616822,
      "avg_score": 98.87140186915887
    }
  }
}