{
  "scan_timestamp": "2026-03-09T16:47:20.752889+00:00",
  "duration_seconds": 186.46,
  "performance_metrics": {
    "total_processed": 377,
    "valid_configs": 30,
    "duplicates": 0,
    "failed_tests": 347,
    "success_rate": 7.96,
    "avg_latency_ms": 141.53,
    "avg_score": 99.06
  },
  "protocol_summary": {
    "vmess": {
      "count": 1,
      "avg_lat": 47.0,
      "avg_score": 99.68666666666667
    },
    "vless": {
      "count": 28,
      "avg_lat": 144.32142857142858,
      "avg_score": 99.03785714285713
    },
    "ss": {
      "count": 1,
      "avg_lat": 158.0,
      "avg_score": 98.94666666666667
    },
    "trojan": {
      "count": 0,
      "avg_lat": 0.0,
      "avg_score": 0.0
    }
  }
}