{
  "scan_timestamp": "2026-03-17T06:52:45.572951+00:00",
  "duration_seconds": 208.53,
  "performance_metrics": {
    "total_processed": 380,
    "valid_configs": 36,
    "duplicates": 0,
    "failed_tests": 344,
    "success_rate": 9.47,
    "avg_latency_ms": 59.03,
    "avg_score": 99.61
  },
  "protocol_summary": {
    "vmess": {
      "count": 1,
      "avg_lat": 19.0,
      "avg_score": 99.87333333333333
    },
    "vless": {
      "count": 29,
      "avg_lat": 49.172413793103445,
      "avg_score": 99.67218390804598
    },
    "ss": {
      "count": 4,
      "avg_lat": 163.0,
      "avg_score": 98.91333333333333
    },
    "trojan": {
      "count": 2,
      "avg_lat": 14.0,
      "avg_score": 99.90666666666667
    }
  }
}