{
  "scan_timestamp": "2025-12-12T20:26:47.892482+00:00",
  "duration_seconds": 929.17,
  "performance_metrics": {
    "total_processed": 478,
    "valid_configs": 210,
    "duplicates": 0,
    "failed_tests": 268,
    "success_rate": 43.93,
    "avg_latency_ms": 151.9,
    "avg_score": 98.99
  },
  "protocol_summary": {
    "vmess": {
      "count": 25,
      "avg_lat": 169.72,
      "avg_score": 98.86853333333333
    },
    "vless": {
      "count": 119,
      "avg_lat": 115.1344537815126,
      "avg_score": 99.23243697478992
    },
    "ss": {
      "count": 0,
      "avg_lat": 0.0,
      "avg_score": 0.0
    },
    "trojan": {
      "count": 66,
      "avg_lat": 211.45454545454547,
      "avg_score": 98.59030303030303
    }
  }
}