{
  "scan_timestamp": "2026-02-15T06:05:35.637388+00:00",
  "duration_seconds": 1100.05,
  "performance_metrics": {
    "total_processed": 463,
    "valid_configs": 328,
    "duplicates": 0,
    "failed_tests": 135,
    "success_rate": 70.84,
    "avg_latency_ms": 109.47,
    "avg_score": 99.27
  },
  "protocol_summary": {
    "vmess": {
      "count": 67,
      "avg_lat": 137.97014925373134,
      "avg_score": 99.08019900497511
    },
    "vless": {
      "count": 209,
      "avg_lat": 107.33492822966507,
      "avg_score": 99.28443381180223
    },
    "ss": {
      "count": 0,
      "avg_lat": 0.0,
      "avg_score": 0.0
    },
    "trojan": {
      "count": 52,
      "avg_lat": 81.32692307692308,
      "avg_score": 99.4578205128205
    }
  }
}