{
  "scan_timestamp": "2026-02-16T18:44:22.979452+00:00",
  "duration_seconds": 1027.37,
  "performance_metrics": {
    "total_processed": 459,
    "valid_configs": 302,
    "duplicates": 0,
    "failed_tests": 157,
    "success_rate": 65.8,
    "avg_latency_ms": 145.62,
    "avg_score": 99.03
  },
  "protocol_summary": {
    "vmess": {
      "count": 74,
      "avg_lat": 219.3108108108108,
      "avg_score": 98.53792792792792
    },
    "vless": {
      "count": 192,
      "avg_lat": 117.74479166666667,
      "avg_score": 99.21503472222223
    },
    "ss": {
      "count": 0,
      "avg_lat": 0.0,
      "avg_score": 0.0
    },
    "trojan": {
      "count": 36,
      "avg_lat": 142.77777777777777,
      "avg_score": 99.04814814814816
    }
  }
}