{
  "scan_timestamp": "2026-03-26T12:55:58.525049+00:00",
  "duration_seconds": 664.85,
  "performance_metrics": {
    "total_processed": 461,
    "valid_configs": 125,
    "duplicates": 0,
    "failed_tests": 336,
    "success_rate": 27.11,
    "avg_latency_ms": 102.17,
    "avg_score": 99.32
  },
  "protocol_summary": {
    "vmess": {
      "count": 2,
      "avg_lat": 72.5,
      "avg_score": 99.51666666666667
    },
    "vless": {
      "count": 114,
      "avg_lat": 107.0,
      "avg_score": 99.28666666666668
    },
    "ss": {
      "count": 3,
      "avg_lat": 138.0,
      "avg_score": 99.08
    },
    "trojan": {
      "count": 6,
      "avg_lat": 2.3333333333333335,
      "avg_score": 99.98444444444443
    }
  }
}