{
  "scan_timestamp": "2026-07-24T06:30:26.291866+00:00",
  "duration_seconds": 314.46,
  "performance_metrics": {
    "total_processed": 398,
    "valid_configs": 96,
    "duplicates": 0,
    "failed_tests": 302,
    "success_rate": 24.12,
    "avg_latency_ms": 150.82,
    "avg_score": 98.99
  },
  "protocol_summary": {
    "vless": {
      "count": 2,
      "avg_lat": 5.0,
      "avg_score": 99.96666666666667
    },
    "ss": {
      "count": 93,
      "avg_lat": 155.55913978494624,
      "avg_score": 98.96293906810035
    },
    "trojan": {
      "count": 1,
      "avg_lat": 2.0,
      "avg_score": 99.98666666666666
    }
  }
}