{
  "scan_timestamp": "2026-03-23T01:20:12.080279+00:00",
  "duration_seconds": 685.57,
  "performance_metrics": {
    "total_processed": 454,
    "valid_configs": 128,
    "duplicates": 0,
    "failed_tests": 326,
    "success_rate": 28.19,
    "avg_latency_ms": 90.87,
    "avg_score": 99.39
  },
  "protocol_summary": {
    "vmess": {
      "count": 1,
      "avg_lat": 28.0,
      "avg_score": 99.81333333333333
    },
    "vless": {
      "count": 113,
      "avg_lat": 92.76991150442478,
      "avg_score": 99.38153392330383
    },
    "ss": {
      "count": 5,
      "avg_lat": 110.6,
      "avg_score": 99.26266666666666
    },
    "trojan": {
      "count": 9,
      "avg_lat": 63.0,
      "avg_score": 99.58
    }
  }
}