{
  "scan_timestamp": "2026-01-03T19:24:46.731885+00:00",
  "duration_seconds": 1025.5,
  "performance_metrics": {
    "total_processed": 475,
    "valid_configs": 292,
    "duplicates": 0,
    "failed_tests": 183,
    "success_rate": 61.47,
    "avg_latency_ms": 124.2,
    "avg_score": 99.17
  },
  "protocol_summary": {
    "vmess": {
      "count": 53,
      "avg_lat": 181.54716981132074,
      "avg_score": 98.7896855345912
    },
    "vless": {
      "count": 201,
      "avg_lat": 112.29850746268657,
      "avg_score": 99.25134328358209
    },
    "ss": {
      "count": 0,
      "avg_lat": 0.0,
      "avg_score": 0.0
    },
    "trojan": {
      "count": 38,
      "avg_lat": 107.15789473684211,
      "avg_score": 99.28561403508772
    }
  }
}