{
  "scan_timestamp": "2026-02-12T07:59:54.571653+00:00",
  "duration_seconds": 1008.22,
  "performance_metrics": {
    "total_processed": 477,
    "valid_configs": 294,
    "duplicates": 0,
    "failed_tests": 183,
    "success_rate": 61.64,
    "avg_latency_ms": 143.54,
    "avg_score": 99.04
  },
  "protocol_summary": {
    "vmess": {
      "count": 51,
      "avg_lat": 153.1764705882353,
      "avg_score": 98.97882352941177
    },
    "vless": {
      "count": 195,
      "avg_lat": 113.64102564102564,
      "avg_score": 99.24239316239316
    },
    "ss": {
      "count": 0,
      "avg_lat": 0.0,
      "avg_score": 0.0
    },
    "trojan": {
      "count": 48,
      "avg_lat": 254.79166666666666,
      "avg_score": 98.30138888888888
    }
  }
}