{
  "scan_timestamp": "2026-02-13T11:40:06.364016+00:00",
  "duration_seconds": 1035.57,
  "performance_metrics": {
    "total_processed": 467,
    "valid_configs": 307,
    "duplicates": 0,
    "failed_tests": 160,
    "success_rate": 65.74,
    "avg_latency_ms": 163.69,
    "avg_score": 98.91
  },
  "protocol_summary": {
    "vmess": {
      "count": 66,
      "avg_lat": 189.1060606060606,
      "avg_score": 98.73929292929293
    },
    "vless": {
      "count": 187,
      "avg_lat": 152.85561497326202,
      "avg_score": 98.98096256684491
    },
    "ss": {
      "count": 0,
      "avg_lat": 0.0,
      "avg_score": 0.0
    },
    "trojan": {
      "count": 54,
      "avg_lat": 170.16666666666666,
      "avg_score": 98.86555555555555
    }
  }
}