{
  "scan_timestamp": "2026-02-15T19:34:42.403833+00:00",
  "duration_seconds": 1069.76,
  "performance_metrics": {
    "total_processed": 463,
    "valid_configs": 323,
    "duplicates": 0,
    "failed_tests": 140,
    "success_rate": 69.76,
    "avg_latency_ms": 122.89,
    "avg_score": 99.18
  },
  "protocol_summary": {
    "vmess": {
      "count": 79,
      "avg_lat": 152.31645569620252,
      "avg_score": 98.98455696202531
    },
    "vless": {
      "count": 215,
      "avg_lat": 116.22325581395349,
      "avg_score": 99.22517829457365
    },
    "ss": {
      "count": 0,
      "avg_lat": 0.0,
      "avg_score": 0.0
    },
    "trojan": {
      "count": 29,
      "avg_lat": 92.20689655172414,
      "avg_score": 99.38528735632184
    }
  }
}