{
  "scan_timestamp": "2026-01-12T08:33:57.170743+00:00",
  "duration_seconds": 1005.85,
  "performance_metrics": {
    "total_processed": 469,
    "valid_configs": 304,
    "duplicates": 0,
    "failed_tests": 165,
    "success_rate": 64.82,
    "avg_latency_ms": 147.99,
    "avg_score": 99.01
  },
  "protocol_summary": {
    "vmess": {
      "count": 87,
      "avg_lat": 114.39080459770115,
      "avg_score": 99.23739463601532
    },
    "vless": {
      "count": 140,
      "avg_lat": 118.14285714285714,
      "avg_score": 99.21238095238095
    },
    "ss": {
      "count": 0,
      "avg_lat": 0.0,
      "avg_score": 0.0
    },
    "trojan": {
      "count": 77,
      "avg_lat": 240.2077922077922,
      "avg_score": 98.39861471861472
    }
  }
}