{
  "scan_timestamp": "2026-07-12T15:03:10.956403+00:00",
  "duration_seconds": 471.44,
  "performance_metrics": {
    "total_processed": 438,
    "valid_configs": 135,
    "duplicates": 0,
    "failed_tests": 303,
    "success_rate": 30.82,
    "avg_latency_ms": 101.97,
    "avg_score": 99.32
  },
  "protocol_summary": {
    "vmess": {
      "count": 1,
      "avg_lat": 13.0,
      "avg_score": 99.91333333333333
    },
    "vless": {
      "count": 2,
      "avg_lat": 67.5,
      "avg_score": 99.55
    },
    "ss": {
      "count": 131,
      "avg_lat": 101.85496183206106,
      "avg_score": 99.32096692111959
    },
    "trojan": {
      "count": 1,
      "avg_lat": 275.0,
      "avg_score": 98.16666666666667
    }
  }
}