{
  "scan_timestamp": "2026-02-19T18:56:52.888944+00:00",
  "duration_seconds": 1170.99,
  "performance_metrics": {
    "total_processed": 472,
    "valid_configs": 376,
    "duplicates": 0,
    "failed_tests": 96,
    "success_rate": 79.66,
    "avg_latency_ms": 83.92,
    "avg_score": 99.44
  },
  "protocol_summary": {
    "vmess": {
      "count": 68,
      "avg_lat": 101.86764705882354,
      "avg_score": 99.32088235294117
    },
    "vless": {
      "count": 276,
      "avg_lat": 83.54347826086956,
      "avg_score": 99.44304347826086
    },
    "ss": {
      "count": 0,
      "avg_lat": 0.0,
      "avg_score": 0.0
    },
    "trojan": {
      "count": 32,
      "avg_lat": 49.03125,
      "avg_score": 99.673125
    }
  }
}