{
  "scan_timestamp": "2026-03-22T04:12:24.952538+00:00",
  "duration_seconds": 230.88,
  "performance_metrics": {
    "total_processed": 347,
    "valid_configs": 41,
    "duplicates": 0,
    "failed_tests": 306,
    "success_rate": 11.82,
    "avg_latency_ms": 152.63,
    "avg_score": 98.98
  },
  "protocol_summary": {
    "vmess": {
      "count": 1,
      "avg_lat": 66.0,
      "avg_score": 99.56
    },
    "vless": {
      "count": 28,
      "avg_lat": 85.07142857142857,
      "avg_score": 99.43285714285715
    },
    "ss": {
      "count": 11,
      "avg_lat": 345.54545454545456,
      "avg_score": 97.69636363636364
    },
    "trojan": {
      "count": 1,
      "avg_lat": 9.0,
      "avg_score": 99.94
    }
  }
}