{
  "scan_timestamp": "2026-07-03T15:18:30.977313+00:00",
  "duration_seconds": 464.51,
  "performance_metrics": {
    "total_processed": 465,
    "valid_configs": 143,
    "duplicates": 0,
    "failed_tests": 322,
    "success_rate": 30.75,
    "avg_latency_ms": 139.85,
    "avg_score": 99.07
  },
  "protocol_summary": {
    "vmess": {
      "count": 2,
      "avg_lat": 51.5,
      "avg_score": 99.65666666666667
    },
    "vless": {
      "count": 3,
      "avg_lat": 395.6666666666667,
      "avg_score": 97.36222222222221
    },
    "ss": {
      "count": 128,
      "avg_lat": 142.296875,
      "avg_score": 99.05135416666667
    },
    "trojan": {
      "count": 10,
      "avg_lat": 49.4,
      "avg_score": 99.67066666666668
    }
  }
}