{
  "scan_timestamp": "2026-07-07T21:30:22.753748+00:00",
  "duration_seconds": 431.96,
  "performance_metrics": {
    "total_processed": 462,
    "valid_configs": 137,
    "duplicates": 0,
    "failed_tests": 325,
    "success_rate": 29.65,
    "avg_latency_ms": 148.42,
    "avg_score": 99.01
  },
  "protocol_summary": {
    "ss": {
      "count": 126,
      "avg_lat": 160.45238095238096,
      "avg_score": 98.93031746031745
    },
    "trojan": {
      "count": 11,
      "avg_lat": 10.636363636363637,
      "avg_score": 99.92909090909092
    }
  }
}