{
  "scan_timestamp": "2026-01-18T09:23:03.529882+00:00",
  "duration_seconds": 719.07,
  "performance_metrics": {
    "total_processed": 411,
    "valid_configs": 192,
    "duplicates": 0,
    "failed_tests": 219,
    "success_rate": 46.72,
    "avg_latency_ms": 106.35,
    "avg_score": 99.29
  },
  "protocol_summary": {
    "vmess": {
      "count": 57,
      "avg_lat": 88.56140350877193,
      "avg_score": 99.40959064327485
    },
    "vless": {
      "count": 73,
      "avg_lat": 67.31506849315069,
      "avg_score": 99.55123287671232
    },
    "ss": {
      "count": 0,
      "avg_lat": 0.0,
      "avg_score": 0.0
    },
    "trojan": {
      "count": 62,
      "avg_lat": 168.66129032258064,
      "avg_score": 98.87559139784946
    }
  }
}