{
  "scan_timestamp": "2026-07-10T00:11:43.609553+00:00",
  "duration_seconds": 460.98,
  "performance_metrics": {
    "total_processed": 454,
    "valid_configs": 147,
    "duplicates": 0,
    "failed_tests": 307,
    "success_rate": 32.38,
    "avg_latency_ms": 136.75,
    "avg_score": 99.09
  },
  "protocol_summary": {
    "vmess": {
      "count": 1,
      "avg_lat": 56.0,
      "avg_score": 99.62666666666667
    },
    "ss": {
      "count": 133,
      "avg_lat": 146.47368421052633,
      "avg_score": 99.02350877192983
    },
    "trojan": {
      "count": 13,
      "avg_lat": 43.46153846153846,
      "avg_score": 99.7102564102564
    }
  }
}