{
  "scan_timestamp": "2026-01-03T01:06:50.549836+00:00",
  "duration_seconds": 1120.44,
  "performance_metrics": {
    "total_processed": 479,
    "valid_configs": 321,
    "duplicates": 0,
    "failed_tests": 158,
    "success_rate": 67.01,
    "avg_latency_ms": 109.27,
    "avg_score": 99.27
  },
  "protocol_summary": {
    "vmess": {
      "count": 42,
      "avg_lat": 134.26190476190476,
      "avg_score": 99.10492063492063
    },
    "vless": {
      "count": 257,
      "avg_lat": 99.96887159533074,
      "avg_score": 99.33354085603114
    },
    "ss": {
      "count": 0,
      "avg_lat": 0.0,
      "avg_score": 0.0
    },
    "trojan": {
      "count": 22,
      "avg_lat": 170.27272727272728,
      "avg_score": 98.86484848484848
    }
  }
}