{
  "scan_timestamp": "2026-02-15T22:29:19.220099+00:00",
  "duration_seconds": 1062.23,
  "performance_metrics": {
    "total_processed": 461,
    "valid_configs": 320,
    "duplicates": 0,
    "failed_tests": 141,
    "success_rate": 69.41,
    "avg_latency_ms": 109.61,
    "avg_score": 99.27
  },
  "protocol_summary": {
    "vmess": {
      "count": 89,
      "avg_lat": 121.31460674157303,
      "avg_score": 99.19123595505619
    },
    "vless": {
      "count": 202,
      "avg_lat": 105.15841584158416,
      "avg_score": 99.29894389438944
    },
    "ss": {
      "count": 0,
      "avg_lat": 0.0,
      "avg_score": 0.0
    },
    "trojan": {
      "count": 29,
      "avg_lat": 104.65517241379311,
      "avg_score": 99.30229885057472
    }
  }
}