{
  "scan_timestamp": "2026-03-29T13:59:53.065591+00:00",
  "duration_seconds": 968.47,
  "performance_metrics": {
    "total_processed": 470,
    "valid_configs": 206,
    "duplicates": 0,
    "failed_tests": 264,
    "success_rate": 43.83,
    "avg_latency_ms": 112.25,
    "avg_score": 99.25
  },
  "protocol_summary": {
    "vmess": {
      "count": 17,
      "avg_lat": 136.05882352941177,
      "avg_score": 99.09294117647059
    },
    "vless": {
      "count": 183,
      "avg_lat": 107.32786885245902,
      "avg_score": 99.28448087431694
    },
    "ss": {
      "count": 1,
      "avg_lat": 168.0,
      "avg_score": 98.88
    },
    "trojan": {
      "count": 5,
      "avg_lat": 200.2,
      "avg_score": 98.66533333333334
    }
  }
}