{
  "scan_timestamp": "2026-06-29T03:58:23.429513+00:00",
  "duration_seconds": 493.3,
  "performance_metrics": {
    "total_processed": 458,
    "valid_configs": 153,
    "duplicates": 0,
    "failed_tests": 305,
    "success_rate": 33.41,
    "avg_latency_ms": 150.51,
    "avg_score": 99.0
  },
  "protocol_summary": {
    "vmess": {
      "count": 2,
      "avg_lat": 21.0,
      "avg_score": 99.86
    },
    "vless": {
      "count": 9,
      "avg_lat": 231.77777777777777,
      "avg_score": 98.45481481481482
    },
    "ss": {
      "count": 129,
      "avg_lat": 139.69767441860466,
      "avg_score": 99.06868217054264
    },
    "trojan": {
      "count": 13,
      "avg_lat": 221.46153846153845,
      "avg_score": 98.52358974358974
    }
  }
}