{
  "scan_timestamp": "2026-02-05T01:18:25.765683+00:00",
  "duration_seconds": 998.49,
  "performance_metrics": {
    "total_processed": 470,
    "valid_configs": 273,
    "duplicates": 0,
    "failed_tests": 197,
    "success_rate": 58.09,
    "avg_latency_ms": 126.94,
    "avg_score": 99.15
  },
  "protocol_summary": {
    "vmess": {
      "count": 53,
      "avg_lat": 112.05660377358491,
      "avg_score": 99.25295597484276
    },
    "vless": {
      "count": 163,
      "avg_lat": 105.66257668711657,
      "avg_score": 99.29558282208589
    },
    "ss": {
      "count": 0,
      "avg_lat": 0.0,
      "avg_score": 0.0
    },
    "trojan": {
      "count": 57,
      "avg_lat": 201.6140350877193,
      "avg_score": 98.65590643274854
    }
  }
}