{
  "scan_timestamp": "2026-01-09T04:54:03.850038+00:00",
  "duration_seconds": 1081.0,
  "performance_metrics": {
    "total_processed": 474,
    "valid_configs": 339,
    "duplicates": 0,
    "failed_tests": 135,
    "success_rate": 71.52,
    "avg_latency_ms": 98.66,
    "avg_score": 99.34
  },
  "protocol_summary": {
    "vmess": {
      "count": 48,
      "avg_lat": 102.0625,
      "avg_score": 99.31958333333334
    },
    "vless": {
      "count": 227,
      "avg_lat": 93.88546255506608,
      "avg_score": 99.37409691629955
    },
    "ss": {
      "count": 0,
      "avg_lat": 0.0,
      "avg_score": 0.0
    },
    "trojan": {
      "count": 64,
      "avg_lat": 113.03125,
      "avg_score": 99.24645833333334
    }
  }
}