{
  "scan_timestamp": "2025-12-16T09:32:51.649546+00:00",
  "duration_seconds": 994.75,
  "performance_metrics": {
    "total_processed": 477,
    "valid_configs": 268,
    "duplicates": 0,
    "failed_tests": 209,
    "success_rate": 56.18,
    "avg_latency_ms": 91.6,
    "avg_score": 99.39
  },
  "protocol_summary": {
    "vmess": {
      "count": 45,
      "avg_lat": 144.2888888888889,
      "avg_score": 99.03807407407407
    },
    "vless": {
      "count": 192,
      "avg_lat": 74.93229166666667,
      "avg_score": 99.50045138888889
    },
    "ss": {
      "count": 0,
      "avg_lat": 0.0,
      "avg_score": 0.0
    },
    "trojan": {
      "count": 31,
      "avg_lat": 118.3225806451613,
      "avg_score": 99.21118279569892
    }
  }
}