{
  "scan_timestamp": "2026-02-22T20:31:41.900593+00:00",
  "duration_seconds": 1118.61,
  "performance_metrics": {
    "total_processed": 474,
    "valid_configs": 342,
    "duplicates": 0,
    "failed_tests": 132,
    "success_rate": 72.15,
    "avg_latency_ms": 95.66,
    "avg_score": 99.36
  },
  "protocol_summary": {
    "vmess": {
      "count": 61,
      "avg_lat": 67.81967213114754,
      "avg_score": 99.54786885245902
    },
    "vless": {
      "count": 246,
      "avg_lat": 108.51219512195122,
      "avg_score": 99.27658536585366
    },
    "trojan": {
      "count": 35,
      "avg_lat": 53.857142857142854,
      "avg_score": 99.64095238095238
    }
  }
}