{
  "scan_timestamp": "2025-12-10T06:31:57.631276+00:00",
  "duration_seconds": 870.85,
  "performance_metrics": {
    "total_processed": 468,
    "valid_configs": 195,
    "duplicates": 0,
    "failed_tests": 273,
    "success_rate": 41.67,
    "avg_latency_ms": 153.61,
    "avg_score": 98.98
  },
  "protocol_summary": {
    "vmess": {
      "count": 38,
      "avg_lat": 155.1578947368421,
      "avg_score": 98.96561403508771
    },
    "vless": {
      "count": 98,
      "avg_lat": 122.29591836734694,
      "avg_score": 99.18469387755103
    },
    "ss": {
      "count": 0,
      "avg_lat": 0.0,
      "avg_score": 0.0
    },
    "trojan": {
      "count": 59,
      "avg_lat": 204.6271186440678,
      "avg_score": 98.63581920903955
    }
  }
}