{
  "scan_timestamp": "2026-03-15T17:21:33.972831+00:00",
  "duration_seconds": 245.36,
  "performance_metrics": {
    "total_processed": 376,
    "valid_configs": 46,
    "duplicates": 0,
    "failed_tests": 330,
    "success_rate": 12.23,
    "avg_latency_ms": 149.78,
    "avg_score": 99.0
  },
  "protocol_summary": {
    "vmess": {
      "count": 1,
      "avg_lat": 25.0,
      "avg_score": 99.83333333333333
    },
    "vless": {
      "count": 28,
      "avg_lat": 43.285714285714285,
      "avg_score": 99.71142857142857
    },
    "ss": {
      "count": 16,
      "avg_lat": 352.9375,
      "avg_score": 97.64708333333334
    },
    "trojan": {
      "count": 1,
      "avg_lat": 6.0,
      "avg_score": 99.96
    }
  }
}