{
  "scan_timestamp": "2025-12-21T07:25:39.159212+00:00",
  "duration_seconds": 900.53,
  "performance_metrics": {
    "total_processed": 467,
    "valid_configs": 259,
    "duplicates": 0,
    "failed_tests": 208,
    "success_rate": 55.46,
    "avg_latency_ms": 106.69,
    "avg_score": 99.29
  },
  "protocol_summary": {
    "vmess": {
      "count": 113,
      "avg_lat": 115.86725663716814,
      "avg_score": 99.22755162241887
    },
    "vless": {
      "count": 95,
      "avg_lat": 76.46315789473684,
      "avg_score": 99.49024561403509
    },
    "ss": {
      "count": 0,
      "avg_lat": 0.0,
      "avg_score": 0.0
    },
    "trojan": {
      "count": 51,
      "avg_lat": 142.64705882352942,
      "avg_score": 99.04901960784314
    }
  }
}