{
  "scan_timestamp": "2026-01-05T05:06:32.662805+00:00",
  "duration_seconds": 1127.09,
  "performance_metrics": {
    "total_processed": 480,
    "valid_configs": 353,
    "duplicates": 0,
    "failed_tests": 127,
    "success_rate": 73.54,
    "avg_latency_ms": 118.49,
    "avg_score": 99.21
  },
  "protocol_summary": {
    "vmess": {
      "count": 51,
      "avg_lat": 164.05882352941177,
      "avg_score": 98.90627450980392
    },
    "vless": {
      "count": 284,
      "avg_lat": 106.78521126760563,
      "avg_score": 99.2880985915493
    },
    "ss": {
      "count": 0,
      "avg_lat": 0.0,
      "avg_score": 0.0
    },
    "trojan": {
      "count": 18,
      "avg_lat": 174.05555555555554,
      "avg_score": 98.83962962962963
    }
  }
}