{
  "scan_timestamp": "2026-01-30T06:47:56.936477+00:00",
  "duration_seconds": 882.86,
  "performance_metrics": {
    "total_processed": 460,
    "valid_configs": 245,
    "duplicates": 0,
    "failed_tests": 215,
    "success_rate": 53.26,
    "avg_latency_ms": 96.81,
    "avg_score": 99.35
  },
  "protocol_summary": {
    "vmess": {
      "count": 109,
      "avg_lat": 79.07339449541284,
      "avg_score": 99.47284403669725
    },
    "vless": {
      "count": 75,
      "avg_lat": 74.32,
      "avg_score": 99.50453333333334
    },
    "ss": {
      "count": 0,
      "avg_lat": 0.0,
      "avg_score": 0.0
    },
    "trojan": {
      "count": 61,
      "avg_lat": 156.14754098360655,
      "avg_score": 98.95901639344262
    }
  }
}