{
  "scan_timestamp": "2026-04-17T13:08:47.146332+00:00",
  "duration_seconds": 1029.09,
  "performance_metrics": {
    "total_processed": 490,
    "valid_configs": 293,
    "duplicates": 0,
    "failed_tests": 197,
    "success_rate": 59.8,
    "avg_latency_ms": 52.06,
    "avg_score": 99.65
  },
  "protocol_summary": {
    "vmess": {
      "count": 2,
      "avg_lat": 110.0,
      "avg_score": 99.26666666666667
    },
    "vless": {
      "count": 282,
      "avg_lat": 51.97517730496454,
      "avg_score": 99.6534988179669
    },
    "ss": {
      "count": 0,
      "avg_lat": 0.0,
      "avg_score": 0.0
    },
    "trojan": {
      "count": 9,
      "avg_lat": 41.888888888888886,
      "avg_score": 99.72074074074074
    }
  }
}