{
  "scan_timestamp": "2026-01-19T03:14:59.828763+00:00",
  "duration_seconds": 781.7,
  "performance_metrics": {
    "total_processed": 410,
    "valid_configs": 211,
    "duplicates": 0,
    "failed_tests": 199,
    "success_rate": 51.46,
    "avg_latency_ms": 107.52,
    "avg_score": 99.28
  },
  "protocol_summary": {
    "vmess": {
      "count": 60,
      "avg_lat": 101.91666666666667,
      "avg_score": 99.32055555555556
    },
    "vless": {
      "count": 106,
      "avg_lat": 80.72641509433963,
      "avg_score": 99.46182389937107
    },
    "ss": {
      "count": 0,
      "avg_lat": 0.0,
      "avg_score": 0.0
    },
    "trojan": {
      "count": 45,
      "avg_lat": 178.0888888888889,
      "avg_score": 98.81274074074075
    }
  }
}