{
  "scan_timestamp": "2026-02-23T01:23:56.442459+00:00",
  "duration_seconds": 1160.91,
  "performance_metrics": {
    "total_processed": 474,
    "valid_configs": 363,
    "duplicates": 0,
    "failed_tests": 111,
    "success_rate": 76.58,
    "avg_latency_ms": 89.91,
    "avg_score": 99.4
  },
  "protocol_summary": {
    "vmess": {
      "count": 67,
      "avg_lat": 79.98507462686567,
      "avg_score": 99.46676616915423
    },
    "vless": {
      "count": 260,
      "avg_lat": 100.50769230769231,
      "avg_score": 99.32994871794872
    },
    "trojan": {
      "count": 36,
      "avg_lat": 31.805555555555557,
      "avg_score": 99.78796296296296
    }
  }
}