{
  "scan_timestamp": "2026-02-05T07:00:51.643593+00:00",
  "duration_seconds": 1099.62,
  "performance_metrics": {
    "total_processed": 485,
    "valid_configs": 301,
    "duplicates": 0,
    "failed_tests": 184,
    "success_rate": 62.06,
    "avg_latency_ms": 111.42,
    "avg_score": 99.26
  },
  "protocol_summary": {
    "vmess": {
      "count": 69,
      "avg_lat": 89.33333333333333,
      "avg_score": 99.40444444444445
    },
    "vless": {
      "count": 170,
      "avg_lat": 79.55882352941177,
      "avg_score": 99.46960784313725
    },
    "ss": {
      "count": 0,
      "avg_lat": 0.0,
      "avg_score": 0.0
    },
    "trojan": {
      "count": 62,
      "avg_lat": 223.3548387096774,
      "avg_score": 98.51096774193549
    }
  }
}