{
  "scan_timestamp": "2026-04-22T12:03:49.598657+00:00",
  "duration_seconds": 822.78,
  "performance_metrics": {
    "total_processed": 476,
    "valid_configs": 204,
    "duplicates": 0,
    "failed_tests": 272,
    "success_rate": 42.86,
    "avg_latency_ms": 134.06,
    "avg_score": 99.11
  },
  "protocol_summary": {
    "vmess": {
      "count": 3,
      "avg_lat": 478.6666666666667,
      "avg_score": 96.80888888888889
    },
    "vless": {
      "count": 192,
      "avg_lat": 130.22395833333334,
      "avg_score": 99.13184027777777
    },
    "ss": {
      "count": 3,
      "avg_lat": 208.33333333333334,
      "avg_score": 98.61111111111113
    },
    "trojan": {
      "count": 6,
      "avg_lat": 47.333333333333336,
      "avg_score": 99.68444444444445
    }
  }
}