{
  "scan_timestamp": "2026-01-21T20:35:03.952868+00:00",
  "duration_seconds": 980.5,
  "performance_metrics": {
    "total_processed": 482,
    "valid_configs": 244,
    "duplicates": 0,
    "failed_tests": 238,
    "success_rate": 50.62,
    "avg_latency_ms": 111.68,
    "avg_score": 99.26
  },
  "protocol_summary": {
    "vmess": {
      "count": 53,
      "avg_lat": 108.86792452830188,
      "avg_score": 99.274213836478
    },
    "vless": {
      "count": 145,
      "avg_lat": 102.86206896551724,
      "avg_score": 99.3142528735632
    },
    "ss": {
      "count": 0,
      "avg_lat": 0.0,
      "avg_score": 0.0
    },
    "trojan": {
      "count": 46,
      "avg_lat": 142.7391304347826,
      "avg_score": 99.04840579710144
    }
  }
}