{
  "scan_timestamp": "2026-02-24T06:10:41.886744+00:00",
  "duration_seconds": 1139.35,
  "performance_metrics": {
    "total_processed": 474,
    "valid_configs": 356,
    "duplicates": 0,
    "failed_tests": 118,
    "success_rate": 75.11,
    "avg_latency_ms": 111.19,
    "avg_score": 99.26
  },
  "protocol_summary": {
    "vmess": {
      "count": 71,
      "avg_lat": 101.45070422535211,
      "avg_score": 99.32366197183099
    },
    "vless": {
      "count": 248,
      "avg_lat": 117.65322580645162,
      "avg_score": 99.21564516129033
    },
    "trojan": {
      "count": 37,
      "avg_lat": 86.56756756756756,
      "avg_score": 99.42288288288287
    }
  }
}