{
  "scan_timestamp": "2026-03-22T09:24:53.857670+00:00",
  "duration_seconds": 230.48,
  "performance_metrics": {
    "total_processed": 341,
    "valid_configs": 40,
    "duplicates": 0,
    "failed_tests": 301,
    "success_rate": 11.73,
    "avg_latency_ms": 73.03,
    "avg_score": 99.51
  },
  "protocol_summary": {
    "vmess": {
      "count": 1,
      "avg_lat": 22.0,
      "avg_score": 99.85333333333334
    },
    "vless": {
      "count": 27,
      "avg_lat": 44.407407407407405,
      "avg_score": 99.70395061728395
    },
    "ss": {
      "count": 11,
      "avg_lat": 154.36363636363637,
      "avg_score": 98.9709090909091
    },
    "trojan": {
      "count": 1,
      "avg_lat": 2.0,
      "avg_score": 99.98666666666666
    }
  }
}