{
  "scan_timestamp": "2026-03-02T12:48:46.275888+00:00",
  "duration_seconds": 1097.87,
  "performance_metrics": {
    "total_processed": 473,
    "valid_configs": 330,
    "duplicates": 0,
    "failed_tests": 143,
    "success_rate": 69.77,
    "avg_latency_ms": 88.09,
    "avg_score": 99.41
  },
  "protocol_summary": {
    "vmess": {
      "count": 60,
      "avg_lat": 53.61666666666667,
      "avg_score": 99.64255555555556
    },
    "vless": {
      "count": 235,
      "avg_lat": 99.40851063829787,
      "avg_score": 99.33727659574467
    },
    "ss": {
      "count": 0,
      "avg_lat": 0.0,
      "avg_score": 0.0
    },
    "trojan": {
      "count": 35,
      "avg_lat": 71.22857142857143,
      "avg_score": 99.52514285714285
    }
  }
}