{
  "scan_timestamp": "2025-12-31T23:25:05.233865+00:00",
  "duration_seconds": 870.8,
  "performance_metrics": {
    "total_processed": 467,
    "valid_configs": 245,
    "duplicates": 0,
    "failed_tests": 222,
    "success_rate": 52.46,
    "avg_latency_ms": 127.86,
    "avg_score": 99.15
  },
  "protocol_summary": {
    "vmess": {
      "count": 42,
      "avg_lat": 175.52380952380952,
      "avg_score": 98.82984126984127
    },
    "vless": {
      "count": 159,
      "avg_lat": 97.10691823899371,
      "avg_score": 99.35262054507336
    },
    "ss": {
      "count": 0,
      "avg_lat": 0.0,
      "avg_score": 0.0
    },
    "trojan": {
      "count": 44,
      "avg_lat": 193.47727272727272,
      "avg_score": 98.71015151515152
    }
  }
}