{
  "scan_timestamp": "2026-03-02T15:49:34.342027+00:00",
  "duration_seconds": 1091.03,
  "performance_metrics": {
    "total_processed": 473,
    "valid_configs": 327,
    "duplicates": 0,
    "failed_tests": 146,
    "success_rate": 69.13,
    "avg_latency_ms": 89.29,
    "avg_score": 99.4
  },
  "protocol_summary": {
    "vmess": {
      "count": 60,
      "avg_lat": 54.55,
      "avg_score": 99.63633333333334
    },
    "vless": {
      "count": 232,
      "avg_lat": 103.95258620689656,
      "avg_score": 99.30698275862069
    },
    "ss": {
      "count": 0,
      "avg_lat": 0.0,
      "avg_score": 0.0
    },
    "trojan": {
      "count": 35,
      "avg_lat": 51.68571428571428,
      "avg_score": 99.65542857142857
    }
  }
}