{
  "scan_timestamp": "2025-12-30T21:27:24.543921+00:00",
  "duration_seconds": 1041.65,
  "performance_metrics": {
    "total_processed": 478,
    "valid_configs": 315,
    "duplicates": 0,
    "failed_tests": 163,
    "success_rate": 65.9,
    "avg_latency_ms": 121.93,
    "avg_score": 99.19
  },
  "protocol_summary": {
    "vmess": {
      "count": 79,
      "avg_lat": 91.44303797468355,
      "avg_score": 99.39037974683545
    },
    "vless": {
      "count": 158,
      "avg_lat": 141.1012658227848,
      "avg_score": 99.05932489451476
    },
    "ss": {
      "count": 0,
      "avg_lat": 0.0,
      "avg_score": 0.0
    },
    "trojan": {
      "count": 78,
      "avg_lat": 113.98717948717949,
      "avg_score": 99.24008547008546
    }
  }
}