{
  "scan_timestamp": "2026-04-18T22:37:40.608742+00:00",
  "duration_seconds": 995.37,
  "performance_metrics": {
    "total_processed": 487,
    "valid_configs": 267,
    "duplicates": 0,
    "failed_tests": 220,
    "success_rate": 54.83,
    "avg_latency_ms": 58.78,
    "avg_score": 99.61
  },
  "protocol_summary": {
    "vmess": {
      "count": 2,
      "avg_lat": 106.0,
      "avg_score": 99.29333333333334
    },
    "vless": {
      "count": 258,
      "avg_lat": 59.17054263565891,
      "avg_score": 99.60552971576227
    },
    "ss": {
      "count": 0,
      "avg_lat": 0.0,
      "avg_score": 0.0
    },
    "trojan": {
      "count": 7,
      "avg_lat": 31.0,
      "avg_score": 99.79333333333332
    }
  }
}