{
  "scan_timestamp": "2026-04-13T05:04:45.567392+00:00",
  "duration_seconds": 987.72,
  "performance_metrics": {
    "total_processed": 481,
    "valid_configs": 238,
    "duplicates": 0,
    "failed_tests": 243,
    "success_rate": 49.48,
    "avg_latency_ms": 87.42,
    "avg_score": 99.42
  },
  "protocol_summary": {
    "vmess": {
      "count": 2,
      "avg_lat": 147.5,
      "avg_score": 99.01666666666667
    },
    "vless": {
      "count": 227,
      "avg_lat": 86.87224669603525,
      "avg_score": 99.42085168869309
    },
    "ss": {
      "count": 3,
      "avg_lat": 165.0,
      "avg_score": 98.90000000000002
    },
    "trojan": {
      "count": 6,
      "avg_lat": 49.166666666666664,
      "avg_score": 99.67222222222222
    }
  }
}