{
  "scan_timestamp": "2026-02-21T19:34:57.435770+00:00",
  "duration_seconds": 1164.43,
  "performance_metrics": {
    "total_processed": 474,
    "valid_configs": 355,
    "duplicates": 0,
    "failed_tests": 119,
    "success_rate": 74.89,
    "avg_latency_ms": 106.54,
    "avg_score": 99.29
  },
  "protocol_summary": {
    "vmess": {
      "count": 60,
      "avg_lat": 78.1,
      "avg_score": 99.47933333333334
    },
    "vless": {
      "count": 259,
      "avg_lat": 123.71428571428571,
      "avg_score": 99.17523809523809
    },
    "trojan": {
      "count": 36,
      "avg_lat": 30.38888888888889,
      "avg_score": 99.79740740740742
    }
  }
}