{
  "scan_timestamp": "2026-03-20T17:46:47.370046+00:00",
  "duration_seconds": 1138.24,
  "performance_metrics": {
    "total_processed": 463,
    "valid_configs": 349,
    "duplicates": 0,
    "failed_tests": 114,
    "success_rate": 75.38,
    "avg_latency_ms": 84.86,
    "avg_score": 99.43
  },
  "protocol_summary": {
    "vmess": {
      "count": 19,
      "avg_lat": 157.52631578947367,
      "avg_score": 98.9498245614035
    },
    "vless": {
      "count": 285,
      "avg_lat": 71.97894736842105,
      "avg_score": 99.5201403508772
    },
    "ss": {
      "count": 0,
      "avg_lat": 0.0,
      "avg_score": 0.0
    },
    "trojan": {
      "count": 45,
      "avg_lat": 135.73333333333332,
      "avg_score": 99.09511111111111
    }
  }
}