{
  "scan_timestamp": "2026-03-28T04:24:51.767508+00:00",
  "duration_seconds": 1024.68,
  "performance_metrics": {
    "total_processed": 474,
    "valid_configs": 260,
    "duplicates": 0,
    "failed_tests": 214,
    "success_rate": 54.85,
    "avg_latency_ms": 74.22,
    "avg_score": 99.51
  },
  "protocol_summary": {
    "vmess": {
      "count": 14,
      "avg_lat": 117.42857142857143,
      "avg_score": 99.21714285714286
    },
    "vless": {
      "count": 227,
      "avg_lat": 62.06607929515418,
      "avg_score": 99.5862261380323
    },
    "ss": {
      "count": 8,
      "avg_lat": 332.875,
      "avg_score": 97.78083333333333
    },
    "trojan": {
      "count": 11,
      "avg_lat": 82.0,
      "avg_score": 99.45333333333333
    }
  }
}