{
  "scan_timestamp": "2026-01-16T14:27:35.830119+00:00",
  "duration_seconds": 824.63,
  "performance_metrics": {
    "total_processed": 419,
    "valid_configs": 219,
    "duplicates": 0,
    "failed_tests": 200,
    "success_rate": 52.27,
    "avg_latency_ms": 98.61,
    "avg_score": 99.34
  },
  "protocol_summary": {
    "vmess": {
      "count": 53,
      "avg_lat": 105.73584905660377,
      "avg_score": 99.29509433962265
    },
    "vless": {
      "count": 127,
      "avg_lat": 92.21259842519684,
      "avg_score": 99.38524934383202
    },
    "ss": {
      "count": 0,
      "avg_lat": 0.0,
      "avg_score": 0.0
    },
    "trojan": {
      "count": 39,
      "avg_lat": 109.74358974358974,
      "avg_score": 99.26837606837607
    }
  }
}