{
  "scan_timestamp": "2026-04-17T16:04:07.084235+00:00",
  "duration_seconds": 1000.05,
  "performance_metrics": {
    "total_processed": 486,
    "valid_configs": 282,
    "duplicates": 0,
    "failed_tests": 204,
    "success_rate": 58.02,
    "avg_latency_ms": 75.61,
    "avg_score": 99.5
  },
  "protocol_summary": {
    "vmess": {
      "count": 2,
      "avg_lat": 171.5,
      "avg_score": 98.85666666666667
    },
    "vless": {
      "count": 271,
      "avg_lat": 74.64206642066421,
      "avg_score": 99.50238622386225
    },
    "ss": {
      "count": 0,
      "avg_lat": 0.0,
      "avg_score": 0.0
    },
    "trojan": {
      "count": 9,
      "avg_lat": 83.44444444444444,
      "avg_score": 99.4437037037037
    }
  }
}