{
  "scan_timestamp": "2026-03-26T10:52:01.639587+00:00",
  "duration_seconds": 665.59,
  "performance_metrics": {
    "total_processed": 461,
    "valid_configs": 129,
    "duplicates": 0,
    "failed_tests": 332,
    "success_rate": 27.98,
    "avg_latency_ms": 104.33,
    "avg_score": 99.3
  },
  "protocol_summary": {
    "vmess": {
      "count": 2,
      "avg_lat": 83.5,
      "avg_score": 99.44333333333333
    },
    "vless": {
      "count": 117,
      "avg_lat": 108.14529914529915,
      "avg_score": 99.27903133903135
    },
    "ss": {
      "count": 3,
      "avg_lat": 144.0,
      "avg_score": 99.04
    },
    "trojan": {
      "count": 7,
      "avg_lat": 29.428571428571427,
      "avg_score": 99.80380952380952
    }
  }
}