{
  "scan_timestamp": "2026-03-06T06:51:00.840026+00:00",
  "duration_seconds": 1074.5,
  "performance_metrics": {
    "total_processed": 473,
    "valid_configs": 321,
    "duplicates": 0,
    "failed_tests": 152,
    "success_rate": 67.86,
    "avg_latency_ms": 75.87,
    "avg_score": 99.49
  },
  "protocol_summary": {
    "vmess": {
      "count": 60,
      "avg_lat": 53.45,
      "avg_score": 99.64366666666666
    },
    "vless": {
      "count": 226,
      "avg_lat": 85.92477876106194,
      "avg_score": 99.42716814159293
    },
    "ss": {
      "count": 0,
      "avg_lat": 0.0,
      "avg_score": 0.0
    },
    "trojan": {
      "count": 35,
      "avg_lat": 49.371428571428574,
      "avg_score": 99.67085714285714
    }
  }
}