{
  "scan_timestamp": "2026-01-30T14:01:16.436504+00:00",
  "duration_seconds": 904.74,
  "performance_metrics": {
    "total_processed": 462,
    "valid_configs": 255,
    "duplicates": 0,
    "failed_tests": 207,
    "success_rate": 55.19,
    "avg_latency_ms": 94.62,
    "avg_score": 99.37
  },
  "protocol_summary": {
    "vmess": {
      "count": 110,
      "avg_lat": 78.18181818181819,
      "avg_score": 99.47878787878787
    },
    "vless": {
      "count": 73,
      "avg_lat": 52.43835616438356,
      "avg_score": 99.6504109589041
    },
    "ss": {
      "count": 0,
      "avg_lat": 0.0,
      "avg_score": 0.0
    },
    "trojan": {
      "count": 72,
      "avg_lat": 162.48611111111111,
      "avg_score": 98.91675925925925
    }
  }
}