{
  "scan_timestamp": "2026-07-15T19:15:21.317654+00:00",
  "duration_seconds": 390.43,
  "performance_metrics": {
    "total_processed": 434,
    "valid_configs": 115,
    "duplicates": 0,
    "failed_tests": 319,
    "success_rate": 26.5,
    "avg_latency_ms": 151.83,
    "avg_score": 98.99
  },
  "protocol_summary": {
    "vmess": {
      "count": 1,
      "avg_lat": 58.0,
      "avg_score": 99.61333333333333
    },
    "vless": {
      "count": 1,
      "avg_lat": 16.0,
      "avg_score": 99.89333333333333
    },
    "ss": {
      "count": 108,
      "avg_lat": 150.42592592592592,
      "avg_score": 98.99716049382715
    },
    "trojan": {
      "count": 5,
      "avg_lat": 228.0,
      "avg_score": 98.47999999999999
    }
  }
}