{
  "scan_timestamp": "2026-03-02T16:47:36.604930+00:00",
  "duration_seconds": 1088.7,
  "performance_metrics": {
    "total_processed": 473,
    "valid_configs": 328,
    "duplicates": 0,
    "failed_tests": 145,
    "success_rate": 69.34,
    "avg_latency_ms": 71.83,
    "avg_score": 99.52
  },
  "protocol_summary": {
    "vmess": {
      "count": 60,
      "avg_lat": 47.61666666666667,
      "avg_score": 99.68255555555555
    },
    "vless": {
      "count": 233,
      "avg_lat": 77.10729613733906,
      "avg_score": 99.4859513590844
    },
    "ss": {
      "count": 0,
      "avg_lat": 0.0,
      "avg_score": 0.0
    },
    "trojan": {
      "count": 35,
      "avg_lat": 78.22857142857143,
      "avg_score": 99.4784761904762
    }
  }
}