{
  "scan_timestamp": "2026-02-28T01:14:46.083086+00:00",
  "duration_seconds": 1105.44,
  "performance_metrics": {
    "total_processed": 473,
    "valid_configs": 334,
    "duplicates": 0,
    "failed_tests": 139,
    "success_rate": 70.61,
    "avg_latency_ms": 77.53,
    "avg_score": 99.48
  },
  "protocol_summary": {
    "vmess": {
      "count": 62,
      "avg_lat": 85.25806451612904,
      "avg_score": 99.43161290322581
    },
    "vless": {
      "count": 237,
      "avg_lat": 78.16877637130801,
      "avg_score": 99.47887482419128
    },
    "ss": {
      "count": 0,
      "avg_lat": 0.0,
      "avg_score": 0.0
    },
    "trojan": {
      "count": 35,
      "avg_lat": 59.48571428571429,
      "avg_score": 99.60342857142857
    }
  }
}