{
  "scan_timestamp": "2026-01-31T16:29:56.909459+00:00",
  "duration_seconds": 955.86,
  "performance_metrics": {
    "total_processed": 463,
    "valid_configs": 256,
    "duplicates": 0,
    "failed_tests": 207,
    "success_rate": 55.29,
    "avg_latency_ms": 97.15,
    "avg_score": 99.35
  },
  "protocol_summary": {
    "vmess": {
      "count": 112,
      "avg_lat": 62.142857142857146,
      "avg_score": 99.58571428571429
    },
    "vless": {
      "count": 76,
      "avg_lat": 72.77631578947368,
      "avg_score": 99.51482456140351
    },
    "ss": {
      "count": 0,
      "avg_lat": 0.0,
      "avg_score": 0.0
    },
    "trojan": {
      "count": 68,
      "avg_lat": 182.0441176470588,
      "avg_score": 98.7863725490196
    }
  }
}