{
  "scan_timestamp": "2026-02-10T20:11:53.275052+00:00",
  "duration_seconds": 1106.87,
  "performance_metrics": {
    "total_processed": 478,
    "valid_configs": 342,
    "duplicates": 0,
    "failed_tests": 136,
    "success_rate": 71.55,
    "avg_latency_ms": 117.51,
    "avg_score": 99.22
  },
  "protocol_summary": {
    "vmess": {
      "count": 50,
      "avg_lat": 146.54,
      "avg_score": 99.02306666666668
    },
    "vless": {
      "count": 193,
      "avg_lat": 111.73056994818653,
      "avg_score": 99.25512953367877
    },
    "ss": {
      "count": 0,
      "avg_lat": 0.0,
      "avg_score": 0.0
    },
    "trojan": {
      "count": 99,
      "avg_lat": 114.13131313131314,
      "avg_score": 99.23912457912459
    }
  }
}