{
  "scan_timestamp": "2026-07-11T09:35:59.171533+00:00",
  "duration_seconds": 463.19,
  "performance_metrics": {
    "total_processed": 440,
    "valid_configs": 146,
    "duplicates": 0,
    "failed_tests": 294,
    "success_rate": 33.18,
    "avg_latency_ms": 165.36,
    "avg_score": 98.9
  },
  "protocol_summary": {
    "vmess": {
      "count": 1,
      "avg_lat": 56.0,
      "avg_score": 99.62666666666667
    },
    "ss": {
      "count": 136,
      "avg_lat": 149.01470588235293,
      "avg_score": 99.00656862745097
    },
    "trojan": {
      "count": 9,
      "avg_lat": 424.55555555555554,
      "avg_score": 97.16962962962963
    }
  }
}