{
  "scan_timestamp": "2026-01-23T16:30:21.468946+00:00",
  "duration_seconds": 859.92,
  "performance_metrics": {
    "total_processed": 420,
    "valid_configs": 225,
    "duplicates": 0,
    "failed_tests": 195,
    "success_rate": 53.57,
    "avg_latency_ms": 116.91,
    "avg_score": 99.22
  },
  "protocol_summary": {
    "vmess": {
      "count": 73,
      "avg_lat": 170.32876712328766,
      "avg_score": 98.86447488584474
    },
    "vless": {
      "count": 121,
      "avg_lat": 88.9090909090909,
      "avg_score": 99.40727272727273
    },
    "ss": {
      "count": 0,
      "avg_lat": 0.0,
      "avg_score": 0.0
    },
    "trojan": {
      "count": 31,
      "avg_lat": 100.41935483870968,
      "avg_score": 99.3305376344086
    }
  }
}