{
  "scan_timestamp": "2026-02-18T22:39:15.666273+00:00",
  "duration_seconds": 1075.93,
  "performance_metrics": {
    "total_processed": 455,
    "valid_configs": 330,
    "duplicates": 0,
    "failed_tests": 125,
    "success_rate": 72.53,
    "avg_latency_ms": 112.98,
    "avg_score": 99.25
  },
  "protocol_summary": {
    "vmess": {
      "count": 56,
      "avg_lat": 149.73214285714286,
      "avg_score": 99.00178571428572
    },
    "vless": {
      "count": 239,
      "avg_lat": 109.13389121338912,
      "avg_score": 99.27244072524408
    },
    "ss": {
      "count": 0,
      "avg_lat": 0.0,
      "avg_score": 0.0
    },
    "trojan": {
      "count": 35,
      "avg_lat": 80.48571428571428,
      "avg_score": 99.46342857142858
    }
  }
}