{
  "scan_timestamp": "2026-02-14T07:44:01.639302+00:00",
  "duration_seconds": 1054.64,
  "performance_metrics": {
    "total_processed": 465,
    "valid_configs": 316,
    "duplicates": 0,
    "failed_tests": 149,
    "success_rate": 67.96,
    "avg_latency_ms": 114.74,
    "avg_score": 99.24
  },
  "protocol_summary": {
    "vmess": {
      "count": 66,
      "avg_lat": 139.6060606060606,
      "avg_score": 99.06929292929294
    },
    "vless": {
      "count": 198,
      "avg_lat": 106.46464646464646,
      "avg_score": 99.29023569023569
    },
    "ss": {
      "count": 0,
      "avg_lat": 0.0,
      "avg_score": 0.0
    },
    "trojan": {
      "count": 52,
      "avg_lat": 114.67307692307692,
      "avg_score": 99.23551282051282
    }
  }
}