{
  "scan_timestamp": "2026-02-18T08:00:47.367929+00:00",
  "duration_seconds": 1111.96,
  "performance_metrics": {
    "total_processed": 460,
    "valid_configs": 346,
    "duplicates": 0,
    "failed_tests": 114,
    "success_rate": 75.22,
    "avg_latency_ms": 123.92,
    "avg_score": 99.17
  },
  "protocol_summary": {
    "vmess": {
      "count": 54,
      "avg_lat": 118.96296296296296,
      "avg_score": 99.2069135802469
    },
    "vless": {
      "count": 259,
      "avg_lat": 128.6138996138996,
      "avg_score": 99.142574002574
    },
    "ss": {
      "count": 0,
      "avg_lat": 0.0,
      "avg_score": 0.0
    },
    "trojan": {
      "count": 33,
      "avg_lat": 95.18181818181819,
      "avg_score": 99.36545454545454
    }
  }
}