{
  "scan_timestamp": "2026-02-03T16:55:13.070853+00:00",
  "duration_seconds": 999.56,
  "performance_metrics": {
    "total_processed": 466,
    "valid_configs": 292,
    "duplicates": 0,
    "failed_tests": 174,
    "success_rate": 62.66,
    "avg_latency_ms": 129.96,
    "avg_score": 99.13
  },
  "protocol_summary": {
    "vmess": {
      "count": 81,
      "avg_lat": 49.67901234567901,
      "avg_score": 99.66880658436214
    },
    "vless": {
      "count": 166,
      "avg_lat": 120.31927710843374,
      "avg_score": 99.19787148594378
    },
    "ss": {
      "count": 0,
      "avg_lat": 0.0,
      "avg_score": 0.0
    },
    "trojan": {
      "count": 45,
      "avg_lat": 310.0444444444444,
      "avg_score": 97.93303703703704
    }
  }
}