{
  "scan_timestamp": "2025-12-14T05:27:43.175284+00:00",
  "duration_seconds": 977.11,
  "performance_metrics": {
    "total_processed": 472,
    "valid_configs": 265,
    "duplicates": 0,
    "failed_tests": 207,
    "success_rate": 56.14,
    "avg_latency_ms": 93.45,
    "avg_score": 99.38
  },
  "protocol_summary": {
    "vmess": {
      "count": 28,
      "avg_lat": 85.92857142857143,
      "avg_score": 99.42714285714285
    },
    "vless": {
      "count": 197,
      "avg_lat": 83.51269035532995,
      "avg_score": 99.44324873096447
    },
    "ss": {
      "count": 0,
      "avg_lat": 0.0,
      "avg_score": 0.0
    },
    "trojan": {
      "count": 40,
      "avg_lat": 147.675,
      "avg_score": 99.0155
    }
  }
}