{
  "scan_timestamp": "2026-01-31T14:30:18.542907+00:00",
  "duration_seconds": 952.2,
  "performance_metrics": {
    "total_processed": 463,
    "valid_configs": 256,
    "duplicates": 0,
    "failed_tests": 207,
    "success_rate": 55.29,
    "avg_latency_ms": 102.63,
    "avg_score": 99.32
  },
  "protocol_summary": {
    "vmess": {
      "count": 112,
      "avg_lat": 55.5625,
      "avg_score": 99.62958333333334
    },
    "vless": {
      "count": 76,
      "avg_lat": 90.28947368421052,
      "avg_score": 99.39807017543859
    },
    "ss": {
      "count": 0,
      "avg_lat": 0.0,
      "avg_score": 0.0
    },
    "trojan": {
      "count": 68,
      "avg_lat": 193.94117647058823,
      "avg_score": 98.70705882352941
    }
  }
}