{
  "scan_timestamp": "2026-04-16T12:07:44.041551+00:00",
  "duration_seconds": 1051.11,
  "performance_metrics": {
    "total_processed": 487,
    "valid_configs": 312,
    "duplicates": 0,
    "failed_tests": 175,
    "success_rate": 64.07,
    "avg_latency_ms": 48.6,
    "avg_score": 99.68
  },
  "protocol_summary": {
    "vmess": {
      "count": 2,
      "avg_lat": 131.0,
      "avg_score": 99.12666666666667
    },
    "vless": {
      "count": 298,
      "avg_lat": 47.58724832214765,
      "avg_score": 99.68275167785235
    },
    "ss": {
      "count": 0,
      "avg_lat": 0.0,
      "avg_score": 0.0
    },
    "trojan": {
      "count": 12,
      "avg_lat": 59.916666666666664,
      "avg_score": 99.60055555555556
    }
  }
}