{
  "scan_timestamp": "2025-12-31T07:31:20.899962+00:00",
  "duration_seconds": 967.98,
  "performance_metrics": {
    "total_processed": 445,
    "valid_configs": 288,
    "duplicates": 0,
    "failed_tests": 157,
    "success_rate": 64.72,
    "avg_latency_ms": 112.47,
    "avg_score": 99.25
  },
  "protocol_summary": {
    "vmess": {
      "count": 63,
      "avg_lat": 115.61904761904762,
      "avg_score": 99.22920634920634
    },
    "vless": {
      "count": 170,
      "avg_lat": 90.03529411764706,
      "avg_score": 99.39976470588235
    },
    "ss": {
      "count": 0,
      "avg_lat": 0.0,
      "avg_score": 0.0
    },
    "trojan": {
      "count": 55,
      "avg_lat": 178.1818181818182,
      "avg_score": 98.81212121212121
    }
  }
}