{
  "scan_timestamp": "2026-02-27T14:49:51.384091+00:00",
  "duration_seconds": 1107.96,
  "performance_metrics": {
    "total_processed": 473,
    "valid_configs": 334,
    "duplicates": 0,
    "failed_tests": 139,
    "success_rate": 70.61,
    "avg_latency_ms": 101.31,
    "avg_score": 99.32
  },
  "protocol_summary": {
    "vmess": {
      "count": 62,
      "avg_lat": 101.75806451612904,
      "avg_score": 99.3216129032258
    },
    "vless": {
      "count": 237,
      "avg_lat": 103.74683544303798,
      "avg_score": 99.30835443037974
    },
    "ss": {
      "count": 0,
      "avg_lat": 0.0,
      "avg_score": 0.0
    },
    "trojan": {
      "count": 35,
      "avg_lat": 83.97142857142858,
      "avg_score": 99.44019047619048
    }
  }
}