{
  "scan_timestamp": "2026-02-22T07:47:30.835729+00:00",
  "duration_seconds": 1143.79,
  "performance_metrics": {
    "total_processed": 473,
    "valid_configs": 351,
    "duplicates": 0,
    "failed_tests": 122,
    "success_rate": 74.21,
    "avg_latency_ms": 79.81,
    "avg_score": 99.47
  },
  "protocol_summary": {
    "vmess": {
      "count": 62,
      "avg_lat": 62.016129032258064,
      "avg_score": 99.58655913978495
    },
    "vless": {
      "count": 254,
      "avg_lat": 86.95275590551181,
      "avg_score": 99.42031496062991
    },
    "ss": {
      "count": 0,
      "avg_lat": 0.0,
      "avg_score": 0.0
    },
    "trojan": {
      "count": 35,
      "avg_lat": 59.542857142857144,
      "avg_score": 99.60304761904762
    }
  }
}