{
  "scan_timestamp": "2026-01-25T23:25:16.758350+00:00",
  "duration_seconds": 883.58,
  "performance_metrics": {
    "total_processed": 443,
    "valid_configs": 239,
    "duplicates": 0,
    "failed_tests": 204,
    "success_rate": 53.95,
    "avg_latency_ms": 116.63,
    "avg_score": 99.22
  },
  "protocol_summary": {
    "vmess": {
      "count": 44,
      "avg_lat": 90.95454545454545,
      "avg_score": 99.39363636363636
    },
    "vless": {
      "count": 150,
      "avg_lat": 113.86,
      "avg_score": 99.24093333333333
    },
    "ss": {
      "count": 0,
      "avg_lat": 0.0,
      "avg_score": 0.0
    },
    "trojan": {
      "count": 45,
      "avg_lat": 150.95555555555555,
      "avg_score": 98.99362962962962
    }
  }
}