{
  "scan_timestamp": "2026-04-09T10:17:35.029452+00:00",
  "duration_seconds": 980.57,
  "performance_metrics": {
    "total_processed": 488,
    "valid_configs": 211,
    "duplicates": 0,
    "failed_tests": 277,
    "success_rate": 43.24,
    "avg_latency_ms": 140.24,
    "avg_score": 99.07
  },
  "protocol_summary": {
    "vmess": {
      "count": 2,
      "avg_lat": 135.5,
      "avg_score": 99.09666666666666
    },
    "vless": {
      "count": 206,
      "avg_lat": 134.59708737864077,
      "avg_score": 99.10268608414239
    },
    "ss": {
      "count": 3,
      "avg_lat": 530.6666666666666,
      "avg_score": 96.46222222222222
    },
    "trojan": {
      "count": 0,
      "avg_lat": 0.0,
      "avg_score": 0.0
    }
  }
}