{
  "scan_timestamp": "2026-03-05T14:11:21.158418+00:00",
  "duration_seconds": 1077.21,
  "performance_metrics": {
    "total_processed": 473,
    "valid_configs": 323,
    "duplicates": 0,
    "failed_tests": 150,
    "success_rate": 68.29,
    "avg_latency_ms": 81.11,
    "avg_score": 99.46
  },
  "protocol_summary": {
    "vmess": {
      "count": 60,
      "avg_lat": 62.36666666666667,
      "avg_score": 99.58422222222222
    },
    "vless": {
      "count": 228,
      "avg_lat": 90.96491228070175,
      "avg_score": 99.39356725146199
    },
    "ss": {
      "count": 0,
      "avg_lat": 0.0,
      "avg_score": 0.0
    },
    "trojan": {
      "count": 35,
      "avg_lat": 49.0,
      "avg_score": 99.67333333333333
    }
  }
}