{
  "scan_timestamp": "2026-03-03T06:53:52.942583+00:00",
  "duration_seconds": 1087.55,
  "performance_metrics": {
    "total_processed": 473,
    "valid_configs": 326,
    "duplicates": 0,
    "failed_tests": 147,
    "success_rate": 68.92,
    "avg_latency_ms": 82.82,
    "avg_score": 99.45
  },
  "protocol_summary": {
    "vmess": {
      "count": 60,
      "avg_lat": 50.86666666666667,
      "avg_score": 99.66088888888889
    },
    "vless": {
      "count": 231,
      "avg_lat": 92.32900432900433,
      "avg_score": 99.3844733044733
    },
    "ss": {
      "count": 0,
      "avg_lat": 0.0,
      "avg_score": 0.0
    },
    "trojan": {
      "count": 35,
      "avg_lat": 74.8,
      "avg_score": 99.50133333333333
    }
  }
}