{
  "scan_timestamp": "2026-06-28T23:09:15.721156+00:00",
  "duration_seconds": 473.02,
  "performance_metrics": {
    "total_processed": 458,
    "valid_configs": 151,
    "duplicates": 0,
    "failed_tests": 307,
    "success_rate": 32.97,
    "avg_latency_ms": 151.21,
    "avg_score": 98.99
  },
  "protocol_summary": {
    "vmess": {
      "count": 1,
      "avg_lat": 20.0,
      "avg_score": 99.86666666666666
    },
    "vless": {
      "count": 8,
      "avg_lat": 265.5,
      "avg_score": 98.23
    },
    "ss": {
      "count": 129,
      "avg_lat": 130.50387596899225,
      "avg_score": 99.12997416020671
    },
    "trojan": {
      "count": 13,
      "avg_lat": 296.46153846153845,
      "avg_score": 98.02358974358974
    }
  }
}