{
  "scan_timestamp": "2026-02-02T14:49:57.789480+00:00",
  "duration_seconds": 994.13,
  "performance_metrics": {
    "total_processed": 481,
    "valid_configs": 270,
    "duplicates": 0,
    "failed_tests": 211,
    "success_rate": 56.13,
    "avg_latency_ms": 89.61,
    "avg_score": 99.4
  },
  "protocol_summary": {
    "vmess": {
      "count": 73,
      "avg_lat": 52.013698630136986,
      "avg_score": 99.65324200913241
    },
    "vless": {
      "count": 142,
      "avg_lat": 79.66197183098592,
      "avg_score": 99.46892018779343
    },
    "ss": {
      "count": 0,
      "avg_lat": 0.0,
      "avg_score": 0.0
    },
    "trojan": {
      "count": 55,
      "avg_lat": 165.1818181818182,
      "avg_score": 98.89878787878789
    }
  }
}