{
  "scan_timestamp": "2026-01-22T06:34:26.043100+00:00",
  "duration_seconds": 939.27,
  "performance_metrics": {
    "total_processed": 467,
    "valid_configs": 270,
    "duplicates": 0,
    "failed_tests": 197,
    "success_rate": 57.82,
    "avg_latency_ms": 79.29,
    "avg_score": 99.47
  },
  "protocol_summary": {
    "vmess": {
      "count": 95,
      "avg_lat": 78.52631578947368,
      "avg_score": 99.47649122807017
    },
    "vless": {
      "count": 143,
      "avg_lat": 65.91608391608392,
      "avg_score": 99.56055944055944
    },
    "ss": {
      "count": 0,
      "avg_lat": 0.0,
      "avg_score": 0.0
    },
    "trojan": {
      "count": 32,
      "avg_lat": 141.28125,
      "avg_score": 99.058125
    }
  }
}