{
  "scan_timestamp": "2026-02-28T19:31:03.302142+00:00",
  "duration_seconds": 1098.52,
  "performance_metrics": {
    "total_processed": 473,
    "valid_configs": 329,
    "duplicates": 0,
    "failed_tests": 144,
    "success_rate": 69.56,
    "avg_latency_ms": 73.22,
    "avg_score": 99.51
  },
  "protocol_summary": {
    "vmess": {
      "count": 59,
      "avg_lat": 53.610169491525426,
      "avg_score": 99.64259887005649
    },
    "vless": {
      "count": 235,
      "avg_lat": 79.74468085106383,
      "avg_score": 99.46836879432624
    },
    "ss": {
      "count": 0,
      "avg_lat": 0.0,
      "avg_score": 0.0
    },
    "trojan": {
      "count": 35,
      "avg_lat": 62.48571428571429,
      "avg_score": 99.58342857142857
    }
  }
}