{
  "scan_timestamp": "2026-07-04T11:33:45.650603+00:00",
  "duration_seconds": 448.91,
  "performance_metrics": {
    "total_processed": 463,
    "valid_configs": 136,
    "duplicates": 0,
    "failed_tests": 327,
    "success_rate": 29.37,
    "avg_latency_ms": 106.28,
    "avg_score": 99.29
  },
  "protocol_summary": {
    "vmess": {
      "count": 2,
      "avg_lat": 4.0,
      "avg_score": 99.97333333333333
    },
    "vless": {
      "count": 2,
      "avg_lat": 600.5,
      "avg_score": 95.99666666666667
    },
    "ss": {
      "count": 123,
      "avg_lat": 107.52032520325203,
      "avg_score": 99.28319783197833
    },
    "trojan": {
      "count": 9,
      "avg_lat": 2.2222222222222223,
      "avg_score": 99.98518518518519
    }
  }
}