{
  "scan_timestamp": "2026-01-25T19:24:45.571039+00:00",
  "duration_seconds": 952.45,
  "performance_metrics": {
    "total_processed": 462,
    "valid_configs": 267,
    "duplicates": 0,
    "failed_tests": 195,
    "success_rate": 57.79,
    "avg_latency_ms": 116.02,
    "avg_score": 99.23
  },
  "protocol_summary": {
    "vmess": {
      "count": 86,
      "avg_lat": 72.98837209302326,
      "avg_score": 99.51341085271318
    },
    "vless": {
      "count": 142,
      "avg_lat": 136.1549295774648,
      "avg_score": 99.09230046948356
    },
    "ss": {
      "count": 0,
      "avg_lat": 0.0,
      "avg_score": 0.0
    },
    "trojan": {
      "count": 39,
      "avg_lat": 137.6153846153846,
      "avg_score": 99.08256410256409
    }
  }
}