{
  "scan_timestamp": "2026-07-02T10:45:32.159155+00:00",
  "duration_seconds": 424.3,
  "performance_metrics": {
    "total_processed": 463,
    "valid_configs": 128,
    "duplicates": 0,
    "failed_tests": 335,
    "success_rate": 27.65,
    "avg_latency_ms": 93.3,
    "avg_score": 99.38
  },
  "protocol_summary": {
    "vmess": {
      "count": 2,
      "avg_lat": 4.0,
      "avg_score": 99.97333333333333
    },
    "vless": {
      "count": 2,
      "avg_lat": 3.0,
      "avg_score": 99.98
    },
    "ss": {
      "count": 116,
      "avg_lat": 102.71551724137932,
      "avg_score": 99.31522988505746
    },
    "trojan": {
      "count": 8,
      "avg_lat": 1.75,
      "avg_score": 99.98833333333333
    }
  }
}