{
  "scan_timestamp": "2025-12-27T08:30:51.203308+00:00",
  "duration_seconds": 1020.87,
  "performance_metrics": {
    "total_processed": 474,
    "valid_configs": 306,
    "duplicates": 0,
    "failed_tests": 168,
    "success_rate": 64.56,
    "avg_latency_ms": 109.25,
    "avg_score": 99.27
  },
  "protocol_summary": {
    "vmess": {
      "count": 85,
      "avg_lat": 62.15294117647059,
      "avg_score": 99.58564705882354
    },
    "vless": {
      "count": 117,
      "avg_lat": 94.91452991452991,
      "avg_score": 99.36723646723647
    },
    "ss": {
      "count": 0,
      "avg_lat": 0.0,
      "avg_score": 0.0
    },
    "trojan": {
      "count": 104,
      "avg_lat": 163.8653846153846,
      "avg_score": 98.90756410256411
    }
  }
}