{
  "scan_timestamp": "2026-03-14T04:03:25.115455+00:00",
  "duration_seconds": 223.18,
  "performance_metrics": {
    "total_processed": 369,
    "valid_configs": 39,
    "duplicates": 0,
    "failed_tests": 330,
    "success_rate": 10.57,
    "avg_latency_ms": 60.28,
    "avg_score": 99.6
  },
  "protocol_summary": {
    "vmess": {
      "count": 2,
      "avg_lat": 17.5,
      "avg_score": 99.88333333333333
    },
    "vless": {
      "count": 28,
      "avg_lat": 52.607142857142854,
      "avg_score": 99.64928571428571
    },
    "ss": {
      "count": 8,
      "avg_lat": 105.125,
      "avg_score": 99.29916666666666
    },
    "trojan": {
      "count": 1,
      "avg_lat": 2.0,
      "avg_score": 99.98666666666666
    }
  }
}