{
  "scan_timestamp": "2026-04-12T09:52:39.109698+00:00",
  "duration_seconds": 1030.23,
  "performance_metrics": {
    "total_processed": 483,
    "valid_configs": 237,
    "duplicates": 0,
    "failed_tests": 246,
    "success_rate": 49.07,
    "avg_latency_ms": 108.0,
    "avg_score": 99.28
  },
  "protocol_summary": {
    "vmess": {
      "count": 2,
      "avg_lat": 148.0,
      "avg_score": 99.01333333333334
    },
    "vless": {
      "count": 228,
      "avg_lat": 109.17105263157895,
      "avg_score": 99.27219298245615
    },
    "ss": {
      "count": 1,
      "avg_lat": 222.0,
      "avg_score": 98.52
    },
    "trojan": {
      "count": 6,
      "avg_lat": 31.166666666666668,
      "avg_score": 99.79222222222222
    }
  }
}