{
  "scan_timestamp": "2025-12-07T08:28:18.280155+00:00",
  "duration_seconds": 935.42,
  "performance_metrics": {
    "total_processed": 475,
    "valid_configs": 225,
    "duplicates": 0,
    "failed_tests": 250,
    "success_rate": 47.37,
    "avg_latency_ms": 151.83,
    "avg_score": 98.99
  },
  "protocol_summary": {
    "vmess": {
      "count": 48,
      "avg_lat": 238.6875,
      "avg_score": 98.40875
    },
    "vless": {
      "count": 130,
      "avg_lat": 100.86923076923077,
      "avg_score": 99.32753846153847
    },
    "ss": {
      "count": 0,
      "avg_lat": 0.0,
      "avg_score": 0.0
    },
    "trojan": {
      "count": 47,
      "avg_lat": 204.08510638297872,
      "avg_score": 98.63943262411347
    }
  }
}