{
  "scan_timestamp": "2026-04-11T20:36:06.396094+00:00",
  "duration_seconds": 1016.89,
  "performance_metrics": {
    "total_processed": 484,
    "valid_configs": 240,
    "duplicates": 0,
    "failed_tests": 244,
    "success_rate": 49.59,
    "avg_latency_ms": 160.51,
    "avg_score": 98.93
  },
  "protocol_summary": {
    "vmess": {
      "count": 2,
      "avg_lat": 143.0,
      "avg_score": 99.04666666666667
    },
    "vless": {
      "count": 231,
      "avg_lat": 163.5194805194805,
      "avg_score": 98.90987012987013
    },
    "ss": {
      "count": 2,
      "avg_lat": 187.5,
      "avg_score": 98.75
    },
    "trojan": {
      "count": 5,
      "avg_lat": 17.6,
      "avg_score": 99.88266666666667
    }
  }
}