{
  "scan_timestamp": "2025-12-28T04:52:50.922724+00:00",
  "duration_seconds": 1015.27,
  "performance_metrics": {
    "total_processed": 474,
    "valid_configs": 310,
    "duplicates": 0,
    "failed_tests": 164,
    "success_rate": 65.4,
    "avg_latency_ms": 101.07,
    "avg_score": 99.33
  },
  "protocol_summary": {
    "vmess": {
      "count": 95,
      "avg_lat": 72.45263157894736,
      "avg_score": 99.51698245614034
    },
    "vless": {
      "count": 114,
      "avg_lat": 102.07894736842105,
      "avg_score": 99.31947368421052
    },
    "ss": {
      "count": 0,
      "avg_lat": 0.0,
      "avg_score": 0.0
    },
    "trojan": {
      "count": 101,
      "avg_lat": 126.86138613861387,
      "avg_score": 99.15425742574257
    }
  }
}