{
  "scan_timestamp": "2026-02-26T04:23:10.474420+00:00",
  "duration_seconds": 1098.32,
  "performance_metrics": {
    "total_processed": 473,
    "valid_configs": 335,
    "duplicates": 0,
    "failed_tests": 138,
    "success_rate": 70.82,
    "avg_latency_ms": 85.66,
    "avg_score": 99.43
  },
  "protocol_summary": {
    "vmess": {
      "count": 62,
      "avg_lat": 75.41935483870968,
      "avg_score": 99.49720430107527
    },
    "vless": {
      "count": 238,
      "avg_lat": 95.8781512605042,
      "avg_score": 99.36081232492997
    },
    "ss": {
      "count": 0,
      "avg_lat": 0.0,
      "avg_score": 0.0
    },
    "trojan": {
      "count": 35,
      "avg_lat": 34.285714285714285,
      "avg_score": 99.77142857142857
    }
  }
}