{
  "scan_timestamp": "2026-01-09T05:35:30.452785+00:00",
  "duration_seconds": 1127.9,
  "performance_metrics": {
    "total_processed": 474,
    "valid_configs": 356,
    "duplicates": 0,
    "failed_tests": 118,
    "success_rate": 75.11,
    "avg_latency_ms": 111.84,
    "avg_score": 99.25
  },
  "protocol_summary": {
    "vmess": {
      "count": 47,
      "avg_lat": 130.2127659574468,
      "avg_score": 99.13191489361702
    },
    "vless": {
      "count": 249,
      "avg_lat": 102.38152610441767,
      "avg_score": 99.3174564926372
    },
    "ss": {
      "count": 0,
      "avg_lat": 0.0,
      "avg_score": 0.0
    },
    "trojan": {
      "count": 60,
      "avg_lat": 136.7,
      "avg_score": 99.08866666666667
    }
  }
}