{
  "scan_timestamp": "2026-03-24T17:57:19.480317+00:00",
  "duration_seconds": 702.13,
  "performance_metrics": {
    "total_processed": 464,
    "valid_configs": 141,
    "duplicates": 0,
    "failed_tests": 323,
    "success_rate": 30.39,
    "avg_latency_ms": 106.33,
    "avg_score": 99.29
  },
  "protocol_summary": {
    "vmess": {
      "count": 1,
      "avg_lat": 79.0,
      "avg_score": 99.47333333333333
    },
    "vless": {
      "count": 125,
      "avg_lat": 109.688,
      "avg_score": 99.26874666666666
    },
    "ss": {
      "count": 3,
      "avg_lat": 138.66666666666666,
      "avg_score": 99.07555555555557
    },
    "trojan": {
      "count": 12,
      "avg_lat": 65.5,
      "avg_score": 99.56333333333333
    }
  }
}