{
  "scan_timestamp": "2026-02-19T06:10:44.222254+00:00",
  "duration_seconds": 1179.89,
  "performance_metrics": {
    "total_processed": 472,
    "valid_configs": 378,
    "duplicates": 0,
    "failed_tests": 94,
    "success_rate": 80.08,
    "avg_latency_ms": 79.92,
    "avg_score": 99.47
  },
  "protocol_summary": {
    "vmess": {
      "count": 63,
      "avg_lat": 74.38095238095238,
      "avg_score": 99.50412698412698
    },
    "vless": {
      "count": 283,
      "avg_lat": 84.30742049469964,
      "avg_score": 99.43795053003534
    },
    "ss": {
      "count": 0,
      "avg_lat": 0.0,
      "avg_score": 0.0
    },
    "trojan": {
      "count": 32,
      "avg_lat": 52.0625,
      "avg_score": 99.65291666666667
    }
  }
}