{
  "scan_timestamp": "2025-12-28T21:26:03.657948+00:00",
  "duration_seconds": 1013.66,
  "performance_metrics": {
    "total_processed": 471,
    "valid_configs": 299,
    "duplicates": 0,
    "failed_tests": 172,
    "success_rate": 63.48,
    "avg_latency_ms": 105.5,
    "avg_score": 99.3
  },
  "protocol_summary": {
    "vmess": {
      "count": 34,
      "avg_lat": 128.02941176470588,
      "avg_score": 99.14647058823529
    },
    "vless": {
      "count": 157,
      "avg_lat": 73.19108280254777,
      "avg_score": 99.51205944798302
    },
    "ss": {
      "count": 0,
      "avg_lat": 0.0,
      "avg_score": 0.0
    },
    "trojan": {
      "count": 108,
      "avg_lat": 145.37037037037038,
      "avg_score": 99.03086419753087
    }
  }
}