{
  "scan_timestamp": "2026-02-25T20:01:42.448151+00:00",
  "duration_seconds": 1097.48,
  "performance_metrics": {
    "total_processed": 473,
    "valid_configs": 334,
    "duplicates": 0,
    "failed_tests": 139,
    "success_rate": 70.61,
    "avg_latency_ms": 97.13,
    "avg_score": 99.35
  },
  "protocol_summary": {
    "vmess": {
      "count": 62,
      "avg_lat": 118.5,
      "avg_score": 99.21
    },
    "vless": {
      "count": 237,
      "avg_lat": 98.71308016877637,
      "avg_score": 99.34191279887482
    },
    "ss": {
      "count": 0,
      "avg_lat": 0.0,
      "avg_score": 0.0
    },
    "trojan": {
      "count": 35,
      "avg_lat": 48.542857142857144,
      "avg_score": 99.67638095238095
    }
  }
}