{
  "scan_timestamp": "2025-12-07T18:28:24.314390+00:00",
  "duration_seconds": 902.84,
  "performance_metrics": {
    "total_processed": 474,
    "valid_configs": 201,
    "duplicates": 0,
    "failed_tests": 273,
    "success_rate": 42.41,
    "avg_latency_ms": 158.95,
    "avg_score": 98.94
  },
  "protocol_summary": {
    "vmess": {
      "count": 44,
      "avg_lat": 208.70454545454547,
      "avg_score": 98.60863636363636
    },
    "vless": {
      "count": 94,
      "avg_lat": 113.63829787234043,
      "avg_score": 99.24241134751773
    },
    "ss": {
      "count": 0,
      "avg_lat": 0.0,
      "avg_score": 0.0
    },
    "trojan": {
      "count": 63,
      "avg_lat": 191.79365079365078,
      "avg_score": 98.72137566137566
    }
  }
}