{
  "scan_timestamp": "2026-01-23T09:35:51.265151+00:00",
  "duration_seconds": 996.4,
  "performance_metrics": {
    "total_processed": 465,
    "valid_configs": 286,
    "duplicates": 0,
    "failed_tests": 179,
    "success_rate": 61.51,
    "avg_latency_ms": 119.99,
    "avg_score": 99.2
  },
  "protocol_summary": {
    "vmess": {
      "count": 108,
      "avg_lat": 101.1574074074074,
      "avg_score": 99.3256172839506
    },
    "vless": {
      "count": 127,
      "avg_lat": 134.3228346456693,
      "avg_score": 99.10451443569553
    },
    "ss": {
      "count": 0,
      "avg_lat": 0.0,
      "avg_score": 0.0
    },
    "trojan": {
      "count": 51,
      "avg_lat": 124.15686274509804,
      "avg_score": 99.17228758169935
    }
  }
}