{
  "scan_timestamp": "2026-01-24T06:30:30.693403+00:00",
  "duration_seconds": 855.68,
  "performance_metrics": {
    "total_processed": 427,
    "valid_configs": 228,
    "duplicates": 0,
    "failed_tests": 199,
    "success_rate": 53.4,
    "avg_latency_ms": 98.37,
    "avg_score": 99.34
  },
  "protocol_summary": {
    "vmess": {
      "count": 58,
      "avg_lat": 113.46551724137932,
      "avg_score": 99.2435632183908
    },
    "vless": {
      "count": 132,
      "avg_lat": 80.84848484848484,
      "avg_score": 99.46101010101009
    },
    "ss": {
      "count": 0,
      "avg_lat": 0.0,
      "avg_score": 0.0
    },
    "trojan": {
      "count": 38,
      "avg_lat": 136.18421052631578,
      "avg_score": 99.09210526315789
    }
  }
}