{
  "scan_timestamp": "2025-12-27T05:29:20.743172+00:00",
  "duration_seconds": 1007.9,
  "performance_metrics": {
    "total_processed": 474,
    "valid_configs": 299,
    "duplicates": 0,
    "failed_tests": 175,
    "success_rate": 63.08,
    "avg_latency_ms": 116.63,
    "avg_score": 99.22
  },
  "protocol_summary": {
    "vmess": {
      "count": 86,
      "avg_lat": 83.13953488372093,
      "avg_score": 99.44573643410854
    },
    "vless": {
      "count": 121,
      "avg_lat": 102.24793388429752,
      "avg_score": 99.31834710743802
    },
    "ss": {
      "count": 0,
      "avg_lat": 0.0,
      "avg_score": 0.0
    },
    "trojan": {
      "count": 92,
      "avg_lat": 166.84782608695653,
      "avg_score": 98.88768115942028
    }
  }
}