{
  "scan_timestamp": "2025-12-28T14:26:25.408027+00:00",
  "duration_seconds": 1000.16,
  "performance_metrics": {
    "total_processed": 475,
    "valid_configs": 279,
    "duplicates": 0,
    "failed_tests": 196,
    "success_rate": 58.74,
    "avg_latency_ms": 113.04,
    "avg_score": 99.25
  },
  "protocol_summary": {
    "vmess": {
      "count": 38,
      "avg_lat": 122.10526315789474,
      "avg_score": 99.1859649122807
    },
    "vless": {
      "count": 163,
      "avg_lat": 80.74233128834356,
      "avg_score": 99.46171779141105
    },
    "ss": {
      "count": 0,
      "avg_lat": 0.0,
      "avg_score": 0.0
    },
    "trojan": {
      "count": 78,
      "avg_lat": 176.10256410256412,
      "avg_score": 98.8259829059829
    }
  }
}