{
  "scan_timestamp": "2026-04-01T11:57:50.831381+00:00",
  "duration_seconds": 981.66,
  "performance_metrics": {
    "total_processed": 492,
    "valid_configs": 231,
    "duplicates": 0,
    "failed_tests": 261,
    "success_rate": 46.95,
    "avg_latency_ms": 140.89,
    "avg_score": 99.06
  },
  "protocol_summary": {
    "vmess": {
      "count": 2,
      "avg_lat": 656.0,
      "avg_score": 95.62666666666667
    },
    "vless": {
      "count": 225,
      "avg_lat": 136.09333333333333,
      "avg_score": 99.09271111111111
    },
    "ss": {
      "count": 0,
      "avg_lat": 0.0,
      "avg_score": 0.0
    },
    "trojan": {
      "count": 4,
      "avg_lat": 153.25,
      "avg_score": 98.97833333333334
    }
  }
}