{
  "scan_timestamp": "2025-12-21T15:24:31.860976+00:00",
  "duration_seconds": 920.61,
  "performance_metrics": {
    "total_processed": 471,
    "valid_configs": 245,
    "duplicates": 0,
    "failed_tests": 226,
    "success_rate": 52.02,
    "avg_latency_ms": 106.43,
    "avg_score": 99.29
  },
  "protocol_summary": {
    "vmess": {
      "count": 74,
      "avg_lat": 132.77027027027026,
      "avg_score": 99.11486486486487
    },
    "vless": {
      "count": 125,
      "avg_lat": 69.768,
      "avg_score": 99.53488
    },
    "ss": {
      "count": 0,
      "avg_lat": 0.0,
      "avg_score": 0.0
    },
    "trojan": {
      "count": 46,
      "avg_lat": 163.67391304347825,
      "avg_score": 98.90884057971014
    }
  }
}