{
  "scan_timestamp": "2026-04-18T04:37:23.813973+00:00",
  "duration_seconds": 958.23,
  "performance_metrics": {
    "total_processed": 489,
    "valid_configs": 270,
    "duplicates": 0,
    "failed_tests": 219,
    "success_rate": 55.21,
    "avg_latency_ms": 89.47,
    "avg_score": 99.4
  },
  "protocol_summary": {
    "vmess": {
      "count": 2,
      "avg_lat": 140.0,
      "avg_score": 99.06666666666666
    },
    "vless": {
      "count": 261,
      "avg_lat": 89.61685823754789,
      "avg_score": 99.40255427841635
    },
    "ss": {
      "count": 0,
      "avg_lat": 0.0,
      "avg_score": 0.0
    },
    "trojan": {
      "count": 7,
      "avg_lat": 69.57142857142857,
      "avg_score": 99.53619047619047
    }
  }
}