{
  "scan_timestamp": "2026-02-26T18:54:27.384723+00:00",
  "duration_seconds": 1108.92,
  "performance_metrics": {
    "total_processed": 473,
    "valid_configs": 334,
    "duplicates": 0,
    "failed_tests": 139,
    "success_rate": 70.61,
    "avg_latency_ms": 86.78,
    "avg_score": 99.42
  },
  "protocol_summary": {
    "vmess": {
      "count": 63,
      "avg_lat": 115.66666666666667,
      "avg_score": 99.22888888888889
    },
    "vless": {
      "count": 236,
      "avg_lat": 82.57627118644068,
      "avg_score": 99.44949152542374
    },
    "ss": {
      "count": 0,
      "avg_lat": 0.0,
      "avg_score": 0.0
    },
    "trojan": {
      "count": 35,
      "avg_lat": 63.17142857142857,
      "avg_score": 99.57885714285715
    }
  }
}