{
  "scan_timestamp": "2026-04-09T22:46:29.553928+00:00",
  "duration_seconds": 1001.87,
  "performance_metrics": {
    "total_processed": 486,
    "valid_configs": 225,
    "duplicates": 0,
    "failed_tests": 261,
    "success_rate": 46.3,
    "avg_latency_ms": 121.23,
    "avg_score": 99.19
  },
  "protocol_summary": {
    "vmess": {
      "count": 2,
      "avg_lat": 143.5,
      "avg_score": 99.04333333333334
    },
    "vless": {
      "count": 214,
      "avg_lat": 122.3411214953271,
      "avg_score": 99.18439252336448
    },
    "ss": {
      "count": 3,
      "avg_lat": 165.66666666666666,
      "avg_score": 98.89555555555556
    },
    "trojan": {
      "count": 6,
      "avg_lat": 52.0,
      "avg_score": 99.65333333333335
    }
  }
}