{
  "scan_timestamp": "2026-07-20T06:26:05.882912+00:00",
  "duration_seconds": 377.04,
  "performance_metrics": {
    "total_processed": 414,
    "valid_configs": 101,
    "duplicates": 0,
    "failed_tests": 313,
    "success_rate": 24.4,
    "avg_latency_ms": 181.95,
    "avg_score": 98.79
  },
  "protocol_summary": {
    "vmess": {
      "count": 1,
      "avg_lat": 64.0,
      "avg_score": 99.57333333333334
    },
    "vless": {
      "count": 1,
      "avg_lat": 2.0,
      "avg_score": 99.98666666666666
    },
    "ss": {
      "count": 91,
      "avg_lat": 170.41758241758242,
      "avg_score": 98.86388278388277
    },
    "trojan": {
      "count": 8,
      "avg_lat": 350.375,
      "avg_score": 97.66416666666666
    }
  }
}