{
  "scan_timestamp": "2025-12-15T21:26:28.123681+00:00",
  "duration_seconds": 974.32,
  "performance_metrics": {
    "total_processed": 470,
    "valid_configs": 272,
    "duplicates": 0,
    "failed_tests": 198,
    "success_rate": 57.87,
    "avg_latency_ms": 113.5,
    "avg_score": 99.24
  },
  "protocol_summary": {
    "vmess": {
      "count": 49,
      "avg_lat": 197.77551020408163,
      "avg_score": 98.68149659863946
    },
    "vless": {
      "count": 192,
      "avg_lat": 88.171875,
      "avg_score": 99.4121875
    },
    "ss": {
      "count": 0,
      "avg_lat": 0.0,
      "avg_score": 0.0
    },
    "trojan": {
      "count": 31,
      "avg_lat": 137.16129032258064,
      "avg_score": 99.08559139784946
    }
  }
}