{
  "scan_timestamp": "2026-02-26T14:19:57.079030+00:00",
  "duration_seconds": 1109.53,
  "performance_metrics": {
    "total_processed": 473,
    "valid_configs": 333,
    "duplicates": 0,
    "failed_tests": 140,
    "success_rate": 70.4,
    "avg_latency_ms": 110.14,
    "avg_score": 99.27
  },
  "protocol_summary": {
    "vmess": {
      "count": 61,
      "avg_lat": 108.72131147540983,
      "avg_score": 99.27519125683061
    },
    "vless": {
      "count": 237,
      "avg_lat": 111.74261603375527,
      "avg_score": 99.25504922644163
    },
    "ss": {
      "count": 0,
      "avg_lat": 0.0,
      "avg_score": 0.0
    },
    "trojan": {
      "count": 35,
      "avg_lat": 101.74285714285715,
      "avg_score": 99.32171428571428
    }
  }
}