{
  "scan_timestamp": "2026-03-02T19:47:51.930978+00:00",
  "duration_seconds": 1087.51,
  "performance_metrics": {
    "total_processed": 473,
    "valid_configs": 327,
    "duplicates": 0,
    "failed_tests": 146,
    "success_rate": 69.13,
    "avg_latency_ms": 60.41,
    "avg_score": 99.6
  },
  "protocol_summary": {
    "vmess": {
      "count": 60,
      "avg_lat": 49.0,
      "avg_score": 99.67333333333333
    },
    "vless": {
      "count": 232,
      "avg_lat": 65.08620689655173,
      "avg_score": 99.56609195402298
    },
    "ss": {
      "count": 0,
      "avg_lat": 0.0,
      "avg_score": 0.0
    },
    "trojan": {
      "count": 35,
      "avg_lat": 48.94285714285714,
      "avg_score": 99.67371428571428
    }
  }
}