{
  "scan_timestamp": "2026-01-03T23:26:46.059385+00:00",
  "duration_seconds": 1014.18,
  "performance_metrics": {
    "total_processed": 473,
    "valid_configs": 292,
    "duplicates": 0,
    "failed_tests": 181,
    "success_rate": 61.73,
    "avg_latency_ms": 99.59,
    "avg_score": 99.34
  },
  "protocol_summary": {
    "vmess": {
      "count": 53,
      "avg_lat": 164.58490566037736,
      "avg_score": 98.90276729559749
    },
    "vless": {
      "count": 200,
      "avg_lat": 84.095,
      "avg_score": 99.43936666666667
    },
    "ss": {
      "count": 0,
      "avg_lat": 0.0,
      "avg_score": 0.0
    },
    "trojan": {
      "count": 39,
      "avg_lat": 90.6923076923077,
      "avg_score": 99.39538461538461
    }
  }
}