{
  "scan_timestamp": "2026-01-12T03:15:28.743976+00:00",
  "duration_seconds": 916.6,
  "performance_metrics": {
    "total_processed": 455,
    "valid_configs": 251,
    "duplicates": 0,
    "failed_tests": 204,
    "success_rate": 55.16,
    "avg_latency_ms": 151.17,
    "avg_score": 98.99
  },
  "protocol_summary": {
    "vmess": {
      "count": 100,
      "avg_lat": 117.35,
      "avg_score": 99.21766666666666
    },
    "vless": {
      "count": 77,
      "avg_lat": 61.83116883116883,
      "avg_score": 99.5877922077922
    },
    "ss": {
      "count": 0,
      "avg_lat": 0.0,
      "avg_score": 0.0
    },
    "trojan": {
      "count": 74,
      "avg_lat": 289.8243243243243,
      "avg_score": 98.06783783783784
    }
  }
}