{
  "scan_timestamp": "2026-02-17T17:01:09.572632+00:00",
  "duration_seconds": 1078.57,
  "performance_metrics": {
    "total_processed": 456,
    "valid_configs": 329,
    "duplicates": 0,
    "failed_tests": 127,
    "success_rate": 72.15,
    "avg_latency_ms": 137.74,
    "avg_score": 99.08
  },
  "protocol_summary": {
    "vmess": {
      "count": 63,
      "avg_lat": 143.38095238095238,
      "avg_score": 99.04412698412698
    },
    "vless": {
      "count": 225,
      "avg_lat": 139.64444444444445,
      "avg_score": 99.06903703703703
    },
    "ss": {
      "count": 0,
      "avg_lat": 0.0,
      "avg_score": 0.0
    },
    "trojan": {
      "count": 41,
      "avg_lat": 118.63414634146342,
      "avg_score": 99.2091056910569
    }
  }
}