{
  "scan_timestamp": "2026-02-26T08:50:45.629165+00:00",
  "duration_seconds": 1101.05,
  "performance_metrics": {
    "total_processed": 473,
    "valid_configs": 334,
    "duplicates": 0,
    "failed_tests": 139,
    "success_rate": 70.61,
    "avg_latency_ms": 81.23,
    "avg_score": 99.46
  },
  "protocol_summary": {
    "vmess": {
      "count": 61,
      "avg_lat": 66.70491803278688,
      "avg_score": 99.55530054644808
    },
    "vless": {
      "count": 238,
      "avg_lat": 89.06302521008404,
      "avg_score": 99.40624649859944
    },
    "ss": {
      "count": 0,
      "avg_lat": 0.0,
      "avg_score": 0.0
    },
    "trojan": {
      "count": 35,
      "avg_lat": 53.285714285714285,
      "avg_score": 99.6447619047619
    }
  }
}