{
  "scan_timestamp": "2026-01-04T15:27:56.269366+00:00",
  "duration_seconds": 1091.44,
  "performance_metrics": {
    "total_processed": 481,
    "valid_configs": 321,
    "duplicates": 0,
    "failed_tests": 160,
    "success_rate": 66.74,
    "avg_latency_ms": 100.03,
    "avg_score": 99.33
  },
  "protocol_summary": {
    "vmess": {
      "count": 36,
      "avg_lat": 114.22222222222223,
      "avg_score": 99.23851851851852
    },
    "vless": {
      "count": 264,
      "avg_lat": 81.45075757575758,
      "avg_score": 99.45699494949496
    },
    "ss": {
      "count": 0,
      "avg_lat": 0.0,
      "avg_score": 0.0
    },
    "trojan": {
      "count": 21,
      "avg_lat": 309.2857142857143,
      "avg_score": 97.93809523809523
    }
  }
}