{
  "scan_timestamp": "2026-03-08T19:18:36.022372+00:00",
  "duration_seconds": 186.18,
  "performance_metrics": {
    "total_processed": 374,
    "valid_configs": 31,
    "duplicates": 0,
    "failed_tests": 343,
    "success_rate": 8.29,
    "avg_latency_ms": 58.87,
    "avg_score": 99.61
  },
  "protocol_summary": {
    "vmess": {
      "count": 2,
      "avg_lat": 103.0,
      "avg_score": 99.31333333333333
    },
    "vless": {
      "count": 28,
      "avg_lat": 53.357142857142854,
      "avg_score": 99.64428571428572
    },
    "ss": {
      "count": 1,
      "avg_lat": 125.0,
      "avg_score": 99.16666666666667
    },
    "trojan": {
      "count": 0,
      "avg_lat": 0.0,
      "avg_score": 0.0
    }
  }
}