{
  "scan_timestamp": "2026-02-03T14:11:34.836547+00:00",
  "duration_seconds": 965.57,
  "performance_metrics": {
    "total_processed": 466,
    "valid_configs": 269,
    "duplicates": 0,
    "failed_tests": 197,
    "success_rate": 57.73,
    "avg_latency_ms": 118.19,
    "avg_score": 99.21
  },
  "protocol_summary": {
    "vmess": {
      "count": 74,
      "avg_lat": 39.66216216216216,
      "avg_score": 99.73558558558558
    },
    "vless": {
      "count": 150,
      "avg_lat": 106.09333333333333,
      "avg_score": 99.29271111111112
    },
    "ss": {
      "count": 0,
      "avg_lat": 0.0,
      "avg_score": 0.0
    },
    "trojan": {
      "count": 45,
      "avg_lat": 287.64444444444445,
      "avg_score": 98.08237037037037
    }
  }
}