{
  "scan_timestamp": "2026-01-02T11:27:01.443248+00:00",
  "duration_seconds": 1025.69,
  "performance_metrics": {
    "total_processed": 473,
    "valid_configs": 271,
    "duplicates": 0,
    "failed_tests": 202,
    "success_rate": 57.29,
    "avg_latency_ms": 121.44,
    "avg_score": 99.19
  },
  "protocol_summary": {
    "vmess": {
      "count": 49,
      "avg_lat": 105.48979591836735,
      "avg_score": 99.29673469387755
    },
    "vless": {
      "count": 204,
      "avg_lat": 122.76470588235294,
      "avg_score": 99.18156862745099
    },
    "ss": {
      "count": 0,
      "avg_lat": 0.0,
      "avg_score": 0.0
    },
    "trojan": {
      "count": 18,
      "avg_lat": 149.77777777777777,
      "avg_score": 99.00148148148148
    }
  }
}