{
  "scan_timestamp": "2026-02-09T16:01:44.263927+00:00",
  "duration_seconds": 1127.08,
  "performance_metrics": {
    "total_processed": 480,
    "valid_configs": 351,
    "duplicates": 0,
    "failed_tests": 129,
    "success_rate": 73.12,
    "avg_latency_ms": 130.77,
    "avg_score": 99.13
  },
  "protocol_summary": {
    "vmess": {
      "count": 44,
      "avg_lat": 78.77272727272727,
      "avg_score": 99.4748484848485
    },
    "vless": {
      "count": 234,
      "avg_lat": 140.0897435897436,
      "avg_score": 99.06606837606837
    },
    "ss": {
      "count": 0,
      "avg_lat": 0.0,
      "avg_score": 0.0
    },
    "trojan": {
      "count": 73,
      "avg_lat": 132.23287671232876,
      "avg_score": 99.11844748858448
    }
  }
}