{
  "scan_timestamp": "2026-01-11T10:26:07.000247+00:00",
  "duration_seconds": 928.81,
  "performance_metrics": {
    "total_processed": 479,
    "valid_configs": 288,
    "duplicates": 0,
    "failed_tests": 191,
    "success_rate": 60.13,
    "avg_latency_ms": 153.11,
    "avg_score": 98.98
  },
  "protocol_summary": {
    "vmess": {
      "count": 52,
      "avg_lat": 148.94230769230768,
      "avg_score": 99.00705128205128
    },
    "vless": {
      "count": 156,
      "avg_lat": 138.1346153846154,
      "avg_score": 99.07910256410257
    },
    "ss": {
      "count": 0,
      "avg_lat": 0.0,
      "avg_score": 0.0
    },
    "trojan": {
      "count": 80,
      "avg_lat": 185.0375,
      "avg_score": 98.76641666666667
    }
  }
}