{
  "scan_timestamp": "2026-03-05T08:45:04.979957+00:00",
  "duration_seconds": 1083.46,
  "performance_metrics": {
    "total_processed": 473,
    "valid_configs": 325,
    "duplicates": 0,
    "failed_tests": 148,
    "success_rate": 68.71,
    "avg_latency_ms": 109.59,
    "avg_score": 99.27
  },
  "protocol_summary": {
    "vmess": {
      "count": 60,
      "avg_lat": 68.31666666666666,
      "avg_score": 99.54455555555555
    },
    "vless": {
      "count": 230,
      "avg_lat": 126.40869565217392,
      "avg_score": 99.15727536231884
    },
    "ss": {
      "count": 0,
      "avg_lat": 0.0,
      "avg_score": 0.0
    },
    "trojan": {
      "count": 35,
      "avg_lat": 69.8,
      "avg_score": 99.53466666666667
    }
  }
}