{
  "scan_timestamp": "2026-03-04T07:48:44.936284+00:00",
  "duration_seconds": 1085.63,
  "performance_metrics": {
    "total_processed": 473,
    "valid_configs": 325,
    "duplicates": 0,
    "failed_tests": 148,
    "success_rate": 68.71,
    "avg_latency_ms": 74.28,
    "avg_score": 99.5
  },
  "protocol_summary": {
    "vmess": {
      "count": 60,
      "avg_lat": 49.05,
      "avg_score": 99.673
    },
    "vless": {
      "count": 230,
      "avg_lat": 80.37391304347825,
      "avg_score": 99.46417391304347
    },
    "ss": {
      "count": 0,
      "avg_lat": 0.0,
      "avg_score": 0.0
    },
    "trojan": {
      "count": 35,
      "avg_lat": 77.45714285714286,
      "avg_score": 99.48361904761904
    }
  }
}