{
  "scan_timestamp": "2026-07-09T22:34:01.369485+00:00",
  "duration_seconds": 428.84,
  "performance_metrics": {
    "total_processed": 453,
    "valid_configs": 135,
    "duplicates": 0,
    "failed_tests": 318,
    "success_rate": 29.8,
    "avg_latency_ms": 89.37,
    "avg_score": 99.4
  },
  "protocol_summary": {
    "vmess": {
      "count": 1,
      "avg_lat": 1.0,
      "avg_score": 99.99333333333334
    },
    "ss": {
      "count": 119,
      "avg_lat": 96.7983193277311,
      "avg_score": 99.35467787114847
    },
    "trojan": {
      "count": 15,
      "avg_lat": 36.333333333333336,
      "avg_score": 99.75777777777778
    }
  }
}