{
  "scan_timestamp": "2026-01-10T11:23:26.248610+00:00",
  "duration_seconds": 903.89,
  "performance_metrics": {
    "total_processed": 454,
    "valid_configs": 274,
    "duplicates": 0,
    "failed_tests": 180,
    "success_rate": 60.35,
    "avg_latency_ms": 135.31,
    "avg_score": 99.1
  },
  "protocol_summary": {
    "vmess": {
      "count": 31,
      "avg_lat": 134.41935483870967,
      "avg_score": 99.10387096774193
    },
    "vless": {
      "count": 170,
      "avg_lat": 125.48823529411764,
      "avg_score": 99.16341176470587
    },
    "ss": {
      "count": 0,
      "avg_lat": 0.0,
      "avg_score": 0.0
    },
    "trojan": {
      "count": 73,
      "avg_lat": 158.54794520547946,
      "avg_score": 98.94301369863014
    }
  }
}