{
  "scan_timestamp": "2026-07-23T14:00:36.067612+00:00",
  "duration_seconds": 351.08,
  "performance_metrics": {
    "total_processed": 393,
    "valid_configs": 108,
    "duplicates": 0,
    "failed_tests": 285,
    "success_rate": 27.48,
    "avg_latency_ms": 121.58,
    "avg_score": 99.19
  },
  "protocol_summary": {
    "vless": {
      "count": 3,
      "avg_lat": 43.666666666666664,
      "avg_score": 99.7088888888889
    },
    "ss": {
      "count": 105,
      "avg_lat": 123.80952380952381,
      "avg_score": 99.17460317460318
    },
    "trojan": {
      "count": 0,
      "avg_lat": 0.0,
      "avg_score": 0.0
    }
  }
}