{
  "scan_timestamp": "2026-07-05T10:24:10.484747+00:00",
  "duration_seconds": 508.34,
  "performance_metrics": {
    "total_processed": 465,
    "valid_configs": 155,
    "duplicates": 0,
    "failed_tests": 310,
    "success_rate": 33.33,
    "avg_latency_ms": 155.88,
    "avg_score": 98.96
  },
  "protocol_summary": {
    "vmess": {
      "count": 1,
      "avg_lat": 3.0,
      "avg_score": 99.98
    },
    "vless": {
      "count": 4,
      "avg_lat": 312.5,
      "avg_score": 97.91666666666667
    },
    "ss": {
      "count": 141,
      "avg_lat": 161.6241134751773,
      "avg_score": 98.92250591016548
    },
    "trojan": {
      "count": 9,
      "avg_lat": 13.222222222222221,
      "avg_score": 99.91185185185185
    }
  }
}