{
  "scan_timestamp": "2026-02-09T20:48:53.503573+00:00",
  "duration_seconds": 1125.84,
  "performance_metrics": {
    "total_processed": 480,
    "valid_configs": 347,
    "duplicates": 0,
    "failed_tests": 133,
    "success_rate": 72.29,
    "avg_latency_ms": 104.05,
    "avg_score": 99.31
  },
  "protocol_summary": {
    "vmess": {
      "count": 42,
      "avg_lat": 82.28571428571429,
      "avg_score": 99.45142857142858
    },
    "vless": {
      "count": 250,
      "avg_lat": 109.864,
      "avg_score": 99.26757333333333
    },
    "ss": {
      "count": 0,
      "avg_lat": 0.0,
      "avg_score": 0.0
    },
    "trojan": {
      "count": 55,
      "avg_lat": 94.23636363636363,
      "avg_score": 99.37175757575757
    }
  }
}