{
  "scan_timestamp": "2026-03-29T19:40:16.726105+00:00",
  "duration_seconds": 982.36,
  "performance_metrics": {
    "total_processed": 478,
    "valid_configs": 211,
    "duplicates": 0,
    "failed_tests": 267,
    "success_rate": 44.14,
    "avg_latency_ms": 73.38,
    "avg_score": 99.51
  },
  "protocol_summary": {
    "vmess": {
      "count": 18,
      "avg_lat": 116.88888888888889,
      "avg_score": 99.22074074074074
    },
    "vless": {
      "count": 189,
      "avg_lat": 67.56613756613757,
      "avg_score": 99.5495590828924
    },
    "ss": {
      "count": 1,
      "avg_lat": 120.0,
      "avg_score": 99.2
    },
    "trojan": {
      "count": 3,
      "avg_lat": 163.0,
      "avg_score": 98.91333333333334
    }
  }
}