{
  "scan_timestamp": "2026-01-29T15:38:52.241665+00:00",
  "duration_seconds": 896.73,
  "performance_metrics": {
    "total_processed": 471,
    "valid_configs": 228,
    "duplicates": 0,
    "failed_tests": 243,
    "success_rate": 48.41,
    "avg_latency_ms": 109.86,
    "avg_score": 99.27
  },
  "protocol_summary": {
    "vmess": {
      "count": 96,
      "avg_lat": 56.791666666666664,
      "avg_score": 99.62138888888889
    },
    "vless": {
      "count": 69,
      "avg_lat": 98.57971014492753,
      "avg_score": 99.34280193236715
    },
    "ss": {
      "count": 0,
      "avg_lat": 0.0,
      "avg_score": 0.0
    },
    "trojan": {
      "count": 63,
      "avg_lat": 203.06349206349208,
      "avg_score": 98.64624338624338
    }
  }
}