{
  "scan_timestamp": "2026-01-19T07:32:25.685810+00:00",
  "duration_seconds": 717.55,
  "performance_metrics": {
    "total_processed": 412,
    "valid_configs": 188,
    "duplicates": 0,
    "failed_tests": 224,
    "success_rate": 45.63,
    "avg_latency_ms": 122.6,
    "avg_score": 99.18
  },
  "protocol_summary": {
    "vmess": {
      "count": 104,
      "avg_lat": 115.99038461538461,
      "avg_score": 99.22673076923077
    },
    "vless": {
      "count": 47,
      "avg_lat": 51.48936170212766,
      "avg_score": 99.65673758865249
    },
    "ss": {
      "count": 0,
      "avg_lat": 0.0,
      "avg_score": 0.0
    },
    "trojan": {
      "count": 37,
      "avg_lat": 231.51351351351352,
      "avg_score": 98.45657657657658
    }
  }
}