{
  "scan_timestamp": "2026-07-13T13:30:35.402138+00:00",
  "duration_seconds": 452.53,
  "performance_metrics": {
    "total_processed": 420,
    "valid_configs": 132,
    "duplicates": 0,
    "failed_tests": 288,
    "success_rate": 31.43,
    "avg_latency_ms": 161.99,
    "avg_score": 98.92
  },
  "protocol_summary": {
    "vmess": {
      "count": 1,
      "avg_lat": 69.0,
      "avg_score": 99.54
    },
    "vless": {
      "count": 2,
      "avg_lat": 82.5,
      "avg_score": 99.44999999999999
    },
    "ss": {
      "count": 129,
      "avg_lat": 163.94573643410854,
      "avg_score": 98.9070284237726
    }
  }
}