{
  "scan_timestamp": "2026-02-03T10:44:38.834341+00:00",
  "duration_seconds": 987.76,
  "performance_metrics": {
    "total_processed": 466,
    "valid_configs": 284,
    "duplicates": 0,
    "failed_tests": 182,
    "success_rate": 60.94,
    "avg_latency_ms": 140.26,
    "avg_score": 99.06
  },
  "protocol_summary": {
    "vmess": {
      "count": 83,
      "avg_lat": 72.18072289156626,
      "avg_score": 99.51879518072289
    },
    "vless": {
      "count": 152,
      "avg_lat": 126.9342105263158,
      "avg_score": 99.15377192982456
    },
    "ss": {
      "count": 0,
      "avg_lat": 0.0,
      "avg_score": 0.0
    },
    "trojan": {
      "count": 49,
      "avg_lat": 296.9387755102041,
      "avg_score": 98.0204081632653
    }
  }
}