{
  "scan_timestamp": "2026-01-08T17:36:27.484479+00:00",
  "duration_seconds": 1087.01,
  "performance_metrics": {
    "total_processed": 476,
    "valid_configs": 324,
    "duplicates": 0,
    "failed_tests": 152,
    "success_rate": 68.07,
    "avg_latency_ms": 135.78,
    "avg_score": 99.09
  },
  "protocol_summary": {
    "vmess": {
      "count": 54,
      "avg_lat": 167.75925925925927,
      "avg_score": 98.88160493827161
    },
    "vless": {
      "count": 204,
      "avg_lat": 127.3921568627451,
      "avg_score": 99.15071895424836
    },
    "ss": {
      "count": 0,
      "avg_lat": 0.0,
      "avg_score": 0.0
    },
    "trojan": {
      "count": 66,
      "avg_lat": 135.56060606060606,
      "avg_score": 99.09626262626263
    }
  }
}