{
  "scan_timestamp": "2026-02-21T12:41:19.756795+00:00",
  "duration_seconds": 1182.76,
  "performance_metrics": {
    "total_processed": 474,
    "valid_configs": 372,
    "duplicates": 0,
    "failed_tests": 102,
    "success_rate": 78.48,
    "avg_latency_ms": 91.2,
    "avg_score": 99.39
  },
  "protocol_summary": {
    "vmess": {
      "count": 68,
      "avg_lat": 87.66176470588235,
      "avg_score": 99.41558823529412
    },
    "vless": {
      "count": 269,
      "avg_lat": 98.47583643122677,
      "avg_score": 99.34349442379182
    },
    "trojan": {
      "count": 35,
      "avg_lat": 42.2,
      "avg_score": 99.71866666666666
    }
  }
}