{
  "scan_timestamp": "2026-01-02T14:29:31.915469+00:00",
  "duration_seconds": 1117.94,
  "performance_metrics": {
    "total_processed": 479,
    "valid_configs": 327,
    "duplicates": 0,
    "failed_tests": 152,
    "success_rate": 68.27,
    "avg_latency_ms": 112.26,
    "avg_score": 99.25
  },
  "protocol_summary": {
    "vmess": {
      "count": 40,
      "avg_lat": 181.425,
      "avg_score": 98.7905
    },
    "vless": {
      "count": 264,
      "avg_lat": 97.66287878787878,
      "avg_score": 99.34891414141414
    },
    "ss": {
      "count": 0,
      "avg_lat": 0.0,
      "avg_score": 0.0
    },
    "trojan": {
      "count": 23,
      "avg_lat": 159.56521739130434,
      "avg_score": 98.93623188405797
    }
  }
}