{
  "scan_timestamp": "2026-01-20T01:07:25.179087+00:00",
  "duration_seconds": 951.5,
  "performance_metrics": {
    "total_processed": 463,
    "valid_configs": 272,
    "duplicates": 0,
    "failed_tests": 191,
    "success_rate": 58.75,
    "avg_latency_ms": 119.47,
    "avg_score": 99.2
  },
  "protocol_summary": {
    "vmess": {
      "count": 111,
      "avg_lat": 104.58558558558559,
      "avg_score": 99.30276276276277
    },
    "vless": {
      "count": 113,
      "avg_lat": 100.17699115044248,
      "avg_score": 99.33215339233038
    },
    "ss": {
      "count": 0,
      "avg_lat": 0.0,
      "avg_score": 0.0
    },
    "trojan": {
      "count": 48,
      "avg_lat": 199.29166666666666,
      "avg_score": 98.67138888888888
    }
  }
}