{
  "scan_timestamp": "2026-07-14T18:10:11.606544+00:00",
  "duration_seconds": 463.21,
  "performance_metrics": {
    "total_processed": 429,
    "valid_configs": 140,
    "duplicates": 0,
    "failed_tests": 289,
    "success_rate": 32.63,
    "avg_latency_ms": 102.47,
    "avg_score": 99.32
  },
  "protocol_summary": {
    "vmess": {
      "count": 1,
      "avg_lat": 7.0,
      "avg_score": 99.95333333333333
    },
    "vless": {
      "count": 3,
      "avg_lat": 70.0,
      "avg_score": 99.53333333333335
    },
    "ss": {
      "count": 136,
      "avg_lat": 103.88970588235294,
      "avg_score": 99.30740196078432
    },
    "trojan": {
      "count": 0,
      "avg_lat": 0.0,
      "avg_score": 0.0
    }
  }
}