{
  "scan_timestamp": "2026-01-04T22:27:42.658920+00:00",
  "duration_seconds": 1069.88,
  "performance_metrics": {
    "total_processed": 479,
    "valid_configs": 317,
    "duplicates": 0,
    "failed_tests": 162,
    "success_rate": 66.18,
    "avg_latency_ms": 108.03,
    "avg_score": 99.28
  },
  "protocol_summary": {
    "vmess": {
      "count": 54,
      "avg_lat": 171.09259259259258,
      "avg_score": 98.85938271604938
    },
    "vless": {
      "count": 233,
      "avg_lat": 91.72103004291846,
      "avg_score": 99.38852646638054
    },
    "ss": {
      "count": 0,
      "avg_lat": 0.0,
      "avg_score": 0.0
    },
    "trojan": {
      "count": 30,
      "avg_lat": 121.13333333333334,
      "avg_score": 99.19244444444443
    }
  }
}