{
  "scan_timestamp": "2026-01-10T16:29:07.092351+00:00",
  "duration_seconds": 1047.25,
  "performance_metrics": {
    "total_processed": 468,
    "valid_configs": 320,
    "duplicates": 0,
    "failed_tests": 148,
    "success_rate": 68.38,
    "avg_latency_ms": 112.6,
    "avg_score": 99.25
  },
  "protocol_summary": {
    "vmess": {
      "count": 44,
      "avg_lat": 116.0,
      "avg_score": 99.22666666666667
    },
    "vless": {
      "count": 215,
      "avg_lat": 113.77674418604651,
      "avg_score": 99.24148837209302
    },
    "ss": {
      "count": 0,
      "avg_lat": 0.0,
      "avg_score": 0.0
    },
    "trojan": {
      "count": 61,
      "avg_lat": 105.98360655737704,
      "avg_score": 99.29344262295082
    }
  }
}