{
  "scan_timestamp": "2026-02-25T09:59:16.126106+00:00",
  "duration_seconds": 1105.01,
  "performance_metrics": {
    "total_processed": 474,
    "valid_configs": 346,
    "duplicates": 0,
    "failed_tests": 128,
    "success_rate": 73.0,
    "avg_latency_ms": 74.45,
    "avg_score": 99.5
  },
  "protocol_summary": {
    "vmess": {
      "count": 70,
      "avg_lat": 62.357142857142854,
      "avg_score": 99.58428571428571
    },
    "vless": {
      "count": 241,
      "avg_lat": 87.26970954356847,
      "avg_score": 99.4182019363762
    },
    "trojan": {
      "count": 35,
      "avg_lat": 10.4,
      "avg_score": 99.93066666666667
    }
  }
}