{
  "scan_timestamp": "2025-12-14T10:26:36.589328+00:00",
  "duration_seconds": 982.49,
  "performance_metrics": {
    "total_processed": 473,
    "valid_configs": 263,
    "duplicates": 0,
    "failed_tests": 210,
    "success_rate": 55.6,
    "avg_latency_ms": 115.38,
    "avg_score": 99.23
  },
  "protocol_summary": {
    "vmess": {
      "count": 46,
      "avg_lat": 110.04347826086956,
      "avg_score": 99.2663768115942
    },
    "vless": {
      "count": 186,
      "avg_lat": 102.24731182795699,
      "avg_score": 99.31835125448029
    },
    "ss": {
      "count": 0,
      "avg_lat": 0.0,
      "avg_score": 0.0
    },
    "trojan": {
      "count": 31,
      "avg_lat": 202.06451612903226,
      "avg_score": 98.65290322580644
    }
  }
}