{
  "scan_timestamp": "2026-03-22T06:40:08.579483+00:00",
  "duration_seconds": 230.71,
  "performance_metrics": {
    "total_processed": 347,
    "valid_configs": 40,
    "duplicates": 0,
    "failed_tests": 307,
    "success_rate": 11.53,
    "avg_latency_ms": 88.62,
    "avg_score": 99.41
  },
  "protocol_summary": {
    "vmess": {
      "count": 1,
      "avg_lat": 41.0,
      "avg_score": 99.72666666666667
    },
    "vless": {
      "count": 28,
      "avg_lat": 69.60714285714286,
      "avg_score": 99.53595238095238
    },
    "ss": {
      "count": 10,
      "avg_lat": 154.3,
      "avg_score": 98.97133333333333
    },
    "trojan": {
      "count": 1,
      "avg_lat": 12.0,
      "avg_score": 99.92
    }
  }
}