{
  "scan_timestamp": "2026-04-18T08:08:57.683143+00:00",
  "duration_seconds": 999.54,
  "performance_metrics": {
    "total_processed": 490,
    "valid_configs": 280,
    "duplicates": 0,
    "failed_tests": 210,
    "success_rate": 57.14,
    "avg_latency_ms": 58.7,
    "avg_score": 99.61
  },
  "protocol_summary": {
    "vmess": {
      "count": 2,
      "avg_lat": 111.5,
      "avg_score": 99.25666666666666
    },
    "vless": {
      "count": 271,
      "avg_lat": 58.52029520295203,
      "avg_score": 99.60986469864699
    },
    "ss": {
      "count": 0,
      "avg_lat": 0.0,
      "avg_score": 0.0
    },
    "trojan": {
      "count": 7,
      "avg_lat": 50.57142857142857,
      "avg_score": 99.66285714285713
    }
  }
}