{
  "scan_timestamp": "2026-02-02T12:45:37.599483+00:00",
  "duration_seconds": 891.84,
  "performance_metrics": {
    "total_processed": 482,
    "valid_configs": 240,
    "duplicates": 0,
    "failed_tests": 242,
    "success_rate": 49.79,
    "avg_latency_ms": 124.55,
    "avg_score": 99.17
  },
  "protocol_summary": {
    "vmess": {
      "count": 27,
      "avg_lat": 124.66666666666667,
      "avg_score": 99.16888888888889
    },
    "vless": {
      "count": 153,
      "avg_lat": 89.43137254901961,
      "avg_score": 99.4037908496732
    },
    "ss": {
      "count": 0,
      "avg_lat": 0.0,
      "avg_score": 0.0
    },
    "trojan": {
      "count": 60,
      "avg_lat": 214.06666666666666,
      "avg_score": 98.57288888888888
    }
  }
}