{
  "scan_timestamp": "2025-12-18T14:27:18.867347+00:00",
  "duration_seconds": 834.83,
  "performance_metrics": {
    "total_processed": 432,
    "valid_configs": 221,
    "duplicates": 0,
    "failed_tests": 211,
    "success_rate": 51.16,
    "avg_latency_ms": 95.33,
    "avg_score": 99.36
  },
  "protocol_summary": {
    "vmess": {
      "count": 48,
      "avg_lat": 135.41666666666666,
      "avg_score": 99.09722222222223
    },
    "vless": {
      "count": 144,
      "avg_lat": 73.0,
      "avg_score": 99.51333333333334
    },
    "ss": {
      "count": 0,
      "avg_lat": 0.0,
      "avg_score": 0.0
    },
    "trojan": {
      "count": 29,
      "avg_lat": 139.82758620689654,
      "avg_score": 99.06781609195403
    }
  }
}