{
  "scan_timestamp": "2026-01-29T21:31:42.634081+00:00",
  "duration_seconds": 875.44,
  "performance_metrics": {
    "total_processed": 457,
    "valid_configs": 232,
    "duplicates": 0,
    "failed_tests": 225,
    "success_rate": 50.77,
    "avg_latency_ms": 83.72,
    "avg_score": 99.44
  },
  "protocol_summary": {
    "vmess": {
      "count": 96,
      "avg_lat": 29.104166666666668,
      "avg_score": 99.80597222222222
    },
    "vless": {
      "count": 61,
      "avg_lat": 100.52459016393442,
      "avg_score": 99.32983606557377
    },
    "ss": {
      "count": 0,
      "avg_lat": 0.0,
      "avg_score": 0.0
    },
    "trojan": {
      "count": 75,
      "avg_lat": 139.97333333333333,
      "avg_score": 99.06684444444444
    }
  }
}