{
  "scan_timestamp": "2026-07-04T06:27:15.007619+00:00",
  "duration_seconds": 493.57,
  "performance_metrics": {
    "total_processed": 461,
    "valid_configs": 154,
    "duplicates": 0,
    "failed_tests": 307,
    "success_rate": 33.41,
    "avg_latency_ms": 102.17,
    "avg_score": 99.32
  },
  "protocol_summary": {
    "vmess": {
      "count": 2,
      "avg_lat": 7.0,
      "avg_score": 99.95333333333333
    },
    "vless": {
      "count": 3,
      "avg_lat": 332.6666666666667,
      "avg_score": 97.78222222222223
    },
    "ss": {
      "count": 139,
      "avg_lat": 105.5179856115108,
      "avg_score": 99.29654676258993
    },
    "trojan": {
      "count": 10,
      "avg_lat": 5.5,
      "avg_score": 99.96333333333334
    }
  }
}