{
  "scan_timestamp": "2025-12-22T05:31:52.601837+00:00",
  "duration_seconds": 947.96,
  "performance_metrics": {
    "total_processed": 469,
    "valid_configs": 274,
    "duplicates": 0,
    "failed_tests": 195,
    "success_rate": 58.42,
    "avg_latency_ms": 103.0,
    "avg_score": 99.31
  },
  "protocol_summary": {
    "vmess": {
      "count": 110,
      "avg_lat": 62.32727272727273,
      "avg_score": 99.58448484848485
    },
    "vless": {
      "count": 114,
      "avg_lat": 103.45614035087719,
      "avg_score": 99.31029239766082
    },
    "ss": {
      "count": 0,
      "avg_lat": 0.0,
      "avg_score": 0.0
    },
    "trojan": {
      "count": 50,
      "avg_lat": 191.46,
      "avg_score": 98.7236
    }
  }
}