{
  "scan_timestamp": "2025-12-20T17:22:24.661572+00:00",
  "duration_seconds": 861.01,
  "performance_metrics": {
    "total_processed": 421,
    "valid_configs": 224,
    "duplicates": 0,
    "failed_tests": 197,
    "success_rate": 53.21,
    "avg_latency_ms": 108.71,
    "avg_score": 99.28
  },
  "protocol_summary": {
    "vmess": {
      "count": 48,
      "avg_lat": 145.79166666666666,
      "avg_score": 99.02805555555555
    },
    "vless": {
      "count": 147,
      "avg_lat": 86.35374149659864,
      "avg_score": 99.42430839002267
    },
    "ss": {
      "count": 0,
      "avg_lat": 0.0,
      "avg_score": 0.0
    },
    "trojan": {
      "count": 29,
      "avg_lat": 160.68965517241378,
      "avg_score": 98.92873563218392
    }
  }
}