{
  "scan_timestamp": "2026-02-26T22:43:10.158865+00:00",
  "duration_seconds": 1105.09,
  "performance_metrics": {
    "total_processed": 473,
    "valid_configs": 335,
    "duplicates": 0,
    "failed_tests": 138,
    "success_rate": 70.82,
    "avg_latency_ms": 76.06,
    "avg_score": 99.49
  },
  "protocol_summary": {
    "vmess": {
      "count": 61,
      "avg_lat": 63.557377049180324,
      "avg_score": 99.57628415300547
    },
    "vless": {
      "count": 239,
      "avg_lat": 78.9581589958159,
      "avg_score": 99.47361227336123
    },
    "ss": {
      "count": 0,
      "avg_lat": 0.0,
      "avg_score": 0.0
    },
    "trojan": {
      "count": 35,
      "avg_lat": 78.02857142857142,
      "avg_score": 99.47980952380954
    }
  }
}