{
  "scan_timestamp": "2026-04-24T04:59:24.333217+00:00",
  "duration_seconds": 870.04,
  "performance_metrics": {
    "total_processed": 482,
    "valid_configs": 203,
    "duplicates": 0,
    "failed_tests": 279,
    "success_rate": 42.12,
    "avg_latency_ms": 166.18,
    "avg_score": 98.89
  },
  "protocol_summary": {
    "vmess": {
      "count": 2,
      "avg_lat": 102.5,
      "avg_score": 99.31666666666666
    },
    "vless": {
      "count": 194,
      "avg_lat": 170.91752577319588,
      "avg_score": 98.86054982817869
    },
    "ss": {
      "count": 2,
      "avg_lat": 95.0,
      "avg_score": 99.36666666666667
    },
    "trojan": {
      "count": 5,
      "avg_lat": 36.2,
      "avg_score": 99.75866666666667
    }
  }
}