{
  "scan_timestamp": "2026-04-14T13:15:54.884274+00:00",
  "duration_seconds": 1177.25,
  "performance_metrics": {
    "total_processed": 493,
    "valid_configs": 361,
    "duplicates": 0,
    "failed_tests": 132,
    "success_rate": 73.23,
    "avg_latency_ms": 54.99,
    "avg_score": 99.63
  },
  "protocol_summary": {
    "vmess": {
      "count": 2,
      "avg_lat": 142.0,
      "avg_score": 99.05333333333334
    },
    "vless": {
      "count": 349,
      "avg_lat": 52.79369627507163,
      "avg_score": 99.64804202483285
    },
    "ss": {
      "count": 0,
      "avg_lat": 0.0,
      "avg_score": 0.0
    },
    "trojan": {
      "count": 10,
      "avg_lat": 114.2,
      "avg_score": 99.23866666666666
    }
  }
}