{
  "scan_timestamp": "2026-01-24T04:09:43.854848+00:00",
  "duration_seconds": 921.49,
  "performance_metrics": {
    "total_processed": 465,
    "valid_configs": 254,
    "duplicates": 0,
    "failed_tests": 211,
    "success_rate": 54.62,
    "avg_latency_ms": 116.13,
    "avg_score": 99.23
  },
  "protocol_summary": {
    "vmess": {
      "count": 73,
      "avg_lat": 102.56164383561644,
      "avg_score": 99.31625570776256
    },
    "vless": {
      "count": 125,
      "avg_lat": 107.072,
      "avg_score": 99.28618666666667
    },
    "ss": {
      "count": 0,
      "avg_lat": 0.0,
      "avg_score": 0.0
    },
    "trojan": {
      "count": 56,
      "avg_lat": 154.05357142857142,
      "avg_score": 98.97297619047619
    }
  }
}