{
  "scan_timestamp": "2025-12-20T02:42:24.301549+00:00",
  "duration_seconds": 930.24,
  "performance_metrics": {
    "total_processed": 463,
    "valid_configs": 264,
    "duplicates": 0,
    "failed_tests": 199,
    "success_rate": 57.02,
    "avg_latency_ms": 103.45,
    "avg_score": 99.31
  },
  "protocol_summary": {
    "vmess": {
      "count": 80,
      "avg_lat": 125.9,
      "avg_score": 99.16066666666667
    },
    "vless": {
      "count": 148,
      "avg_lat": 81.66216216216216,
      "avg_score": 99.45558558558558
    },
    "ss": {
      "count": 0,
      "avg_lat": 0.0,
      "avg_score": 0.0
    },
    "trojan": {
      "count": 36,
      "avg_lat": 143.11111111111111,
      "avg_score": 99.04592592592593
    }
  }
}