{
  "scan_timestamp": "2025-12-14T11:24:31.950104+00:00",
  "duration_seconds": 981.98,
  "performance_metrics": {
    "total_processed": 477,
    "valid_configs": 263,
    "duplicates": 0,
    "failed_tests": 214,
    "success_rate": 55.14,
    "avg_latency_ms": 104.97,
    "avg_score": 99.3
  },
  "protocol_summary": {
    "vmess": {
      "count": 43,
      "avg_lat": 138.2325581395349,
      "avg_score": 99.07844961240309
    },
    "vless": {
      "count": 192,
      "avg_lat": 94.49479166666667,
      "avg_score": 99.37003472222221
    },
    "ss": {
      "count": 0,
      "avg_lat": 0.0,
      "avg_score": 0.0
    },
    "trojan": {
      "count": 28,
      "avg_lat": 125.71428571428571,
      "avg_score": 99.16190476190476
    }
  }
}