{
  "scan_timestamp": "2026-02-24T20:00:45.792134+00:00",
  "duration_seconds": 1098.94,
  "performance_metrics": {
    "total_processed": 474,
    "valid_configs": 335,
    "duplicates": 0,
    "failed_tests": 139,
    "success_rate": 70.68,
    "avg_latency_ms": 94.05,
    "avg_score": 99.37
  },
  "protocol_summary": {
    "vmess": {
      "count": 61,
      "avg_lat": 75.70491803278688,
      "avg_score": 99.49530054644808
    },
    "vless": {
      "count": 239,
      "avg_lat": 101.14644351464435,
      "avg_score": 99.32569037656904
    },
    "trojan": {
      "count": 35,
      "avg_lat": 77.57142857142857,
      "avg_score": 99.48285714285714
    }
  }
}