{
  "scan_timestamp": "2026-04-15T19:23:48.819597+00:00",
  "duration_seconds": 1043.48,
  "performance_metrics": {
    "total_processed": 486,
    "valid_configs": 307,
    "duplicates": 0,
    "failed_tests": 179,
    "success_rate": 63.17,
    "avg_latency_ms": 50.8,
    "avg_score": 99.66
  },
  "protocol_summary": {
    "vmess": {
      "count": 2,
      "avg_lat": 109.0,
      "avg_score": 99.27333333333334
    },
    "vless": {
      "count": 286,
      "avg_lat": 43.36713286713287,
      "avg_score": 99.71088578088577
    },
    "ss": {
      "count": 0,
      "avg_lat": 0.0,
      "avg_score": 0.0
    },
    "trojan": {
      "count": 19,
      "avg_lat": 156.52631578947367,
      "avg_score": 98.95649122807018
    }
  }
}