{
  "scan_timestamp": "2026-04-10T19:52:36.164616+00:00",
  "duration_seconds": 1047.29,
  "performance_metrics": {
    "total_processed": 487,
    "valid_configs": 248,
    "duplicates": 0,
    "failed_tests": 239,
    "success_rate": 50.92,
    "avg_latency_ms": 75.93,
    "avg_score": 99.49
  },
  "protocol_summary": {
    "vmess": {
      "count": 2,
      "avg_lat": 108.5,
      "avg_score": 99.27666666666667
    },
    "vless": {
      "count": 239,
      "avg_lat": 76.7866108786611,
      "avg_score": 99.48808926080892
    },
    "ss": {
      "count": 1,
      "avg_lat": 141.0,
      "avg_score": 99.06
    },
    "trojan": {
      "count": 6,
      "avg_lat": 20.0,
      "avg_score": 99.86666666666667
    }
  }
}