{
  "scan_timestamp": "2026-02-09T21:47:13.760292+00:00",
  "duration_seconds": 1128.75,
  "performance_metrics": {
    "total_processed": 480,
    "valid_configs": 355,
    "duplicates": 0,
    "failed_tests": 125,
    "success_rate": 73.96,
    "avg_latency_ms": 98.18,
    "avg_score": 99.35
  },
  "protocol_summary": {
    "vmess": {
      "count": 44,
      "avg_lat": 97.81818181818181,
      "avg_score": 99.34787878787878
    },
    "vless": {
      "count": 255,
      "avg_lat": 90.8,
      "avg_score": 99.39466666666667
    },
    "ss": {
      "count": 0,
      "avg_lat": 0.0,
      "avg_score": 0.0
    },
    "trojan": {
      "count": 56,
      "avg_lat": 132.05357142857142,
      "avg_score": 99.11964285714285
    }
  }
}