{
  "scan_timestamp": "2026-01-22T07:34:53.568220+00:00",
  "duration_seconds": 985.3,
  "performance_metrics": {
    "total_processed": 468,
    "valid_configs": 285,
    "duplicates": 0,
    "failed_tests": 183,
    "success_rate": 60.9,
    "avg_latency_ms": 89.49,
    "avg_score": 99.4
  },
  "protocol_summary": {
    "vmess": {
      "count": 111,
      "avg_lat": 77.8018018018018,
      "avg_score": 99.48132132132132
    },
    "vless": {
      "count": 141,
      "avg_lat": 79.25531914893617,
      "avg_score": 99.47163120567376
    },
    "ss": {
      "count": 0,
      "avg_lat": 0.0,
      "avg_score": 0.0
    },
    "trojan": {
      "count": 33,
      "avg_lat": 172.57575757575756,
      "avg_score": 98.84949494949495
    }
  }
}