{
  "scan_timestamp": "2025-12-19T11:23:38.743959+00:00",
  "duration_seconds": 828.23,
  "performance_metrics": {
    "total_processed": 464,
    "valid_configs": 217,
    "duplicates": 0,
    "failed_tests": 247,
    "success_rate": 46.77,
    "avg_latency_ms": 109.93,
    "avg_score": 99.27
  },
  "protocol_summary": {
    "vmess": {
      "count": 61,
      "avg_lat": 203.63934426229508,
      "avg_score": 98.6424043715847
    },
    "vless": {
      "count": 122,
      "avg_lat": 49.877049180327866,
      "avg_score": 99.6674863387978
    },
    "ss": {
      "count": 0,
      "avg_lat": 0.0,
      "avg_score": 0.0
    },
    "trojan": {
      "count": 34,
      "avg_lat": 157.2941176470588,
      "avg_score": 98.95137254901961
    }
  }
}