{
  "scan_timestamp": "2025-12-25T14:26:32.657594+00:00",
  "duration_seconds": 970.9,
  "performance_metrics": {
    "total_processed": 476,
    "valid_configs": 262,
    "duplicates": 0,
    "failed_tests": 214,
    "success_rate": 55.04,
    "avg_latency_ms": 97.1,
    "avg_score": 99.35
  },
  "protocol_summary": {
    "vmess": {
      "count": 48,
      "avg_lat": 138.79166666666666,
      "avg_score": 99.07472222222223
    },
    "vless": {
      "count": 167,
      "avg_lat": 68.7005988023952,
      "avg_score": 99.54199600798403
    },
    "ss": {
      "count": 0,
      "avg_lat": 0.0,
      "avg_score": 0.0
    },
    "trojan": {
      "count": 47,
      "avg_lat": 155.40425531914894,
      "avg_score": 98.96397163120567
    }
  }
}