{
  "scan_timestamp": "2025-12-18T13:44:17.659993+00:00",
  "duration_seconds": 863.44,
  "performance_metrics": {
    "total_processed": 463,
    "valid_configs": 236,
    "duplicates": 0,
    "failed_tests": 227,
    "success_rate": 50.97,
    "avg_latency_ms": 108.03,
    "avg_score": 99.28
  },
  "protocol_summary": {
    "vmess": {
      "count": 56,
      "avg_lat": 126.25,
      "avg_score": 99.15833333333333
    },
    "vless": {
      "count": 149,
      "avg_lat": 102.88590604026845,
      "avg_score": 99.31409395973154
    },
    "ss": {
      "count": 0,
      "avg_lat": 0.0,
      "avg_score": 0.0
    },
    "trojan": {
      "count": 31,
      "avg_lat": 99.83870967741936,
      "avg_score": 99.33440860215055
    }
  }
}