{
  "scan_timestamp": "2026-02-03T18:54:10.459919+00:00",
  "duration_seconds": 873.74,
  "performance_metrics": {
    "total_processed": 467,
    "valid_configs": 242,
    "duplicates": 0,
    "failed_tests": 225,
    "success_rate": 51.82,
    "avg_latency_ms": 160.01,
    "avg_score": 98.93
  },
  "protocol_summary": {
    "vmess": {
      "count": 28,
      "avg_lat": 84.42857142857143,
      "avg_score": 99.43714285714286
    },
    "vless": {
      "count": 162,
      "avg_lat": 151.97530864197532,
      "avg_score": 98.98683127572016
    },
    "ss": {
      "count": 0,
      "avg_lat": 0.0,
      "avg_score": 0.0
    },
    "trojan": {
      "count": 52,
      "avg_lat": 225.73076923076923,
      "avg_score": 98.49512820512821
    }
  }
}