{
  "scan_timestamp": "2026-01-09T11:29:06.030399+00:00",
  "duration_seconds": 1096.58,
  "performance_metrics": {
    "total_processed": 473,
    "valid_configs": 342,
    "duplicates": 0,
    "failed_tests": 131,
    "success_rate": 72.3,
    "avg_latency_ms": 126.48,
    "avg_score": 99.16
  },
  "protocol_summary": {
    "vmess": {
      "count": 50,
      "avg_lat": 114.9,
      "avg_score": 99.234
    },
    "vless": {
      "count": 237,
      "avg_lat": 136.79324894514767,
      "avg_score": 99.08804500703233
    },
    "ss": {
      "count": 0,
      "avg_lat": 0.0,
      "avg_score": 0.0
    },
    "trojan": {
      "count": 55,
      "avg_lat": 92.54545454545455,
      "avg_score": 99.3830303030303
    }
  }
}