{
  "scan_timestamp": "2025-12-22T12:35:07.904435+00:00",
  "duration_seconds": 856.93,
  "performance_metrics": {
    "total_processed": 432,
    "valid_configs": 232,
    "duplicates": 0,
    "failed_tests": 200,
    "success_rate": 53.7,
    "avg_latency_ms": 109.5,
    "avg_score": 99.27
  },
  "protocol_summary": {
    "vmess": {
      "count": 50,
      "avg_lat": 108.66,
      "avg_score": 99.2756
    },
    "vless": {
      "count": 136,
      "avg_lat": 71.47058823529412,
      "avg_score": 99.5235294117647
    },
    "ss": {
      "count": 0,
      "avg_lat": 0.0,
      "avg_score": 0.0
    },
    "trojan": {
      "count": 46,
      "avg_lat": 222.8695652173913,
      "avg_score": 98.51420289855074
    }
  }
}