{
  "scan_timestamp": "2026-04-06T16:50:19.331398+00:00",
  "duration_seconds": 960.62,
  "performance_metrics": {
    "total_processed": 480,
    "valid_configs": 208,
    "duplicates": 0,
    "failed_tests": 272,
    "success_rate": 43.33,
    "avg_latency_ms": 120.79,
    "avg_score": 99.19
  },
  "protocol_summary": {
    "vmess": {
      "count": 2,
      "avg_lat": 146.0,
      "avg_score": 99.02666666666667
    },
    "vless": {
      "count": 201,
      "avg_lat": 120.11442786069652,
      "avg_score": 99.19923714759535
    },
    "ss": {
      "count": 1,
      "avg_lat": 214.0,
      "avg_score": 98.57333333333334
    },
    "trojan": {
      "count": 4,
      "avg_lat": 118.75,
      "avg_score": 99.20833333333333
    }
  }
}