{
  "scan_timestamp": "2026-03-21T22:16:07.732616+00:00",
  "duration_seconds": 230.47,
  "performance_metrics": {
    "total_processed": 346,
    "valid_configs": 41,
    "duplicates": 0,
    "failed_tests": 305,
    "success_rate": 11.85,
    "avg_latency_ms": 74.83,
    "avg_score": 99.5
  },
  "protocol_summary": {
    "vmess": {
      "count": 1,
      "avg_lat": 19.0,
      "avg_score": 99.87333333333333
    },
    "vless": {
      "count": 27,
      "avg_lat": 49.333333333333336,
      "avg_score": 99.6711111111111
    },
    "ss": {
      "count": 12,
      "avg_lat": 142.91666666666666,
      "avg_score": 99.04722222222222
    },
    "trojan": {
      "count": 1,
      "avg_lat": 2.0,
      "avg_score": 99.98666666666666
    }
  }
}