{
  "scan_timestamp": "2026-02-23T08:54:00.645554+00:00",
  "duration_seconds": 1149.74,
  "performance_metrics": {
    "total_processed": 479,
    "valid_configs": 351,
    "duplicates": 0,
    "failed_tests": 128,
    "success_rate": 73.28,
    "avg_latency_ms": 114.61,
    "avg_score": 99.24
  },
  "protocol_summary": {
    "vmess": {
      "count": 63,
      "avg_lat": 107.12698412698413,
      "avg_score": 99.2858201058201
    },
    "vless": {
      "count": 253,
      "avg_lat": 121.699604743083,
      "avg_score": 99.18866930171278
    },
    "trojan": {
      "count": 35,
      "avg_lat": 76.82857142857142,
      "avg_score": 99.48780952380952
    }
  }
}