{
  "scan_timestamp": "2025-12-26T12:35:49.409238+00:00",
  "duration_seconds": 961.65,
  "performance_metrics": {
    "total_processed": 452,
    "valid_configs": 256,
    "duplicates": 0,
    "failed_tests": 196,
    "success_rate": 56.64,
    "avg_latency_ms": 92.27,
    "avg_score": 99.38
  },
  "protocol_summary": {
    "vmess": {
      "count": 56,
      "avg_lat": 90.01785714285714,
      "avg_score": 99.39988095238095
    },
    "vless": {
      "count": 166,
      "avg_lat": 73.99397590361446,
      "avg_score": 99.50670682730924
    },
    "ss": {
      "count": 0,
      "avg_lat": 0.0,
      "avg_score": 0.0
    },
    "trojan": {
      "count": 34,
      "avg_lat": 185.23529411764707,
      "avg_score": 98.76509803921569
    }
  }
}