{
  "scan_timestamp": "2026-04-22T16:13:52.933720+00:00",
  "duration_seconds": 831.72,
  "performance_metrics": {
    "total_processed": 475,
    "valid_configs": 204,
    "duplicates": 0,
    "failed_tests": 271,
    "success_rate": 42.95,
    "avg_latency_ms": 181.24,
    "avg_score": 98.79
  },
  "protocol_summary": {
    "vmess": {
      "count": 4,
      "avg_lat": 127.5,
      "avg_score": 99.15
    },
    "vless": {
      "count": 190,
      "avg_lat": 186.56842105263158,
      "avg_score": 98.7562105263158
    },
    "ss": {
      "count": 3,
      "avg_lat": 236.0,
      "avg_score": 98.42666666666666
    },
    "trojan": {
      "count": 7,
      "avg_lat": 43.714285714285715,
      "avg_score": 99.70857142857143
    }
  }
}