{
  "scan_timestamp": "2025-12-17T14:27:54.905448+00:00",
  "duration_seconds": 937.23,
  "performance_metrics": {
    "total_processed": 477,
    "valid_configs": 268,
    "duplicates": 0,
    "failed_tests": 209,
    "success_rate": 56.18,
    "avg_latency_ms": 92.17,
    "avg_score": 99.39
  },
  "protocol_summary": {
    "vmess": {
      "count": 39,
      "avg_lat": 156.82051282051282,
      "avg_score": 98.95452991452991
    },
    "vless": {
      "count": 181,
      "avg_lat": 68.38121546961327,
      "avg_score": 99.54412523020258
    },
    "ss": {
      "count": 0,
      "avg_lat": 0.0,
      "avg_score": 0.0
    },
    "trojan": {
      "count": 48,
      "avg_lat": 129.35416666666666,
      "avg_score": 99.13763888888889
    }
  }
}