{
  "scan_timestamp": "2026-03-18T16:59:51.964282+00:00",
  "duration_seconds": 232.28,
  "performance_metrics": {
    "total_processed": 395,
    "valid_configs": 46,
    "duplicates": 0,
    "failed_tests": 349,
    "success_rate": 11.65,
    "avg_latency_ms": 113.67,
    "avg_score": 99.24
  },
  "protocol_summary": {
    "vmess": {
      "count": 1,
      "avg_lat": 25.0,
      "avg_score": 99.83333333333333
    },
    "vless": {
      "count": 29,
      "avg_lat": 90.93103448275862,
      "avg_score": 99.39379310344827
    },
    "ss": {
      "count": 4,
      "avg_lat": 565.25,
      "avg_score": 96.23166666666667
    },
    "trojan": {
      "count": 12,
      "avg_lat": 25.5,
      "avg_score": 99.83
    }
  }
}