{
  "scan_timestamp": "2025-12-29T22:25:59.638849+00:00",
  "duration_seconds": 928.24,
  "performance_metrics": {
    "total_processed": 444,
    "valid_configs": 250,
    "duplicates": 0,
    "failed_tests": 194,
    "success_rate": 56.31,
    "avg_latency_ms": 103.8,
    "avg_score": 99.31
  },
  "protocol_summary": {
    "vmess": {
      "count": 52,
      "avg_lat": 106.42307692307692,
      "avg_score": 99.29051282051282
    },
    "vless": {
      "count": 166,
      "avg_lat": 99.43975903614458,
      "avg_score": 99.33706827309238
    },
    "ss": {
      "count": 0,
      "avg_lat": 0.0,
      "avg_score": 0.0
    },
    "trojan": {
      "count": 32,
      "avg_lat": 122.15625,
      "avg_score": 99.185625
    }
  }
}