{
  "scan_timestamp": "2025-12-15T06:35:09.247501+00:00",
  "duration_seconds": 986.27,
  "performance_metrics": {
    "total_processed": 469,
    "valid_configs": 270,
    "duplicates": 0,
    "failed_tests": 199,
    "success_rate": 57.57,
    "avg_latency_ms": 113.86,
    "avg_score": 99.24
  },
  "protocol_summary": {
    "vmess": {
      "count": 54,
      "avg_lat": 148.42592592592592,
      "avg_score": 99.01049382716049
    },
    "vless": {
      "count": 173,
      "avg_lat": 98.04624277456648,
      "avg_score": 99.3463583815029
    },
    "ss": {
      "count": 0,
      "avg_lat": 0.0,
      "avg_score": 0.0
    },
    "trojan": {
      "count": 43,
      "avg_lat": 134.06976744186048,
      "avg_score": 99.1062015503876
    }
  }
}