{
  "scan_timestamp": "2026-02-05T17:55:56.885087+00:00",
  "duration_seconds": 1038.48,
  "performance_metrics": {
    "total_processed": 462,
    "valid_configs": 282,
    "duplicates": 0,
    "failed_tests": 180,
    "success_rate": 61.04,
    "avg_latency_ms": 148.26,
    "avg_score": 99.01
  },
  "protocol_summary": {
    "vmess": {
      "count": 50,
      "avg_lat": 96.0,
      "avg_score": 99.36
    },
    "vless": {
      "count": 173,
      "avg_lat": 144.2485549132948,
      "avg_score": 99.03834296724472
    },
    "ss": {
      "count": 0,
      "avg_lat": 0.0,
      "avg_score": 0.0
    },
    "trojan": {
      "count": 59,
      "avg_lat": 204.32203389830508,
      "avg_score": 98.63785310734463
    }
  }
}