{
  "scan_timestamp": "2025-12-17T13:43:12.034272+00:00",
  "duration_seconds": 950.23,
  "performance_metrics": {
    "total_processed": 476,
    "valid_configs": 260,
    "duplicates": 0,
    "failed_tests": 216,
    "success_rate": 54.62,
    "avg_latency_ms": 101.57,
    "avg_score": 99.32
  },
  "protocol_summary": {
    "vmess": {
      "count": 34,
      "avg_lat": 164.58823529411765,
      "avg_score": 98.9027450980392
    },
    "vless": {
      "count": 179,
      "avg_lat": 81.91620111731844,
      "avg_score": 99.4538919925512
    },
    "ss": {
      "count": 0,
      "avg_lat": 0.0,
      "avg_score": 0.0
    },
    "trojan": {
      "count": 47,
      "avg_lat": 130.80851063829786,
      "avg_score": 99.12794326241135
    }
  }
}