{
  "scan_timestamp": "2026-03-08T01:06:53.817567+00:00",
  "duration_seconds": 186.33,
  "performance_metrics": {
    "total_processed": 381,
    "valid_configs": 31,
    "duplicates": 0,
    "failed_tests": 350,
    "success_rate": 8.14,
    "avg_latency_ms": 81.87,
    "avg_score": 99.45
  },
  "protocol_summary": {
    "vmess": {
      "count": 2,
      "avg_lat": 111.5,
      "avg_score": 99.25666666666666
    },
    "vless": {
      "count": 28,
      "avg_lat": 76.28571428571429,
      "avg_score": 99.49142857142859
    },
    "ss": {
      "count": 1,
      "avg_lat": 179.0,
      "avg_score": 98.80666666666667
    },
    "trojan": {
      "count": 0,
      "avg_lat": 0.0,
      "avg_score": 0.0
    }
  }
}