{
  "scan_timestamp": "2026-01-11T20:29:36.637036+00:00",
  "duration_seconds": 1070.84,
  "performance_metrics": {
    "total_processed": 479,
    "valid_configs": 322,
    "duplicates": 0,
    "failed_tests": 157,
    "success_rate": 67.22,
    "avg_latency_ms": 114.49,
    "avg_score": 99.24
  },
  "protocol_summary": {
    "vmess": {
      "count": 67,
      "avg_lat": 218.5820895522388,
      "avg_score": 98.54278606965174
    },
    "vless": {
      "count": 206,
      "avg_lat": 75.71844660194175,
      "avg_score": 99.49521035598706
    },
    "ss": {
      "count": 0,
      "avg_lat": 0.0,
      "avg_score": 0.0
    },
    "trojan": {
      "count": 49,
      "avg_lat": 135.18367346938774,
      "avg_score": 99.09877551020408
    }
  }
}