{
  "scan_timestamp": "2026-04-17T14:31:08.234564+00:00",
  "duration_seconds": 999.19,
  "performance_metrics": {
    "total_processed": 486,
    "valid_configs": 283,
    "duplicates": 0,
    "failed_tests": 203,
    "success_rate": 58.23,
    "avg_latency_ms": 55.5,
    "avg_score": 99.63
  },
  "protocol_summary": {
    "vmess": {
      "count": 2,
      "avg_lat": 114.5,
      "avg_score": 99.23666666666666
    },
    "vless": {
      "count": 271,
      "avg_lat": 54.420664206642066,
      "avg_score": 99.63719557195571
    },
    "ss": {
      "count": 0,
      "avg_lat": 0.0,
      "avg_score": 0.0
    },
    "trojan": {
      "count": 10,
      "avg_lat": 73.0,
      "avg_score": 99.51333333333334
    }
  }
}