{
  "scan_timestamp": "2026-01-22T11:30:42.792400+00:00",
  "duration_seconds": 969.16,
  "performance_metrics": {
    "total_processed": 460,
    "valid_configs": 274,
    "duplicates": 0,
    "failed_tests": 186,
    "success_rate": 59.57,
    "avg_latency_ms": 96.57,
    "avg_score": 99.36
  },
  "protocol_summary": {
    "vmess": {
      "count": 109,
      "avg_lat": 74.5137614678899,
      "avg_score": 99.50324159021406
    },
    "vless": {
      "count": 133,
      "avg_lat": 96.30075187969925,
      "avg_score": 99.35799498746867
    },
    "ss": {
      "count": 0,
      "avg_lat": 0.0,
      "avg_score": 0.0
    },
    "trojan": {
      "count": 32,
      "avg_lat": 172.84375,
      "avg_score": 98.84770833333333
    }
  }
}