{
  "scan_timestamp": "2026-01-18T22:24:44.620150+00:00",
  "duration_seconds": 883.59,
  "performance_metrics": {
    "total_processed": 424,
    "valid_configs": 248,
    "duplicates": 0,
    "failed_tests": 176,
    "success_rate": 58.49,
    "avg_latency_ms": 101.96,
    "avg_score": 99.32
  },
  "protocol_summary": {
    "vmess": {
      "count": 56,
      "avg_lat": 107.875,
      "avg_score": 99.28083333333333
    },
    "vless": {
      "count": 137,
      "avg_lat": 71.73722627737226,
      "avg_score": 99.52175182481751
    },
    "ss": {
      "count": 0,
      "avg_lat": 0.0,
      "avg_score": 0.0
    },
    "trojan": {
      "count": 55,
      "avg_lat": 171.21818181818182,
      "avg_score": 98.85854545454546
    }
  }
}