{
  "scan_timestamp": "2026-02-20T09:49:37.204071+00:00",
  "duration_seconds": 1183.68,
  "performance_metrics": {
    "total_processed": 474,
    "valid_configs": 381,
    "duplicates": 0,
    "failed_tests": 93,
    "success_rate": 80.38,
    "avg_latency_ms": 92.37,
    "avg_score": 99.38
  },
  "protocol_summary": {
    "vmess": {
      "count": 67,
      "avg_lat": 76.31343283582089,
      "avg_score": 99.49124378109452
    },
    "vless": {
      "count": 279,
      "avg_lat": 101.72401433691756,
      "avg_score": 99.32183990442056
    },
    "trojan": {
      "count": 35,
      "avg_lat": 48.57142857142857,
      "avg_score": 99.67619047619047
    }
  }
}