{
  "scan_timestamp": "2026-02-14T19:33:29.996993+00:00",
  "duration_seconds": 1085.5,
  "performance_metrics": {
    "total_processed": 465,
    "valid_configs": 322,
    "duplicates": 0,
    "failed_tests": 143,
    "success_rate": 69.25,
    "avg_latency_ms": 133.76,
    "avg_score": 99.11
  },
  "protocol_summary": {
    "vmess": {
      "count": 60,
      "avg_lat": 137.25,
      "avg_score": 99.08500000000001
    },
    "vless": {
      "count": 212,
      "avg_lat": 133.60377358490567,
      "avg_score": 99.10930817610063
    },
    "ss": {
      "count": 0,
      "avg_lat": 0.0,
      "avg_score": 0.0
    },
    "trojan": {
      "count": 50,
      "avg_lat": 130.24,
      "avg_score": 99.13173333333334
    }
  }
}