{
  "scan_timestamp": "2026-01-17T13:37:59.602512+00:00",
  "duration_seconds": 944.37,
  "performance_metrics": {
    "total_processed": 473,
    "valid_configs": 236,
    "duplicates": 0,
    "failed_tests": 237,
    "success_rate": 49.89,
    "avg_latency_ms": 133.71,
    "avg_score": 99.11
  },
  "protocol_summary": {
    "vmess": {
      "count": 63,
      "avg_lat": 111.34920634920636,
      "avg_score": 99.25767195767196
    },
    "vless": {
      "count": 122,
      "avg_lat": 91.39344262295081,
      "avg_score": 99.39071038251366
    },
    "ss": {
      "count": 0,
      "avg_lat": 0.0,
      "avg_score": 0.0
    },
    "trojan": {
      "count": 51,
      "avg_lat": 262.5686274509804,
      "avg_score": 98.24954248366012
    }
  }
}