{
  "scan_timestamp": "2025-12-14T17:24:04.388687+00:00",
  "duration_seconds": 962.82,
  "performance_metrics": {
    "total_processed": 470,
    "valid_configs": 263,
    "duplicates": 0,
    "failed_tests": 207,
    "success_rate": 55.96,
    "avg_latency_ms": 115.68,
    "avg_score": 99.23
  },
  "protocol_summary": {
    "vmess": {
      "count": 37,
      "avg_lat": 146.78378378378378,
      "avg_score": 99.02144144144145
    },
    "vless": {
      "count": 184,
      "avg_lat": 107.73913043478261,
      "avg_score": 99.28173913043479
    },
    "ss": {
      "count": 0,
      "avg_lat": 0.0,
      "avg_score": 0.0
    },
    "trojan": {
      "count": 42,
      "avg_lat": 123.0952380952381,
      "avg_score": 99.17936507936507
    }
  }
}