{
  "scan_timestamp": "2025-12-08T23:27:01.638221+00:00",
  "duration_seconds": 1038.16,
  "performance_metrics": {
    "total_processed": 480,
    "valid_configs": 288,
    "duplicates": 0,
    "failed_tests": 192,
    "success_rate": 60.0,
    "avg_latency_ms": 154.42,
    "avg_score": 98.97
  },
  "protocol_summary": {
    "vmess": {
      "count": 73,
      "avg_lat": 256.7808219178082,
      "avg_score": 98.28812785388128
    },
    "vless": {
      "count": 168,
      "avg_lat": 109.92857142857143,
      "avg_score": 99.26714285714286
    },
    "ss": {
      "count": 0,
      "avg_lat": 0.0,
      "avg_score": 0.0
    },
    "trojan": {
      "count": 47,
      "avg_lat": 154.4468085106383,
      "avg_score": 98.97035460992907
    }
  }
}