{
  "scan_timestamp": "2026-02-01T13:51:54.064890+00:00",
  "duration_seconds": 980.24,
  "performance_metrics": {
    "total_processed": 455,
    "valid_configs": 265,
    "duplicates": 0,
    "failed_tests": 190,
    "success_rate": 58.24,
    "avg_latency_ms": 121.65,
    "avg_score": 99.19
  },
  "protocol_summary": {
    "vmess": {
      "count": 53,
      "avg_lat": 130.67924528301887,
      "avg_score": 99.12880503144655
    },
    "vless": {
      "count": 173,
      "avg_lat": 115.67630057803468,
      "avg_score": 99.2288246628131
    },
    "ss": {
      "count": 0,
      "avg_lat": 0.0,
      "avg_score": 0.0
    },
    "trojan": {
      "count": 39,
      "avg_lat": 135.84615384615384,
      "avg_score": 99.09435897435897
    }
  }
}