{
  "scan_timestamp": "2026-01-26T11:31:25.540272+00:00",
  "duration_seconds": 1091.42,
  "performance_metrics": {
    "total_processed": 477,
    "valid_configs": 335,
    "duplicates": 0,
    "failed_tests": 142,
    "success_rate": 70.23,
    "avg_latency_ms": 88.89,
    "avg_score": 99.41
  },
  "protocol_summary": {
    "vmess": {
      "count": 44,
      "avg_lat": 89.3409090909091,
      "avg_score": 99.40439393939393
    },
    "vless": {
      "count": 227,
      "avg_lat": 81.70484581497797,
      "avg_score": 99.45530102790015
    },
    "ss": {
      "count": 0,
      "avg_lat": 0.0,
      "avg_score": 0.0
    },
    "trojan": {
      "count": 64,
      "avg_lat": 114.0625,
      "avg_score": 99.23958333333333
    }
  }
}