{
  "scan_timestamp": "2026-07-06T20:02:48.643900+00:00",
  "duration_seconds": 465.3,
  "performance_metrics": {
    "total_processed": 464,
    "valid_configs": 142,
    "duplicates": 0,
    "failed_tests": 322,
    "success_rate": 30.6,
    "avg_latency_ms": 104.96,
    "avg_score": 99.3
  },
  "protocol_summary": {
    "vmess": {
      "count": 1,
      "avg_lat": 1002.0,
      "avg_score": 93.32
    },
    "vless": {
      "count": 3,
      "avg_lat": 298.3333333333333,
      "avg_score": 98.0111111111111
    },
    "ss": {
      "count": 128,
      "avg_lat": 101.203125,
      "avg_score": 99.3253125
    },
    "trojan": {
      "count": 10,
      "avg_lat": 5.3,
      "avg_score": 99.96466666666666
    }
  }
}