{
  "scan_timestamp": "2026-03-31T01:29:51.280012+00:00",
  "duration_seconds": 983.52,
  "performance_metrics": {
    "total_processed": 478,
    "valid_configs": 219,
    "duplicates": 0,
    "failed_tests": 259,
    "success_rate": 45.82,
    "avg_latency_ms": 89.77,
    "avg_score": 99.4
  },
  "protocol_summary": {
    "vmess": {
      "count": 15,
      "avg_lat": 195.2,
      "avg_score": 98.69866666666667
    },
    "vless": {
      "count": 199,
      "avg_lat": 79.678391959799,
      "avg_score": 99.468810720268
    },
    "ss": {
      "count": 3,
      "avg_lat": 66.66666666666667,
      "avg_score": 99.55555555555556
    },
    "trojan": {
      "count": 2,
      "avg_lat": 337.5,
      "avg_score": 97.75
    }
  }
}