{
  "scan_timestamp": "2026-01-08T14:33:12.239771+00:00",
  "duration_seconds": 1072.92,
  "performance_metrics": {
    "total_processed": 478,
    "valid_configs": 318,
    "duplicates": 0,
    "failed_tests": 160,
    "success_rate": 66.53,
    "avg_latency_ms": 129.36,
    "avg_score": 99.14
  },
  "protocol_summary": {
    "vmess": {
      "count": 36,
      "avg_lat": 113.55555555555556,
      "avg_score": 99.24296296296296
    },
    "vless": {
      "count": 219,
      "avg_lat": 141.68036529680364,
      "avg_score": 99.05546423135465
    },
    "ss": {
      "count": 0,
      "avg_lat": 0.0,
      "avg_score": 0.0
    },
    "trojan": {
      "count": 63,
      "avg_lat": 95.55555555555556,
      "avg_score": 99.36296296296297
    }
  }
}