{
  "scan_timestamp": "2026-01-03T21:25:55.444712+00:00",
  "duration_seconds": 1010.87,
  "performance_metrics": {
    "total_processed": 473,
    "valid_configs": 291,
    "duplicates": 0,
    "failed_tests": 182,
    "success_rate": 61.52,
    "avg_latency_ms": 159.04,
    "avg_score": 98.94
  },
  "protocol_summary": {
    "vmess": {
      "count": 54,
      "avg_lat": 198.90740740740742,
      "avg_score": 98.67395061728395
    },
    "vless": {
      "count": 197,
      "avg_lat": 145.88832487309645,
      "avg_score": 99.0274111675127
    },
    "ss": {
      "count": 0,
      "avg_lat": 0.0,
      "avg_score": 0.0
    },
    "trojan": {
      "count": 40,
      "avg_lat": 170.025,
      "avg_score": 98.8665
    }
  }
}