{
  "scan_timestamp": "2026-03-20T15:51:21.236415+00:00",
  "duration_seconds": 1131.74,
  "performance_metrics": {
    "total_processed": 463,
    "valid_configs": 352,
    "duplicates": 0,
    "failed_tests": 111,
    "success_rate": 76.03,
    "avg_latency_ms": 77.71,
    "avg_score": 99.48
  },
  "protocol_summary": {
    "vmess": {
      "count": 20,
      "avg_lat": 137.35,
      "avg_score": 99.08433333333333
    },
    "vless": {
      "count": 287,
      "avg_lat": 60.142857142857146,
      "avg_score": 99.59904761904762
    },
    "ss": {
      "count": 0,
      "avg_lat": 0.0,
      "avg_score": 0.0
    },
    "trojan": {
      "count": 45,
      "avg_lat": 163.24444444444444,
      "avg_score": 98.91170370370371
    }
  }
}