{
  "scan_timestamp": "2026-01-29T14:03:41.929799+00:00",
  "duration_seconds": 759.84,
  "performance_metrics": {
    "total_processed": 438,
    "valid_configs": 202,
    "duplicates": 0,
    "failed_tests": 236,
    "success_rate": 46.12,
    "avg_latency_ms": 88.47,
    "avg_score": 99.41
  },
  "protocol_summary": {
    "vmess": {
      "count": 64,
      "avg_lat": 99.921875,
      "avg_score": 99.33385416666667
    },
    "vless": {
      "count": 74,
      "avg_lat": 74.85135135135135,
      "avg_score": 99.500990990991
    },
    "ss": {
      "count": 0,
      "avg_lat": 0.0,
      "avg_score": 0.0
    },
    "trojan": {
      "count": 64,
      "avg_lat": 92.765625,
      "avg_score": 99.3815625
    }
  }
}