{
  "scan_timestamp": "2026-02-07T09:38:07.090737+00:00",
  "duration_seconds": 1101.27,
  "performance_metrics": {
    "total_processed": 481,
    "valid_configs": 319,
    "duplicates": 0,
    "failed_tests": 162,
    "success_rate": 66.32,
    "avg_latency_ms": 168.32,
    "avg_score": 98.88
  },
  "protocol_summary": {
    "vmess": {
      "count": 61,
      "avg_lat": 175.98360655737704,
      "avg_score": 98.82677595628415
    },
    "vless": {
      "count": 200,
      "avg_lat": 142.95,
      "avg_score": 99.04700000000001
    },
    "ss": {
      "count": 0,
      "avg_lat": 0.0,
      "avg_score": 0.0
    },
    "trojan": {
      "count": 58,
      "avg_lat": 247.72413793103448,
      "avg_score": 98.34850574712644
    }
  }
}