{
  "scan_timestamp": "2026-04-12T06:34:26.947449+00:00",
  "duration_seconds": 1027.87,
  "performance_metrics": {
    "total_processed": 483,
    "valid_configs": 228,
    "duplicates": 0,
    "failed_tests": 255,
    "success_rate": 47.2,
    "avg_latency_ms": 143.66,
    "avg_score": 99.04
  },
  "protocol_summary": {
    "vmess": {
      "count": 2,
      "avg_lat": 149.0,
      "avg_score": 99.00666666666666
    },
    "vless": {
      "count": 219,
      "avg_lat": 146.0,
      "avg_score": 99.02666666666667
    },
    "ss": {
      "count": 1,
      "avg_lat": 175.0,
      "avg_score": 98.83333333333333
    },
    "trojan": {
      "count": 6,
      "avg_lat": 51.166666666666664,
      "avg_score": 99.6588888888889
    }
  }
}