{
  "scan_timestamp": "2026-02-19T22:38:56.519404+00:00",
  "duration_seconds": 1157.33,
  "performance_metrics": {
    "total_processed": 472,
    "valid_configs": 368,
    "duplicates": 0,
    "failed_tests": 104,
    "success_rate": 77.97,
    "avg_latency_ms": 91.38,
    "avg_score": 99.39
  },
  "protocol_summary": {
    "vmess": {
      "count": 65,
      "avg_lat": 91.47692307692307,
      "avg_score": 99.39015384615384
    },
    "vless": {
      "count": 271,
      "avg_lat": 96.8339483394834,
      "avg_score": 99.35444034440344
    },
    "ss": {
      "count": 0,
      "avg_lat": 0.0,
      "avg_score": 0.0
    },
    "trojan": {
      "count": 32,
      "avg_lat": 44.9375,
      "avg_score": 99.70041666666667
    }
  }
}