{
  "scan_timestamp": "2026-04-07T20:49:52.474597+00:00",
  "duration_seconds": 981.84,
  "performance_metrics": {
    "total_processed": 482,
    "valid_configs": 209,
    "duplicates": 0,
    "failed_tests": 273,
    "success_rate": 43.36,
    "avg_latency_ms": 86.72,
    "avg_score": 99.42
  },
  "protocol_summary": {
    "vmess": {
      "count": 2,
      "avg_lat": 116.5,
      "avg_score": 99.22333333333333
    },
    "vless": {
      "count": 202,
      "avg_lat": 86.22772277227723,
      "avg_score": 99.42514851485149
    },
    "ss": {
      "count": 1,
      "avg_lat": 127.0,
      "avg_score": 99.15333333333334
    },
    "trojan": {
      "count": 4,
      "avg_lat": 86.5,
      "avg_score": 99.42333333333333
    }
  }
}