{
  "scan_timestamp": "2026-01-14T10:30:01.669538+00:00",
  "duration_seconds": 969.08,
  "performance_metrics": {
    "total_processed": 474,
    "valid_configs": 281,
    "duplicates": 0,
    "failed_tests": 193,
    "success_rate": 59.28,
    "avg_latency_ms": 123.4,
    "avg_score": 99.18
  },
  "protocol_summary": {
    "vmess": {
      "count": 82,
      "avg_lat": 107.48780487804878,
      "avg_score": 99.28341463414634
    },
    "vless": {
      "count": 144,
      "avg_lat": 86.26388888888889,
      "avg_score": 99.4249074074074
    },
    "ss": {
      "count": 0,
      "avg_lat": 0.0,
      "avg_score": 0.0
    },
    "trojan": {
      "count": 55,
      "avg_lat": 244.36363636363637,
      "avg_score": 98.37090909090908
    }
  }
}