{
  "scan_timestamp": "2026-01-04T04:57:58.707221+00:00",
  "duration_seconds": 1071.52,
  "performance_metrics": {
    "total_processed": 477,
    "valid_configs": 318,
    "duplicates": 0,
    "failed_tests": 159,
    "success_rate": 66.67,
    "avg_latency_ms": 132.68,
    "avg_score": 99.12
  },
  "protocol_summary": {
    "vmess": {
      "count": 45,
      "avg_lat": 122.95555555555555,
      "avg_score": 99.1802962962963
    },
    "vless": {
      "count": 245,
      "avg_lat": 135.64897959183673,
      "avg_score": 99.09567346938775
    },
    "ss": {
      "count": 0,
      "avg_lat": 0.0,
      "avg_score": 0.0
    },
    "trojan": {
      "count": 28,
      "avg_lat": 122.28571428571429,
      "avg_score": 99.1847619047619
    }
  }
}