{
  "scan_timestamp": "2026-01-14T08:32:50.784945+00:00",
  "duration_seconds": 1015.03,
  "performance_metrics": {
    "total_processed": 472,
    "valid_configs": 311,
    "duplicates": 0,
    "failed_tests": 161,
    "success_rate": 65.89,
    "avg_latency_ms": 112.79,
    "avg_score": 99.25
  },
  "protocol_summary": {
    "vmess": {
      "count": 92,
      "avg_lat": 74.04347826086956,
      "avg_score": 99.5063768115942
    },
    "vless": {
      "count": 158,
      "avg_lat": 94.74683544303798,
      "avg_score": 99.36835443037975
    },
    "ss": {
      "count": 0,
      "avg_lat": 0.0,
      "avg_score": 0.0
    },
    "trojan": {
      "count": 61,
      "avg_lat": 217.9672131147541,
      "avg_score": 98.54688524590163
    }
  }
}