{
  "scan_timestamp": "2026-03-02T18:48:52.353876+00:00",
  "duration_seconds": 1089.84,
  "performance_metrics": {
    "total_processed": 473,
    "valid_configs": 328,
    "duplicates": 0,
    "failed_tests": 145,
    "success_rate": 69.34,
    "avg_latency_ms": 84.64,
    "avg_score": 99.44
  },
  "protocol_summary": {
    "vmess": {
      "count": 60,
      "avg_lat": 56.96666666666667,
      "avg_score": 99.62022222222222
    },
    "vless": {
      "count": 233,
      "avg_lat": 95.66523605150215,
      "avg_score": 99.36223175965665
    },
    "ss": {
      "count": 0,
      "avg_lat": 0.0,
      "avg_score": 0.0
    },
    "trojan": {
      "count": 35,
      "avg_lat": 58.714285714285715,
      "avg_score": 99.60857142857144
    }
  }
}