{
  "scan_timestamp": "2026-02-16T11:49:34.199805+00:00",
  "duration_seconds": 1078.01,
  "performance_metrics": {
    "total_processed": 461,
    "valid_configs": 322,
    "duplicates": 0,
    "failed_tests": 139,
    "success_rate": 69.85,
    "avg_latency_ms": 98.35,
    "avg_score": 99.34
  },
  "protocol_summary": {
    "vmess": {
      "count": 69,
      "avg_lat": 130.14492753623188,
      "avg_score": 99.13236714975845
    },
    "vless": {
      "count": 210,
      "avg_lat": 80.4952380952381,
      "avg_score": 99.46336507936508
    },
    "ss": {
      "count": 0,
      "avg_lat": 0.0,
      "avg_score": 0.0
    },
    "trojan": {
      "count": 43,
      "avg_lat": 134.5581395348837,
      "avg_score": 99.1029457364341
    }
  }
}