{
  "scan_timestamp": "2025-12-16T21:26:06.681505+00:00",
  "duration_seconds": 914.7,
  "performance_metrics": {
    "total_processed": 472,
    "valid_configs": 227,
    "duplicates": 0,
    "failed_tests": 245,
    "success_rate": 48.09,
    "avg_latency_ms": 104.81,
    "avg_score": 99.3
  },
  "protocol_summary": {
    "vmess": {
      "count": 44,
      "avg_lat": 141.38636363636363,
      "avg_score": 99.05742424242425
    },
    "vless": {
      "count": 150,
      "avg_lat": 96.92,
      "avg_score": 99.35386666666666
    },
    "ss": {
      "count": 0,
      "avg_lat": 0.0,
      "avg_score": 0.0
    },
    "trojan": {
      "count": 33,
      "avg_lat": 91.87878787878788,
      "avg_score": 99.38747474747476
    }
  }
}