{
  "scan_timestamp": "2026-01-16T06:32:35.565255+00:00",
  "duration_seconds": 861.37,
  "performance_metrics": {
    "total_processed": 420,
    "valid_configs": 238,
    "duplicates": 0,
    "failed_tests": 182,
    "success_rate": 56.67,
    "avg_latency_ms": 96.24,
    "avg_score": 99.36
  },
  "protocol_summary": {
    "vmess": {
      "count": 54,
      "avg_lat": 81.77777777777777,
      "avg_score": 99.45481481481481
    },
    "vless": {
      "count": 133,
      "avg_lat": 66.94736842105263,
      "avg_score": 99.55368421052631
    },
    "ss": {
      "count": 0,
      "avg_lat": 0.0,
      "avg_score": 0.0
    },
    "trojan": {
      "count": 51,
      "avg_lat": 187.92156862745097,
      "avg_score": 98.74718954248365
    }
  }
}