{
  "scan_timestamp": "2026-07-10T14:30:56.765560+00:00",
  "duration_seconds": 419.12,
  "performance_metrics": {
    "total_processed": 446,
    "valid_configs": 128,
    "duplicates": 0,
    "failed_tests": 318,
    "success_rate": 28.7,
    "avg_latency_ms": 85.43,
    "avg_score": 99.43
  },
  "protocol_summary": {
    "vmess": {
      "count": 1,
      "avg_lat": 1.0,
      "avg_score": 99.99333333333334
    },
    "vless": {
      "count": 1,
      "avg_lat": 99.0,
      "avg_score": 99.34
    },
    "ss": {
      "count": 112,
      "avg_lat": 95.33035714285714,
      "avg_score": 99.36446428571428
    },
    "trojan": {
      "count": 14,
      "avg_lat": 11.285714285714286,
      "avg_score": 99.92476190476191
    }
  }
}