{
  "scan_timestamp": "2026-04-20T20:06:50.570253+00:00",
  "duration_seconds": 863.56,
  "performance_metrics": {
    "total_processed": 477,
    "valid_configs": 223,
    "duplicates": 0,
    "failed_tests": 254,
    "success_rate": 46.75,
    "avg_latency_ms": 88.51,
    "avg_score": 99.41
  },
  "protocol_summary": {
    "vmess": {
      "count": 5,
      "avg_lat": 145.6,
      "avg_score": 99.02933333333333
    },
    "vless": {
      "count": 207,
      "avg_lat": 89.90821256038647,
      "avg_score": 99.40061191626408
    },
    "ss": {
      "count": 2,
      "avg_lat": 117.5,
      "avg_score": 99.21666666666667
    },
    "trojan": {
      "count": 9,
      "avg_lat": 18.11111111111111,
      "avg_score": 99.87925925925926
    }
  }
}