{
  "scan_timestamp": "2026-03-03T01:23:17.256516+00:00",
  "duration_seconds": 1087.38,
  "performance_metrics": {
    "total_processed": 473,
    "valid_configs": 326,
    "duplicates": 0,
    "failed_tests": 147,
    "success_rate": 68.92,
    "avg_latency_ms": 78.94,
    "avg_score": 99.47
  },
  "protocol_summary": {
    "vmess": {
      "count": 60,
      "avg_lat": 51.96666666666667,
      "avg_score": 99.65355555555556
    },
    "vless": {
      "count": 231,
      "avg_lat": 86.45887445887446,
      "avg_score": 99.4236075036075
    },
    "ss": {
      "count": 0,
      "avg_lat": 0.0,
      "avg_score": 0.0
    },
    "trojan": {
      "count": 35,
      "avg_lat": 75.57142857142857,
      "avg_score": 99.49619047619048
    }
  }
}