{
  "scan_timestamp": "2025-12-10T22:26:06.617607+00:00",
  "duration_seconds": 877.4,
  "performance_metrics": {
    "total_processed": 469,
    "valid_configs": 193,
    "duplicates": 0,
    "failed_tests": 276,
    "success_rate": 41.15,
    "avg_latency_ms": 135.9,
    "avg_score": 99.09
  },
  "protocol_summary": {
    "vmess": {
      "count": 28,
      "avg_lat": 142.53571428571428,
      "avg_score": 99.04976190476191
    },
    "vless": {
      "count": 112,
      "avg_lat": 120.77678571428571,
      "avg_score": 99.19482142857143
    },
    "ss": {
      "count": 0,
      "avg_lat": 0.0,
      "avg_score": 0.0
    },
    "trojan": {
      "count": 53,
      "avg_lat": 164.35849056603774,
      "avg_score": 98.90427672955974
    }
  }
}