{
  "scan_timestamp": "2026-04-18T08:51:53.244985+00:00",
  "duration_seconds": 999.01,
  "performance_metrics": {
    "total_processed": 490,
    "valid_configs": 280,
    "duplicates": 0,
    "failed_tests": 210,
    "success_rate": 57.14,
    "avg_latency_ms": 56.31,
    "avg_score": 99.62
  },
  "protocol_summary": {
    "vmess": {
      "count": 2,
      "avg_lat": 134.0,
      "avg_score": 99.10666666666667
    },
    "vless": {
      "count": 271,
      "avg_lat": 56.708487084870846,
      "avg_score": 99.62194341943419
    },
    "ss": {
      "count": 0,
      "avg_lat": 0.0,
      "avg_score": 0.0
    },
    "trojan": {
      "count": 7,
      "avg_lat": 18.571428571428573,
      "avg_score": 99.87619047619047
    }
  }
}