{
  "scan_timestamp": "2026-01-06T15:31:19.259178+00:00",
  "duration_seconds": 1172.01,
  "performance_metrics": {
    "total_processed": 484,
    "valid_configs": 380,
    "duplicates": 0,
    "failed_tests": 104,
    "success_rate": 78.51,
    "avg_latency_ms": 124.48,
    "avg_score": 99.17
  },
  "protocol_summary": {
    "vmess": {
      "count": 34,
      "avg_lat": 163.61764705882354,
      "avg_score": 98.90921568627451
    },
    "vless": {
      "count": 262,
      "avg_lat": 112.94656488549619,
      "avg_score": 99.24702290076337
    },
    "ss": {
      "count": 0,
      "avg_lat": 0.0,
      "avg_score": 0.0
    },
    "trojan": {
      "count": 84,
      "avg_lat": 144.61904761904762,
      "avg_score": 99.03587301587301
    }
  }
}