{
  "scan_timestamp": "2026-02-20T06:59:51.048358+00:00",
  "duration_seconds": 1194.74,
  "performance_metrics": {
    "total_processed": 474,
    "valid_configs": 383,
    "duplicates": 0,
    "failed_tests": 91,
    "success_rate": 80.8,
    "avg_latency_ms": 121.97,
    "avg_score": 99.19
  },
  "protocol_summary": {
    "vmess": {
      "count": 69,
      "avg_lat": 97.42028985507247,
      "avg_score": 99.35053140096618
    },
    "vless": {
      "count": 279,
      "avg_lat": 135.63799283154123,
      "avg_score": 99.0957467144564
    },
    "trojan": {
      "count": 35,
      "avg_lat": 61.4,
      "avg_score": 99.59066666666666
    }
  }
}