{
  "scan_timestamp": "2026-03-29T14:40:02.858606+00:00",
  "duration_seconds": 980.47,
  "performance_metrics": {
    "total_processed": 475,
    "valid_configs": 210,
    "duplicates": 0,
    "failed_tests": 265,
    "success_rate": 44.21,
    "avg_latency_ms": 72.23,
    "avg_score": 99.52
  },
  "protocol_summary": {
    "vmess": {
      "count": 17,
      "avg_lat": 111.58823529411765,
      "avg_score": 99.25607843137254
    },
    "vless": {
      "count": 189,
      "avg_lat": 65.88359788359789,
      "avg_score": 99.56077601410935
    },
    "ss": {
      "count": 1,
      "avg_lat": 127.0,
      "avg_score": 99.15333333333334
    },
    "trojan": {
      "count": 3,
      "avg_lat": 231.0,
      "avg_score": 98.46
    }
  }
}