{
  "scan_timestamp": "2026-01-27T20:31:35.273088+00:00",
  "duration_seconds": 1135.61,
  "performance_metrics": {
    "total_processed": 481,
    "valid_configs": 339,
    "duplicates": 0,
    "failed_tests": 142,
    "success_rate": 70.48,
    "avg_latency_ms": 91.05,
    "avg_score": 99.39
  },
  "protocol_summary": {
    "vmess": {
      "count": 44,
      "avg_lat": 67.70454545454545,
      "avg_score": 99.54863636363638
    },
    "vless": {
      "count": 218,
      "avg_lat": 71.1788990825688,
      "avg_score": 99.52547400611621
    },
    "ss": {
      "count": 0,
      "avg_lat": 0.0,
      "avg_score": 0.0
    },
    "trojan": {
      "count": 77,
      "avg_lat": 160.63636363636363,
      "avg_score": 98.9290909090909
    }
  }
}