{
  "scan_timestamp": "2026-01-05T20:32:01.894203+00:00",
  "duration_seconds": 1154.83,
  "performance_metrics": {
    "total_processed": 485,
    "valid_configs": 349,
    "duplicates": 0,
    "failed_tests": 136,
    "success_rate": 71.96,
    "avg_latency_ms": 134.03,
    "avg_score": 99.11
  },
  "protocol_summary": {
    "vmess": {
      "count": 26,
      "avg_lat": 123.92307692307692,
      "avg_score": 99.17384615384616
    },
    "vless": {
      "count": 260,
      "avg_lat": 124.72692307692307,
      "avg_score": 99.16848717948719
    },
    "ss": {
      "count": 0,
      "avg_lat": 0.0,
      "avg_score": 0.0
    },
    "trojan": {
      "count": 63,
      "avg_lat": 176.57142857142858,
      "avg_score": 98.82285714285715
    }
  }
}