{
  "scan_timestamp": "2026-01-14T06:34:50.091469+00:00",
  "duration_seconds": 998.63,
  "performance_metrics": {
    "total_processed": 468,
    "valid_configs": 310,
    "duplicates": 0,
    "failed_tests": 158,
    "success_rate": 66.24,
    "avg_latency_ms": 120.25,
    "avg_score": 99.2
  },
  "protocol_summary": {
    "vmess": {
      "count": 94,
      "avg_lat": 96.25531914893617,
      "avg_score": 99.35829787234043
    },
    "vless": {
      "count": 155,
      "avg_lat": 93.47741935483872,
      "avg_score": 99.37681720430108
    },
    "ss": {
      "count": 0,
      "avg_lat": 0.0,
      "avg_score": 0.0
    },
    "trojan": {
      "count": 61,
      "avg_lat": 225.27868852459017,
      "avg_score": 98.49814207650273
    }
  }
}