{
  "scan_timestamp": "2026-03-17T01:07:56.032606+00:00",
  "duration_seconds": 223.45,
  "performance_metrics": {
    "total_processed": 383,
    "valid_configs": 38,
    "duplicates": 0,
    "failed_tests": 345,
    "success_rate": 9.92,
    "avg_latency_ms": 63.32,
    "avg_score": 99.58
  },
  "protocol_summary": {
    "vmess": {
      "count": 1,
      "avg_lat": 32.0,
      "avg_score": 99.78666666666666
    },
    "vless": {
      "count": 29,
      "avg_lat": 42.44827586206897,
      "avg_score": 99.71701149425286
    },
    "ss": {
      "count": 7,
      "avg_lat": 162.42857142857142,
      "avg_score": 98.91714285714285
    },
    "trojan": {
      "count": 1,
      "avg_lat": 6.0,
      "avg_score": 99.96
    }
  }
}