{
  "scan_timestamp": "2026-04-12T15:43:19.527705+00:00",
  "duration_seconds": 1046.82,
  "performance_metrics": {
    "total_processed": 481,
    "valid_configs": 258,
    "duplicates": 0,
    "failed_tests": 223,
    "success_rate": 53.64,
    "avg_latency_ms": 83.07,
    "avg_score": 99.45
  },
  "protocol_summary": {
    "vmess": {
      "count": 2,
      "avg_lat": 110.0,
      "avg_score": 99.26666666666668
    },
    "vless": {
      "count": 249,
      "avg_lat": 83.8995983935743,
      "avg_score": 99.44066934404283
    },
    "ss": {
      "count": 1,
      "avg_lat": 207.0,
      "avg_score": 98.62
    },
    "trojan": {
      "count": 6,
      "avg_lat": 19.166666666666668,
      "avg_score": 99.87222222222222
    }
  }
}