{
  "scan_timestamp": "2025-12-25T23:26:42.113977+00:00",
  "duration_seconds": 985.74,
  "performance_metrics": {
    "total_processed": 468,
    "valid_configs": 286,
    "duplicates": 0,
    "failed_tests": 182,
    "success_rate": 61.11,
    "avg_latency_ms": 128.07,
    "avg_score": 99.15
  },
  "protocol_summary": {
    "vmess": {
      "count": 78,
      "avg_lat": 102.44871794871794,
      "avg_score": 99.31700854700854
    },
    "vless": {
      "count": 127,
      "avg_lat": 97.49606299212599,
      "avg_score": 99.35002624671915
    },
    "ss": {
      "count": 0,
      "avg_lat": 0.0,
      "avg_score": 0.0
    },
    "trojan": {
      "count": 81,
      "avg_lat": 200.66666666666666,
      "avg_score": 98.66222222222223
    }
  }
}