{
  "scan_timestamp": "2026-04-17T16:57:47.953678+00:00",
  "duration_seconds": 999.83,
  "performance_metrics": {
    "total_processed": 486,
    "valid_configs": 282,
    "duplicates": 0,
    "failed_tests": 204,
    "success_rate": 58.02,
    "avg_latency_ms": 65.29,
    "avg_score": 99.56
  },
  "protocol_summary": {
    "vmess": {
      "count": 2,
      "avg_lat": 154.5,
      "avg_score": 98.97
    },
    "vless": {
      "count": 271,
      "avg_lat": 64.35793357933579,
      "avg_score": 99.57094710947109
    },
    "ss": {
      "count": 0,
      "avg_lat": 0.0,
      "avg_score": 0.0
    },
    "trojan": {
      "count": 9,
      "avg_lat": 73.44444444444444,
      "avg_score": 99.51037037037037
    }
  }
}