{
  "scan_timestamp": "2026-04-05T15:38:28.706599+00:00",
  "duration_seconds": 1035.16,
  "performance_metrics": {
    "total_processed": 487,
    "valid_configs": 250,
    "duplicates": 0,
    "failed_tests": 237,
    "success_rate": 51.33,
    "avg_latency_ms": 109.18,
    "avg_score": 99.27
  },
  "protocol_summary": {
    "vmess": {
      "count": 2,
      "avg_lat": 124.5,
      "avg_score": 99.16999999999999
    },
    "vless": {
      "count": 247,
      "avg_lat": 109.1417004048583,
      "avg_score": 99.2723886639676
    },
    "ss": {
      "count": 0,
      "avg_lat": 0.0,
      "avg_score": 0.0
    },
    "trojan": {
      "count": 1,
      "avg_lat": 88.0,
      "avg_score": 99.41333333333333
    }
  }
}