{
  "scan_timestamp": "2026-01-27T16:35:24.164690+00:00",
  "duration_seconds": 1131.31,
  "performance_metrics": {
    "total_processed": 481,
    "valid_configs": 336,
    "duplicates": 0,
    "failed_tests": 145,
    "success_rate": 69.85,
    "avg_latency_ms": 92.27,
    "avg_score": 99.38
  },
  "protocol_summary": {
    "vmess": {
      "count": 42,
      "avg_lat": 69.61904761904762,
      "avg_score": 99.53587301587301
    },
    "vless": {
      "count": 213,
      "avg_lat": 69.88732394366197,
      "avg_score": 99.53408450704225
    },
    "ss": {
      "count": 0,
      "avg_lat": 0.0,
      "avg_score": 0.0
    },
    "trojan": {
      "count": 81,
      "avg_lat": 162.87654320987653,
      "avg_score": 98.91415637860082
    }
  }
}