{
  "scan_timestamp": "2026-01-06T10:32:22.801839+00:00",
  "duration_seconds": 1190.82,
  "performance_metrics": {
    "total_processed": 485,
    "valid_configs": 368,
    "duplicates": 0,
    "failed_tests": 117,
    "success_rate": 75.88,
    "avg_latency_ms": 145.63,
    "avg_score": 99.03
  },
  "protocol_summary": {
    "vmess": {
      "count": 32,
      "avg_lat": 131.65625,
      "avg_score": 99.12229166666667
    },
    "vless": {
      "count": 281,
      "avg_lat": 150.1387900355872,
      "avg_score": 98.9990747330961
    },
    "ss": {
      "count": 0,
      "avg_lat": 0.0,
      "avg_score": 0.0
    },
    "trojan": {
      "count": 55,
      "avg_lat": 130.74545454545455,
      "avg_score": 99.12836363636364
    }
  }
}