{
  "scan_timestamp": "2025-12-26T03:03:17.920186+00:00",
  "duration_seconds": 955.06,
  "performance_metrics": {
    "total_processed": 461,
    "valid_configs": 279,
    "duplicates": 0,
    "failed_tests": 182,
    "success_rate": 60.52,
    "avg_latency_ms": 109.79,
    "avg_score": 99.27
  },
  "protocol_summary": {
    "vmess": {
      "count": 76,
      "avg_lat": 72.27631578947368,
      "avg_score": 99.51815789473685
    },
    "vless": {
      "count": 112,
      "avg_lat": 105.9375,
      "avg_score": 99.29375
    },
    "ss": {
      "count": 0,
      "avg_lat": 0.0,
      "avg_score": 0.0
    },
    "trojan": {
      "count": 91,
      "avg_lat": 145.85714285714286,
      "avg_score": 99.02761904761905
    }
  }
}