{
  "scan_timestamp": "2025-12-19T19:24:00.595550+00:00",
  "duration_seconds": 901.72,
  "performance_metrics": {
    "total_processed": 463,
    "valid_configs": 244,
    "duplicates": 0,
    "failed_tests": 219,
    "success_rate": 52.7,
    "avg_latency_ms": 118.48,
    "avg_score": 99.21
  },
  "protocol_summary": {
    "vmess": {
      "count": 87,
      "avg_lat": 182.16091954022988,
      "avg_score": 98.7855938697318
    },
    "vless": {
      "count": 125,
      "avg_lat": 71.816,
      "avg_score": 99.52122666666666
    },
    "ss": {
      "count": 0,
      "avg_lat": 0.0,
      "avg_score": 0.0
    },
    "trojan": {
      "count": 32,
      "avg_lat": 127.65625,
      "avg_score": 99.14895833333334
    }
  }
}