{
  "scan_timestamp": "2025-12-17T20:26:56.569864+00:00",
  "duration_seconds": 890.85,
  "performance_metrics": {
    "total_processed": 477,
    "valid_configs": 228,
    "duplicates": 0,
    "failed_tests": 249,
    "success_rate": 47.8,
    "avg_latency_ms": 92.68,
    "avg_score": 99.38
  },
  "protocol_summary": {
    "vmess": {
      "count": 45,
      "avg_lat": 173.37777777777777,
      "avg_score": 98.84414814814815
    },
    "vless": {
      "count": 138,
      "avg_lat": 50.5,
      "avg_score": 99.66333333333334
    },
    "ss": {
      "count": 0,
      "avg_lat": 0.0,
      "avg_score": 0.0
    },
    "trojan": {
      "count": 45,
      "avg_lat": 141.33333333333334,
      "avg_score": 99.05777777777779
    }
  }
}