{
  "scan_timestamp": "2026-02-25T04:28:00.382046+00:00",
  "duration_seconds": 1169.51,
  "performance_metrics": {
    "total_processed": 474,
    "valid_configs": 378,
    "duplicates": 0,
    "failed_tests": 96,
    "success_rate": 79.75,
    "avg_latency_ms": 81.56,
    "avg_score": 99.46
  },
  "protocol_summary": {
    "vmess": {
      "count": 75,
      "avg_lat": 88.50666666666666,
      "avg_score": 99.40995555555556
    },
    "vless": {
      "count": 267,
      "avg_lat": 86.68539325842697,
      "avg_score": 99.42209737827716
    },
    "trojan": {
      "count": 36,
      "avg_lat": 29.083333333333332,
      "avg_score": 99.80611111111111
    }
  }
}