{
  "scan_timestamp": "2026-04-11T19:44:27.534639+00:00",
  "duration_seconds": 1035.9,
  "performance_metrics": {
    "total_processed": 486,
    "valid_configs": 250,
    "duplicates": 0,
    "failed_tests": 236,
    "success_rate": 51.44,
    "avg_latency_ms": 100.64,
    "avg_score": 99.33
  },
  "protocol_summary": {
    "vmess": {
      "count": 2,
      "avg_lat": 108.5,
      "avg_score": 99.27666666666667
    },
    "vless": {
      "count": 241,
      "avg_lat": 101.29460580912863,
      "avg_score": 99.32470262793915
    },
    "ss": {
      "count": 2,
      "avg_lat": 218.5,
      "avg_score": 98.54333333333334
    },
    "trojan": {
      "count": 5,
      "avg_lat": 19.0,
      "avg_score": 99.87333333333333
    }
  }
}