{
  "scan_timestamp": "2026-03-02T14:09:48.215185+00:00",
  "duration_seconds": 1097.89,
  "performance_metrics": {
    "total_processed": 473,
    "valid_configs": 330,
    "duplicates": 0,
    "failed_tests": 143,
    "success_rate": 69.77,
    "avg_latency_ms": 82.31,
    "avg_score": 99.45
  },
  "protocol_summary": {
    "vmess": {
      "count": 60,
      "avg_lat": 54.483333333333334,
      "avg_score": 99.63677777777778
    },
    "vless": {
      "count": 235,
      "avg_lat": 94.53191489361703,
      "avg_score": 99.36978723404256
    },
    "ss": {
      "count": 0,
      "avg_lat": 0.0,
      "avg_score": 0.0
    },
    "trojan": {
      "count": 35,
      "avg_lat": 47.97142857142857,
      "avg_score": 99.68019047619048
    }
  }
}