{
  "scan_timestamp": "2025-12-19T23:25:57.848817+00:00",
  "duration_seconds": 916.87,
  "performance_metrics": {
    "total_processed": 462,
    "valid_configs": 257,
    "duplicates": 0,
    "failed_tests": 205,
    "success_rate": 55.63,
    "avg_latency_ms": 83.92,
    "avg_score": 99.44
  },
  "protocol_summary": {
    "vmess": {
      "count": 78,
      "avg_lat": 92.0,
      "avg_score": 99.38666666666667
    },
    "vless": {
      "count": 146,
      "avg_lat": 72.91780821917808,
      "avg_score": 99.51388127853882
    },
    "ss": {
      "count": 0,
      "avg_lat": 0.0,
      "avg_score": 0.0
    },
    "trojan": {
      "count": 33,
      "avg_lat": 113.48484848484848,
      "avg_score": 99.24343434343434
    }
  }
}