{
  "scan_timestamp": "2026-01-01T22:24:52.612409+00:00",
  "duration_seconds": 867.17,
  "performance_metrics": {
    "total_processed": 478,
    "valid_configs": 244,
    "duplicates": 0,
    "failed_tests": 234,
    "success_rate": 51.05,
    "avg_latency_ms": 108.21,
    "avg_score": 99.28
  },
  "protocol_summary": {
    "vmess": {
      "count": 70,
      "avg_lat": 139.31428571428572,
      "avg_score": 99.0712380952381
    },
    "vless": {
      "count": 153,
      "avg_lat": 96.42483660130719,
      "avg_score": 99.35716775599128
    },
    "ss": {
      "count": 0,
      "avg_lat": 0.0,
      "avg_score": 0.0
    },
    "trojan": {
      "count": 21,
      "avg_lat": 90.42857142857143,
      "avg_score": 99.39714285714287
    }
  }
}