{
  "scan_timestamp": "2026-02-15T13:55:12.066877+00:00",
  "duration_seconds": 1045.72,
  "performance_metrics": {
    "total_processed": 462,
    "valid_configs": 315,
    "duplicates": 0,
    "failed_tests": 147,
    "success_rate": 68.18,
    "avg_latency_ms": 117.26,
    "avg_score": 99.22
  },
  "protocol_summary": {
    "vmess": {
      "count": 76,
      "avg_lat": 156.18421052631578,
      "avg_score": 98.95877192982456
    },
    "vless": {
      "count": 200,
      "avg_lat": 89.015,
      "avg_score": 99.40656666666666
    },
    "ss": {
      "count": 0,
      "avg_lat": 0.0,
      "avg_score": 0.0
    },
    "trojan": {
      "count": 39,
      "avg_lat": 186.25641025641025,
      "avg_score": 98.7582905982906
    }
  }
}