{
  "scan_timestamp": "2026-02-07T13:54:21.585113+00:00",
  "duration_seconds": 1096.77,
  "performance_metrics": {
    "total_processed": 481,
    "valid_configs": 318,
    "duplicates": 0,
    "failed_tests": 163,
    "success_rate": 66.11,
    "avg_latency_ms": 132.49,
    "avg_score": 99.12
  },
  "protocol_summary": {
    "vmess": {
      "count": 64,
      "avg_lat": 88.859375,
      "avg_score": 99.40760416666667
    },
    "vless": {
      "count": 198,
      "avg_lat": 133.25252525252526,
      "avg_score": 99.11164983164983
    },
    "ss": {
      "count": 0,
      "avg_lat": 0.0,
      "avg_score": 0.0
    },
    "trojan": {
      "count": 56,
      "avg_lat": 179.66071428571428,
      "avg_score": 98.80226190476189
    }
  }
}