{
  "scan_timestamp": "2026-04-23T21:07:26.107963+00:00",
  "duration_seconds": 824.95,
  "performance_metrics": {
    "total_processed": 483,
    "valid_configs": 205,
    "duplicates": 0,
    "failed_tests": 278,
    "success_rate": 42.44,
    "avg_latency_ms": 140.24,
    "avg_score": 99.07
  },
  "protocol_summary": {
    "vmess": {
      "count": 3,
      "avg_lat": 80.0,
      "avg_score": 99.46666666666665
    },
    "vless": {
      "count": 195,
      "avg_lat": 143.95897435897436,
      "avg_score": 99.0402735042735
    },
    "ss": {
      "count": 2,
      "avg_lat": 111.0,
      "avg_score": 99.25999999999999
    },
    "trojan": {
      "count": 5,
      "avg_lat": 43.2,
      "avg_score": 99.712
    }
  }
}