{
  "scan_timestamp": "2026-02-23T20:08:20.360603+00:00",
  "duration_seconds": 1134.25,
  "performance_metrics": {
    "total_processed": 474,
    "valid_configs": 344,
    "duplicates": 0,
    "failed_tests": 130,
    "success_rate": 72.57,
    "avg_latency_ms": 102.26,
    "avg_score": 99.32
  },
  "protocol_summary": {
    "vmess": {
      "count": 70,
      "avg_lat": 88.68571428571428,
      "avg_score": 99.4087619047619
    },
    "vless": {
      "count": 239,
      "avg_lat": 117.23849372384937,
      "avg_score": 99.21841004184101
    },
    "trojan": {
      "count": 35,
      "avg_lat": 27.17142857142857,
      "avg_score": 99.81885714285714
    }
  }
}