{
  "scan_timestamp": "2026-03-19T15:44:51.952795+00:00",
  "duration_seconds": 230.45,
  "performance_metrics": {
    "total_processed": 406,
    "valid_configs": 43,
    "duplicates": 0,
    "failed_tests": 363,
    "success_rate": 10.59,
    "avg_latency_ms": 52.88,
    "avg_score": 99.65
  },
  "protocol_summary": {
    "vmess": {
      "count": 1,
      "avg_lat": 39.0,
      "avg_score": 99.74
    },
    "vless": {
      "count": 28,
      "avg_lat": 66.35714285714286,
      "avg_score": 99.55761904761904
    },
    "ss": {
      "count": 1,
      "avg_lat": 143.0,
      "avg_score": 99.04666666666667
    },
    "trojan": {
      "count": 13,
      "avg_lat": 18.0,
      "avg_score": 99.88000000000001
    }
  }
}