{
  "scan_timestamp": "2026-07-03T03:01:28.816881+00:00",
  "duration_seconds": 545.36,
  "performance_metrics": {
    "total_processed": 457,
    "valid_configs": 174,
    "duplicates": 0,
    "failed_tests": 283,
    "success_rate": 38.07,
    "avg_latency_ms": 87.99,
    "avg_score": 99.41
  },
  "protocol_summary": {
    "vmess": {
      "count": 1,
      "avg_lat": 6.0,
      "avg_score": 99.96
    },
    "vless": {
      "count": 6,
      "avg_lat": 211.66666666666666,
      "avg_score": 98.58888888888889
    },
    "ss": {
      "count": 134,
      "avg_lat": 103.36567164179104,
      "avg_score": 99.31089552238807
    },
    "trojan": {
      "count": 33,
      "avg_lat": 5.545454545454546,
      "avg_score": 99.9630303030303
    }
  }
}