{
  "scan_timestamp": "2026-01-27T12:41:47.789478+00:00",
  "duration_seconds": 1146.09,
  "performance_metrics": {
    "total_processed": 480,
    "valid_configs": 344,
    "duplicates": 0,
    "failed_tests": 136,
    "success_rate": 71.67,
    "avg_latency_ms": 98.52,
    "avg_score": 99.34
  },
  "protocol_summary": {
    "vmess": {
      "count": 44,
      "avg_lat": 65.43181818181819,
      "avg_score": 99.56378787878788
    },
    "vless": {
      "count": 219,
      "avg_lat": 86.3972602739726,
      "avg_score": 99.42401826484019
    },
    "ss": {
      "count": 0,
      "avg_lat": 0.0,
      "avg_score": 0.0
    },
    "trojan": {
      "count": 81,
      "avg_lat": 149.2716049382716,
      "avg_score": 99.00485596707819
    }
  }
}