{
  "scan_timestamp": "2026-04-20T19:02:36.694055+00:00",
  "duration_seconds": 869.25,
  "performance_metrics": {
    "total_processed": 476,
    "valid_configs": 225,
    "duplicates": 0,
    "failed_tests": 251,
    "success_rate": 47.27,
    "avg_latency_ms": 110.22,
    "avg_score": 99.27
  },
  "protocol_summary": {
    "vmess": {
      "count": 5,
      "avg_lat": 148.2,
      "avg_score": 99.012
    },
    "vless": {
      "count": 210,
      "avg_lat": 112.71904761904761,
      "avg_score": 99.24853968253969
    },
    "ss": {
      "count": 2,
      "avg_lat": 116.5,
      "avg_score": 99.22333333333333
    },
    "trojan": {
      "count": 8,
      "avg_lat": 19.25,
      "avg_score": 99.87166666666667
    }
  }
}