{
  "scan_timestamp": "2026-03-15T09:26:39.667547+00:00",
  "duration_seconds": 208.59,
  "performance_metrics": {
    "total_processed": 364,
    "valid_configs": 37,
    "duplicates": 0,
    "failed_tests": 327,
    "success_rate": 10.16,
    "avg_latency_ms": 77.57,
    "avg_score": 99.48
  },
  "protocol_summary": {
    "vmess": {
      "count": 1,
      "avg_lat": 29.0,
      "avg_score": 99.80666666666667
    },
    "vless": {
      "count": 29,
      "avg_lat": 68.41379310344827,
      "avg_score": 99.543908045977
    },
    "ss": {
      "count": 6,
      "avg_lat": 141.83333333333334,
      "avg_score": 99.05444444444446
    },
    "trojan": {
      "count": 1,
      "avg_lat": 6.0,
      "avg_score": 99.96
    }
  }
}