{
  "scan_timestamp": "2026-02-01T06:12:52.802268+00:00",
  "duration_seconds": 1214.82,
  "performance_metrics": {
    "total_processed": 488,
    "valid_configs": 377,
    "duplicates": 0,
    "failed_tests": 111,
    "success_rate": 77.25,
    "avg_latency_ms": 190.75,
    "avg_score": 98.73
  },
  "protocol_summary": {
    "vmess": {
      "count": 26,
      "avg_lat": 96.96153846153847,
      "avg_score": 99.35358974358974
    },
    "vless": {
      "count": 147,
      "avg_lat": 107.4625850340136,
      "avg_score": 99.2835827664399
    },
    "ss": {
      "count": 0,
      "avg_lat": 0.0,
      "avg_score": 0.0
    },
    "trojan": {
      "count": 204,
      "avg_lat": 262.7156862745098,
      "avg_score": 98.24856209150326
    }
  }
}