{
  "scan_timestamp": "2026-01-14T23:25:49.634954+00:00",
  "duration_seconds": 937.29,
  "performance_metrics": {
    "total_processed": 430,
    "valid_configs": 261,
    "duplicates": 0,
    "failed_tests": 169,
    "success_rate": 60.7,
    "avg_latency_ms": 96.28,
    "avg_score": 99.36
  },
  "protocol_summary": {
    "vmess": {
      "count": 52,
      "avg_lat": 95.48076923076923,
      "avg_score": 99.36346153846154
    },
    "vless": {
      "count": 152,
      "avg_lat": 69.66447368421052,
      "avg_score": 99.5355701754386
    },
    "ss": {
      "count": 0,
      "avg_lat": 0.0,
      "avg_score": 0.0
    },
    "trojan": {
      "count": 57,
      "avg_lat": 167.96491228070175,
      "avg_score": 98.88023391812865
    }
  }
}