{
  "scan_timestamp": "2026-07-19T08:21:35.704616+00:00",
  "duration_seconds": 396.14,
  "performance_metrics": {
    "total_processed": 426,
    "valid_configs": 105,
    "duplicates": 0,
    "failed_tests": 321,
    "success_rate": 24.65,
    "avg_latency_ms": 103.32,
    "avg_score": 99.31
  },
  "protocol_summary": {
    "vmess": {
      "count": 1,
      "avg_lat": 1.0,
      "avg_score": 99.99333333333334
    },
    "vless": {
      "count": 1,
      "avg_lat": 2.0,
      "avg_score": 99.98666666666666
    },
    "ss": {
      "count": 103,
      "avg_lat": 105.30097087378641,
      "avg_score": 99.29799352750808
    }
  }
}