{
  "scan_timestamp": "2026-03-01T19:32:14.501695+00:00",
  "duration_seconds": 1096.45,
  "performance_metrics": {
    "total_processed": 473,
    "valid_configs": 330,
    "duplicates": 0,
    "failed_tests": 143,
    "success_rate": 69.77,
    "avg_latency_ms": 97.39,
    "avg_score": 99.35
  },
  "protocol_summary": {
    "vmess": {
      "count": 59,
      "avg_lat": 61.220338983050844,
      "avg_score": 99.59186440677966
    },
    "vless": {
      "count": 236,
      "avg_lat": 107.70762711864407,
      "avg_score": 99.28194915254238
    },
    "ss": {
      "count": 0,
      "avg_lat": 0.0,
      "avg_score": 0.0
    },
    "trojan": {
      "count": 35,
      "avg_lat": 88.82857142857142,
      "avg_score": 99.40780952380953
    }
  }
}