{
  "scan_timestamp": "2026-07-13T18:51:26.699856+00:00",
  "duration_seconds": 513.6,
  "performance_metrics": {
    "total_processed": 400,
    "valid_configs": 167,
    "duplicates": 0,
    "failed_tests": 233,
    "success_rate": 41.75,
    "avg_latency_ms": 100.73,
    "avg_score": 99.33
  },
  "protocol_summary": {
    "vmess": {
      "count": 1,
      "avg_lat": 7.0,
      "avg_score": 99.95333333333333
    },
    "vless": {
      "count": 2,
      "avg_lat": 66.5,
      "avg_score": 99.55666666666667
    },
    "ss": {
      "count": 164,
      "avg_lat": 101.71951219512195,
      "avg_score": 99.32186991869919
    }
  }
}