{
  "scan_timestamp": "2026-01-09T04:15:58.093067+00:00",
  "duration_seconds": 1092.24,
  "performance_metrics": {
    "total_processed": 474,
    "valid_configs": 339,
    "duplicates": 0,
    "failed_tests": 135,
    "success_rate": 71.52,
    "avg_latency_ms": 111.93,
    "avg_score": 99.25
  },
  "protocol_summary": {
    "vmess": {
      "count": 48,
      "avg_lat": 113.08333333333333,
      "avg_score": 99.24611111111112
    },
    "vless": {
      "count": 227,
      "avg_lat": 109.29074889867842,
      "avg_score": 99.27139500734215
    },
    "ss": {
      "count": 0,
      "avg_lat": 0.0,
      "avg_score": 0.0
    },
    "trojan": {
      "count": 64,
      "avg_lat": 120.4375,
      "avg_score": 99.19708333333334
    }
  }
}