{
  "scan_timestamp": "2026-01-09T15:30:31.131299+00:00",
  "duration_seconds": 1114.33,
  "performance_metrics": {
    "total_processed": 477,
    "valid_configs": 344,
    "duplicates": 0,
    "failed_tests": 133,
    "success_rate": 72.12,
    "avg_latency_ms": 110.16,
    "avg_score": 99.27
  },
  "protocol_summary": {
    "vmess": {
      "count": 45,
      "avg_lat": 112.66666666666667,
      "avg_score": 99.24888888888889
    },
    "vless": {
      "count": 244,
      "avg_lat": 115.02049180327869,
      "avg_score": 99.23319672131149
    },
    "ss": {
      "count": 0,
      "avg_lat": 0.0,
      "avg_score": 0.0
    },
    "trojan": {
      "count": 55,
      "avg_lat": 86.56363636363636,
      "avg_score": 99.4229090909091
    }
  }
}