{
  "scan_timestamp": "2025-12-27T06:32:32.705983+00:00",
  "duration_seconds": 1020.52,
  "performance_metrics": {
    "total_processed": 474,
    "valid_configs": 309,
    "duplicates": 0,
    "failed_tests": 165,
    "success_rate": 65.19,
    "avg_latency_ms": 106.22,
    "avg_score": 99.29
  },
  "protocol_summary": {
    "vmess": {
      "count": 87,
      "avg_lat": 73.06896551724138,
      "avg_score": 99.5128735632184
    },
    "vless": {
      "count": 117,
      "avg_lat": 83.02564102564102,
      "avg_score": 99.44649572649573
    },
    "ss": {
      "count": 0,
      "avg_lat": 0.0,
      "avg_score": 0.0
    },
    "trojan": {
      "count": 105,
      "avg_lat": 159.53333333333333,
      "avg_score": 98.93644444444443
    }
  }
}