{
  "scan_timestamp": "2026-03-29T09:42:30.455965+00:00",
  "duration_seconds": 981.87,
  "performance_metrics": {
    "total_processed": 471,
    "valid_configs": 203,
    "duplicates": 0,
    "failed_tests": 268,
    "success_rate": 43.1,
    "avg_latency_ms": 94.77,
    "avg_score": 99.37
  },
  "protocol_summary": {
    "vmess": {
      "count": 17,
      "avg_lat": 123.70588235294117,
      "avg_score": 99.17529411764706
    },
    "vless": {
      "count": 180,
      "avg_lat": 90.04444444444445,
      "avg_score": 99.39970370370371
    },
    "ss": {
      "count": 1,
      "avg_lat": 173.0,
      "avg_score": 98.84666666666666
    },
    "trojan": {
      "count": 5,
      "avg_lat": 150.8,
      "avg_score": 98.99466666666667
    }
  }
}