{
  "scan_timestamp": "2026-04-06T22:38:41.790733+00:00",
  "duration_seconds": 937.46,
  "performance_metrics": {
    "total_processed": 475,
    "valid_configs": 203,
    "duplicates": 0,
    "failed_tests": 272,
    "success_rate": 42.74,
    "avg_latency_ms": 86.97,
    "avg_score": 99.42
  },
  "protocol_summary": {
    "vmess": {
      "count": 2,
      "avg_lat": 104.5,
      "avg_score": 99.30333333333333
    },
    "vless": {
      "count": 198,
      "avg_lat": 86.12626262626263,
      "avg_score": 99.4258249158249
    },
    "ss": {
      "count": 1,
      "avg_lat": 221.0,
      "avg_score": 98.52666666666667
    },
    "trojan": {
      "count": 2,
      "avg_lat": 85.5,
      "avg_score": 99.43
    }
  }
}