{
  "scan_timestamp": "2025-12-26T06:33:48.095023+00:00",
  "duration_seconds": 1004.32,
  "performance_metrics": {
    "total_processed": 472,
    "valid_configs": 272,
    "duplicates": 0,
    "failed_tests": 200,
    "success_rate": 57.63,
    "avg_latency_ms": 110.49,
    "avg_score": 99.26
  },
  "protocol_summary": {
    "vmess": {
      "count": 54,
      "avg_lat": 92.5925925925926,
      "avg_score": 99.38271604938272
    },
    "vless": {
      "count": 163,
      "avg_lat": 93.60122699386503,
      "avg_score": 99.3759918200409
    },
    "ss": {
      "count": 0,
      "avg_lat": 0.0,
      "avg_score": 0.0
    },
    "trojan": {
      "count": 55,
      "avg_lat": 178.0909090909091,
      "avg_score": 98.81272727272727
    }
  }
}