{
  "scan_timestamp": "2026-02-11T20:44:49.993107+00:00",
  "duration_seconds": 1054.63,
  "performance_metrics": {
    "total_processed": 479,
    "valid_configs": 282,
    "duplicates": 0,
    "failed_tests": 197,
    "success_rate": 58.87,
    "avg_latency_ms": 124.28,
    "avg_score": 99.17
  },
  "protocol_summary": {
    "vmess": {
      "count": 46,
      "avg_lat": 100.58695652173913,
      "avg_score": 99.32942028985508
    },
    "vless": {
      "count": 195,
      "avg_lat": 124.64615384615385,
      "avg_score": 99.16902564102564
    },
    "ss": {
      "count": 0,
      "avg_lat": 0.0,
      "avg_score": 0.0
    },
    "trojan": {
      "count": 41,
      "avg_lat": 149.1219512195122,
      "avg_score": 99.00585365853658
    }
  }
}