{
  "scan_timestamp": "2026-01-12T22:27:08.500241+00:00",
  "duration_seconds": 1006.43,
  "performance_metrics": {
    "total_processed": 467,
    "valid_configs": 311,
    "duplicates": 0,
    "failed_tests": 156,
    "success_rate": 66.6,
    "avg_latency_ms": 106.75,
    "avg_score": 99.29
  },
  "protocol_summary": {
    "vmess": {
      "count": 98,
      "avg_lat": 81.95918367346938,
      "avg_score": 99.45360544217687
    },
    "vless": {
      "count": 149,
      "avg_lat": 93.05369127516778,
      "avg_score": 99.37964205816556
    },
    "ss": {
      "count": 0,
      "avg_lat": 0.0,
      "avg_score": 0.0
    },
    "trojan": {
      "count": 64,
      "avg_lat": 176.609375,
      "avg_score": 98.82260416666666
    }
  }
}