{
  "scan_timestamp": "2026-01-25T10:27:07.568875+00:00",
  "duration_seconds": 982.93,
  "performance_metrics": {
    "total_processed": 465,
    "valid_configs": 269,
    "duplicates": 0,
    "failed_tests": 196,
    "success_rate": 57.85,
    "avg_latency_ms": 123.3,
    "avg_score": 99.18
  },
  "protocol_summary": {
    "vmess": {
      "count": 96,
      "avg_lat": 89.20833333333333,
      "avg_score": 99.40527777777778
    },
    "vless": {
      "count": 135,
      "avg_lat": 130.8074074074074,
      "avg_score": 99.12795061728394
    },
    "ss": {
      "count": 0,
      "avg_lat": 0.0,
      "avg_score": 0.0
    },
    "trojan": {
      "count": 38,
      "avg_lat": 182.73684210526315,
      "avg_score": 98.7817543859649
    }
  }
}