{
  "scan_timestamp": "2026-02-10T04:41:06.627023+00:00",
  "duration_seconds": 1127.35,
  "performance_metrics": {
    "total_processed": 478,
    "valid_configs": 346,
    "duplicates": 0,
    "failed_tests": 132,
    "success_rate": 72.38,
    "avg_latency_ms": 135.9,
    "avg_score": 99.09
  },
  "protocol_summary": {
    "vmess": {
      "count": 42,
      "avg_lat": 141.4047619047619,
      "avg_score": 99.0573015873016
    },
    "vless": {
      "count": 220,
      "avg_lat": 134.8409090909091,
      "avg_score": 99.10106060606061
    },
    "ss": {
      "count": 0,
      "avg_lat": 0.0,
      "avg_score": 0.0
    },
    "trojan": {
      "count": 84,
      "avg_lat": 135.91666666666666,
      "avg_score": 99.0938888888889
    }
  }
}