{
  "scan_timestamp": "2025-12-31T14:27:02.806432+00:00",
  "duration_seconds": 970.69,
  "performance_metrics": {
    "total_processed": 444,
    "valid_configs": 287,
    "duplicates": 0,
    "failed_tests": 157,
    "success_rate": 64.64,
    "avg_latency_ms": 125.37,
    "avg_score": 99.16
  },
  "protocol_summary": {
    "vmess": {
      "count": 56,
      "avg_lat": 156.44642857142858,
      "avg_score": 98.9570238095238
    },
    "vless": {
      "count": 158,
      "avg_lat": 106.27215189873418,
      "avg_score": 99.29151898734177
    },
    "ss": {
      "count": 0,
      "avg_lat": 0.0,
      "avg_score": 0.0
    },
    "trojan": {
      "count": 73,
      "avg_lat": 142.86301369863014,
      "avg_score": 99.0475799086758
    }
  }
}