{
  "scan_timestamp": "2026-04-21T22:42:50.810440+00:00",
  "duration_seconds": 834.9,
  "performance_metrics": {
    "total_processed": 477,
    "valid_configs": 210,
    "duplicates": 0,
    "failed_tests": 267,
    "success_rate": 44.03,
    "avg_latency_ms": 124.78,
    "avg_score": 99.17
  },
  "protocol_summary": {
    "vmess": {
      "count": 4,
      "avg_lat": 99.0,
      "avg_score": 99.34
    },
    "vless": {
      "count": 199,
      "avg_lat": 126.74371859296483,
      "avg_score": 99.1550418760469
    },
    "ss": {
      "count": 2,
      "avg_lat": 182.5,
      "avg_score": 98.78333333333333
    },
    "trojan": {
      "count": 5,
      "avg_lat": 44.0,
      "avg_score": 99.70666666666666
    }
  }
}