{
  "scan_timestamp": "2026-04-12T12:51:12.967045+00:00",
  "duration_seconds": 1029.79,
  "performance_metrics": {
    "total_processed": 482,
    "valid_configs": 248,
    "duplicates": 0,
    "failed_tests": 234,
    "success_rate": 51.45,
    "avg_latency_ms": 113.77,
    "avg_score": 99.24
  },
  "protocol_summary": {
    "vmess": {
      "count": 2,
      "avg_lat": 147.0,
      "avg_score": 99.02
    },
    "vless": {
      "count": 238,
      "avg_lat": 115.3109243697479,
      "avg_score": 99.23126050420169
    },
    "ss": {
      "count": 1,
      "avg_lat": 165.0,
      "avg_score": 98.9
    },
    "trojan": {
      "count": 7,
      "avg_lat": 44.57142857142857,
      "avg_score": 99.70285714285714
    }
  }
}