{
  "scan_timestamp": "2025-12-15T09:36:41.679571+00:00",
  "duration_seconds": 963.93,
  "performance_metrics": {
    "total_processed": 466,
    "valid_configs": 267,
    "duplicates": 0,
    "failed_tests": 199,
    "success_rate": 57.3,
    "avg_latency_ms": 97.61,
    "avg_score": 99.35
  },
  "protocol_summary": {
    "vmess": {
      "count": 52,
      "avg_lat": 109.78846153846153,
      "avg_score": 99.26807692307692
    },
    "vless": {
      "count": 178,
      "avg_lat": 90.91573033707866,
      "avg_score": 99.39389513108615
    },
    "ss": {
      "count": 0,
      "avg_lat": 0.0,
      "avg_score": 0.0
    },
    "trojan": {
      "count": 37,
      "avg_lat": 112.72972972972973,
      "avg_score": 99.24846846846846
    }
  }
}