{
  "scan_timestamp": "2026-01-17T15:25:23.982448+00:00",
  "duration_seconds": 925.88,
  "performance_metrics": {
    "total_processed": 471,
    "valid_configs": 234,
    "duplicates": 0,
    "failed_tests": 237,
    "success_rate": 49.68,
    "avg_latency_ms": 113.12,
    "avg_score": 99.25
  },
  "protocol_summary": {
    "vmess": {
      "count": 59,
      "avg_lat": 107.30508474576271,
      "avg_score": 99.28463276836158
    },
    "vless": {
      "count": 124,
      "avg_lat": 65.04032258064517,
      "avg_score": 99.56639784946236
    },
    "ss": {
      "count": 0,
      "avg_lat": 0.0,
      "avg_score": 0.0
    },
    "trojan": {
      "count": 51,
      "avg_lat": 236.76470588235293,
      "avg_score": 98.42156862745098
    }
  }
}