{
  "scan_timestamp": "2026-04-17T01:36:30.875627+00:00",
  "duration_seconds": 1015.67,
  "performance_metrics": {
    "total_processed": 487,
    "valid_configs": 285,
    "duplicates": 0,
    "failed_tests": 202,
    "success_rate": 58.52,
    "avg_latency_ms": 50.07,
    "avg_score": 99.67
  },
  "protocol_summary": {
    "vmess": {
      "count": 2,
      "avg_lat": 118.0,
      "avg_score": 99.21333333333334
    },
    "vless": {
      "count": 276,
      "avg_lat": 47.3731884057971,
      "avg_score": 99.68417874396135
    },
    "ss": {
      "count": 0,
      "avg_lat": 0.0,
      "avg_score": 0.0
    },
    "trojan": {
      "count": 7,
      "avg_lat": 136.85714285714286,
      "avg_score": 99.08761904761904
    }
  }
}