{
  "scan_timestamp": "2026-03-17T17:57:58.611533+00:00",
  "duration_seconds": 212.12,
  "performance_metrics": {
    "total_processed": 390,
    "valid_configs": 40,
    "duplicates": 0,
    "failed_tests": 350,
    "success_rate": 10.26,
    "avg_latency_ms": 113.67,
    "avg_score": 99.24
  },
  "protocol_summary": {
    "vmess": {
      "count": 1,
      "avg_lat": 19.0,
      "avg_score": 99.87333333333333
    },
    "vless": {
      "count": 29,
      "avg_lat": 51.55172413793103,
      "avg_score": 99.65632183908046
    },
    "ss": {
      "count": 7,
      "avg_lat": 424.7142857142857,
      "avg_score": 97.16857142857143
    },
    "trojan": {
      "count": 3,
      "avg_lat": 20.0,
      "avg_score": 99.86666666666667
    }
  }
}