{
  "scan_timestamp": "2026-03-28T15:36:02.709643+00:00",
  "duration_seconds": 1001.98,
  "performance_metrics": {
    "total_processed": 472,
    "valid_configs": 247,
    "duplicates": 0,
    "failed_tests": 225,
    "success_rate": 52.33,
    "avg_latency_ms": 70.03,
    "avg_score": 99.53
  },
  "protocol_summary": {
    "vmess": {
      "count": 17,
      "avg_lat": 99.47058823529412,
      "avg_score": 99.33686274509805
    },
    "vless": {
      "count": 214,
      "avg_lat": 60.05607476635514,
      "avg_score": 99.5996261682243
    },
    "ss": {
      "count": 7,
      "avg_lat": 274.2857142857143,
      "avg_score": 98.17142857142858
    },
    "trojan": {
      "count": 9,
      "avg_lat": 92.77777777777777,
      "avg_score": 99.38148148148147
    }
  }
}