{
  "scan_timestamp": "2026-03-11T10:30:52.803886+00:00",
  "duration_seconds": 209.1,
  "performance_metrics": {
    "total_processed": 372,
    "valid_configs": 34,
    "duplicates": 0,
    "failed_tests": 338,
    "success_rate": 9.14,
    "avg_latency_ms": 57.03,
    "avg_score": 99.62
  },
  "protocol_summary": {
    "vmess": {
      "count": 3,
      "avg_lat": 119.33333333333333,
      "avg_score": 99.20444444444445
    },
    "vless": {
      "count": 30,
      "avg_lat": 52.63333333333333,
      "avg_score": 99.64911111111111
    },
    "ss": {
      "count": 0,
      "avg_lat": 0.0,
      "avg_score": 0.0
    },
    "trojan": {
      "count": 1,
      "avg_lat": 2.0,
      "avg_score": 99.98666666666666
    }
  }
}