{
  "scan_timestamp": "2026-03-02T10:51:50.570728+00:00",
  "duration_seconds": 1097.49,
  "performance_metrics": {
    "total_processed": 473,
    "valid_configs": 330,
    "duplicates": 0,
    "failed_tests": 143,
    "success_rate": 69.77,
    "avg_latency_ms": 96.06,
    "avg_score": 99.36
  },
  "protocol_summary": {
    "vmess": {
      "count": 60,
      "avg_lat": 58.483333333333334,
      "avg_score": 99.61011111111111
    },
    "vless": {
      "count": 235,
      "avg_lat": 107.40425531914893,
      "avg_score": 99.28397163120567
    },
    "ss": {
      "count": 0,
      "avg_lat": 0.0,
      "avg_score": 0.0
    },
    "trojan": {
      "count": 35,
      "avg_lat": 84.34285714285714,
      "avg_score": 99.43771428571429
    }
  }
}