{
  "scan_timestamp": "2025-12-18T23:25:46.517765+00:00",
  "duration_seconds": 886.51,
  "performance_metrics": {
    "total_processed": 461,
    "valid_configs": 245,
    "duplicates": 0,
    "failed_tests": 216,
    "success_rate": 53.15,
    "avg_latency_ms": 118.61,
    "avg_score": 99.21
  },
  "protocol_summary": {
    "vmess": {
      "count": 85,
      "avg_lat": 185.14117647058825,
      "avg_score": 98.76572549019608
    },
    "vless": {
      "count": 127,
      "avg_lat": 67.69291338582677,
      "avg_score": 99.54871391076115
    },
    "ss": {
      "count": 0,
      "avg_lat": 0.0,
      "avg_score": 0.0
    },
    "trojan": {
      "count": 33,
      "avg_lat": 143.1818181818182,
      "avg_score": 99.04545454545455
    }
  }
}