{
  "scan_timestamp": "2026-01-12T13:52:16.841008+00:00",
  "duration_seconds": 1024.33,
  "performance_metrics": {
    "total_processed": 472,
    "valid_configs": 313,
    "duplicates": 0,
    "failed_tests": 159,
    "success_rate": 66.31,
    "avg_latency_ms": 153.82,
    "avg_score": 98.97
  },
  "protocol_summary": {
    "vmess": {
      "count": 94,
      "avg_lat": 141.5744680851064,
      "avg_score": 99.05617021276596
    },
    "vless": {
      "count": 138,
      "avg_lat": 132.1014492753623,
      "avg_score": 99.11932367149758
    },
    "ss": {
      "count": 0,
      "avg_lat": 0.0,
      "avg_score": 0.0
    },
    "trojan": {
      "count": 81,
      "avg_lat": 205.02469135802468,
      "avg_score": 98.63316872427984
    }
  }
}