{
  "scan_timestamp": "2025-12-20T14:23:34.331537+00:00",
  "duration_seconds": 867.97,
  "performance_metrics": {
    "total_processed": 429,
    "valid_configs": 227,
    "duplicates": 0,
    "failed_tests": 202,
    "success_rate": 52.91,
    "avg_latency_ms": 90.47,
    "avg_score": 99.4
  },
  "protocol_summary": {
    "vmess": {
      "count": 47,
      "avg_lat": 112.23404255319149,
      "avg_score": 99.25177304964538
    },
    "vless": {
      "count": 145,
      "avg_lat": 77.97931034482758,
      "avg_score": 99.48013793103449
    },
    "ss": {
      "count": 0,
      "avg_lat": 0.0,
      "avg_score": 0.0
    },
    "trojan": {
      "count": 35,
      "avg_lat": 112.97142857142858,
      "avg_score": 99.24685714285714
    }
  }
}