{
  "scan_timestamp": "2026-01-28T03:15:51.795075+00:00",
  "duration_seconds": 1134.33,
  "performance_metrics": {
    "total_processed": 483,
    "valid_configs": 340,
    "duplicates": 0,
    "failed_tests": 143,
    "success_rate": 70.39,
    "avg_latency_ms": 91.66,
    "avg_score": 99.39
  },
  "protocol_summary": {
    "vmess": {
      "count": 48,
      "avg_lat": 64.52083333333333,
      "avg_score": 99.56986111111111
    },
    "vless": {
      "count": 222,
      "avg_lat": 85.45945945945945,
      "avg_score": 99.43027027027027
    },
    "ss": {
      "count": 0,
      "avg_lat": 0.0,
      "avg_score": 0.0
    },
    "trojan": {
      "count": 70,
      "avg_lat": 129.95714285714286,
      "avg_score": 99.13361904761905
    }
  }
}