{
  "scan_timestamp": "2026-02-23T15:55:32.198218+00:00",
  "duration_seconds": 1143.42,
  "performance_metrics": {
    "total_processed": 474,
    "valid_configs": 353,
    "duplicates": 0,
    "failed_tests": 121,
    "success_rate": 74.47,
    "avg_latency_ms": 88.54,
    "avg_score": 99.41
  },
  "protocol_summary": {
    "vmess": {
      "count": 71,
      "avg_lat": 62.70422535211268,
      "avg_score": 99.5819718309859
    },
    "vless": {
      "count": 247,
      "avg_lat": 99.6923076923077,
      "avg_score": 99.33538461538461
    },
    "trojan": {
      "count": 35,
      "avg_lat": 62.285714285714285,
      "avg_score": 99.5847619047619
    }
  }
}