{
  "scan_timestamp": "2026-02-18T17:07:29.197299+00:00",
  "duration_seconds": 1108.55,
  "performance_metrics": {
    "total_processed": 459,
    "valid_configs": 347,
    "duplicates": 0,
    "failed_tests": 112,
    "success_rate": 75.6,
    "avg_latency_ms": 114.89,
    "avg_score": 99.23
  },
  "protocol_summary": {
    "vmess": {
      "count": 52,
      "avg_lat": 130.65384615384616,
      "avg_score": 99.12897435897436
    },
    "vless": {
      "count": 256,
      "avg_lat": 117.625,
      "avg_score": 99.21583333333334
    },
    "ss": {
      "count": 0,
      "avg_lat": 0.0,
      "avg_score": 0.0
    },
    "trojan": {
      "count": 39,
      "avg_lat": 75.8974358974359,
      "avg_score": 99.4940170940171
    }
  }
}