{
  "scan_timestamp": "2025-12-20T07:25:16.323871+00:00",
  "duration_seconds": 939.34,
  "performance_metrics": {
    "total_processed": 465,
    "valid_configs": 261,
    "duplicates": 0,
    "failed_tests": 204,
    "success_rate": 56.13,
    "avg_latency_ms": 95.91,
    "avg_score": 99.36
  },
  "protocol_summary": {
    "vmess": {
      "count": 76,
      "avg_lat": 132.93421052631578,
      "avg_score": 99.11377192982457
    },
    "vless": {
      "count": 149,
      "avg_lat": 66.53691275167785,
      "avg_score": 99.55642058165547
    },
    "ss": {
      "count": 0,
      "avg_lat": 0.0,
      "avg_score": 0.0
    },
    "trojan": {
      "count": 36,
      "avg_lat": 139.33333333333334,
      "avg_score": 99.07111111111111
    }
  }
}