{
  "scan_timestamp": "2026-03-26T19:59:00.104368+00:00",
  "duration_seconds": 655.84,
  "performance_metrics": {
    "total_processed": 462,
    "valid_configs": 126,
    "duplicates": 0,
    "failed_tests": 336,
    "success_rate": 27.27,
    "avg_latency_ms": 123.67,
    "avg_score": 99.18
  },
  "protocol_summary": {
    "vmess": {
      "count": 2,
      "avg_lat": 111.0,
      "avg_score": 99.25999999999999
    },
    "vless": {
      "count": 110,
      "avg_lat": 128.55454545454546,
      "avg_score": 99.1429696969697
    },
    "ss": {
      "count": 7,
      "avg_lat": 151.28571428571428,
      "avg_score": 98.99142857142859
    },
    "trojan": {
      "count": 7,
      "avg_lat": 22.857142857142858,
      "avg_score": 99.84761904761906
    }
  }
}