{
  "scan_timestamp": "2026-01-26T03:28:05.058438+00:00",
  "duration_seconds": 1090.16,
  "performance_metrics": {
    "total_processed": 479,
    "valid_configs": 327,
    "duplicates": 0,
    "failed_tests": 152,
    "success_rate": 68.27,
    "avg_latency_ms": 95.22,
    "avg_score": 99.37
  },
  "protocol_summary": {
    "vmess": {
      "count": 35,
      "avg_lat": 66.45714285714286,
      "avg_score": 99.55695238095238
    },
    "vless": {
      "count": 241,
      "avg_lat": 94.85892116182572,
      "avg_score": 99.3676071922545
    },
    "ss": {
      "count": 0,
      "avg_lat": 0.0,
      "avg_score": 0.0
    },
    "trojan": {
      "count": 51,
      "avg_lat": 116.66666666666667,
      "avg_score": 99.22222222222221
    }
  }
}