{
  "scan_timestamp": "2026-01-02T04:52:06.598625+00:00",
  "duration_seconds": 823.51,
  "performance_metrics": {
    "total_processed": 478,
    "valid_configs": 229,
    "duplicates": 0,
    "failed_tests": 249,
    "success_rate": 47.91,
    "avg_latency_ms": 118.07,
    "avg_score": 99.21
  },
  "protocol_summary": {
    "vmess": {
      "count": 57,
      "avg_lat": 156.2982456140351,
      "avg_score": 98.95801169590644
    },
    "vless": {
      "count": 151,
      "avg_lat": 104.96026490066225,
      "avg_score": 99.30026490066226
    },
    "ss": {
      "count": 0,
      "avg_lat": 0.0,
      "avg_score": 0.0
    },
    "trojan": {
      "count": 21,
      "avg_lat": 108.61904761904762,
      "avg_score": 99.27587301587303
    }
  }
}