{
  "scan_timestamp": "2026-03-04T11:39:12.888779+00:00",
  "duration_seconds": 1081.55,
  "performance_metrics": {
    "total_processed": 473,
    "valid_configs": 325,
    "duplicates": 0,
    "failed_tests": 148,
    "success_rate": 68.71,
    "avg_latency_ms": 75.93,
    "avg_score": 99.49
  },
  "protocol_summary": {
    "vmess": {
      "count": 60,
      "avg_lat": 49.86666666666667,
      "avg_score": 99.66755555555555
    },
    "vless": {
      "count": 230,
      "avg_lat": 85.14782608695653,
      "avg_score": 99.43234782608695
    },
    "ss": {
      "count": 0,
      "avg_lat": 0.0,
      "avg_score": 0.0
    },
    "trojan": {
      "count": 35,
      "avg_lat": 60.02857142857143,
      "avg_score": 99.59980952380953
    }
  }
}