{
  "scan_timestamp": "2026-04-03T09:57:56.825006+00:00",
  "duration_seconds": 918.74,
  "performance_metrics": {
    "total_processed": 483,
    "valid_configs": 207,
    "duplicates": 0,
    "failed_tests": 276,
    "success_rate": 42.86,
    "avg_latency_ms": 119.74,
    "avg_score": 99.2
  },
  "protocol_summary": {
    "vmess": {
      "count": 1,
      "avg_lat": 205.0,
      "avg_score": 98.63333333333334
    },
    "vless": {
      "count": 201,
      "avg_lat": 119.7910447761194,
      "avg_score": 99.20139303482587
    },
    "ss": {
      "count": 3,
      "avg_lat": 108.66666666666667,
      "avg_score": 99.27555555555556
    },
    "trojan": {
      "count": 2,
      "avg_lat": 89.0,
      "avg_score": 99.40666666666667
    }
  }
}