{
  "scan_timestamp": "2026-03-02T21:40:26.327616+00:00",
  "duration_seconds": 1087.4,
  "performance_metrics": {
    "total_processed": 473,
    "valid_configs": 326,
    "duplicates": 0,
    "failed_tests": 147,
    "success_rate": 68.92,
    "avg_latency_ms": 78.8,
    "avg_score": 99.47
  },
  "protocol_summary": {
    "vmess": {
      "count": 60,
      "avg_lat": 52.36666666666667,
      "avg_score": 99.65088888888889
    },
    "vless": {
      "count": 231,
      "avg_lat": 87.12987012987013,
      "avg_score": 99.41913419913419
    },
    "ss": {
      "count": 0,
      "avg_lat": 0.0,
      "avg_score": 0.0
    },
    "trojan": {
      "count": 35,
      "avg_lat": 69.14285714285714,
      "avg_score": 99.53904761904762
    }
  }
}