{
  "scan_timestamp": "2026-04-23T13:09:46.076242+00:00",
  "duration_seconds": 834.8,
  "performance_metrics": {
    "total_processed": 486,
    "valid_configs": 207,
    "duplicates": 0,
    "failed_tests": 279,
    "success_rate": 42.59,
    "avg_latency_ms": 169.29,
    "avg_score": 98.87
  },
  "protocol_summary": {
    "vmess": {
      "count": 3,
      "avg_lat": 182.0,
      "avg_score": 98.78666666666668
    },
    "vless": {
      "count": 195,
      "avg_lat": 172.95384615384614,
      "avg_score": 98.84697435897436
    },
    "ss": {
      "count": 1,
      "avg_lat": 278.0,
      "avg_score": 98.14666666666666
    },
    "trojan": {
      "count": 8,
      "avg_lat": 61.75,
      "avg_score": 99.58833333333334
    }
  }
}