{
  "scan_timestamp": "2026-03-25T01:17:41.176421+00:00",
  "duration_seconds": 678.2,
  "performance_metrics": {
    "total_processed": 461,
    "valid_configs": 126,
    "duplicates": 0,
    "failed_tests": 335,
    "success_rate": 27.33,
    "avg_latency_ms": 94.93,
    "avg_score": 99.37
  },
  "protocol_summary": {
    "vmess": {
      "count": 1,
      "avg_lat": 73.0,
      "avg_score": 99.51333333333334
    },
    "vless": {
      "count": 111,
      "avg_lat": 101.77477477477477,
      "avg_score": 99.3215015015015
    },
    "ss": {
      "count": 3,
      "avg_lat": 141.33333333333334,
      "avg_score": 99.05777777777779
    },
    "trojan": {
      "count": 11,
      "avg_lat": 15.181818181818182,
      "avg_score": 99.89878787878789
    }
  }
}