{
  "scan_timestamp": "2025-12-19T08:30:36.347243+00:00",
  "duration_seconds": 905.28,
  "performance_metrics": {
    "total_processed": 466,
    "valid_configs": 247,
    "duplicates": 0,
    "failed_tests": 219,
    "success_rate": 53.0,
    "avg_latency_ms": 106.61,
    "avg_score": 99.29
  },
  "protocol_summary": {
    "vmess": {
      "count": 85,
      "avg_lat": 152.35294117647058,
      "avg_score": 98.98431372549018
    },
    "vless": {
      "count": 129,
      "avg_lat": 64.11627906976744,
      "avg_score": 99.57255813953489
    },
    "ss": {
      "count": 0,
      "avg_lat": 0.0,
      "avg_score": 0.0
    },
    "trojan": {
      "count": 33,
      "avg_lat": 154.9090909090909,
      "avg_score": 98.96727272727273
    }
  }
}