{
  "scan_timestamp": "2026-01-13T04:14:07.513932+00:00",
  "duration_seconds": 1021.69,
  "performance_metrics": {
    "total_processed": 473,
    "valid_configs": 312,
    "duplicates": 0,
    "failed_tests": 161,
    "success_rate": 65.96,
    "avg_latency_ms": 125.91,
    "avg_score": 99.16
  },
  "protocol_summary": {
    "vmess": {
      "count": 99,
      "avg_lat": 107.91919191919192,
      "avg_score": 99.28053872053871
    },
    "vless": {
      "count": 148,
      "avg_lat": 89.57432432432432,
      "avg_score": 99.40283783783784
    },
    "ss": {
      "count": 0,
      "avg_lat": 0.0,
      "avg_score": 0.0
    },
    "trojan": {
      "count": 65,
      "avg_lat": 236.06153846153848,
      "avg_score": 98.42625641025641
    }
  }
}