{
  "scan_timestamp": "2026-02-06T01:17:55.564339+00:00",
  "duration_seconds": 1054.45,
  "performance_metrics": {
    "total_processed": 482,
    "valid_configs": 291,
    "duplicates": 0,
    "failed_tests": 191,
    "success_rate": 60.37,
    "avg_latency_ms": 110.25,
    "avg_score": 99.26
  },
  "protocol_summary": {
    "vmess": {
      "count": 71,
      "avg_lat": 100.90140845070422,
      "avg_score": 99.32732394366197
    },
    "vless": {
      "count": 156,
      "avg_lat": 95.6025641025641,
      "avg_score": 99.36264957264957
    },
    "ss": {
      "count": 0,
      "avg_lat": 0.0,
      "avg_score": 0.0
    },
    "trojan": {
      "count": 64,
      "avg_lat": 156.34375,
      "avg_score": 98.95770833333333
    }
  }
}