{
  "scan_timestamp": "2026-07-08T21:14:42.518423+00:00",
  "duration_seconds": 469.26,
  "performance_metrics": {
    "total_processed": 458,
    "valid_configs": 150,
    "duplicates": 0,
    "failed_tests": 308,
    "success_rate": 32.75,
    "avg_latency_ms": 104.22,
    "avg_score": 99.31
  },
  "protocol_summary": {
    "vmess": {
      "count": 1,
      "avg_lat": 2.0,
      "avg_score": 99.98666666666666
    },
    "ss": {
      "count": 148,
      "avg_lat": 103.78378378378379,
      "avg_score": 99.30810810810812
    },
    "trojan": {
      "count": 1,
      "avg_lat": 271.0,
      "avg_score": 98.19333333333333
    }
  }
}