{
  "scan_timestamp": "2026-04-22T19:09:02.128765+00:00",
  "duration_seconds": 824.83,
  "performance_metrics": {
    "total_processed": 484,
    "valid_configs": 205,
    "duplicates": 0,
    "failed_tests": 279,
    "success_rate": 42.36,
    "avg_latency_ms": 108.56,
    "avg_score": 99.28
  },
  "protocol_summary": {
    "vmess": {
      "count": 4,
      "avg_lat": 120.5,
      "avg_score": 99.19666666666666
    },
    "vless": {
      "count": 193,
      "avg_lat": 109.97927461139896,
      "avg_score": 99.266804835924
    },
    "ss": {
      "count": 2,
      "avg_lat": 167.0,
      "avg_score": 98.88666666666666
    },
    "trojan": {
      "count": 6,
      "avg_lat": 35.333333333333336,
      "avg_score": 99.76444444444444
    }
  }
}