{
  "scan_timestamp": "2026-03-12T01:00:26.955007+00:00",
  "duration_seconds": 208.09,
  "performance_metrics": {
    "total_processed": 372,
    "valid_configs": 35,
    "duplicates": 0,
    "failed_tests": 337,
    "success_rate": 9.41,
    "avg_latency_ms": 61.8,
    "avg_score": 99.59
  },
  "protocol_summary": {
    "vmess": {
      "count": 2,
      "avg_lat": 14.5,
      "avg_score": 99.90333333333334
    },
    "vless": {
      "count": 28,
      "avg_lat": 45.07142857142857,
      "avg_score": 99.69952380952381
    },
    "ss": {
      "count": 4,
      "avg_lat": 216.5,
      "avg_score": 98.55666666666667
    },
    "trojan": {
      "count": 1,
      "avg_lat": 6.0,
      "avg_score": 99.96
    }
  }
}