{
  "scan_timestamp": "2026-01-21T12:39:53.679420+00:00",
  "duration_seconds": 992.92,
  "performance_metrics": {
    "total_processed": 479,
    "valid_configs": 288,
    "duplicates": 0,
    "failed_tests": 191,
    "success_rate": 60.13,
    "avg_latency_ms": 98.07,
    "avg_score": 99.35
  },
  "protocol_summary": {
    "vmess": {
      "count": 97,
      "avg_lat": 92.14432989690722,
      "avg_score": 99.38570446735396
    },
    "vless": {
      "count": 142,
      "avg_lat": 88.83098591549296,
      "avg_score": 99.40779342723005
    },
    "ss": {
      "count": 0,
      "avg_lat": 0.0,
      "avg_score": 0.0
    },
    "trojan": {
      "count": 49,
      "avg_lat": 136.59183673469389,
      "avg_score": 99.08938775510204
    }
  }
}