{
  "scan_timestamp": "2026-01-11T12:34:13.074908+00:00",
  "duration_seconds": 907.22,
  "performance_metrics": {
    "total_processed": 475,
    "valid_configs": 274,
    "duplicates": 0,
    "failed_tests": 201,
    "success_rate": 57.68,
    "avg_latency_ms": 138.27,
    "avg_score": 99.08
  },
  "protocol_summary": {
    "vmess": {
      "count": 45,
      "avg_lat": 142.66666666666666,
      "avg_score": 99.04888888888888
    },
    "vless": {
      "count": 154,
      "avg_lat": 102.78571428571429,
      "avg_score": 99.31476190476191
    },
    "ss": {
      "count": 0,
      "avg_lat": 0.0,
      "avg_score": 0.0
    },
    "trojan": {
      "count": 75,
      "avg_lat": 208.49333333333334,
      "avg_score": 98.61004444444444
    }
  }
}