{
  "scan_timestamp": "2026-01-13T16:33:31.174984+00:00",
  "duration_seconds": 952.01,
  "performance_metrics": {
    "total_processed": 434,
    "valid_configs": 266,
    "duplicates": 0,
    "failed_tests": 168,
    "success_rate": 61.29,
    "avg_latency_ms": 96.13,
    "avg_score": 99.36
  },
  "protocol_summary": {
    "vmess": {
      "count": 48,
      "avg_lat": 83.25,
      "avg_score": 99.445
    },
    "vless": {
      "count": 175,
      "avg_lat": 69.85714285714286,
      "avg_score": 99.53428571428572
    },
    "ss": {
      "count": 0,
      "avg_lat": 0.0,
      "avg_score": 0.0
    },
    "trojan": {
      "count": 43,
      "avg_lat": 217.41860465116278,
      "avg_score": 98.55054263565891
    }
  }
}