{
  "scan_timestamp": "2026-03-22T17:20:07.412573+00:00",
  "duration_seconds": 230.54,
  "performance_metrics": {
    "total_processed": 342,
    "valid_configs": 41,
    "duplicates": 0,
    "failed_tests": 301,
    "success_rate": 11.99,
    "avg_latency_ms": 104.37,
    "avg_score": 99.3
  },
  "protocol_summary": {
    "vmess": {
      "count": 1,
      "avg_lat": 25.0,
      "avg_score": 99.83333333333333
    },
    "vless": {
      "count": 27,
      "avg_lat": 51.407407407407405,
      "avg_score": 99.6572839506173
    },
    "ss": {
      "count": 12,
      "avg_lat": 238.66666666666666,
      "avg_score": 98.4088888888889
    },
    "trojan": {
      "count": 1,
      "avg_lat": 2.0,
      "avg_score": 99.98666666666666
    }
  }
}