{
  "scan_timestamp": "2026-01-07T12:41:21.293053+00:00",
  "duration_seconds": 1150.1,
  "performance_metrics": {
    "total_processed": 482,
    "valid_configs": 341,
    "duplicates": 0,
    "failed_tests": 141,
    "success_rate": 70.75,
    "avg_latency_ms": 161.37,
    "avg_score": 98.92
  },
  "protocol_summary": {
    "vmess": {
      "count": 52,
      "avg_lat": 181.80769230769232,
      "avg_score": 98.78794871794872
    },
    "vless": {
      "count": 200,
      "avg_lat": 150.235,
      "avg_score": 98.99843333333334
    },
    "ss": {
      "count": 0,
      "avg_lat": 0.0,
      "avg_score": 0.0
    },
    "trojan": {
      "count": 89,
      "avg_lat": 174.46067415730337,
      "avg_score": 98.8369288389513
    }
  }
}