{
  "scan_timestamp": "2026-03-03T16:51:18.495532+00:00",
  "duration_seconds": 1086.67,
  "performance_metrics": {
    "total_processed": 473,
    "valid_configs": 325,
    "duplicates": 0,
    "failed_tests": 148,
    "success_rate": 68.71,
    "avg_latency_ms": 75.94,
    "avg_score": 99.49
  },
  "protocol_summary": {
    "vmess": {
      "count": 60,
      "avg_lat": 47.06666666666667,
      "avg_score": 99.68622222222221
    },
    "vless": {
      "count": 230,
      "avg_lat": 78.92173913043479,
      "avg_score": 99.47385507246378
    },
    "ss": {
      "count": 0,
      "avg_lat": 0.0,
      "avg_score": 0.0
    },
    "trojan": {
      "count": 35,
      "avg_lat": 105.82857142857142,
      "avg_score": 99.29447619047619
    }
  }
}