{
  "scan_timestamp": "2026-03-27T14:19:51.241928+00:00",
  "duration_seconds": 1055.46,
  "performance_metrics": {
    "total_processed": 460,
    "valid_configs": 301,
    "duplicates": 0,
    "failed_tests": 159,
    "success_rate": 65.43,
    "avg_latency_ms": 69.52,
    "avg_score": 99.54
  },
  "protocol_summary": {
    "vmess": {
      "count": 19,
      "avg_lat": 118.36842105263158,
      "avg_score": 99.21087719298245
    },
    "vless": {
      "count": 252,
      "avg_lat": 54.76190476190476,
      "avg_score": 99.63492063492063
    },
    "ss": {
      "count": 9,
      "avg_lat": 177.22222222222223,
      "avg_score": 98.81851851851852
    },
    "trojan": {
      "count": 21,
      "avg_lat": 156.23809523809524,
      "avg_score": 98.95841269841269
    }
  }
}