{
  "scan_timestamp": "2025-12-22T09:31:47.296599+00:00",
  "duration_seconds": 858.3,
  "performance_metrics": {
    "total_processed": 431,
    "valid_configs": 228,
    "duplicates": 0,
    "failed_tests": 203,
    "success_rate": 52.9,
    "avg_latency_ms": 105.76,
    "avg_score": 99.29
  },
  "protocol_summary": {
    "vmess": {
      "count": 49,
      "avg_lat": 103.48979591836735,
      "avg_score": 99.31006802721089
    },
    "vless": {
      "count": 135,
      "avg_lat": 65.0,
      "avg_score": 99.56666666666666
    },
    "ss": {
      "count": 0,
      "avg_lat": 0.0,
      "avg_score": 0.0
    },
    "trojan": {
      "count": 44,
      "avg_lat": 233.36363636363637,
      "avg_score": 98.44424242424243
    }
  }
}