{
  "scan_timestamp": "2025-12-17T16:29:58.732873+00:00",
  "duration_seconds": 940.98,
  "performance_metrics": {
    "total_processed": 477,
    "valid_configs": 259,
    "duplicates": 0,
    "failed_tests": 218,
    "success_rate": 54.3,
    "avg_latency_ms": 109.68,
    "avg_score": 99.27
  },
  "protocol_summary": {
    "vmess": {
      "count": 34,
      "avg_lat": 187.52941176470588,
      "avg_score": 98.74980392156863
    },
    "vless": {
      "count": 178,
      "avg_lat": 90.61797752808988,
      "avg_score": 99.39588014981274
    },
    "ss": {
      "count": 0,
      "avg_lat": 0.0,
      "avg_score": 0.0
    },
    "trojan": {
      "count": 47,
      "avg_lat": 125.53191489361703,
      "avg_score": 99.1631205673759
    }
  }
}