{
  "scan_timestamp": "2026-03-04T08:43:13.305879+00:00",
  "duration_seconds": 1082.76,
  "performance_metrics": {
    "total_processed": 473,
    "valid_configs": 325,
    "duplicates": 0,
    "failed_tests": 148,
    "success_rate": 68.71,
    "avg_latency_ms": 68.19,
    "avg_score": 99.55
  },
  "protocol_summary": {
    "vmess": {
      "count": 60,
      "avg_lat": 53.63333333333333,
      "avg_score": 99.64244444444445
    },
    "vless": {
      "count": 230,
      "avg_lat": 74.98695652173913,
      "avg_score": 99.50008695652174
    },
    "ss": {
      "count": 0,
      "avg_lat": 0.0,
      "avg_score": 0.0
    },
    "trojan": {
      "count": 35,
      "avg_lat": 48.457142857142856,
      "avg_score": 99.67695238095237
    }
  }
}