{
  "scan_timestamp": "2026-07-11T22:55:06.770301+00:00",
  "duration_seconds": 493.13,
  "performance_metrics": {
    "total_processed": 443,
    "valid_configs": 150,
    "duplicates": 0,
    "failed_tests": 293,
    "success_rate": 33.86,
    "avg_latency_ms": 184.51,
    "avg_score": 98.77
  },
  "protocol_summary": {
    "vmess": {
      "count": 1,
      "avg_lat": 68.0,
      "avg_score": 99.54666666666667
    },
    "vless": {
      "count": 1,
      "avg_lat": 2.0,
      "avg_score": 99.98666666666666
    },
    "ss": {
      "count": 146,
      "avg_lat": 165.84931506849315,
      "avg_score": 98.89433789954339
    },
    "trojan": {
      "count": 2,
      "avg_lat": 1696.0,
      "avg_score": 88.69333333333333
    }
  }
}