{
  "scan_timestamp": "2026-04-15T06:43:40.818878+00:00",
  "duration_seconds": 1073.9,
  "performance_metrics": {
    "total_processed": 486,
    "valid_configs": 312,
    "duplicates": 0,
    "failed_tests": 174,
    "success_rate": 64.2,
    "avg_latency_ms": 64.83,
    "avg_score": 99.57
  },
  "protocol_summary": {
    "vmess": {
      "count": 2,
      "avg_lat": 147.0,
      "avg_score": 99.02000000000001
    },
    "vless": {
      "count": 294,
      "avg_lat": 60.316326530612244,
      "avg_score": 99.59789115646258
    },
    "ss": {
      "count": 0,
      "avg_lat": 0.0,
      "avg_score": 0.0
    },
    "trojan": {
      "count": 16,
      "avg_lat": 137.5,
      "avg_score": 99.08333333333333
    }
  }
}