{
  "scan_timestamp": "2025-12-26T01:07:18.306411+00:00",
  "duration_seconds": 980.3,
  "performance_metrics": {
    "total_processed": 468,
    "valid_configs": 284,
    "duplicates": 0,
    "failed_tests": 184,
    "success_rate": 60.68,
    "avg_latency_ms": 99.75,
    "avg_score": 99.33
  },
  "protocol_summary": {
    "vmess": {
      "count": 77,
      "avg_lat": 83.68831168831169,
      "avg_score": 99.44207792207793
    },
    "vless": {
      "count": 127,
      "avg_lat": 69.11023622047244,
      "avg_score": 99.53926509186351
    },
    "ss": {
      "count": 0,
      "avg_lat": 0.0,
      "avg_score": 0.0
    },
    "trojan": {
      "count": 80,
      "avg_lat": 163.85,
      "avg_score": 98.90766666666667
    }
  }
}