{
  "scan_timestamp": "2026-04-21T13:10:08.963709+00:00",
  "duration_seconds": 861.93,
  "performance_metrics": {
    "total_processed": 476,
    "valid_configs": 223,
    "duplicates": 0,
    "failed_tests": 253,
    "success_rate": 46.85,
    "avg_latency_ms": 150.19,
    "avg_score": 99.0
  },
  "protocol_summary": {
    "vmess": {
      "count": 3,
      "avg_lat": 146.0,
      "avg_score": 99.02666666666666
    },
    "vless": {
      "count": 210,
      "avg_lat": 152.14761904761906,
      "avg_score": 98.98568253968253
    },
    "ss": {
      "count": 4,
      "avg_lat": 199.25,
      "avg_score": 98.67166666666667
    },
    "trojan": {
      "count": 6,
      "avg_lat": 51.0,
      "avg_score": 99.66000000000001
    }
  }
}