{
  "scan_timestamp": "2026-01-15T04:54:54.987885+00:00",
  "duration_seconds": 873.62,
  "performance_metrics": {
    "total_processed": 428,
    "valid_configs": 249,
    "duplicates": 0,
    "failed_tests": 179,
    "success_rate": 58.18,
    "avg_latency_ms": 87.23,
    "avg_score": 99.42
  },
  "protocol_summary": {
    "vmess": {
      "count": 53,
      "avg_lat": 97.22641509433963,
      "avg_score": 99.35182389937107
    },
    "vless": {
      "count": 154,
      "avg_lat": 67.8961038961039,
      "avg_score": 99.5473593073593
    },
    "ss": {
      "count": 0,
      "avg_lat": 0.0,
      "avg_score": 0.0
    },
    "trojan": {
      "count": 42,
      "avg_lat": 145.52380952380952,
      "avg_score": 99.02984126984127
    }
  }
}