{
  "scan_timestamp": "2026-02-25T23:37:44.469520+00:00",
  "duration_seconds": 1097.45,
  "performance_metrics": {
    "total_processed": 473,
    "valid_configs": 335,
    "duplicates": 0,
    "failed_tests": 138,
    "success_rate": 70.82,
    "avg_latency_ms": 71.46,
    "avg_score": 99.52
  },
  "protocol_summary": {
    "vmess": {
      "count": 62,
      "avg_lat": 60.45161290322581,
      "avg_score": 99.59698924731183
    },
    "vless": {
      "count": 238,
      "avg_lat": 75.03781512605042,
      "avg_score": 99.49974789915966
    },
    "ss": {
      "count": 0,
      "avg_lat": 0.0,
      "avg_score": 0.0
    },
    "trojan": {
      "count": 35,
      "avg_lat": 66.62857142857143,
      "avg_score": 99.55580952380953
    }
  }
}