{
  "scan_timestamp": "2026-01-23T01:07:38.061144+00:00",
  "duration_seconds": 849.77,
  "performance_metrics": {
    "total_processed": 457,
    "valid_configs": 235,
    "duplicates": 0,
    "failed_tests": 222,
    "success_rate": 51.42,
    "avg_latency_ms": 127.91,
    "avg_score": 99.15
  },
  "protocol_summary": {
    "vmess": {
      "count": 78,
      "avg_lat": 175.5,
      "avg_score": 98.83
    },
    "vless": {
      "count": 126,
      "avg_lat": 100.16666666666667,
      "avg_score": 99.33222222222223
    },
    "ss": {
      "count": 0,
      "avg_lat": 0.0,
      "avg_score": 0.0
    },
    "trojan": {
      "count": 31,
      "avg_lat": 120.90322580645162,
      "avg_score": 99.19397849462365
    }
  }
}