{
  "scan_timestamp": "2026-01-05T16:33:58.433748+00:00",
  "duration_seconds": 1122.49,
  "performance_metrics": {
    "total_processed": 479,
    "valid_configs": 347,
    "duplicates": 0,
    "failed_tests": 132,
    "success_rate": 72.44,
    "avg_latency_ms": 172.04,
    "avg_score": 98.85
  },
  "protocol_summary": {
    "vmess": {
      "count": 32,
      "avg_lat": 245.03125,
      "avg_score": 98.36645833333333
    },
    "vless": {
      "count": 239,
      "avg_lat": 174.6652719665272,
      "avg_score": 98.83556485355649
    },
    "ss": {
      "count": 0,
      "avg_lat": 0.0,
      "avg_score": 0.0
    },
    "trojan": {
      "count": 76,
      "avg_lat": 133.05263157894737,
      "avg_score": 99.11298245614036
    }
  }
}