{
  "scan_timestamp": "2026-02-20T10:45:55.423945+00:00",
  "duration_seconds": 1194.89,
  "performance_metrics": {
    "total_processed": 474,
    "valid_configs": 377,
    "duplicates": 0,
    "failed_tests": 97,
    "success_rate": 79.54,
    "avg_latency_ms": 110.19,
    "avg_score": 99.27
  },
  "protocol_summary": {
    "vmess": {
      "count": 64,
      "avg_lat": 122.71875,
      "avg_score": 99.181875
    },
    "vless": {
      "count": 278,
      "avg_lat": 113.10791366906474,
      "avg_score": 99.24594724220623
    },
    "trojan": {
      "count": 35,
      "avg_lat": 64.08571428571429,
      "avg_score": 99.5727619047619
    }
  }
}