{
  "scan_timestamp": "2026-01-21T15:35:50.002320+00:00",
  "duration_seconds": 981.89,
  "performance_metrics": {
    "total_processed": 482,
    "valid_configs": 245,
    "duplicates": 0,
    "failed_tests": 237,
    "success_rate": 50.83,
    "avg_latency_ms": 91.93,
    "avg_score": 99.39
  },
  "protocol_summary": {
    "vmess": {
      "count": 57,
      "avg_lat": 74.52631578947368,
      "avg_score": 99.50315789473684
    },
    "vless": {
      "count": 142,
      "avg_lat": 86.97887323943662,
      "avg_score": 99.42014084507042
    },
    "ss": {
      "count": 0,
      "avg_lat": 0.0,
      "avg_score": 0.0
    },
    "trojan": {
      "count": 46,
      "avg_lat": 128.7826086956522,
      "avg_score": 99.1414492753623
    }
  }
}