{
  "scan_timestamp": "2025-12-18T20:24:49.432543+00:00",
  "duration_seconds": 796.85,
  "performance_metrics": {
    "total_processed": 407,
    "valid_configs": 196,
    "duplicates": 0,
    "failed_tests": 211,
    "success_rate": 48.16,
    "avg_latency_ms": 116.62,
    "avg_score": 99.22
  },
  "protocol_summary": {
    "vmess": {
      "count": 40,
      "avg_lat": 234.55,
      "avg_score": 98.43633333333334
    },
    "vless": {
      "count": 125,
      "avg_lat": 81.04,
      "avg_score": 99.45973333333333
    },
    "ss": {
      "count": 0,
      "avg_lat": 0.0,
      "avg_score": 0.0
    },
    "trojan": {
      "count": 31,
      "avg_lat": 107.93548387096774,
      "avg_score": 99.28043010752688
    }
  }
}