{
  "scan_timestamp": "2026-06-28T15:25:00.382057+00:00",
  "duration_seconds": 458.22,
  "performance_metrics": {
    "total_processed": 455,
    "valid_configs": 146,
    "duplicates": 0,
    "failed_tests": 309,
    "success_rate": 32.09,
    "avg_latency_ms": 191.71,
    "avg_score": 98.72
  },
  "protocol_summary": {
    "vmess": {
      "count": 2,
      "avg_lat": 72.0,
      "avg_score": 99.52000000000001
    },
    "vless": {
      "count": 6,
      "avg_lat": 147.5,
      "avg_score": 99.01666666666667
    },
    "ss": {
      "count": 123,
      "avg_lat": 192.95934959349594,
      "avg_score": 98.71360433604336
    },
    "trojan": {
      "count": 15,
      "avg_lat": 215.13333333333333,
      "avg_score": 98.56577777777778
    }
  }
}