{
  "scan_timestamp": "2026-03-20T16:48:32.852025+00:00",
  "duration_seconds": 1142.18,
  "performance_metrics": {
    "total_processed": 463,
    "valid_configs": 352,
    "duplicates": 0,
    "failed_tests": 111,
    "success_rate": 76.03,
    "avg_latency_ms": 105.93,
    "avg_score": 99.29
  },
  "protocol_summary": {
    "vmess": {
      "count": 20,
      "avg_lat": 130.95,
      "avg_score": 99.127
    },
    "vless": {
      "count": 287,
      "avg_lat": 92.83275261324042,
      "avg_score": 99.3811149825784
    },
    "ss": {
      "count": 0,
      "avg_lat": 0.0,
      "avg_score": 0.0
    },
    "trojan": {
      "count": 45,
      "avg_lat": 178.37777777777777,
      "avg_score": 98.81081481481482
    }
  }
}