{
  "scan_timestamp": "2026-01-30T14:37:49.092242+00:00",
  "duration_seconds": 719.59,
  "performance_metrics": {
    "total_processed": 410,
    "valid_configs": 194,
    "duplicates": 0,
    "failed_tests": 216,
    "success_rate": 47.32,
    "avg_latency_ms": 93.41,
    "avg_score": 99.38
  },
  "protocol_summary": {
    "vmess": {
      "count": 62,
      "avg_lat": 57.45161290322581,
      "avg_score": 99.61698924731182
    },
    "vless": {
      "count": 74,
      "avg_lat": 71.63513513513513,
      "avg_score": 99.52243243243242
    },
    "ss": {
      "count": 0,
      "avg_lat": 0.0,
      "avg_score": 0.0
    },
    "trojan": {
      "count": 58,
      "avg_lat": 159.63793103448276,
      "avg_score": 98.93574712643678
    }
  }
}