{
  "scan_timestamp": "2026-01-20T03:10:04.990116+00:00",
  "duration_seconds": 924.06,
  "performance_metrics": {
    "total_processed": 461,
    "valid_configs": 263,
    "duplicates": 0,
    "failed_tests": 198,
    "success_rate": 57.05,
    "avg_latency_ms": 109.9,
    "avg_score": 99.27
  },
  "protocol_summary": {
    "vmess": {
      "count": 103,
      "avg_lat": 100.40776699029126,
      "avg_score": 99.3306148867314
    },
    "vless": {
      "count": 112,
      "avg_lat": 110.58035714285714,
      "avg_score": 99.26279761904762
    },
    "ss": {
      "count": 0,
      "avg_lat": 0.0,
      "avg_score": 0.0
    },
    "trojan": {
      "count": 48,
      "avg_lat": 128.70833333333334,
      "avg_score": 99.14194444444445
    }
  }
}