{
  "scan_timestamp": "2025-12-27T16:28:00.345631+00:00",
  "duration_seconds": 992.79,
  "performance_metrics": {
    "total_processed": 470,
    "valid_configs": 280,
    "duplicates": 0,
    "failed_tests": 190,
    "success_rate": 59.57,
    "avg_latency_ms": 116.85,
    "avg_score": 99.22
  },
  "protocol_summary": {
    "vmess": {
      "count": 45,
      "avg_lat": 154.6888888888889,
      "avg_score": 98.96874074074074
    },
    "vless": {
      "count": 165,
      "avg_lat": 88.87878787878788,
      "avg_score": 99.40747474747475
    },
    "ss": {
      "count": 0,
      "avg_lat": 0.0,
      "avg_score": 0.0
    },
    "trojan": {
      "count": 70,
      "avg_lat": 158.47142857142856,
      "avg_score": 98.94352380952381
    }
  }
}