{
  "scan_timestamp": "2026-03-23T16:01:37.821962+00:00",
  "duration_seconds": 705.62,
  "performance_metrics": {
    "total_processed": 462,
    "valid_configs": 127,
    "duplicates": 0,
    "failed_tests": 335,
    "success_rate": 27.49,
    "avg_latency_ms": 125.96,
    "avg_score": 99.16
  },
  "protocol_summary": {
    "vmess": {
      "count": 1,
      "avg_lat": 39.0,
      "avg_score": 99.74
    },
    "vless": {
      "count": 116,
      "avg_lat": 129.86206896551724,
      "avg_score": 99.13425287356323
    },
    "ss": {
      "count": 3,
      "avg_lat": 137.33333333333334,
      "avg_score": 99.08444444444444
    },
    "trojan": {
      "count": 7,
      "avg_lat": 68.85714285714286,
      "avg_score": 99.54095238095238
    }
  }
}