{
  "scan_timestamp": "2025-12-14T09:26:37.163495+00:00",
  "duration_seconds": 971.6,
  "performance_metrics": {
    "total_processed": 474,
    "valid_configs": 262,
    "duplicates": 0,
    "failed_tests": 212,
    "success_rate": 55.27,
    "avg_latency_ms": 99.72,
    "avg_score": 99.34
  },
  "protocol_summary": {
    "vmess": {
      "count": 43,
      "avg_lat": 134.13953488372093,
      "avg_score": 99.10573643410854
    },
    "vless": {
      "count": 188,
      "avg_lat": 86.78191489361703,
      "avg_score": 99.42145390070922
    },
    "ss": {
      "count": 0,
      "avg_lat": 0.0,
      "avg_score": 0.0
    },
    "trojan": {
      "count": 31,
      "avg_lat": 130.4516129032258,
      "avg_score": 99.13032258064516
    }
  }
}