{
  "scan_timestamp": "2025-12-15T12:38:21.012280+00:00",
  "duration_seconds": 984.18,
  "performance_metrics": {
    "total_processed": 466,
    "valid_configs": 267,
    "duplicates": 0,
    "failed_tests": 199,
    "success_rate": 57.3,
    "avg_latency_ms": 115.57,
    "avg_score": 99.23
  },
  "protocol_summary": {
    "vmess": {
      "count": 51,
      "avg_lat": 160.33333333333334,
      "avg_score": 98.93111111111111
    },
    "vless": {
      "count": 178,
      "avg_lat": 100.76966292134831,
      "avg_score": 99.328202247191
    },
    "ss": {
      "count": 0,
      "avg_lat": 0.0,
      "avg_score": 0.0
    },
    "trojan": {
      "count": 38,
      "avg_lat": 124.8157894736842,
      "avg_score": 99.16789473684211
    }
  }
}