{
  "scan_timestamp": "2026-01-02T07:30:22.962374+00:00",
  "duration_seconds": 883.85,
  "performance_metrics": {
    "total_processed": 464,
    "valid_configs": 242,
    "duplicates": 0,
    "failed_tests": 222,
    "success_rate": 52.16,
    "avg_latency_ms": 126.56,
    "avg_score": 99.16
  },
  "protocol_summary": {
    "vmess": {
      "count": 34,
      "avg_lat": 126.70588235294117,
      "avg_score": 99.15529411764706
    },
    "vless": {
      "count": 185,
      "avg_lat": 121.31891891891892,
      "avg_score": 99.1912072072072
    },
    "ss": {
      "count": 0,
      "avg_lat": 0.0,
      "avg_score": 0.0
    },
    "trojan": {
      "count": 23,
      "avg_lat": 168.47826086956522,
      "avg_score": 98.87681159420289
    }
  }
}