{
  "scan_timestamp": "2026-04-08T20:46:53.268267+00:00",
  "duration_seconds": 997.15,
  "performance_metrics": {
    "total_processed": 489,
    "valid_configs": 215,
    "duplicates": 0,
    "failed_tests": 274,
    "success_rate": 43.97,
    "avg_latency_ms": 81.33,
    "avg_score": 99.46
  },
  "protocol_summary": {
    "vmess": {
      "count": 2,
      "avg_lat": 107.0,
      "avg_score": 99.28666666666666
    },
    "vless": {
      "count": 208,
      "avg_lat": 80.67788461538461,
      "avg_score": 99.46214743589744
    },
    "ss": {
      "count": 2,
      "avg_lat": 152.5,
      "avg_score": 98.98333333333333
    },
    "trojan": {
      "count": 3,
      "avg_lat": 61.666666666666664,
      "avg_score": 99.58888888888889
    }
  }
}