{
  "scan_timestamp": "2025-12-17T19:27:28.337498+00:00",
  "duration_seconds": 914.04,
  "performance_metrics": {
    "total_processed": 477,
    "valid_configs": 235,
    "duplicates": 0,
    "failed_tests": 242,
    "success_rate": 49.27,
    "avg_latency_ms": 102.29,
    "avg_score": 99.32
  },
  "protocol_summary": {
    "vmess": {
      "count": 48,
      "avg_lat": 147.39583333333334,
      "avg_score": 99.0173611111111
    },
    "vless": {
      "count": 141,
      "avg_lat": 87.05673758865248,
      "avg_score": 99.41962174940898
    },
    "ss": {
      "count": 0,
      "avg_lat": 0.0,
      "avg_score": 0.0
    },
    "trojan": {
      "count": 46,
      "avg_lat": 101.93478260869566,
      "avg_score": 99.32043478260869
    }
  }
}