{
  "scan_timestamp": "2026-02-26T16:00:03.050892+00:00",
  "duration_seconds": 1107.59,
  "performance_metrics": {
    "total_processed": 473,
    "valid_configs": 337,
    "duplicates": 0,
    "failed_tests": 136,
    "success_rate": 71.25,
    "avg_latency_ms": 87.41,
    "avg_score": 99.42
  },
  "protocol_summary": {
    "vmess": {
      "count": 62,
      "avg_lat": 110.91935483870968,
      "avg_score": 99.2605376344086
    },
    "vless": {
      "count": 240,
      "avg_lat": 78.42083333333333,
      "avg_score": 99.47719444444445
    },
    "ss": {
      "count": 0,
      "avg_lat": 0.0,
      "avg_score": 0.0
    },
    "trojan": {
      "count": 35,
      "avg_lat": 107.4,
      "avg_score": 99.284
    }
  }
}