{
  "scan_timestamp": "2026-02-07T11:30:56.092727+00:00",
  "duration_seconds": 1094.42,
  "performance_metrics": {
    "total_processed": 481,
    "valid_configs": 321,
    "duplicates": 0,
    "failed_tests": 160,
    "success_rate": 66.74,
    "avg_latency_ms": 167.17,
    "avg_score": 98.89
  },
  "protocol_summary": {
    "vmess": {
      "count": 62,
      "avg_lat": 138.41935483870967,
      "avg_score": 99.07720430107527
    },
    "vless": {
      "count": 201,
      "avg_lat": 147.93034825870646,
      "avg_score": 99.0137976782753
    },
    "ss": {
      "count": 0,
      "avg_lat": 0.0,
      "avg_score": 0.0
    },
    "trojan": {
      "count": 58,
      "avg_lat": 264.58620689655174,
      "avg_score": 98.236091954023
    }
  }
}