{
  "scan_timestamp": "2025-12-22T04:56:24.835992+00:00",
  "duration_seconds": 934.57,
  "performance_metrics": {
    "total_processed": 467,
    "valid_configs": 267,
    "duplicates": 0,
    "failed_tests": 200,
    "success_rate": 57.17,
    "avg_latency_ms": 96.24,
    "avg_score": 99.36
  },
  "protocol_summary": {
    "vmess": {
      "count": 107,
      "avg_lat": 61.32710280373832,
      "avg_score": 99.59115264797508
    },
    "vless": {
      "count": 108,
      "avg_lat": 90.74074074074075,
      "avg_score": 99.39506172839505
    },
    "ss": {
      "count": 0,
      "avg_lat": 0.0,
      "avg_score": 0.0
    },
    "trojan": {
      "count": 52,
      "avg_lat": 179.48076923076923,
      "avg_score": 98.80346153846153
    }
  }
}