{
  "scan_timestamp": "2026-03-03T14:53:08.151848+00:00",
  "duration_seconds": 1082.72,
  "performance_metrics": {
    "total_processed": 473,
    "valid_configs": 323,
    "duplicates": 0,
    "failed_tests": 150,
    "success_rate": 68.29,
    "avg_latency_ms": 67.89,
    "avg_score": 99.55
  },
  "protocol_summary": {
    "vmess": {
      "count": 60,
      "avg_lat": 48.56666666666667,
      "avg_score": 99.67622222222222
    },
    "vless": {
      "count": 230,
      "avg_lat": 81.0304347826087,
      "avg_score": 99.45979710144928
    },
    "ss": {
      "count": 0,
      "avg_lat": 0.0,
      "avg_score": 0.0
    },
    "trojan": {
      "count": 33,
      "avg_lat": 11.424242424242424,
      "avg_score": 99.92383838383839
    }
  }
}