{
  "scan_timestamp": "2025-12-24T05:29:15.385104+00:00",
  "duration_seconds": 810.87,
  "performance_metrics": {
    "total_processed": 408,
    "valid_configs": 215,
    "duplicates": 0,
    "failed_tests": 193,
    "success_rate": 52.7,
    "avg_latency_ms": 120.15,
    "avg_score": 99.2
  },
  "protocol_summary": {
    "vmess": {
      "count": 49,
      "avg_lat": 135.59183673469389,
      "avg_score": 99.09605442176871
    },
    "vless": {
      "count": 137,
      "avg_lat": 91.9051094890511,
      "avg_score": 99.38729927007299
    },
    "ss": {
      "count": 0,
      "avg_lat": 0.0,
      "avg_score": 0.0
    },
    "trojan": {
      "count": 29,
      "avg_lat": 227.48275862068965,
      "avg_score": 98.48344827586207
    }
  }
}