{
  "scan_timestamp": "2026-01-02T08:30:16.347853+00:00",
  "duration_seconds": 889.31,
  "performance_metrics": {
    "total_processed": 464,
    "valid_configs": 244,
    "duplicates": 0,
    "failed_tests": 220,
    "success_rate": 52.59,
    "avg_latency_ms": 120.14,
    "avg_score": 99.2
  },
  "protocol_summary": {
    "vmess": {
      "count": 34,
      "avg_lat": 142.11764705882354,
      "avg_score": 99.05254901960785
    },
    "vless": {
      "count": 187,
      "avg_lat": 104.66844919786097,
      "avg_score": 99.30221033868092
    },
    "ss": {
      "count": 0,
      "avg_lat": 0.0,
      "avg_score": 0.0
    },
    "trojan": {
      "count": 23,
      "avg_lat": 213.43478260869566,
      "avg_score": 98.57710144927535
    }
  }
}