{
  "scan_timestamp": "2026-04-19T09:52:37.229516+00:00",
  "duration_seconds": 968.11,
  "performance_metrics": {
    "total_processed": 488,
    "valid_configs": 242,
    "duplicates": 0,
    "failed_tests": 246,
    "success_rate": 49.59,
    "avg_latency_ms": 88.44,
    "avg_score": 99.41
  },
  "protocol_summary": {
    "vmess": {
      "count": 2,
      "avg_lat": 110.0,
      "avg_score": 99.26666666666668
    },
    "vless": {
      "count": 233,
      "avg_lat": 88.32618025751073,
      "avg_score": 99.41115879828325
    },
    "ss": {
      "count": 1,
      "avg_lat": 163.0,
      "avg_score": 98.91333333333333
    },
    "trojan": {
      "count": 6,
      "avg_lat": 73.33333333333333,
      "avg_score": 99.5111111111111
    }
  }
}