{
  "scan_timestamp": "2025-12-25T21:25:37.140904+00:00",
  "duration_seconds": 959.93,
  "performance_metrics": {
    "total_processed": 475,
    "valid_configs": 270,
    "duplicates": 0,
    "failed_tests": 205,
    "success_rate": 56.84,
    "avg_latency_ms": 119.11,
    "avg_score": 99.21
  },
  "protocol_summary": {
    "vmess": {
      "count": 45,
      "avg_lat": 158.17777777777778,
      "avg_score": 98.9454814814815
    },
    "vless": {
      "count": 165,
      "avg_lat": 103.8,
      "avg_score": 99.30799999999999
    },
    "ss": {
      "count": 0,
      "avg_lat": 0.0,
      "avg_score": 0.0
    },
    "trojan": {
      "count": 60,
      "avg_lat": 131.9,
      "avg_score": 99.12066666666666
    }
  }
}