{
  "scan_timestamp": "2026-03-22T21:27:23.205652+00:00",
  "duration_seconds": 691.01,
  "performance_metrics": {
    "total_processed": 453,
    "valid_configs": 130,
    "duplicates": 0,
    "failed_tests": 323,
    "success_rate": 28.7,
    "avg_latency_ms": 132.35,
    "avg_score": 99.12
  },
  "protocol_summary": {
    "vmess": {
      "count": 1,
      "avg_lat": 20.0,
      "avg_score": 99.86666666666666
    },
    "vless": {
      "count": 114,
      "avg_lat": 140.8859649122807,
      "avg_score": 99.06076023391813
    },
    "ss": {
      "count": 5,
      "avg_lat": 118.2,
      "avg_score": 99.212
    },
    "trojan": {
      "count": 10,
      "avg_lat": 53.3,
      "avg_score": 99.64466666666667
    }
  }
}