{
  "scan_timestamp": "2026-01-21T13:53:09.534578+00:00",
  "duration_seconds": 953.11,
  "performance_metrics": {
    "total_processed": 479,
    "valid_configs": 270,
    "duplicates": 0,
    "failed_tests": 209,
    "success_rate": 56.37,
    "avg_latency_ms": 117.14,
    "avg_score": 99.22
  },
  "protocol_summary": {
    "vmess": {
      "count": 85,
      "avg_lat": 80.2235294117647,
      "avg_score": 99.46517647058825
    },
    "vless": {
      "count": 136,
      "avg_lat": 112.9779411764706,
      "avg_score": 99.24681372549018
    },
    "ss": {
      "count": 0,
      "avg_lat": 0.0,
      "avg_score": 0.0
    },
    "trojan": {
      "count": 49,
      "avg_lat": 192.71428571428572,
      "avg_score": 98.7152380952381
    }
  }
}