{
  "scan_timestamp": "2026-01-21T05:34:50.870817+00:00",
  "duration_seconds": 872.03,
  "performance_metrics": {
    "total_processed": 426,
    "valid_configs": 236,
    "duplicates": 0,
    "failed_tests": 190,
    "success_rate": 55.4,
    "avg_latency_ms": 105.61,
    "avg_score": 99.3
  },
  "protocol_summary": {
    "vmess": {
      "count": 62,
      "avg_lat": 95.51612903225806,
      "avg_score": 99.36322580645162
    },
    "vless": {
      "count": 132,
      "avg_lat": 87.6590909090909,
      "avg_score": 99.41560606060607
    },
    "ss": {
      "count": 0,
      "avg_lat": 0.0,
      "avg_score": 0.0
    },
    "trojan": {
      "count": 42,
      "avg_lat": 176.95238095238096,
      "avg_score": 98.82031746031745
    }
  }
}