{
  "scan_timestamp": "2026-04-09T20:56:20.921455+00:00",
  "duration_seconds": 987.8,
  "performance_metrics": {
    "total_processed": 486,
    "valid_configs": 221,
    "duplicates": 0,
    "failed_tests": 265,
    "success_rate": 45.47,
    "avg_latency_ms": 93.09,
    "avg_score": 99.38
  },
  "protocol_summary": {
    "vmess": {
      "count": 2,
      "avg_lat": 113.0,
      "avg_score": 99.24666666666667
    },
    "vless": {
      "count": 210,
      "avg_lat": 93.53333333333333,
      "avg_score": 99.37644444444445
    },
    "ss": {
      "count": 3,
      "avg_lat": 168.33333333333334,
      "avg_score": 98.87777777777778
    },
    "trojan": {
      "count": 6,
      "avg_lat": 33.333333333333336,
      "avg_score": 99.77777777777777
    }
  }
}