{
  "scan_timestamp": "2026-01-01T20:26:17.660966+00:00",
  "duration_seconds": 860.28,
  "performance_metrics": {
    "total_processed": 478,
    "valid_configs": 248,
    "duplicates": 0,
    "failed_tests": 230,
    "success_rate": 51.88,
    "avg_latency_ms": 123.25,
    "avg_score": 99.18
  },
  "protocol_summary": {
    "vmess": {
      "count": 70,
      "avg_lat": 146.6,
      "avg_score": 99.02266666666667
    },
    "vless": {
      "count": 154,
      "avg_lat": 118.23376623376623,
      "avg_score": 99.2117748917749
    },
    "ss": {
      "count": 0,
      "avg_lat": 0.0,
      "avg_score": 0.0
    },
    "trojan": {
      "count": 24,
      "avg_lat": 87.33333333333333,
      "avg_score": 99.41777777777777
    }
  }
}