{
  "scan_timestamp": "2026-02-06T18:50:15.039160+00:00",
  "duration_seconds": 1090.1,
  "performance_metrics": {
    "total_processed": 482,
    "valid_configs": 305,
    "duplicates": 0,
    "failed_tests": 177,
    "success_rate": 63.28,
    "avg_latency_ms": 153.58,
    "avg_score": 98.98
  },
  "protocol_summary": {
    "vmess": {
      "count": 50,
      "avg_lat": 104.9,
      "avg_score": 99.30066666666666
    },
    "vless": {
      "count": 184,
      "avg_lat": 136.43478260869566,
      "avg_score": 99.0904347826087
    },
    "ss": {
      "count": 0,
      "avg_lat": 0.0,
      "avg_score": 0.0
    },
    "trojan": {
      "count": 71,
      "avg_lat": 232.30985915492957,
      "avg_score": 98.4512676056338
    }
  }
}