{
  "scan_timestamp": "2026-03-02T14:53:06.232874+00:00",
  "duration_seconds": 1094.21,
  "performance_metrics": {
    "total_processed": 473,
    "valid_configs": 325,
    "duplicates": 0,
    "failed_tests": 148,
    "success_rate": 68.71,
    "avg_latency_ms": 96.65,
    "avg_score": 99.36
  },
  "protocol_summary": {
    "vmess": {
      "count": 60,
      "avg_lat": 60.266666666666666,
      "avg_score": 99.59822222222222
    },
    "vless": {
      "count": 230,
      "avg_lat": 107.73913043478261,
      "avg_score": 99.28173913043479
    },
    "ss": {
      "count": 0,
      "avg_lat": 0.0,
      "avg_score": 0.0
    },
    "trojan": {
      "count": 35,
      "avg_lat": 86.17142857142858,
      "avg_score": 99.42552380952381
    }
  }
}