{
  "scan_timestamp": "2026-07-09T10:32:55.472263+00:00",
  "duration_seconds": 503.3,
  "performance_metrics": {
    "total_processed": 457,
    "valid_configs": 148,
    "duplicates": 0,
    "failed_tests": 309,
    "success_rate": 32.39,
    "avg_latency_ms": 117.03,
    "avg_score": 99.22
  },
  "protocol_summary": {
    "vmess": {
      "count": 1,
      "avg_lat": 1.0,
      "avg_score": 99.99333333333334
    },
    "vless": {
      "count": 1,
      "avg_lat": 94.0,
      "avg_score": 99.37333333333333
    },
    "ss": {
      "count": 144,
      "avg_lat": 117.75694444444444,
      "avg_score": 99.2149537037037
    },
    "trojan": {
      "count": 2,
      "avg_lat": 134.5,
      "avg_score": 99.10333333333332
    }
  }
}