{
  "scan_timestamp": "2025-12-21T18:30:31.718209+00:00",
  "duration_seconds": 941.21,
  "performance_metrics": {
    "total_processed": 471,
    "valid_configs": 262,
    "duplicates": 0,
    "failed_tests": 209,
    "success_rate": 55.63,
    "avg_latency_ms": 109.53,
    "avg_score": 99.27
  },
  "protocol_summary": {
    "vmess": {
      "count": 84,
      "avg_lat": 126.01190476190476,
      "avg_score": 99.15992063492062
    },
    "vless": {
      "count": 132,
      "avg_lat": 59.45454545454545,
      "avg_score": 99.60363636363637
    },
    "ss": {
      "count": 0,
      "avg_lat": 0.0,
      "avg_score": 0.0
    },
    "trojan": {
      "count": 46,
      "avg_lat": 223.1086956521739,
      "avg_score": 98.51260869565218
    }
  }
}