{
  "scan_timestamp": "2026-01-14T19:27:28.722185+00:00",
  "duration_seconds": 995.54,
  "performance_metrics": {
    "total_processed": 466,
    "valid_configs": 311,
    "duplicates": 0,
    "failed_tests": 155,
    "success_rate": 66.74,
    "avg_latency_ms": 108.28,
    "avg_score": 99.28
  },
  "protocol_summary": {
    "vmess": {
      "count": 86,
      "avg_lat": 100.63953488372093,
      "avg_score": 99.32906976744185
    },
    "vless": {
      "count": 134,
      "avg_lat": 97.38059701492537,
      "avg_score": 99.3507960199005
    },
    "ss": {
      "count": 0,
      "avg_lat": 0.0,
      "avg_score": 0.0
    },
    "trojan": {
      "count": 91,
      "avg_lat": 131.56043956043956,
      "avg_score": 99.12293040293041
    }
  }
}