{
  "scan_timestamp": "2026-01-20T08:32:47.628596+00:00",
  "duration_seconds": 931.69,
  "performance_metrics": {
    "total_processed": 456,
    "valid_configs": 266,
    "duplicates": 0,
    "failed_tests": 190,
    "success_rate": 58.33,
    "avg_latency_ms": 104.29,
    "avg_score": 99.3
  },
  "protocol_summary": {
    "vmess": {
      "count": 100,
      "avg_lat": 83.31,
      "avg_score": 99.44460000000001
    },
    "vless": {
      "count": 113,
      "avg_lat": 81.43362831858407,
      "avg_score": 99.45710914454277
    },
    "ss": {
      "count": 0,
      "avg_lat": 0.0,
      "avg_score": 0.0
    },
    "trojan": {
      "count": 53,
      "avg_lat": 192.58490566037736,
      "avg_score": 98.7161006289308
    }
  }
}