{
  "scan_timestamp": "2026-01-04T10:28:33.689849+00:00",
  "duration_seconds": 1092.76,
  "performance_metrics": {
    "total_processed": 481,
    "valid_configs": 321,
    "duplicates": 0,
    "failed_tests": 160,
    "success_rate": 66.74,
    "avg_latency_ms": 114.46,
    "avg_score": 99.24
  },
  "protocol_summary": {
    "vmess": {
      "count": 32,
      "avg_lat": 108.5,
      "avg_score": 99.27666666666667
    },
    "vless": {
      "count": 268,
      "avg_lat": 111.61194029850746,
      "avg_score": 99.25592039800995
    },
    "ss": {
      "count": 0,
      "avg_lat": 0.0,
      "avg_score": 0.0
    },
    "trojan": {
      "count": 21,
      "avg_lat": 159.85714285714286,
      "avg_score": 98.9342857142857
    }
  }
}