{
  "scan_timestamp": "2026-01-20T05:35:40.957164+00:00",
  "duration_seconds": 885.75,
  "performance_metrics": {
    "total_processed": 461,
    "valid_configs": 244,
    "duplicates": 0,
    "failed_tests": 217,
    "success_rate": 52.93,
    "avg_latency_ms": 115.87,
    "avg_score": 99.23
  },
  "protocol_summary": {
    "vmess": {
      "count": 87,
      "avg_lat": 120.54022988505747,
      "avg_score": 99.19639846743294
    },
    "vless": {
      "count": 110,
      "avg_lat": 86.55454545454545,
      "avg_score": 99.4229696969697
    },
    "ss": {
      "count": 0,
      "avg_lat": 0.0,
      "avg_score": 0.0
    },
    "trojan": {
      "count": 47,
      "avg_lat": 175.82978723404256,
      "avg_score": 98.82780141843972
    }
  }
}