{
  "scan_timestamp": "2026-01-15T08:32:31.929553+00:00",
  "duration_seconds": 960.63,
  "performance_metrics": {
    "total_processed": 460,
    "valid_configs": 289,
    "duplicates": 0,
    "failed_tests": 171,
    "success_rate": 62.83,
    "avg_latency_ms": 110.6,
    "avg_score": 99.26
  },
  "protocol_summary": {
    "vmess": {
      "count": 90,
      "avg_lat": 74.97777777777777,
      "avg_score": 99.50014814814816
    },
    "vless": {
      "count": 134,
      "avg_lat": 107.3955223880597,
      "avg_score": 99.28402985074626
    },
    "ss": {
      "count": 0,
      "avg_lat": 0.0,
      "avg_score": 0.0
    },
    "trojan": {
      "count": 65,
      "avg_lat": 166.52307692307693,
      "avg_score": 98.88984615384615
    }
  }
}