{
  "scan_timestamp": "2026-01-20T20:18:26.801698+00:00",
  "duration_seconds": 872.43,
  "performance_metrics": {
    "total_processed": 470,
    "valid_configs": 239,
    "duplicates": 0,
    "failed_tests": 231,
    "success_rate": 50.85,
    "avg_latency_ms": 112.81,
    "avg_score": 99.25
  },
  "protocol_summary": {
    "vmess": {
      "count": 67,
      "avg_lat": 120.80597014925372,
      "avg_score": 99.19462686567164
    },
    "vless": {
      "count": 123,
      "avg_lat": 104.67479674796748,
      "avg_score": 99.30216802168022
    },
    "ss": {
      "count": 0,
      "avg_lat": 0.0,
      "avg_score": 0.0
    },
    "trojan": {
      "count": 49,
      "avg_lat": 122.3061224489796,
      "avg_score": 99.18462585034014
    }
  }
}