{
  "scan_timestamp": "2025-12-16T10:29:38.468596+00:00",
  "duration_seconds": 1004.67,
  "performance_metrics": {
    "total_processed": 477,
    "valid_configs": 278,
    "duplicates": 0,
    "failed_tests": 199,
    "success_rate": 58.28,
    "avg_latency_ms": 117.78,
    "avg_score": 99.21
  },
  "protocol_summary": {
    "vmess": {
      "count": 36,
      "avg_lat": 117.94444444444444,
      "avg_score": 99.2137037037037
    },
    "vless": {
      "count": 210,
      "avg_lat": 121.89047619047619,
      "avg_score": 99.18739682539682
    },
    "ss": {
      "count": 0,
      "avg_lat": 0.0,
      "avg_score": 0.0
    },
    "trojan": {
      "count": 32,
      "avg_lat": 90.65625,
      "avg_score": 99.395625
    }
  }
}