{
  "scan_timestamp": "2026-02-07T20:30:56.021315+00:00",
  "duration_seconds": 1051.52,
  "performance_metrics": {
    "total_processed": 483,
    "valid_configs": 305,
    "duplicates": 0,
    "failed_tests": 178,
    "success_rate": 63.15,
    "avg_latency_ms": 145.9,
    "avg_score": 99.03
  },
  "protocol_summary": {
    "vmess": {
      "count": 69,
      "avg_lat": 107.34782608695652,
      "avg_score": 99.28434782608696
    },
    "vless": {
      "count": 184,
      "avg_lat": 141.875,
      "avg_score": 99.05416666666667
    },
    "ss": {
      "count": 0,
      "avg_lat": 0.0,
      "avg_score": 0.0
    },
    "trojan": {
      "count": 52,
      "avg_lat": 211.30769230769232,
      "avg_score": 98.59128205128205
    }
  }
}