{
  "scan_timestamp": "2026-01-27T04:56:42.322649+00:00",
  "duration_seconds": 1123.37,
  "performance_metrics": {
    "total_processed": 479,
    "valid_configs": 343,
    "duplicates": 0,
    "failed_tests": 136,
    "success_rate": 71.61,
    "avg_latency_ms": 122.68,
    "avg_score": 99.18
  },
  "protocol_summary": {
    "vmess": {
      "count": 43,
      "avg_lat": 109.25581395348837,
      "avg_score": 99.27162790697675
    },
    "vless": {
      "count": 226,
      "avg_lat": 114.81858407079646,
      "avg_score": 99.23454277286136
    },
    "ss": {
      "count": 0,
      "avg_lat": 0.0,
      "avg_score": 0.0
    },
    "trojan": {
      "count": 74,
      "avg_lat": 154.5,
      "avg_score": 98.97
    }
  }
}