{
  "scan_timestamp": "2026-04-04T09:41:32.153628+00:00",
  "duration_seconds": 892.49,
  "performance_metrics": {
    "total_processed": 482,
    "valid_configs": 192,
    "duplicates": 0,
    "failed_tests": 290,
    "success_rate": 39.83,
    "avg_latency_ms": 143.53,
    "avg_score": 99.04
  },
  "protocol_summary": {
    "vmess": {
      "count": 2,
      "avg_lat": 630.5,
      "avg_score": 95.79666666666667
    },
    "vless": {
      "count": 186,
      "avg_lat": 138.80645161290323,
      "avg_score": 99.07462365591398
    },
    "ss": {
      "count": 2,
      "avg_lat": 152.0,
      "avg_score": 98.98666666666666
    },
    "trojan": {
      "count": 2,
      "avg_lat": 87.0,
      "avg_score": 99.42
    }
  }
}