{
  "scan_timestamp": "2026-04-02T19:55:47.725470+00:00",
  "duration_seconds": 937.74,
  "performance_metrics": {
    "total_processed": 487,
    "valid_configs": 205,
    "duplicates": 0,
    "failed_tests": 282,
    "success_rate": 42.09,
    "avg_latency_ms": 108.62,
    "avg_score": 99.28
  },
  "protocol_summary": {
    "vmess": {
      "count": 2,
      "avg_lat": 112.0,
      "avg_score": 99.25333333333333
    },
    "vless": {
      "count": 201,
      "avg_lat": 108.43283582089552,
      "avg_score": 99.2771144278607
    },
    "ss": {
      "count": 2,
      "avg_lat": 124.5,
      "avg_score": 99.16999999999999
    },
    "trojan": {
      "count": 0,
      "avg_lat": 0.0,
      "avg_score": 0.0
    }
  }
}