{
  "scan_timestamp": "2026-02-04T09:48:28.256332+00:00",
  "duration_seconds": 1029.41,
  "performance_metrics": {
    "total_processed": 482,
    "valid_configs": 294,
    "duplicates": 0,
    "failed_tests": 188,
    "success_rate": 61.0,
    "avg_latency_ms": 135.67,
    "avg_score": 99.1
  },
  "protocol_summary": {
    "vmess": {
      "count": 54,
      "avg_lat": 92.42592592592592,
      "avg_score": 99.38382716049382
    },
    "vless": {
      "count": 172,
      "avg_lat": 106.04069767441861,
      "avg_score": 99.29306201550388
    },
    "ss": {
      "count": 0,
      "avg_lat": 0.0,
      "avg_score": 0.0
    },
    "trojan": {
      "count": 68,
      "avg_lat": 244.9558823529412,
      "avg_score": 98.36696078431373
    }
  }
}