{
  "scan_timestamp": "2026-04-12T18:47:47.157021+00:00",
  "duration_seconds": 1034.11,
  "performance_metrics": {
    "total_processed": 482,
    "valid_configs": 252,
    "duplicates": 0,
    "failed_tests": 230,
    "success_rate": 52.28,
    "avg_latency_ms": 77.84,
    "avg_score": 99.48
  },
  "protocol_summary": {
    "vmess": {
      "count": 2,
      "avg_lat": 107.5,
      "avg_score": 99.28333333333333
    },
    "vless": {
      "count": 242,
      "avg_lat": 78.4504132231405,
      "avg_score": 99.47699724517906
    },
    "ss": {
      "count": 1,
      "avg_lat": 228.0,
      "avg_score": 98.48
    },
    "trojan": {
      "count": 7,
      "avg_lat": 26.714285714285715,
      "avg_score": 99.82190476190476
    }
  }
}