{
  "scan_timestamp": "2026-04-18T18:46:22.549013+00:00",
  "duration_seconds": 967.49,
  "performance_metrics": {
    "total_processed": 490,
    "valid_configs": 248,
    "duplicates": 0,
    "failed_tests": 242,
    "success_rate": 50.61,
    "avg_latency_ms": 83.21,
    "avg_score": 99.45
  },
  "protocol_summary": {
    "vmess": {
      "count": 2,
      "avg_lat": 137.5,
      "avg_score": 99.08333333333334
    },
    "vless": {
      "count": 240,
      "avg_lat": 83.38333333333334,
      "avg_score": 99.44411111111111
    },
    "ss": {
      "count": 0,
      "avg_lat": 0.0,
      "avg_score": 0.0
    },
    "trojan": {
      "count": 6,
      "avg_lat": 58.0,
      "avg_score": 99.61333333333333
    }
  }
}