{
  "scan_timestamp": "2026-01-23T21:25:33.426946+00:00",
  "duration_seconds": 871.58,
  "performance_metrics": {
    "total_processed": 432,
    "valid_configs": 234,
    "duplicates": 0,
    "failed_tests": 198,
    "success_rate": 54.17,
    "avg_latency_ms": 127.88,
    "avg_score": 99.15
  },
  "protocol_summary": {
    "vmess": {
      "count": 73,
      "avg_lat": 128.78082191780823,
      "avg_score": 99.14146118721462
    },
    "vless": {
      "count": 122,
      "avg_lat": 116.04098360655738,
      "avg_score": 99.22639344262296
    },
    "ss": {
      "count": 0,
      "avg_lat": 0.0,
      "avg_score": 0.0
    },
    "trojan": {
      "count": 39,
      "avg_lat": 163.25641025641025,
      "avg_score": 98.91162393162394
    }
  }
}