{
  "scan_timestamp": "2026-01-11T16:29:19.707365+00:00",
  "duration_seconds": 1044.89,
  "performance_metrics": {
    "total_processed": 472,
    "valid_configs": 301,
    "duplicates": 0,
    "failed_tests": 171,
    "success_rate": 63.77,
    "avg_latency_ms": 123.38,
    "avg_score": 99.18
  },
  "protocol_summary": {
    "vmess": {
      "count": 45,
      "avg_lat": 137.73333333333332,
      "avg_score": 99.08177777777779
    },
    "vless": {
      "count": 205,
      "avg_lat": 108.96585365853659,
      "avg_score": 99.27356097560977
    },
    "ss": {
      "count": 0,
      "avg_lat": 0.0,
      "avg_score": 0.0
    },
    "trojan": {
      "count": 51,
      "avg_lat": 168.64705882352942,
      "avg_score": 98.8756862745098
    }
  }
}