{
  "scan_timestamp": "2025-12-07T07:25:41.874941+00:00",
  "duration_seconds": 930.87,
  "performance_metrics": {
    "total_processed": 475,
    "valid_configs": 224,
    "duplicates": 0,
    "failed_tests": 251,
    "success_rate": 47.16,
    "avg_latency_ms": 189.29,
    "avg_score": 98.74
  },
  "protocol_summary": {
    "vmess": {
      "count": 46,
      "avg_lat": 384.0869565217391,
      "avg_score": 97.43942028985506
    },
    "vless": {
      "count": 130,
      "avg_lat": 96.24615384615385,
      "avg_score": 99.35835897435896
    },
    "ss": {
      "count": 0,
      "avg_lat": 0.0,
      "avg_score": 0.0
    },
    "trojan": {
      "count": 48,
      "avg_lat": 254.58333333333334,
      "avg_score": 98.30277777777779
    }
  }
}