{
  "scan_timestamp": "2025-12-21T21:24:35.742642+00:00",
  "duration_seconds": 937.97,
  "performance_metrics": {
    "total_processed": 471,
    "valid_configs": 263,
    "duplicates": 0,
    "failed_tests": 208,
    "success_rate": 55.84,
    "avg_latency_ms": 118.88,
    "avg_score": 99.21
  },
  "protocol_summary": {
    "vmess": {
      "count": 72,
      "avg_lat": 121.375,
      "avg_score": 99.19083333333333
    },
    "vless": {
      "count": 144,
      "avg_lat": 76.09722222222223,
      "avg_score": 99.49268518518518
    },
    "ss": {
      "count": 0,
      "avg_lat": 0.0,
      "avg_score": 0.0
    },
    "trojan": {
      "count": 47,
      "avg_lat": 246.12765957446808,
      "avg_score": 98.35914893617021
    }
  }
}