{
  "scan_timestamp": "2026-01-08T15:32:10.823017+00:00",
  "duration_seconds": 1057.51,
  "performance_metrics": {
    "total_processed": 477,
    "valid_configs": 316,
    "duplicates": 0,
    "failed_tests": 161,
    "success_rate": 66.25,
    "avg_latency_ms": 152.58,
    "avg_score": 98.98
  },
  "protocol_summary": {
    "vmess": {
      "count": 39,
      "avg_lat": 101.43589743589743,
      "avg_score": 99.32376068376068
    },
    "vless": {
      "count": 212,
      "avg_lat": 178.35377358490567,
      "avg_score": 98.8109748427673
    },
    "ss": {
      "count": 0,
      "avg_lat": 0.0,
      "avg_score": 0.0
    },
    "trojan": {
      "count": 65,
      "avg_lat": 99.21538461538462,
      "avg_score": 99.3385641025641
    }
  }
}