{
  "scan_timestamp": "2026-01-24T16:25:47.772476+00:00",
  "duration_seconds": 845.4,
  "performance_metrics": {
    "total_processed": 426,
    "valid_configs": 226,
    "duplicates": 0,
    "failed_tests": 200,
    "success_rate": 53.05,
    "avg_latency_ms": 97.83,
    "avg_score": 99.35
  },
  "protocol_summary": {
    "vmess": {
      "count": 57,
      "avg_lat": 99.33333333333333,
      "avg_score": 99.33777777777777
    },
    "vless": {
      "count": 133,
      "avg_lat": 96.66917293233082,
      "avg_score": 99.3555388471178
    },
    "ss": {
      "count": 0,
      "avg_lat": 0.0,
      "avg_score": 0.0
    },
    "trojan": {
      "count": 36,
      "avg_lat": 99.72222222222223,
      "avg_score": 99.33518518518518
    }
  }
}