{
  "scan_timestamp": "2026-04-16T01:38:44.364323+00:00",
  "duration_seconds": 1008.53,
  "performance_metrics": {
    "total_processed": 484,
    "valid_configs": 293,
    "duplicates": 0,
    "failed_tests": 191,
    "success_rate": 60.54,
    "avg_latency_ms": 64.29,
    "avg_score": 99.57
  },
  "protocol_summary": {
    "vmess": {
      "count": 2,
      "avg_lat": 126.0,
      "avg_score": 99.16
    },
    "vless": {
      "count": 274,
      "avg_lat": 58.167883211678834,
      "avg_score": 99.61221411192214
    },
    "ss": {
      "count": 0,
      "avg_lat": 0.0,
      "avg_score": 0.0
    },
    "trojan": {
      "count": 17,
      "avg_lat": 155.64705882352942,
      "avg_score": 98.96235294117646
    }
  }
}