{
  "scan_timestamp": "2026-04-10T17:56:42.049657+00:00",
  "duration_seconds": 1034.51,
  "performance_metrics": {
    "total_processed": 487,
    "valid_configs": 242,
    "duplicates": 0,
    "failed_tests": 245,
    "success_rate": 49.69,
    "avg_latency_ms": 114.96,
    "avg_score": 99.23
  },
  "protocol_summary": {
    "vmess": {
      "count": 2,
      "avg_lat": 652.0,
      "avg_score": 95.65333333333334
    },
    "vless": {
      "count": 231,
      "avg_lat": 111.27272727272727,
      "avg_score": 99.25818181818181
    },
    "ss": {
      "count": 1,
      "avg_lat": 197.0,
      "avg_score": 98.68666666666667
    },
    "trojan": {
      "count": 8,
      "avg_lat": 77.0,
      "avg_score": 99.48666666666666
    }
  }
}