{
  "scan_timestamp": "2026-02-20T06:03:18.987194+00:00",
  "duration_seconds": 1138.81,
  "performance_metrics": {
    "total_processed": 472,
    "valid_configs": 362,
    "duplicates": 0,
    "failed_tests": 110,
    "success_rate": 76.69,
    "avg_latency_ms": 67.35,
    "avg_score": 99.55
  },
  "protocol_summary": {
    "vmess": {
      "count": 64,
      "avg_lat": 67.453125,
      "avg_score": 99.5503125
    },
    "vless": {
      "count": 266,
      "avg_lat": 69.2406015037594,
      "avg_score": 99.53839598997493
    },
    "ss": {
      "count": 0,
      "avg_lat": 0.0,
      "avg_score": 0.0
    },
    "trojan": {
      "count": 32,
      "avg_lat": 51.4375,
      "avg_score": 99.65708333333333
    }
  }
}