{
  "scan_timestamp": "2025-12-16T11:27:36.762495+00:00",
  "duration_seconds": 1016.99,
  "performance_metrics": {
    "total_processed": 477,
    "valid_configs": 273,
    "duplicates": 0,
    "failed_tests": 204,
    "success_rate": 57.23,
    "avg_latency_ms": 94.95,
    "avg_score": 99.37
  },
  "protocol_summary": {
    "vmess": {
      "count": 35,
      "avg_lat": 106.4,
      "avg_score": 99.29066666666667
    },
    "vless": {
      "count": 207,
      "avg_lat": 87.3623188405797,
      "avg_score": 99.4175845410628
    },
    "ss": {
      "count": 0,
      "avg_lat": 0.0,
      "avg_score": 0.0
    },
    "trojan": {
      "count": 31,
      "avg_lat": 132.70967741935485,
      "avg_score": 99.1152688172043
    }
  }
}