{
  "scan_timestamp": "2026-03-22T11:18:10.829379+00:00",
  "duration_seconds": 230.6,
  "performance_metrics": {
    "total_processed": 341,
    "valid_configs": 42,
    "duplicates": 0,
    "failed_tests": 299,
    "success_rate": 12.32,
    "avg_latency_ms": 78.29,
    "avg_score": 99.48
  },
  "protocol_summary": {
    "vmess": {
      "count": 1,
      "avg_lat": 20.0,
      "avg_score": 99.86666666666666
    },
    "vless": {
      "count": 28,
      "avg_lat": 39.32142857142857,
      "avg_score": 99.73785714285714
    },
    "ss": {
      "count": 12,
      "avg_lat": 180.41666666666666,
      "avg_score": 98.79722222222222
    },
    "trojan": {
      "count": 1,
      "avg_lat": 2.0,
      "avg_score": 99.98666666666666
    }
  }
}