{
  "scan_timestamp": "2026-03-04T21:40:30.374603+00:00",
  "duration_seconds": 1082.41,
  "performance_metrics": {
    "total_processed": 473,
    "valid_configs": 325,
    "duplicates": 0,
    "failed_tests": 148,
    "success_rate": 68.71,
    "avg_latency_ms": 73.08,
    "avg_score": 99.51
  },
  "protocol_summary": {
    "vmess": {
      "count": 60,
      "avg_lat": 51.733333333333334,
      "avg_score": 99.65511111111111
    },
    "vless": {
      "count": 230,
      "avg_lat": 79.3,
      "avg_score": 99.47133333333333
    },
    "ss": {
      "count": 0,
      "avg_lat": 0.0,
      "avg_score": 0.0
    },
    "trojan": {
      "count": 35,
      "avg_lat": 68.82857142857142,
      "avg_score": 99.54114285714286
    }
  }
}