{
  "scan_timestamp": "2025-12-27T21:24:13.269748+00:00",
  "duration_seconds": 913.3,
  "performance_metrics": {
    "total_processed": 443,
    "valid_configs": 254,
    "duplicates": 0,
    "failed_tests": 189,
    "success_rate": 57.34,
    "avg_latency_ms": 91.83,
    "avg_score": 99.39
  },
  "protocol_summary": {
    "vmess": {
      "count": 45,
      "avg_lat": 86.6,
      "avg_score": 99.42266666666667
    },
    "vless": {
      "count": 165,
      "avg_lat": 88.72727272727273,
      "avg_score": 99.40848484848486
    },
    "ss": {
      "count": 0,
      "avg_lat": 0.0,
      "avg_score": 0.0
    },
    "trojan": {
      "count": 44,
      "avg_lat": 108.8409090909091,
      "avg_score": 99.27439393939395
    }
  }
}