{
  "scan_timestamp": "2026-07-17T17:18:07.831825+00:00",
  "duration_seconds": 463.51,
  "performance_metrics": {
    "total_processed": 376,
    "valid_configs": 146,
    "duplicates": 0,
    "failed_tests": 230,
    "success_rate": 38.83,
    "avg_latency_ms": 99.62,
    "avg_score": 99.34
  },
  "protocol_summary": {
    "vmess": {
      "count": 1,
      "avg_lat": 4.0,
      "avg_score": 99.97333333333333
    },
    "vless": {
      "count": 1,
      "avg_lat": 2.0,
      "avg_score": 99.98666666666666
    },
    "ss": {
      "count": 144,
      "avg_lat": 100.95833333333333,
      "avg_score": 99.32694444444445
    },
    "trojan": {
      "count": 0,
      "avg_lat": 0.0,
      "avg_score": 0.0
    }
  }
}