{
  "scan_timestamp": "2026-02-26T07:02:41.911191+00:00",
  "duration_seconds": 1104.97,
  "performance_metrics": {
    "total_processed": 473,
    "valid_configs": 333,
    "duplicates": 0,
    "failed_tests": 140,
    "success_rate": 70.4,
    "avg_latency_ms": 95.1,
    "avg_score": 99.37
  },
  "protocol_summary": {
    "vmess": {
      "count": 59,
      "avg_lat": 66.08474576271186,
      "avg_score": 99.5594350282486
    },
    "vless": {
      "count": 239,
      "avg_lat": 108.581589958159,
      "avg_score": 99.27612273361227
    },
    "ss": {
      "count": 0,
      "avg_lat": 0.0,
      "avg_score": 0.0
    },
    "trojan": {
      "count": 35,
      "avg_lat": 51.97142857142857,
      "avg_score": 99.65352380952382
    }
  }
}