{
  "scan_timestamp": "2026-03-30T06:39:29.940950+00:00",
  "duration_seconds": 1003.63,
  "performance_metrics": {
    "total_processed": 475,
    "valid_configs": 228,
    "duplicates": 0,
    "failed_tests": 247,
    "success_rate": 48.0,
    "avg_latency_ms": 69.36,
    "avg_score": 99.54
  },
  "protocol_summary": {
    "vmess": {
      "count": 17,
      "avg_lat": 115.6470588235294,
      "avg_score": 99.22901960784314
    },
    "vless": {
      "count": 203,
      "avg_lat": 65.34482758620689,
      "avg_score": 99.56436781609194
    },
    "ss": {
      "count": 3,
      "avg_lat": 71.66666666666667,
      "avg_score": 99.52222222222223
    },
    "trojan": {
      "count": 5,
      "avg_lat": 73.8,
      "avg_score": 99.50800000000001
    }
  }
}