{
  "scan_timestamp": "2026-02-02T10:50:51.037664+00:00",
  "duration_seconds": 1073.25,
  "performance_metrics": {
    "total_processed": 482,
    "valid_configs": 310,
    "duplicates": 0,
    "failed_tests": 172,
    "success_rate": 64.32,
    "avg_latency_ms": 125.38,
    "avg_score": 99.16
  },
  "protocol_summary": {
    "vmess": {
      "count": 79,
      "avg_lat": 111.82278481012658,
      "avg_score": 99.25451476793249
    },
    "vless": {
      "count": 180,
      "avg_lat": 95.55555555555556,
      "avg_score": 99.36296296296295
    },
    "ss": {
      "count": 0,
      "avg_lat": 0.0,
      "avg_score": 0.0
    },
    "trojan": {
      "count": 51,
      "avg_lat": 251.64705882352942,
      "avg_score": 98.32235294117646
    }
  }
}