{
  "scan_timestamp": "2026-02-24T09:58:31.341556+00:00",
  "duration_seconds": 1133.62,
  "performance_metrics": {
    "total_processed": 474,
    "valid_configs": 351,
    "duplicates": 0,
    "failed_tests": 123,
    "success_rate": 74.05,
    "avg_latency_ms": 109.83,
    "avg_score": 99.27
  },
  "protocol_summary": {
    "vmess": {
      "count": 67,
      "avg_lat": 101.4776119402985,
      "avg_score": 99.32348258706467
    },
    "vless": {
      "count": 247,
      "avg_lat": 121.96761133603239,
      "avg_score": 99.18688259109312
    },
    "trojan": {
      "count": 37,
      "avg_lat": 43.91891891891892,
      "avg_score": 99.7072072072072
    }
  }
}