{
  "scan_timestamp": "2026-01-23T11:28:22.044735+00:00",
  "duration_seconds": 993.52,
  "performance_metrics": {
    "total_processed": 465,
    "valid_configs": 282,
    "duplicates": 0,
    "failed_tests": 183,
    "success_rate": 60.65,
    "avg_latency_ms": 122.06,
    "avg_score": 99.19
  },
  "protocol_summary": {
    "vmess": {
      "count": 107,
      "avg_lat": 111.48598130841121,
      "avg_score": 99.2567601246106
    },
    "vless": {
      "count": 125,
      "avg_lat": 99.104,
      "avg_score": 99.33930666666667
    },
    "ss": {
      "count": 0,
      "avg_lat": 0.0,
      "avg_score": 0.0
    },
    "trojan": {
      "count": 50,
      "avg_lat": 202.1,
      "avg_score": 98.65266666666666
    }
  }
}