{
  "scan_timestamp": "2025-12-08T04:39:48.971202+00:00",
  "duration_seconds": 954.47,
  "performance_metrics": {
    "total_processed": 476,
    "valid_configs": 234,
    "duplicates": 0,
    "failed_tests": 242,
    "success_rate": 49.16,
    "avg_latency_ms": 188.41,
    "avg_score": 98.74
  },
  "protocol_summary": {
    "vmess": {
      "count": 45,
      "avg_lat": 270.0444444444444,
      "avg_score": 98.1997037037037
    },
    "vless": {
      "count": 105,
      "avg_lat": 130.52380952380952,
      "avg_score": 99.12984126984126
    },
    "ss": {
      "count": 0,
      "avg_lat": 0.0,
      "avg_score": 0.0
    },
    "trojan": {
      "count": 84,
      "avg_lat": 217.04761904761904,
      "avg_score": 98.55301587301587
    }
  }
}