{
  "scan_timestamp": "2025-12-21T08:28:17.481747+00:00",
  "duration_seconds": 888.54,
  "performance_metrics": {
    "total_processed": 467,
    "valid_configs": 255,
    "duplicates": 0,
    "failed_tests": 212,
    "success_rate": 54.6,
    "avg_latency_ms": 103.29,
    "avg_score": 99.31
  },
  "protocol_summary": {
    "vmess": {
      "count": 112,
      "avg_lat": 106.25,
      "avg_score": 99.29166666666666
    },
    "vless": {
      "count": 94,
      "avg_lat": 70.27659574468085,
      "avg_score": 99.53148936170211
    },
    "ss": {
      "count": 0,
      "avg_lat": 0.0,
      "avg_score": 0.0
    },
    "trojan": {
      "count": 49,
      "avg_lat": 159.83673469387756,
      "avg_score": 98.93442176870748
    }
  }
}