{
  "scan_timestamp": "2026-01-27T10:34:40.124833+00:00",
  "duration_seconds": 1134.17,
  "performance_metrics": {
    "total_processed": 479,
    "valid_configs": 342,
    "duplicates": 0,
    "failed_tests": 137,
    "success_rate": 71.4,
    "avg_latency_ms": 99.68,
    "avg_score": 99.34
  },
  "protocol_summary": {
    "vmess": {
      "count": 40,
      "avg_lat": 54.6,
      "avg_score": 99.636
    },
    "vless": {
      "count": 219,
      "avg_lat": 92.57077625570776,
      "avg_score": 99.38286149162862
    },
    "ss": {
      "count": 0,
      "avg_lat": 0.0,
      "avg_score": 0.0
    },
    "trojan": {
      "count": 83,
      "avg_lat": 140.14457831325302,
      "avg_score": 99.06570281124498
    }
  }
}