{
  "scan_timestamp": "2026-02-13T15:47:20.523085+00:00",
  "duration_seconds": 980.26,
  "performance_metrics": {
    "total_processed": 466,
    "valid_configs": 298,
    "duplicates": 0,
    "failed_tests": 168,
    "success_rate": 63.95,
    "avg_latency_ms": 138.16,
    "avg_score": 99.08
  },
  "protocol_summary": {
    "vmess": {
      "count": 81,
      "avg_lat": 160.02469135802468,
      "avg_score": 98.93316872427984
    },
    "vless": {
      "count": 172,
      "avg_lat": 130.8546511627907,
      "avg_score": 99.12763565891474
    },
    "ss": {
      "count": 0,
      "avg_lat": 0.0,
      "avg_score": 0.0
    },
    "trojan": {
      "count": 45,
      "avg_lat": 126.71111111111111,
      "avg_score": 99.15525925925925
    }
  }
}