{
  "scan_timestamp": "2025-12-12T01:05:36.786262+00:00",
  "duration_seconds": 903.68,
  "performance_metrics": {
    "total_processed": 474,
    "valid_configs": 215,
    "duplicates": 0,
    "failed_tests": 259,
    "success_rate": 45.36,
    "avg_latency_ms": 140.27,
    "avg_score": 99.06
  },
  "protocol_summary": {
    "vmess": {
      "count": 27,
      "avg_lat": 113.22222222222223,
      "avg_score": 99.24518518518518
    },
    "vless": {
      "count": 118,
      "avg_lat": 76.32203389830508,
      "avg_score": 99.49118644067796
    },
    "ss": {
      "count": 0,
      "avg_lat": 0.0,
      "avg_score": 0.0
    },
    "trojan": {
      "count": 70,
      "avg_lat": 258.51428571428573,
      "avg_score": 98.27657142857143
    }
  }
}