{
  "scan_timestamp": "2026-03-30T16:15:42.767817+00:00",
  "duration_seconds": 1013.53,
  "performance_metrics": {
    "total_processed": 474,
    "valid_configs": 233,
    "duplicates": 0,
    "failed_tests": 241,
    "success_rate": 49.16,
    "avg_latency_ms": 91.73,
    "avg_score": 99.39
  },
  "protocol_summary": {
    "vmess": {
      "count": 15,
      "avg_lat": 187.73333333333332,
      "avg_score": 98.74844444444444
    },
    "vless": {
      "count": 211,
      "avg_lat": 84.24644549763033,
      "avg_score": 99.4383570300158
    },
    "ss": {
      "count": 3,
      "avg_lat": 68.33333333333333,
      "avg_score": 99.54444444444444
    },
    "trojan": {
      "count": 4,
      "avg_lat": 143.75,
      "avg_score": 99.04166666666667
    }
  }
}