{
  "scan_timestamp": "2026-02-09T08:55:20.002821+00:00",
  "duration_seconds": 1091.44,
  "performance_metrics": {
    "total_processed": 478,
    "valid_configs": 337,
    "duplicates": 0,
    "failed_tests": 141,
    "success_rate": 70.5,
    "avg_latency_ms": 133.46,
    "avg_score": 99.11
  },
  "protocol_summary": {
    "vmess": {
      "count": 50,
      "avg_lat": 131.62,
      "avg_score": 99.12253333333334
    },
    "vless": {
      "count": 212,
      "avg_lat": 127.93396226415095,
      "avg_score": 99.147106918239
    },
    "ss": {
      "count": 0,
      "avg_lat": 0.0,
      "avg_score": 0.0
    },
    "trojan": {
      "count": 75,
      "avg_lat": 150.29333333333332,
      "avg_score": 98.99804444444445
    }
  }
}