{
  "scan_timestamp": "2026-01-11T22:25:22.300896+00:00",
  "duration_seconds": 920.56,
  "performance_metrics": {
    "total_processed": 457,
    "valid_configs": 261,
    "duplicates": 0,
    "failed_tests": 196,
    "success_rate": 57.11,
    "avg_latency_ms": 112.2,
    "avg_score": 99.25
  },
  "protocol_summary": {
    "vmess": {
      "count": 110,
      "avg_lat": 102.68181818181819,
      "avg_score": 99.31545454545456
    },
    "vless": {
      "count": 78,
      "avg_lat": 68.92307692307692,
      "avg_score": 99.54051282051282
    },
    "ss": {
      "count": 0,
      "avg_lat": 0.0,
      "avg_score": 0.0
    },
    "trojan": {
      "count": 73,
      "avg_lat": 172.78082191780823,
      "avg_score": 98.84812785388128
    }
  }
}