{
  "scan_timestamp": "2025-12-21T12:32:50.854907+00:00",
  "duration_seconds": 895.94,
  "performance_metrics": {
    "total_processed": 467,
    "valid_configs": 254,
    "duplicates": 0,
    "failed_tests": 213,
    "success_rate": 54.39,
    "avg_latency_ms": 127.98,
    "avg_score": 99.15
  },
  "protocol_summary": {
    "vmess": {
      "count": 110,
      "avg_lat": 108.51818181818182,
      "avg_score": 99.27654545454546
    },
    "vless": {
      "count": 89,
      "avg_lat": 112.62921348314607,
      "avg_score": 99.24913857677902
    },
    "ss": {
      "count": 0,
      "avg_lat": 0.0,
      "avg_score": 0.0
    },
    "trojan": {
      "count": 55,
      "avg_lat": 191.76363636363635,
      "avg_score": 98.72157575757575
    }
  }
}