{
  "scan_timestamp": "2026-04-14T21:58:13.054755+00:00",
  "duration_seconds": 1101.98,
  "performance_metrics": {
    "total_processed": 488,
    "valid_configs": 324,
    "duplicates": 0,
    "failed_tests": 164,
    "success_rate": 66.39,
    "avg_latency_ms": 41.8,
    "avg_score": 99.72
  },
  "protocol_summary": {
    "vmess": {
      "count": 2,
      "avg_lat": 107.0,
      "avg_score": 99.28666666666666
    },
    "vless": {
      "count": 307,
      "avg_lat": 39.63843648208469,
      "avg_score": 99.7357437567861
    },
    "ss": {
      "count": 0,
      "avg_lat": 0.0,
      "avg_score": 0.0
    },
    "trojan": {
      "count": 15,
      "avg_lat": 77.33333333333333,
      "avg_score": 99.48444444444445
    }
  }
}