{
  "scan_timestamp": "2026-04-23T17:20:36.640833+00:00",
  "duration_seconds": 813.96,
  "performance_metrics": {
    "total_processed": 479,
    "valid_configs": 195,
    "duplicates": 0,
    "failed_tests": 284,
    "success_rate": 40.71,
    "avg_latency_ms": 183.41,
    "avg_score": 98.78
  },
  "protocol_summary": {
    "vmess": {
      "count": 3,
      "avg_lat": 164.33333333333334,
      "avg_score": 98.90444444444445
    },
    "vless": {
      "count": 183,
      "avg_lat": 189.55737704918033,
      "avg_score": 98.73628415300547
    },
    "ss": {
      "count": 1,
      "avg_lat": 277.0,
      "avg_score": 98.15333333333334
    },
    "trojan": {
      "count": 8,
      "avg_lat": 38.125,
      "avg_score": 99.74583333333334
    }
  }
}