{
  "scan_timestamp": "2026-04-21T18:03:58.873440+00:00",
  "duration_seconds": 840.18,
  "performance_metrics": {
    "total_processed": 471,
    "valid_configs": 211,
    "duplicates": 0,
    "failed_tests": 260,
    "success_rate": 44.8,
    "avg_latency_ms": 125.76,
    "avg_score": 99.16
  },
  "protocol_summary": {
    "vmess": {
      "count": 4,
      "avg_lat": 127.75,
      "avg_score": 99.14833333333334
    },
    "vless": {
      "count": 198,
      "avg_lat": 128.5,
      "avg_score": 99.14333333333335
    },
    "ss": {
      "count": 2,
      "avg_lat": 193.0,
      "avg_score": 98.71333333333334
    },
    "trojan": {
      "count": 7,
      "avg_lat": 27.857142857142858,
      "avg_score": 99.81428571428572
    }
  }
}