{
  "scan_timestamp": "2025-12-13T18:29:22.496954+00:00",
  "duration_seconds": 962.77,
  "performance_metrics": {
    "total_processed": 475,
    "valid_configs": 236,
    "duplicates": 0,
    "failed_tests": 239,
    "success_rate": 49.68,
    "avg_latency_ms": 155.81,
    "avg_score": 98.96
  },
  "protocol_summary": {
    "vmess": {
      "count": 25,
      "avg_lat": 122.84,
      "avg_score": 99.18106666666667
    },
    "vless": {
      "count": 150,
      "avg_lat": 124.47333333333333,
      "avg_score": 99.17017777777778
    },
    "ss": {
      "count": 0,
      "avg_lat": 0.0,
      "avg_score": 0.0
    },
    "trojan": {
      "count": 61,
      "avg_lat": 246.37704918032787,
      "avg_score": 98.35748633879781
    }
  }
}