{
  "scan_timestamp": "2026-03-25T17:07:57.822772+00:00",
  "duration_seconds": 620.71,
  "performance_metrics": {
    "total_processed": 459,
    "valid_configs": 109,
    "duplicates": 0,
    "failed_tests": 350,
    "success_rate": 23.75,
    "avg_latency_ms": 93.49,
    "avg_score": 99.38
  },
  "protocol_summary": {
    "vmess": {
      "count": 2,
      "avg_lat": 91.5,
      "avg_score": 99.39
    },
    "vless": {
      "count": 97,
      "avg_lat": 95.96907216494846,
      "avg_score": 99.36020618556701
    },
    "ss": {
      "count": 3,
      "avg_lat": 157.33333333333334,
      "avg_score": 98.95111111111112
    },
    "trojan": {
      "count": 7,
      "avg_lat": 32.285714285714285,
      "avg_score": 99.78476190476191
    }
  }
}