{
  "scan_timestamp": "2026-02-26T20:41:54.132409+00:00",
  "duration_seconds": 1104.51,
  "performance_metrics": {
    "total_processed": 473,
    "valid_configs": 334,
    "duplicates": 0,
    "failed_tests": 139,
    "success_rate": 70.61,
    "avg_latency_ms": 88.57,
    "avg_score": 99.41
  },
  "protocol_summary": {
    "vmess": {
      "count": 62,
      "avg_lat": 79.95161290322581,
      "avg_score": 99.46698924731182
    },
    "vless": {
      "count": 237,
      "avg_lat": 93.15611814345992,
      "avg_score": 99.37895921237693
    },
    "ss": {
      "count": 0,
      "avg_lat": 0.0,
      "avg_score": 0.0
    },
    "trojan": {
      "count": 35,
      "avg_lat": 72.8,
      "avg_score": 99.51466666666667
    }
  }
}