{
  "scan_timestamp": "2026-04-02T22:37:20.298732+00:00",
  "duration_seconds": 954.85,
  "performance_metrics": {
    "total_processed": 486,
    "valid_configs": 205,
    "duplicates": 0,
    "failed_tests": 281,
    "success_rate": 42.18,
    "avg_latency_ms": 149.75,
    "avg_score": 99.0
  },
  "protocol_summary": {
    "vmess": {
      "count": 1,
      "avg_lat": 217.0,
      "avg_score": 98.55333333333333
    },
    "vless": {
      "count": 199,
      "avg_lat": 149.96482412060303,
      "avg_score": 99.00023450586264
    },
    "ss": {
      "count": 3,
      "avg_lat": 161.66666666666666,
      "avg_score": 98.92222222222222
    },
    "trojan": {
      "count": 2,
      "avg_lat": 77.0,
      "avg_score": 99.48666666666666
    }
  }
}