{
  "scan_timestamp": "2026-01-15T12:37:05.314966+00:00",
  "duration_seconds": 937.55,
  "performance_metrics": {
    "total_processed": 457,
    "valid_configs": 281,
    "duplicates": 0,
    "failed_tests": 176,
    "success_rate": 61.49,
    "avg_latency_ms": 115.49,
    "avg_score": 99.23
  },
  "protocol_summary": {
    "vmess": {
      "count": 85,
      "avg_lat": 77.7764705882353,
      "avg_score": 99.48149019607843
    },
    "vless": {
      "count": 118,
      "avg_lat": 101.36440677966101,
      "avg_score": 99.32423728813559
    },
    "ss": {
      "count": 0,
      "avg_lat": 0.0,
      "avg_score": 0.0
    },
    "trojan": {
      "count": 78,
      "avg_lat": 177.96153846153845,
      "avg_score": 98.81358974358974
    }
  }
}