{
  "scan_timestamp": "2026-01-25T21:26:12.814243+00:00",
  "duration_seconds": 1006.37,
  "performance_metrics": {
    "total_processed": 478,
    "valid_configs": 282,
    "duplicates": 0,
    "failed_tests": 196,
    "success_rate": 59.0,
    "avg_latency_ms": 124.3,
    "avg_score": 99.17
  },
  "protocol_summary": {
    "vmess": {
      "count": 74,
      "avg_lat": 37.67567567567568,
      "avg_score": 99.74882882882882
    },
    "vless": {
      "count": 170,
      "avg_lat": 158.04705882352943,
      "avg_score": 98.94635294117647
    },
    "ss": {
      "count": 0,
      "avg_lat": 0.0,
      "avg_score": 0.0
    },
    "trojan": {
      "count": 38,
      "avg_lat": 142.05263157894737,
      "avg_score": 99.05298245614036
    }
  }
}