{
  "scan_timestamp": "2026-02-07T15:32:30.250717+00:00",
  "duration_seconds": 1103.51,
  "performance_metrics": {
    "total_processed": 481,
    "valid_configs": 326,
    "duplicates": 0,
    "failed_tests": 155,
    "success_rate": 67.78,
    "avg_latency_ms": 119.46,
    "avg_score": 99.2
  },
  "protocol_summary": {
    "vmess": {
      "count": 68,
      "avg_lat": 82.48529411764706,
      "avg_score": 99.45009803921569
    },
    "vless": {
      "count": 200,
      "avg_lat": 114.05,
      "avg_score": 99.23966666666666
    },
    "ss": {
      "count": 0,
      "avg_lat": 0.0,
      "avg_score": 0.0
    },
    "trojan": {
      "count": 58,
      "avg_lat": 181.48275862068965,
      "avg_score": 98.79011494252873
    }
  }
}