{
  "scan_timestamp": "2026-02-08T20:31:47.861074+00:00",
  "duration_seconds": 1087.15,
  "performance_metrics": {
    "total_processed": 478,
    "valid_configs": 318,
    "duplicates": 0,
    "failed_tests": 160,
    "success_rate": 66.53,
    "avg_latency_ms": 119.04,
    "avg_score": 99.21
  },
  "protocol_summary": {
    "vmess": {
      "count": 57,
      "avg_lat": 91.9298245614035,
      "avg_score": 99.38713450292397
    },
    "vless": {
      "count": 217,
      "avg_lat": 130.5483870967742,
      "avg_score": 99.12967741935483
    },
    "ss": {
      "count": 0,
      "avg_lat": 0.0,
      "avg_score": 0.0
    },
    "trojan": {
      "count": 44,
      "avg_lat": 97.43181818181819,
      "avg_score": 99.35045454545455
    }
  }
}