{
  "scan_timestamp": "2026-01-22T20:29:34.814388+00:00",
  "duration_seconds": 957.4,
  "performance_metrics": {
    "total_processed": 458,
    "valid_configs": 272,
    "duplicates": 0,
    "failed_tests": 186,
    "success_rate": 59.39,
    "avg_latency_ms": 104.88,
    "avg_score": 99.3
  },
  "protocol_summary": {
    "vmess": {
      "count": 111,
      "avg_lat": 94.51351351351352,
      "avg_score": 99.36990990990991
    },
    "vless": {
      "count": 129,
      "avg_lat": 107.6124031007752,
      "avg_score": 99.28258397932817
    },
    "ss": {
      "count": 0,
      "avg_lat": 0.0,
      "avg_score": 0.0
    },
    "trojan": {
      "count": 32,
      "avg_lat": 129.84375,
      "avg_score": 99.134375
    }
  }
}