{
  "scan_timestamp": "2026-01-18T03:18:11.955366+00:00",
  "duration_seconds": 931.89,
  "performance_metrics": {
    "total_processed": 475,
    "valid_configs": 242,
    "duplicates": 0,
    "failed_tests": 233,
    "success_rate": 50.95,
    "avg_latency_ms": 107.65,
    "avg_score": 99.28
  },
  "protocol_summary": {
    "vmess": {
      "count": 65,
      "avg_lat": 80.55384615384615,
      "avg_score": 99.46297435897436
    },
    "vless": {
      "count": 124,
      "avg_lat": 84.56451612903226,
      "avg_score": 99.43623655913979
    },
    "ss": {
      "count": 0,
      "avg_lat": 0.0,
      "avg_score": 0.0
    },
    "trojan": {
      "count": 53,
      "avg_lat": 194.9056603773585,
      "avg_score": 98.7006289308176
    }
  }
}