{
  "scan_timestamp": "2025-12-11T07:31:01.621238+00:00",
  "duration_seconds": 897.69,
  "performance_metrics": {
    "total_processed": 472,
    "valid_configs": 208,
    "duplicates": 0,
    "failed_tests": 264,
    "success_rate": 44.07,
    "avg_latency_ms": 163.0,
    "avg_score": 98.91
  },
  "protocol_summary": {
    "vmess": {
      "count": 42,
      "avg_lat": 198.04761904761904,
      "avg_score": 98.67968253968255
    },
    "vless": {
      "count": 111,
      "avg_lat": 117.30630630630631,
      "avg_score": 99.21795795795795
    },
    "ss": {
      "count": 0,
      "avg_lat": 0.0,
      "avg_score": 0.0
    },
    "trojan": {
      "count": 55,
      "avg_lat": 228.43636363636364,
      "avg_score": 98.4770909090909
    }
  }
}