{
  "scan_timestamp": "2026-03-10T16:47:29.970978+00:00",
  "duration_seconds": 218.01,
  "performance_metrics": {
    "total_processed": 378,
    "valid_configs": 35,
    "duplicates": 0,
    "failed_tests": 343,
    "success_rate": 9.26,
    "avg_latency_ms": 151.8,
    "avg_score": 98.99
  },
  "protocol_summary": {
    "vmess": {
      "count": 3,
      "avg_lat": 793.0,
      "avg_score": 94.71333333333332
    },
    "vless": {
      "count": 30,
      "avg_lat": 92.66666666666667,
      "avg_score": 99.38222222222223
    },
    "ss": {
      "count": 1,
      "avg_lat": 152.0,
      "avg_score": 98.98666666666666
    },
    "trojan": {
      "count": 1,
      "avg_lat": 2.0,
      "avg_score": 99.98666666666666
    }
  }
}