{
  "scan_timestamp": "2025-12-25T04:09:37.468222+00:00",
  "duration_seconds": 892.55,
  "performance_metrics": {
    "total_processed": 435,
    "valid_configs": 236,
    "duplicates": 0,
    "failed_tests": 199,
    "success_rate": 54.25,
    "avg_latency_ms": 93.43,
    "avg_score": 99.38
  },
  "protocol_summary": {
    "vmess": {
      "count": 57,
      "avg_lat": 92.7719298245614,
      "avg_score": 99.38152046783627
    },
    "vless": {
      "count": 147,
      "avg_lat": 89.6734693877551,
      "avg_score": 99.4021768707483
    },
    "ss": {
      "count": 0,
      "avg_lat": 0.0,
      "avg_score": 0.0
    },
    "trojan": {
      "count": 32,
      "avg_lat": 111.875,
      "avg_score": 99.25416666666666
    }
  }
}