{
  "scan_timestamp": "2026-02-02T01:24:42.275702+00:00",
  "duration_seconds": 1223.1,
  "performance_metrics": {
    "total_processed": 488,
    "valid_configs": 386,
    "duplicates": 0,
    "failed_tests": 102,
    "success_rate": 79.1,
    "avg_latency_ms": 175.72,
    "avg_score": 98.83
  },
  "protocol_summary": {
    "vmess": {
      "count": 23,
      "avg_lat": 193.04347826086956,
      "avg_score": 98.71304347826087
    },
    "vless": {
      "count": 153,
      "avg_lat": 136.5359477124183,
      "avg_score": 99.08976034858388
    },
    "ss": {
      "count": 0,
      "avg_lat": 0.0,
      "avg_score": 0.0
    },
    "trojan": {
      "count": 210,
      "avg_lat": 202.36666666666667,
      "avg_score": 98.6508888888889
    }
  }
}