{
  "scan_timestamp": "2026-02-26T17:02:05.009952+00:00",
  "duration_seconds": 1108.24,
  "performance_metrics": {
    "total_processed": 473,
    "valid_configs": 335,
    "duplicates": 0,
    "failed_tests": 138,
    "success_rate": 70.82,
    "avg_latency_ms": 76.83,
    "avg_score": 99.49
  },
  "protocol_summary": {
    "vmess": {
      "count": 62,
      "avg_lat": 71.29032258064517,
      "avg_score": 99.5247311827957
    },
    "vless": {
      "count": 238,
      "avg_lat": 82.95378151260505,
      "avg_score": 99.44697478991597
    },
    "ss": {
      "count": 0,
      "avg_lat": 0.0,
      "avg_score": 0.0
    },
    "trojan": {
      "count": 35,
      "avg_lat": 45.0,
      "avg_score": 99.7
    }
  }
}