{
  "scan_timestamp": "2026-01-22T21:28:44.442392+00:00",
  "duration_seconds": 966.04,
  "performance_metrics": {
    "total_processed": 458,
    "valid_configs": 273,
    "duplicates": 0,
    "failed_tests": 185,
    "success_rate": 59.61,
    "avg_latency_ms": 95.33,
    "avg_score": 99.36
  },
  "protocol_summary": {
    "vmess": {
      "count": 111,
      "avg_lat": 103.45045045045045,
      "avg_score": 99.31033033033033
    },
    "vless": {
      "count": 130,
      "avg_lat": 81.35384615384615,
      "avg_score": 99.45764102564102
    },
    "ss": {
      "count": 0,
      "avg_lat": 0.0,
      "avg_score": 0.0
    },
    "trojan": {
      "count": 32,
      "avg_lat": 123.90625,
      "avg_score": 99.17395833333333
    }
  }
}