{
  "scan_timestamp": "2026-01-28T12:42:13.874791+00:00",
  "duration_seconds": 1106.61,
  "performance_metrics": {
    "total_processed": 485,
    "valid_configs": 349,
    "duplicates": 0,
    "failed_tests": 136,
    "success_rate": 71.96,
    "avg_latency_ms": 105.09,
    "avg_score": 99.3
  },
  "protocol_summary": {
    "vmess": {
      "count": 101,
      "avg_lat": 119.23762376237623,
      "avg_score": 99.20508250825083
    },
    "vless": {
      "count": 191,
      "avg_lat": 68.28795811518324,
      "avg_score": 99.54474694589877
    },
    "ss": {
      "count": 0,
      "avg_lat": 0.0,
      "avg_score": 0.0
    },
    "trojan": {
      "count": 57,
      "avg_lat": 203.31578947368422,
      "avg_score": 98.64456140350877
    }
  }
}