{
  "scan_timestamp": "2026-03-31T13:02:03.577963+00:00",
  "duration_seconds": 924.22,
  "performance_metrics": {
    "total_processed": 477,
    "valid_configs": 213,
    "duplicates": 0,
    "failed_tests": 264,
    "success_rate": 44.65,
    "avg_latency_ms": 116.56,
    "avg_score": 99.22
  },
  "protocol_summary": {
    "vmess": {
      "count": 10,
      "avg_lat": 141.1,
      "avg_score": 99.05933333333334
    },
    "vless": {
      "count": 202,
      "avg_lat": 115.39108910891089,
      "avg_score": 99.23072607260725
    },
    "ss": {
      "count": 0,
      "avg_lat": 0.0,
      "avg_score": 0.0
    },
    "trojan": {
      "count": 1,
      "avg_lat": 107.0,
      "avg_score": 99.28666666666666
    }
  }
}