{
  "scan_timestamp": "2026-01-15T22:26:46.300318+00:00",
  "duration_seconds": 907.28,
  "performance_metrics": {
    "total_processed": 458,
    "valid_configs": 265,
    "duplicates": 0,
    "failed_tests": 193,
    "success_rate": 57.86,
    "avg_latency_ms": 86.87,
    "avg_score": 99.42
  },
  "protocol_summary": {
    "vmess": {
      "count": 81,
      "avg_lat": 65.27160493827161,
      "avg_score": 99.56485596707819
    },
    "vless": {
      "count": 127,
      "avg_lat": 88.06299212598425,
      "avg_score": 99.41291338582677
    },
    "ss": {
      "count": 0,
      "avg_lat": 0.0,
      "avg_score": 0.0
    },
    "trojan": {
      "count": 57,
      "avg_lat": 114.91228070175438,
      "avg_score": 99.23391812865496
    }
  }
}