{
  "scan_timestamp": "2026-01-07T09:37:19.373112+00:00",
  "duration_seconds": 1136.23,
  "performance_metrics": {
    "total_processed": 482,
    "valid_configs": 347,
    "duplicates": 0,
    "failed_tests": 135,
    "success_rate": 71.99,
    "avg_latency_ms": 148.71,
    "avg_score": 99.01
  },
  "protocol_summary": {
    "vmess": {
      "count": 55,
      "avg_lat": 174.43636363636364,
      "avg_score": 98.8370909090909
    },
    "vless": {
      "count": 199,
      "avg_lat": 118.79899497487438,
      "avg_score": 99.2080067001675
    },
    "ss": {
      "count": 0,
      "avg_lat": 0.0,
      "avg_score": 0.0
    },
    "trojan": {
      "count": 93,
      "avg_lat": 197.51612903225808,
      "avg_score": 98.6832258064516
    }
  }
}