{
  "scan_timestamp": "2026-01-09T14:32:19.184747+00:00",
  "duration_seconds": 1102.98,
  "performance_metrics": {
    "total_processed": 473,
    "valid_configs": 340,
    "duplicates": 0,
    "failed_tests": 133,
    "success_rate": 71.88,
    "avg_latency_ms": 103.1,
    "avg_score": 99.31
  },
  "protocol_summary": {
    "vmess": {
      "count": 47,
      "avg_lat": 103.17021276595744,
      "avg_score": 99.31219858156028
    },
    "vless": {
      "count": 238,
      "avg_lat": 98.23529411764706,
      "avg_score": 99.3450980392157
    },
    "ss": {
      "count": 0,
      "avg_lat": 0.0,
      "avg_score": 0.0
    },
    "trojan": {
      "count": 55,
      "avg_lat": 124.10909090909091,
      "avg_score": 99.17260606060607
    }
  }
}