{
  "scan_timestamp": "2025-12-11T23:25:33.643910+00:00",
  "duration_seconds": 934.73,
  "performance_metrics": {
    "total_processed": 474,
    "valid_configs": 218,
    "duplicates": 0,
    "failed_tests": 256,
    "success_rate": 45.99,
    "avg_latency_ms": 179.19,
    "avg_score": 98.81
  },
  "protocol_summary": {
    "vmess": {
      "count": 27,
      "avg_lat": 82.77777777777777,
      "avg_score": 99.44814814814815
    },
    "vless": {
      "count": 120,
      "avg_lat": 128.71666666666667,
      "avg_score": 99.14188888888889
    },
    "ss": {
      "count": 0,
      "avg_lat": 0.0,
      "avg_score": 0.0
    },
    "trojan": {
      "count": 71,
      "avg_lat": 301.16901408450707,
      "avg_score": 97.99220657276996
    }
  }
}