{
  "scan_timestamp": "2026-06-30T16:30:14.528335+00:00",
  "duration_seconds": 442.18,
  "performance_metrics": {
    "total_processed": 445,
    "valid_configs": 135,
    "duplicates": 0,
    "failed_tests": 310,
    "success_rate": 30.34,
    "avg_latency_ms": 166.02,
    "avg_score": 98.89
  },
  "protocol_summary": {
    "vmess": {
      "count": 2,
      "avg_lat": 9.0,
      "avg_score": 99.94
    },
    "vless": {
      "count": 10,
      "avg_lat": 168.1,
      "avg_score": 98.87933333333334
    },
    "ss": {
      "count": 111,
      "avg_lat": 180.13513513513513,
      "avg_score": 98.79909909909911
    },
    "trojan": {
      "count": 12,
      "avg_lat": 59.916666666666664,
      "avg_score": 99.60055555555556
    }
  }
}