{
  "scan_timestamp": "2026-04-20T15:21:56.024352+00:00",
  "duration_seconds": 882.95,
  "performance_metrics": {
    "total_processed": 479,
    "valid_configs": 231,
    "duplicates": 0,
    "failed_tests": 248,
    "success_rate": 48.23,
    "avg_latency_ms": 78.02,
    "avg_score": 99.48
  },
  "protocol_summary": {
    "vmess": {
      "count": 4,
      "avg_lat": 134.0,
      "avg_score": 99.10666666666667
    },
    "vless": {
      "count": 218,
      "avg_lat": 77.6697247706422,
      "avg_score": 99.48220183486238
    },
    "ss": {
      "count": 2,
      "avg_lat": 133.5,
      "avg_score": 99.11
    },
    "trojan": {
      "count": 7,
      "avg_lat": 41.142857142857146,
      "avg_score": 99.72571428571429
    }
  }
}