{
  "scan_timestamp": "2025-12-12T12:35:48.555299+00:00",
  "duration_seconds": 930.19,
  "performance_metrics": {
    "total_processed": 477,
    "valid_configs": 231,
    "duplicates": 0,
    "failed_tests": 246,
    "success_rate": 48.43,
    "avg_latency_ms": 141.16,
    "avg_score": 99.06
  },
  "protocol_summary": {
    "vmess": {
      "count": 32,
      "avg_lat": 111.15625,
      "avg_score": 99.25895833333334
    },
    "vless": {
      "count": 117,
      "avg_lat": 91.6068376068376,
      "avg_score": 99.38928774928775
    },
    "ss": {
      "count": 0,
      "avg_lat": 0.0,
      "avg_score": 0.0
    },
    "trojan": {
      "count": 82,
      "avg_lat": 223.5609756097561,
      "avg_score": 98.50959349593496
    }
  }
}