{
  "scan_timestamp": "2026-01-07T04:16:21.284533+00:00",
  "duration_seconds": 1129.88,
  "performance_metrics": {
    "total_processed": 480,
    "valid_configs": 351,
    "duplicates": 0,
    "failed_tests": 129,
    "success_rate": 73.12,
    "avg_latency_ms": 139.42,
    "avg_score": 99.07
  },
  "protocol_summary": {
    "vmess": {
      "count": 46,
      "avg_lat": 115.58695652173913,
      "avg_score": 99.22942028985507
    },
    "vless": {
      "count": 203,
      "avg_lat": 142.91625615763547,
      "avg_score": 99.04722495894909
    },
    "ss": {
      "count": 7,
      "avg_lat": 211.57142857142858,
      "avg_score": 98.58952380952381
    },
    "trojan": {
      "count": 95,
      "avg_lat": 138.1578947368421,
      "avg_score": 99.07894736842105
    }
  }
}