{
  "scan_timestamp": "2026-02-04T14:11:25.499108+00:00",
  "duration_seconds": 1000.69,
  "performance_metrics": {
    "total_processed": 472,
    "valid_configs": 281,
    "duplicates": 0,
    "failed_tests": 191,
    "success_rate": 59.53,
    "avg_latency_ms": 121.55,
    "avg_score": 99.19
  },
  "protocol_summary": {
    "vmess": {
      "count": 54,
      "avg_lat": 94.85185185185185,
      "avg_score": 99.36765432098765
    },
    "vless": {
      "count": 163,
      "avg_lat": 89.3558282208589,
      "avg_score": 99.4042944785276
    },
    "ss": {
      "count": 0,
      "avg_lat": 0.0,
      "avg_score": 0.0
    },
    "trojan": {
      "count": 64,
      "avg_lat": 226.0625,
      "avg_score": 98.49291666666666
    }
  }
}