{
  "scan_timestamp": "2026-01-13T04:51:16.991862+00:00",
  "duration_seconds": 1016.68,
  "performance_metrics": {
    "total_processed": 473,
    "valid_configs": 314,
    "duplicates": 0,
    "failed_tests": 159,
    "success_rate": 66.38,
    "avg_latency_ms": 117.95,
    "avg_score": 99.21
  },
  "protocol_summary": {
    "vmess": {
      "count": 98,
      "avg_lat": 96.4795918367347,
      "avg_score": 99.35680272108844
    },
    "vless": {
      "count": 151,
      "avg_lat": 93.05960264900662,
      "avg_score": 99.37960264900661
    },
    "ss": {
      "count": 0,
      "avg_lat": 0.0,
      "avg_score": 0.0
    },
    "trojan": {
      "count": 65,
      "avg_lat": 208.12307692307692,
      "avg_score": 98.61251282051282
    }
  }
}