{
  "scan_timestamp": "2026-03-23T10:53:19.645565+00:00",
  "duration_seconds": 713.1,
  "performance_metrics": {
    "total_processed": 462,
    "valid_configs": 130,
    "duplicates": 0,
    "failed_tests": 332,
    "success_rate": 28.14,
    "avg_latency_ms": 81.68,
    "avg_score": 99.46
  },
  "protocol_summary": {
    "vmess": {
      "count": 1,
      "avg_lat": 29.0,
      "avg_score": 99.80666666666667
    },
    "vless": {
      "count": 117,
      "avg_lat": 82.08547008547009,
      "avg_score": 99.45276353276353
    },
    "ss": {
      "count": 3,
      "avg_lat": 121.66666666666667,
      "avg_score": 99.18888888888888
    },
    "trojan": {
      "count": 9,
      "avg_lat": 68.88888888888889,
      "avg_score": 99.54074074074074
    }
  }
}