{
  "scan_timestamp": "2026-01-18T14:25:13.807050+00:00",
  "duration_seconds": 935.77,
  "performance_metrics": {
    "total_processed": 459,
    "valid_configs": 268,
    "duplicates": 0,
    "failed_tests": 191,
    "success_rate": 58.39,
    "avg_latency_ms": 147.72,
    "avg_score": 99.02
  },
  "protocol_summary": {
    "vmess": {
      "count": 62,
      "avg_lat": 95.54838709677419,
      "avg_score": 99.36301075268817
    },
    "vless": {
      "count": 137,
      "avg_lat": 164.82481751824818,
      "avg_score": 98.90116788321168
    },
    "ss": {
      "count": 0,
      "avg_lat": 0.0,
      "avg_score": 0.0
    },
    "trojan": {
      "count": 69,
      "avg_lat": 160.6231884057971,
      "avg_score": 98.92917874396136
    }
  }
}