{
  "scan_timestamp": "2026-07-08T00:16:09.899035+00:00",
  "duration_seconds": 483.72,
  "performance_metrics": {
    "total_processed": 460,
    "valid_configs": 153,
    "duplicates": 0,
    "failed_tests": 307,
    "success_rate": 33.26,
    "avg_latency_ms": 147.78,
    "avg_score": 99.01
  },
  "protocol_summary": {
    "vless": {
      "count": 1,
      "avg_lat": 183.0,
      "avg_score": 98.78
    },
    "ss": {
      "count": 138,
      "avg_lat": 157.7826086956522,
      "avg_score": 98.94811594202899
    },
    "trojan": {
      "count": 14,
      "avg_lat": 46.714285714285715,
      "avg_score": 99.68857142857144
    }
  }
}