{
  "scan_timestamp": "2026-02-16T07:20:22.051579+00:00",
  "duration_seconds": 1084.13,
  "performance_metrics": {
    "total_processed": 459,
    "valid_configs": 329,
    "duplicates": 0,
    "failed_tests": 130,
    "success_rate": 71.68,
    "avg_latency_ms": 114.84,
    "avg_score": 99.23
  },
  "protocol_summary": {
    "vmess": {
      "count": 64,
      "avg_lat": 117.90625,
      "avg_score": 99.21395833333334
    },
    "vless": {
      "count": 219,
      "avg_lat": 114.15068493150685,
      "avg_score": 99.23899543378995
    },
    "ss": {
      "count": 0,
      "avg_lat": 0.0,
      "avg_score": 0.0
    },
    "trojan": {
      "count": 46,
      "avg_lat": 113.8695652173913,
      "avg_score": 99.2408695652174
    }
  }
}