{
  "scan_timestamp": "2026-01-13T20:29:31.191247+00:00",
  "duration_seconds": 989.6,
  "performance_metrics": {
    "total_processed": 437,
    "valid_configs": 283,
    "duplicates": 0,
    "failed_tests": 154,
    "success_rate": 64.76,
    "avg_latency_ms": 107.47,
    "avg_score": 99.28
  },
  "protocol_summary": {
    "vmess": {
      "count": 61,
      "avg_lat": 118.01639344262296,
      "avg_score": 99.21322404371585
    },
    "vless": {
      "count": 178,
      "avg_lat": 101.46629213483146,
      "avg_score": 99.32355805243446
    },
    "ss": {
      "count": 0,
      "avg_lat": 0.0,
      "avg_score": 0.0
    },
    "trojan": {
      "count": 44,
      "avg_lat": 117.11363636363636,
      "avg_score": 99.21924242424242
    }
  }
}