{
  "scan_timestamp": "2026-04-14T12:09:33.615888+00:00",
  "duration_seconds": 1200.42,
  "performance_metrics": {
    "total_processed": 481,
    "valid_configs": 370,
    "duplicates": 0,
    "failed_tests": 111,
    "success_rate": 76.92,
    "avg_latency_ms": 72.86,
    "avg_score": 99.51
  },
  "protocol_summary": {
    "vmess": {
      "count": 60,
      "avg_lat": 74.48333333333333,
      "avg_score": 99.50344444444445
    },
    "vless": {
      "count": 290,
      "avg_lat": 69.52758620689656,
      "avg_score": 99.53648275862069
    },
    "ss": {
      "count": 0,
      "avg_lat": 0.0,
      "avg_score": 0.0
    },
    "trojan": {
      "count": 20,
      "avg_lat": 116.4,
      "avg_score": 99.224
    }
  }
}