{
  "scan_timestamp": "2026-01-01T12:37:35.692625+00:00",
  "duration_seconds": 1035.19,
  "performance_metrics": {
    "total_processed": 477,
    "valid_configs": 275,
    "duplicates": 0,
    "failed_tests": 202,
    "success_rate": 57.65,
    "avg_latency_ms": 94.06,
    "avg_score": 99.37
  },
  "protocol_summary": {
    "vmess": {
      "count": 49,
      "avg_lat": 99.59183673469387,
      "avg_score": 99.3360544217687
    },
    "vless": {
      "count": 208,
      "avg_lat": 88.98557692307692,
      "avg_score": 99.40676282051282
    },
    "ss": {
      "count": 0,
      "avg_lat": 0.0,
      "avg_score": 0.0
    },
    "trojan": {
      "count": 18,
      "avg_lat": 137.66666666666666,
      "avg_score": 99.08222222222223
    }
  }
}