{
  "scan_timestamp": "2025-12-28T09:25:39.264556+00:00",
  "duration_seconds": 898.31,
  "performance_metrics": {
    "total_processed": 437,
    "valid_configs": 244,
    "duplicates": 0,
    "failed_tests": 193,
    "success_rate": 55.84,
    "avg_latency_ms": 96.53,
    "avg_score": 99.36
  },
  "protocol_summary": {
    "vmess": {
      "count": 47,
      "avg_lat": 111.65957446808511,
      "avg_score": 99.25560283687943
    },
    "vless": {
      "count": 164,
      "avg_lat": 89.32317073170732,
      "avg_score": 99.40451219512195
    },
    "ss": {
      "count": 0,
      "avg_lat": 0.0,
      "avg_score": 0.0
    },
    "trojan": {
      "count": 33,
      "avg_lat": 110.78787878787878,
      "avg_score": 99.26141414141414
    }
  }
}