{
  "scan_timestamp": "2026-01-05T12:40:35.272884+00:00",
  "duration_seconds": 1143.82,
  "performance_metrics": {
    "total_processed": 482,
    "valid_configs": 352,
    "duplicates": 0,
    "failed_tests": 130,
    "success_rate": 73.03,
    "avg_latency_ms": 129.33,
    "avg_score": 99.14
  },
  "protocol_summary": {
    "vmess": {
      "count": 29,
      "avg_lat": 120.13793103448276,
      "avg_score": 99.19908045977012
    },
    "vless": {
      "count": 263,
      "avg_lat": 109.22433460076046,
      "avg_score": 99.27183776932826
    },
    "ss": {
      "count": 0,
      "avg_lat": 0.0,
      "avg_score": 0.0
    },
    "trojan": {
      "count": 60,
      "avg_lat": 221.91666666666666,
      "avg_score": 98.52055555555556
    }
  }
}