{
  "scan_timestamp": "2026-02-06T16:48:39.465631+00:00",
  "duration_seconds": 1076.32,
  "performance_metrics": {
    "total_processed": 481,
    "valid_configs": 305,
    "duplicates": 0,
    "failed_tests": 176,
    "success_rate": 63.41,
    "avg_latency_ms": 172.48,
    "avg_score": 98.85
  },
  "protocol_summary": {
    "vmess": {
      "count": 50,
      "avg_lat": 115.08,
      "avg_score": 99.23280000000001
    },
    "vless": {
      "count": 185,
      "avg_lat": 175.38918918918918,
      "avg_score": 98.83073873873875
    },
    "ss": {
      "count": 0,
      "avg_lat": 0.0,
      "avg_score": 0.0
    },
    "trojan": {
      "count": 70,
      "avg_lat": 205.77142857142857,
      "avg_score": 98.62819047619048
    }
  }
}