{
  "scan_timestamp": "2025-12-22T06:35:03.496718+00:00",
  "duration_seconds": 969.19,
  "performance_metrics": {
    "total_processed": 461,
    "valid_configs": 262,
    "duplicates": 0,
    "failed_tests": 199,
    "success_rate": 56.83,
    "avg_latency_ms": 107.83,
    "avg_score": 99.28
  },
  "protocol_summary": {
    "vmess": {
      "count": 53,
      "avg_lat": 108.15094339622641,
      "avg_score": 99.27899371069182
    },
    "vless": {
      "count": 155,
      "avg_lat": 53.696774193548386,
      "avg_score": 99.64202150537633
    },
    "ss": {
      "count": 0,
      "avg_lat": 0.0,
      "avg_score": 0.0
    },
    "trojan": {
      "count": 54,
      "avg_lat": 262.9074074074074,
      "avg_score": 98.24728395061729
    }
  }
}