{
  "scan_timestamp": "2025-12-06T22:25:23.630670+00:00",
  "duration_seconds": 974.19,
  "performance_metrics": {
    "total_processed": 475,
    "valid_configs": 252,
    "duplicates": 0,
    "failed_tests": 223,
    "success_rate": 53.05,
    "avg_latency_ms": 171.34,
    "avg_score": 98.86
  },
  "protocol_summary": {
    "vmess": {
      "count": 62,
      "avg_lat": 256.258064516129,
      "avg_score": 98.29161290322581
    },
    "vless": {
      "count": 130,
      "avg_lat": 126.06923076923077,
      "avg_score": 99.15953846153846
    },
    "ss": {
      "count": 0,
      "avg_lat": 0.0,
      "avg_score": 0.0
    },
    "trojan": {
      "count": 60,
      "avg_lat": 181.66666666666666,
      "avg_score": 98.78888888888888
    }
  }
}