{
  "scan_timestamp": "2026-02-07T08:35:16.568971+00:00",
  "duration_seconds": 1085.29,
  "performance_metrics": {
    "total_processed": 484,
    "valid_configs": 315,
    "duplicates": 0,
    "failed_tests": 169,
    "success_rate": 65.08,
    "avg_latency_ms": 144.49,
    "avg_score": 99.04
  },
  "protocol_summary": {
    "vmess": {
      "count": 64,
      "avg_lat": 119.203125,
      "avg_score": 99.2053125
    },
    "vless": {
      "count": 204,
      "avg_lat": 136.58333333333334,
      "avg_score": 99.08944444444444
    },
    "ss": {
      "count": 0,
      "avg_lat": 0.0,
      "avg_score": 0.0
    },
    "trojan": {
      "count": 47,
      "avg_lat": 213.25531914893617,
      "avg_score": 98.57829787234043
    }
  }
}