{
  "scan_timestamp": "2026-02-03T08:41:11.483767+00:00",
  "duration_seconds": 992.07,
  "performance_metrics": {
    "total_processed": 467,
    "valid_configs": 273,
    "duplicates": 0,
    "failed_tests": 194,
    "success_rate": 58.46,
    "avg_latency_ms": 138.06,
    "avg_score": 99.08
  },
  "protocol_summary": {
    "vmess": {
      "count": 83,
      "avg_lat": 68.49397590361446,
      "avg_score": 99.5433734939759
    },
    "vless": {
      "count": 144,
      "avg_lat": 103.15972222222223,
      "avg_score": 99.31226851851852
    },
    "ss": {
      "count": 0,
      "avg_lat": 0.0,
      "avg_score": 0.0
    },
    "trojan": {
      "count": 46,
      "avg_lat": 372.82608695652175,
      "avg_score": 97.5144927536232
    }
  }
}