{
  "scan_timestamp": "2025-12-19T17:26:01.068767+00:00",
  "duration_seconds": 915.29,
  "performance_metrics": {
    "total_processed": 463,
    "valid_configs": 244,
    "duplicates": 0,
    "failed_tests": 219,
    "success_rate": 52.7,
    "avg_latency_ms": 95.81,
    "avg_score": 99.36
  },
  "protocol_summary": {
    "vmess": {
      "count": 86,
      "avg_lat": 137.53488372093022,
      "avg_score": 99.08310077519381
    },
    "vless": {
      "count": 125,
      "avg_lat": 53.48,
      "avg_score": 99.64346666666665
    },
    "ss": {
      "count": 0,
      "avg_lat": 0.0,
      "avg_score": 0.0
    },
    "trojan": {
      "count": 33,
      "avg_lat": 147.3939393939394,
      "avg_score": 99.01737373737373
    }
  }
}