{
  "scan_timestamp": "2026-03-05T10:45:32.752706+00:00",
  "duration_seconds": 1082.14,
  "performance_metrics": {
    "total_processed": 473,
    "valid_configs": 325,
    "duplicates": 0,
    "failed_tests": 148,
    "success_rate": 68.71,
    "avg_latency_ms": 91.79,
    "avg_score": 99.39
  },
  "protocol_summary": {
    "vmess": {
      "count": 60,
      "avg_lat": 54.05,
      "avg_score": 99.63966666666667
    },
    "vless": {
      "count": 230,
      "avg_lat": 103.15217391304348,
      "avg_score": 99.3123188405797
    },
    "ss": {
      "count": 0,
      "avg_lat": 0.0,
      "avg_score": 0.0
    },
    "trojan": {
      "count": 35,
      "avg_lat": 81.82857142857142,
      "avg_score": 99.4544761904762
    }
  }
}