{
  "scan_timestamp": "2025-12-10T14:27:27.960962+00:00",
  "duration_seconds": 859.9,
  "performance_metrics": {
    "total_processed": 467,
    "valid_configs": 186,
    "duplicates": 0,
    "failed_tests": 281,
    "success_rate": 39.83,
    "avg_latency_ms": 138.4,
    "avg_score": 99.08
  },
  "protocol_summary": {
    "vmess": {
      "count": 29,
      "avg_lat": 132.0,
      "avg_score": 99.12
    },
    "vless": {
      "count": 98,
      "avg_lat": 139.4387755102041,
      "avg_score": 99.0704081632653
    },
    "ss": {
      "count": 0,
      "avg_lat": 0.0,
      "avg_score": 0.0
    },
    "trojan": {
      "count": 59,
      "avg_lat": 139.83050847457628,
      "avg_score": 99.0677966101695
    }
  }
}