{
  "scan_timestamp": "2025-12-07T01:10:39.004188+00:00",
  "duration_seconds": 974.15,
  "performance_metrics": {
    "total_processed": 475,
    "valid_configs": 253,
    "duplicates": 0,
    "failed_tests": 222,
    "success_rate": 53.26,
    "avg_latency_ms": 151.25,
    "avg_score": 98.99
  },
  "protocol_summary": {
    "vmess": {
      "count": 63,
      "avg_lat": 144.85714285714286,
      "avg_score": 99.03428571428572
    },
    "vless": {
      "count": 130,
      "avg_lat": 132.57692307692307,
      "avg_score": 99.11615384615385
    },
    "ss": {
      "count": 0,
      "avg_lat": 0.0,
      "avg_score": 0.0
    },
    "trojan": {
      "count": 60,
      "avg_lat": 198.43333333333334,
      "avg_score": 98.67711111111112
    }
  }
}