{
  "scan_timestamp": "2026-01-10T13:37:38.337578+00:00",
  "duration_seconds": 896.35,
  "performance_metrics": {
    "total_processed": 454,
    "valid_configs": 275,
    "duplicates": 0,
    "failed_tests": 179,
    "success_rate": 60.57,
    "avg_latency_ms": 148.34,
    "avg_score": 99.01
  },
  "protocol_summary": {
    "vmess": {
      "count": 30,
      "avg_lat": 133.7,
      "avg_score": 99.10866666666668
    },
    "vless": {
      "count": 172,
      "avg_lat": 141.59302325581396,
      "avg_score": 99.0560465116279
    },
    "ss": {
      "count": 0,
      "avg_lat": 0.0,
      "avg_score": 0.0
    },
    "trojan": {
      "count": 73,
      "avg_lat": 170.26027397260273,
      "avg_score": 98.86493150684932
    }
  }
}