{
  "scan_timestamp": "2025-12-29T10:27:59.279346+00:00",
  "duration_seconds": 910.6,
  "performance_metrics": {
    "total_processed": 443,
    "valid_configs": 241,
    "duplicates": 0,
    "failed_tests": 202,
    "success_rate": 54.4,
    "avg_latency_ms": 93.43,
    "avg_score": 99.38
  },
  "protocol_summary": {
    "vmess": {
      "count": 49,
      "avg_lat": 98.59183673469387,
      "avg_score": 99.34272108843537
    },
    "vless": {
      "count": 165,
      "avg_lat": 82.43030303030304,
      "avg_score": 99.45046464646465
    },
    "ss": {
      "count": 0,
      "avg_lat": 0.0,
      "avg_score": 0.0
    },
    "trojan": {
      "count": 27,
      "avg_lat": 151.2962962962963,
      "avg_score": 98.99135802469137
    }
  }
}