{
  "scan_timestamp": "2026-02-10T13:02:10.755461+00:00",
  "duration_seconds": 1103.99,
  "performance_metrics": {
    "total_processed": 473,
    "valid_configs": 337,
    "duplicates": 0,
    "failed_tests": 136,
    "success_rate": 71.25,
    "avg_latency_ms": 119.04,
    "avg_score": 99.21
  },
  "protocol_summary": {
    "vmess": {
      "count": 53,
      "avg_lat": 154.0188679245283,
      "avg_score": 98.9732075471698
    },
    "vless": {
      "count": 188,
      "avg_lat": 111.87234042553192,
      "avg_score": 99.25418439716312
    },
    "ss": {
      "count": 0,
      "avg_lat": 0.0,
      "avg_score": 0.0
    },
    "trojan": {
      "count": 96,
      "avg_lat": 113.76041666666667,
      "avg_score": 99.24159722222221
    }
  }
}