{
  "scan_timestamp": "2026-03-05T06:53:30.119307+00:00",
  "duration_seconds": 1083.99,
  "performance_metrics": {
    "total_processed": 473,
    "valid_configs": 324,
    "duplicates": 0,
    "failed_tests": 149,
    "success_rate": 68.5,
    "avg_latency_ms": 95.87,
    "avg_score": 99.36
  },
  "protocol_summary": {
    "vmess": {
      "count": 60,
      "avg_lat": 63.81666666666667,
      "avg_score": 99.57455555555556
    },
    "vless": {
      "count": 229,
      "avg_lat": 108.60262008733625,
      "avg_score": 99.2759825327511
    },
    "ss": {
      "count": 0,
      "avg_lat": 0.0,
      "avg_score": 0.0
    },
    "trojan": {
      "count": 35,
      "avg_lat": 67.48571428571428,
      "avg_score": 99.55009523809524
    }
  }
}