{
  "scan_timestamp": "2026-03-29T04:43:07.045970+00:00",
  "duration_seconds": 964.2,
  "performance_metrics": {
    "total_processed": 477,
    "valid_configs": 202,
    "duplicates": 0,
    "failed_tests": 275,
    "success_rate": 42.35,
    "avg_latency_ms": 86.11,
    "avg_score": 99.43
  },
  "protocol_summary": {
    "vmess": {
      "count": 17,
      "avg_lat": 99.11764705882354,
      "avg_score": 99.33921568627451
    },
    "vless": {
      "count": 181,
      "avg_lat": 82.93370165745857,
      "avg_score": 99.44710865561694
    },
    "ss": {
      "count": 1,
      "avg_lat": 135.0,
      "avg_score": 99.1
    },
    "trojan": {
      "count": 3,
      "avg_lat": 187.66666666666666,
      "avg_score": 98.74888888888889
    }
  }
}