{
  "scan_timestamp": "2026-03-14T15:21:20.830338+00:00",
  "duration_seconds": 274.6,
  "performance_metrics": {
    "total_processed": 360,
    "valid_configs": 60,
    "duplicates": 0,
    "failed_tests": 300,
    "success_rate": 16.67,
    "avg_latency_ms": 87.57,
    "avg_score": 99.42
  },
  "protocol_summary": {
    "vmess": {
      "count": 2,
      "avg_lat": 17.0,
      "avg_score": 99.88666666666667
    },
    "vless": {
      "count": 28,
      "avg_lat": 48.67857142857143,
      "avg_score": 99.67547619047619
    },
    "ss": {
      "count": 29,
      "avg_lat": 132.9655172413793,
      "avg_score": 99.11356321839081
    },
    "trojan": {
      "count": 1,
      "avg_lat": 1.0,
      "avg_score": 99.99333333333334
    }
  }
}