{
  "scan_timestamp": "2026-01-03T10:27:37.223754+00:00",
  "duration_seconds": 1028.12,
  "performance_metrics": {
    "total_processed": 470,
    "valid_configs": 304,
    "duplicates": 0,
    "failed_tests": 166,
    "success_rate": 64.68,
    "avg_latency_ms": 117.89,
    "avg_score": 99.21
  },
  "protocol_summary": {
    "vmess": {
      "count": 57,
      "avg_lat": 210.33333333333334,
      "avg_score": 98.59777777777778
    },
    "vless": {
      "count": 203,
      "avg_lat": 99.51231527093596,
      "avg_score": 99.33658456486043
    },
    "ss": {
      "count": 0,
      "avg_lat": 0.0,
      "avg_score": 0.0
    },
    "trojan": {
      "count": 44,
      "avg_lat": 82.95454545454545,
      "avg_score": 99.4469696969697
    }
  }
}