{
  "scan_timestamp": "2026-01-19T15:29:01.486587+00:00",
  "duration_seconds": 809.69,
  "performance_metrics": {
    "total_processed": 420,
    "valid_configs": 214,
    "duplicates": 0,
    "failed_tests": 206,
    "success_rate": 50.95,
    "avg_latency_ms": 119.71,
    "avg_score": 99.2
  },
  "protocol_summary": {
    "vmess": {
      "count": 61,
      "avg_lat": 103.90163934426229,
      "avg_score": 99.30732240437159
    },
    "vless": {
      "count": 110,
      "avg_lat": 101.73636363636363,
      "avg_score": 99.32175757575757
    },
    "ss": {
      "count": 0,
      "avg_lat": 0.0,
      "avg_score": 0.0
    },
    "trojan": {
      "count": 43,
      "avg_lat": 188.09302325581396,
      "avg_score": 98.74604651162791
    }
  }
}