{
  "scan_timestamp": "2026-01-20T11:30:34.385919+00:00",
  "duration_seconds": 943.39,
  "performance_metrics": {
    "total_processed": 474,
    "valid_configs": 269,
    "duplicates": 0,
    "failed_tests": 205,
    "success_rate": 56.75,
    "avg_latency_ms": 123.65,
    "avg_score": 99.18
  },
  "protocol_summary": {
    "vmess": {
      "count": 91,
      "avg_lat": 99.0,
      "avg_score": 99.34
    },
    "vless": {
      "count": 126,
      "avg_lat": 106.11111111111111,
      "avg_score": 99.2925925925926
    },
    "ss": {
      "count": 0,
      "avg_lat": 0.0,
      "avg_score": 0.0
    },
    "trojan": {
      "count": 52,
      "avg_lat": 209.30769230769232,
      "avg_score": 98.6046153846154
    }
  }
}