{
  "scan_timestamp": "2026-02-08T06:54:44.342945+00:00",
  "duration_seconds": 1117.06,
  "performance_metrics": {
    "total_processed": 486,
    "valid_configs": 342,
    "duplicates": 0,
    "failed_tests": 144,
    "success_rate": 70.37,
    "avg_latency_ms": 119.28,
    "avg_score": 99.2
  },
  "protocol_summary": {
    "vmess": {
      "count": 67,
      "avg_lat": 114.8955223880597,
      "avg_score": 99.23402985074627
    },
    "vless": {
      "count": 232,
      "avg_lat": 107.05172413793103,
      "avg_score": 99.28632183908046
    },
    "ss": {
      "count": 0,
      "avg_lat": 0.0,
      "avg_score": 0.0
    },
    "trojan": {
      "count": 43,
      "avg_lat": 192.09302325581396,
      "avg_score": 98.71937984496124
    }
  }
}