{
  "scan_timestamp": "2026-01-09T08:34:35.333162+00:00",
  "duration_seconds": 1108.3,
  "performance_metrics": {
    "total_processed": 472,
    "valid_configs": 349,
    "duplicates": 0,
    "failed_tests": 123,
    "success_rate": 73.94,
    "avg_latency_ms": 121.34,
    "avg_score": 99.19
  },
  "protocol_summary": {
    "vmess": {
      "count": 49,
      "avg_lat": 145.46938775510205,
      "avg_score": 99.03020408163265
    },
    "vless": {
      "count": 241,
      "avg_lat": 123.60165975103735,
      "avg_score": 99.17598893499309
    },
    "ss": {
      "count": 0,
      "avg_lat": 0.0,
      "avg_score": 0.0
    },
    "trojan": {
      "count": 59,
      "avg_lat": 92.03389830508475,
      "avg_score": 99.3864406779661
    }
  }
}