{
  "scan_timestamp": "2026-03-05T09:49:35.886531+00:00",
  "duration_seconds": 1082.95,
  "performance_metrics": {
    "total_processed": 473,
    "valid_configs": 325,
    "duplicates": 0,
    "failed_tests": 148,
    "success_rate": 68.71,
    "avg_latency_ms": 90.65,
    "avg_score": 99.4
  },
  "protocol_summary": {
    "vmess": {
      "count": 60,
      "avg_lat": 64.28333333333333,
      "avg_score": 99.57144444444445
    },
    "vless": {
      "count": 230,
      "avg_lat": 103.11739130434782,
      "avg_score": 99.31255072463767
    },
    "ss": {
      "count": 0,
      "avg_lat": 0.0,
      "avg_score": 0.0
    },
    "trojan": {
      "count": 35,
      "avg_lat": 53.94285714285714,
      "avg_score": 99.64038095238095
    }
  }
}