{
  "scan_timestamp": "2026-02-21T05:19:28.969021+00:00",
  "duration_seconds": 1192.89,
  "performance_metrics": {
    "total_processed": 474,
    "valid_configs": 376,
    "duplicates": 0,
    "failed_tests": 98,
    "success_rate": 79.32,
    "avg_latency_ms": 103.88,
    "avg_score": 99.31
  },
  "protocol_summary": {
    "vmess": {
      "count": 69,
      "avg_lat": 122.44927536231884,
      "avg_score": 99.18367149758454
    },
    "vless": {
      "count": 272,
      "avg_lat": 101.1875,
      "avg_score": 99.32541666666667
    },
    "trojan": {
      "count": 35,
      "avg_lat": 88.22857142857143,
      "avg_score": 99.41180952380952
    }
  }
}