{
  "scan_timestamp": "2026-03-15T18:25:27.862743+00:00",
  "duration_seconds": 230.45,
  "performance_metrics": {
    "total_processed": 353,
    "valid_configs": 42,
    "duplicates": 0,
    "failed_tests": 311,
    "success_rate": 11.9,
    "avg_latency_ms": 94.45,
    "avg_score": 99.37
  },
  "protocol_summary": {
    "vmess": {
      "count": 1,
      "avg_lat": 19.0,
      "avg_score": 99.87333333333333
    },
    "vless": {
      "count": 29,
      "avg_lat": 49.689655172413794,
      "avg_score": 99.66873563218391
    },
    "ss": {
      "count": 11,
      "avg_lat": 227.72727272727272,
      "avg_score": 98.48181818181818
    },
    "trojan": {
      "count": 1,
      "avg_lat": 2.0,
      "avg_score": 99.98666666666666
    }
  }
}