{
  "scan_timestamp": "2025-12-21T19:23:20.085428+00:00",
  "duration_seconds": 935.6,
  "performance_metrics": {
    "total_processed": 471,
    "valid_configs": 259,
    "duplicates": 0,
    "failed_tests": 212,
    "success_rate": 54.99,
    "avg_latency_ms": 118.5,
    "avg_score": 99.21
  },
  "protocol_summary": {
    "vmess": {
      "count": 85,
      "avg_lat": 124.32941176470588,
      "avg_score": 99.17113725490196
    },
    "vless": {
      "count": 128,
      "avg_lat": 84.1953125,
      "avg_score": 99.43869791666667
    },
    "ss": {
      "count": 0,
      "avg_lat": 0.0,
      "avg_score": 0.0
    },
    "trojan": {
      "count": 46,
      "avg_lat": 203.19565217391303,
      "avg_score": 98.64536231884058
    }
  }
}