{
  "scan_timestamp": "2025-12-20T18:27:25.610024+00:00",
  "duration_seconds": 844.51,
  "performance_metrics": {
    "total_processed": 417,
    "valid_configs": 217,
    "duplicates": 0,
    "failed_tests": 200,
    "success_rate": 52.04,
    "avg_latency_ms": 89.86,
    "avg_score": 99.4
  },
  "protocol_summary": {
    "vmess": {
      "count": 48,
      "avg_lat": 112.97916666666667,
      "avg_score": 99.24680555555555
    },
    "vless": {
      "count": 140,
      "avg_lat": 70.54285714285714,
      "avg_score": 99.52971428571429
    },
    "ss": {
      "count": 0,
      "avg_lat": 0.0,
      "avg_score": 0.0
    },
    "trojan": {
      "count": 29,
      "avg_lat": 144.86206896551724,
      "avg_score": 99.03425287356322
    }
  }
}