{
  "scan_timestamp": "2026-01-30T15:34:51.862306+00:00",
  "duration_seconds": 715.01,
  "performance_metrics": {
    "total_processed": 410,
    "valid_configs": 196,
    "duplicates": 0,
    "failed_tests": 214,
    "success_rate": 47.8,
    "avg_latency_ms": 98.24,
    "avg_score": 99.35
  },
  "protocol_summary": {
    "vmess": {
      "count": 63,
      "avg_lat": 81.34920634920636,
      "avg_score": 99.45767195767195
    },
    "vless": {
      "count": 75,
      "avg_lat": 88.72,
      "avg_score": 99.40853333333334
    },
    "ss": {
      "count": 0,
      "avg_lat": 0.0,
      "avg_score": 0.0
    },
    "trojan": {
      "count": 58,
      "avg_lat": 128.91379310344828,
      "avg_score": 99.14057471264368
    }
  }
}