{
  "scan_timestamp": "2025-12-25T01:06:03.861306+00:00",
  "duration_seconds": 921.47,
  "performance_metrics": {
    "total_processed": 441,
    "valid_configs": 248,
    "duplicates": 0,
    "failed_tests": 193,
    "success_rate": 56.24,
    "avg_latency_ms": 105.61,
    "avg_score": 99.3
  },
  "protocol_summary": {
    "vmess": {
      "count": 57,
      "avg_lat": 99.2280701754386,
      "avg_score": 99.33847953216373
    },
    "vless": {
      "count": 155,
      "avg_lat": 101.89677419354838,
      "avg_score": 99.320688172043
    },
    "ss": {
      "count": 0,
      "avg_lat": 0.0,
      "avg_score": 0.0
    },
    "trojan": {
      "count": 36,
      "avg_lat": 131.72222222222223,
      "avg_score": 99.12185185185186
    }
  }
}