{
  "scan_timestamp": "2026-04-13T13:13:11.494090+00:00",
  "duration_seconds": 1009.08,
  "performance_metrics": {
    "total_processed": 481,
    "valid_configs": 256,
    "duplicates": 0,
    "failed_tests": 225,
    "success_rate": 53.22,
    "avg_latency_ms": 81.57,
    "avg_score": 99.46
  },
  "protocol_summary": {
    "vmess": {
      "count": 2,
      "avg_lat": 146.0,
      "avg_score": 99.02666666666667
    },
    "vless": {
      "count": 246,
      "avg_lat": 80.89430894308943,
      "avg_score": 99.46070460704607
    },
    "ss": {
      "count": 3,
      "avg_lat": 168.66666666666666,
      "avg_score": 98.87555555555555
    },
    "trojan": {
      "count": 5,
      "avg_lat": 36.6,
      "avg_score": 99.756
    }
  }
}