{
  "scan_timestamp": "2026-02-09T11:03:06.824864+00:00",
  "duration_seconds": 1091.71,
  "performance_metrics": {
    "total_processed": 477,
    "valid_configs": 345,
    "duplicates": 0,
    "failed_tests": 132,
    "success_rate": 72.33,
    "avg_latency_ms": 130.56,
    "avg_score": 99.13
  },
  "protocol_summary": {
    "vmess": {
      "count": 46,
      "avg_lat": 126.5,
      "avg_score": 99.15666666666667
    },
    "vless": {
      "count": 214,
      "avg_lat": 120.74766355140187,
      "avg_score": 99.19501557632398
    },
    "ss": {
      "count": 0,
      "avg_lat": 0.0,
      "avg_score": 0.0
    },
    "trojan": {
      "count": 85,
      "avg_lat": 157.4470588235294,
      "avg_score": 98.95035294117648
    }
  }
}