{
  "scan_timestamp": "2026-01-25T08:29:30.764824+00:00",
  "duration_seconds": 912.43,
  "performance_metrics": {
    "total_processed": 465,
    "valid_configs": 248,
    "duplicates": 0,
    "failed_tests": 217,
    "success_rate": 53.33,
    "avg_latency_ms": 102.2,
    "avg_score": 99.32
  },
  "protocol_summary": {
    "vmess": {
      "count": 73,
      "avg_lat": 119.4931506849315,
      "avg_score": 99.20337899543378
    },
    "vless": {
      "count": 136,
      "avg_lat": 77.16911764705883,
      "avg_score": 99.48553921568627
    },
    "ss": {
      "count": 0,
      "avg_lat": 0.0,
      "avg_score": 0.0
    },
    "trojan": {
      "count": 39,
      "avg_lat": 157.10256410256412,
      "avg_score": 98.95264957264956
    }
  }
}