{
  "scan_timestamp": "2026-02-13T07:01:13.252218+00:00",
  "duration_seconds": 1021.36,
  "performance_metrics": {
    "total_processed": 465,
    "valid_configs": 308,
    "duplicates": 0,
    "failed_tests": 157,
    "success_rate": 66.24,
    "avg_latency_ms": 156.81,
    "avg_score": 98.95
  },
  "protocol_summary": {
    "vmess": {
      "count": 68,
      "avg_lat": 190.08823529411765,
      "avg_score": 98.73274509803922
    },
    "vless": {
      "count": 188,
      "avg_lat": 140.87234042553192,
      "avg_score": 99.06085106382979
    },
    "ss": {
      "count": 0,
      "avg_lat": 0.0,
      "avg_score": 0.0
    },
    "trojan": {
      "count": 52,
      "avg_lat": 170.8846153846154,
      "avg_score": 98.86076923076924
    }
  }
}