{
  "scan_timestamp": "2026-03-11T09:34:36.737145+00:00",
  "duration_seconds": 208.78,
  "performance_metrics": {
    "total_processed": 381,
    "valid_configs": 39,
    "duplicates": 0,
    "failed_tests": 342,
    "success_rate": 10.24,
    "avg_latency_ms": 109.21,
    "avg_score": 99.27
  },
  "protocol_summary": {
    "vmess": {
      "count": 3,
      "avg_lat": 135.66666666666666,
      "avg_score": 99.09555555555556
    },
    "vless": {
      "count": 29,
      "avg_lat": 78.65517241379311,
      "avg_score": 99.47563218390805
    },
    "ss": {
      "count": 6,
      "avg_lat": 260.5,
      "avg_score": 98.26333333333334
    },
    "trojan": {
      "count": 1,
      "avg_lat": 8.0,
      "avg_score": 99.94666666666667
    }
  }
}