{
  "scan_timestamp": "2025-12-26T23:27:16.001110+00:00",
  "duration_seconds": 994.35,
  "performance_metrics": {
    "total_processed": 471,
    "valid_configs": 293,
    "duplicates": 0,
    "failed_tests": 178,
    "success_rate": 62.21,
    "avg_latency_ms": 104.53,
    "avg_score": 99.3
  },
  "protocol_summary": {
    "vmess": {
      "count": 87,
      "avg_lat": 75.98850574712644,
      "avg_score": 99.49340996168581
    },
    "vless": {
      "count": 118,
      "avg_lat": 105.09322033898304,
      "avg_score": 99.29937853107344
    },
    "ss": {
      "count": 0,
      "avg_lat": 0.0,
      "avg_score": 0.0
    },
    "trojan": {
      "count": 88,
      "avg_lat": 131.97727272727272,
      "avg_score": 99.12015151515152
    }
  }
}