{
  "scan_timestamp": "2025-12-26T17:25:25.789123+00:00",
  "duration_seconds": 976.87,
  "performance_metrics": {
    "total_processed": 465,
    "valid_configs": 277,
    "duplicates": 0,
    "failed_tests": 188,
    "success_rate": 59.57,
    "avg_latency_ms": 141.64,
    "avg_score": 99.06
  },
  "protocol_summary": {
    "vmess": {
      "count": 69,
      "avg_lat": 113.7536231884058,
      "avg_score": 99.24164251207729
    },
    "vless": {
      "count": 115,
      "avg_lat": 133.18260869565216,
      "avg_score": 99.11211594202899
    },
    "ss": {
      "count": 0,
      "avg_lat": 0.0,
      "avg_score": 0.0
    },
    "trojan": {
      "count": 93,
      "avg_lat": 172.78494623655914,
      "avg_score": 98.84810035842294
    }
  }
}