{
  "scan_timestamp": "2026-07-08T10:24:48.133701+00:00",
  "duration_seconds": 492.44,
  "performance_metrics": {
    "total_processed": 461,
    "valid_configs": 146,
    "duplicates": 0,
    "failed_tests": 315,
    "success_rate": 31.67,
    "avg_latency_ms": 121.51,
    "avg_score": 99.19
  },
  "protocol_summary": {
    "vmess": {
      "count": 1,
      "avg_lat": 22.0,
      "avg_score": 99.85333333333334
    },
    "vless": {
      "count": 1,
      "avg_lat": 121.0,
      "avg_score": 99.19333333333333
    },
    "ss": {
      "count": 143,
      "avg_lat": 121.44755244755245,
      "avg_score": 99.19034965034965
    },
    "trojan": {
      "count": 1,
      "avg_lat": 231.0,
      "avg_score": 98.46
    }
  }
}