{
  "scan_timestamp": "2026-07-16T11:06:43.157282+00:00",
  "duration_seconds": 461.77,
  "performance_metrics": {
    "total_processed": 435,
    "valid_configs": 139,
    "duplicates": 0,
    "failed_tests": 296,
    "success_rate": 31.95,
    "avg_latency_ms": 154.56,
    "avg_score": 98.97
  },
  "protocol_summary": {
    "vmess": {
      "count": 1,
      "avg_lat": 74.0,
      "avg_score": 99.50666666666666
    },
    "vless": {
      "count": 1,
      "avg_lat": 2.0,
      "avg_score": 99.98666666666666
    },
    "ss": {
      "count": 137,
      "avg_lat": 156.26277372262774,
      "avg_score": 98.95824817518249
    }
  }
}