{
  "scan_timestamp": "2026-02-02T23:33:50.890013+00:00",
  "duration_seconds": 1019.25,
  "performance_metrics": {
    "total_processed": 482,
    "valid_configs": 278,
    "duplicates": 0,
    "failed_tests": 204,
    "success_rate": 57.68,
    "avg_latency_ms": 119.54,
    "avg_score": 99.2
  },
  "protocol_summary": {
    "vmess": {
      "count": 71,
      "avg_lat": 67.74647887323944,
      "avg_score": 99.54835680751174
    },
    "vless": {
      "count": 161,
      "avg_lat": 113.43478260869566,
      "avg_score": 99.24376811594202
    },
    "ss": {
      "count": 0,
      "avg_lat": 0.0,
      "avg_score": 0.0
    },
    "trojan": {
      "count": 46,
      "avg_lat": 220.82608695652175,
      "avg_score": 98.52782608695652
    }
  }
}