{
  "scan_timestamp": "2026-04-19T06:39:37.414993+00:00",
  "duration_seconds": 1014.17,
  "performance_metrics": {
    "total_processed": 487,
    "valid_configs": 273,
    "duplicates": 0,
    "failed_tests": 214,
    "success_rate": 56.06,
    "avg_latency_ms": 84.45,
    "avg_score": 99.44
  },
  "protocol_summary": {
    "vmess": {
      "count": 2,
      "avg_lat": 1181.5,
      "avg_score": 92.12333333333333
    },
    "vless": {
      "count": 265,
      "avg_lat": 77.3622641509434,
      "avg_score": 99.48425157232705
    },
    "ss": {
      "count": 0,
      "avg_lat": 0.0,
      "avg_score": 0.0
    },
    "trojan": {
      "count": 6,
      "avg_lat": 31.833333333333332,
      "avg_score": 99.78777777777778
    }
  }
}