{
  "scan_timestamp": "2026-01-20T14:37:03.393795+00:00",
  "duration_seconds": 977.51,
  "performance_metrics": {
    "total_processed": 471,
    "valid_configs": 280,
    "duplicates": 0,
    "failed_tests": 191,
    "success_rate": 59.45,
    "avg_latency_ms": 113.4,
    "avg_score": 99.24
  },
  "protocol_summary": {
    "vmess": {
      "count": 103,
      "avg_lat": 79.32038834951456,
      "avg_score": 99.47119741100323
    },
    "vless": {
      "count": 126,
      "avg_lat": 108.7063492063492,
      "avg_score": 99.27529100529101
    },
    "ss": {
      "count": 0,
      "avg_lat": 0.0,
      "avg_score": 0.0
    },
    "trojan": {
      "count": 51,
      "avg_lat": 193.84313725490196,
      "avg_score": 98.70771241830066
    }
  }
}