{
  "scan_timestamp": "2026-04-21T21:49:21.349499+00:00",
  "duration_seconds": 849.57,
  "performance_metrics": {
    "total_processed": 479,
    "valid_configs": 210,
    "duplicates": 0,
    "failed_tests": 269,
    "success_rate": 43.84,
    "avg_latency_ms": 169.94,
    "avg_score": 98.87
  },
  "protocol_summary": {
    "vmess": {
      "count": 3,
      "avg_lat": 147.66666666666666,
      "avg_score": 99.01555555555557
    },
    "vless": {
      "count": 201,
      "avg_lat": 171.83582089552237,
      "avg_score": 98.85442786069653
    },
    "ss": {
      "count": 2,
      "avg_lat": 203.5,
      "avg_score": 98.64333333333333
    },
    "trojan": {
      "count": 4,
      "avg_lat": 74.75,
      "avg_score": 99.50166666666667
    }
  }
}