{
  "scan_timestamp": "2026-03-16T01:16:16.826611+00:00",
  "duration_seconds": 230.96,
  "performance_metrics": {
    "total_processed": 353,
    "valid_configs": 42,
    "duplicates": 0,
    "failed_tests": 311,
    "success_rate": 11.9,
    "avg_latency_ms": 96.69,
    "avg_score": 99.36
  },
  "protocol_summary": {
    "vmess": {
      "count": 1,
      "avg_lat": 67.0,
      "avg_score": 99.55333333333333
    },
    "vless": {
      "count": 29,
      "avg_lat": 75.79310344827586,
      "avg_score": 99.49471264367817
    },
    "ss": {
      "count": 11,
      "avg_lat": 162.36363636363637,
      "avg_score": 98.91757575757575
    },
    "trojan": {
      "count": 1,
      "avg_lat": 10.0,
      "avg_score": 99.93333333333334
    }
  }
}