{
  "scan_timestamp": "2025-12-23T19:25:22.119590+00:00",
  "duration_seconds": 882.13,
  "performance_metrics": {
    "total_processed": 466,
    "valid_configs": 243,
    "duplicates": 0,
    "failed_tests": 223,
    "success_rate": 52.15,
    "avg_latency_ms": 131.17,
    "avg_score": 99.13
  },
  "protocol_summary": {
    "vmess": {
      "count": 87,
      "avg_lat": 135.57471264367817,
      "avg_score": 99.09616858237548
    },
    "vless": {
      "count": 82,
      "avg_lat": 97.7439024390244,
      "avg_score": 99.34837398373983
    },
    "ss": {
      "count": 0,
      "avg_lat": 0.0,
      "avg_score": 0.0
    },
    "trojan": {
      "count": 74,
      "avg_lat": 163.04054054054055,
      "avg_score": 98.91306306306306
    }
  }
}