{
  "scan_timestamp": "2025-12-08T01:05:15.971494+00:00",
  "duration_seconds": 927.22,
  "performance_metrics": {
    "total_processed": 476,
    "valid_configs": 214,
    "duplicates": 0,
    "failed_tests": 262,
    "success_rate": 44.96,
    "avg_latency_ms": 188.22,
    "avg_score": 98.75
  },
  "protocol_summary": {
    "vmess": {
      "count": 45,
      "avg_lat": 330.6666666666667,
      "avg_score": 97.79555555555557
    },
    "vless": {
      "count": 106,
      "avg_lat": 136.97169811320754,
      "avg_score": 99.08685534591196
    },
    "ss": {
      "count": 0,
      "avg_lat": 0.0,
      "avg_score": 0.0
    },
    "trojan": {
      "count": 63,
      "avg_lat": 172.6984126984127,
      "avg_score": 98.84867724867725
    }
  }
}