{
  "scan_timestamp": "2026-02-12T19:01:15.885570+00:00",
  "duration_seconds": 1044.74,
  "performance_metrics": {
    "total_processed": 480,
    "valid_configs": 319,
    "duplicates": 0,
    "failed_tests": 161,
    "success_rate": 66.46,
    "avg_latency_ms": 134.18,
    "avg_score": 99.11
  },
  "protocol_summary": {
    "vmess": {
      "count": 67,
      "avg_lat": 155.23880597014926,
      "avg_score": 98.96507462686567
    },
    "vless": {
      "count": 211,
      "avg_lat": 123.27962085308057,
      "avg_score": 99.17813586097947
    },
    "ss": {
      "count": 0,
      "avg_lat": 0.0,
      "avg_score": 0.0
    },
    "trojan": {
      "count": 41,
      "avg_lat": 155.8780487804878,
      "avg_score": 98.96081300813009
    }
  }
}