{
  "scan_timestamp": "2026-01-05T17:33:18.932761+00:00",
  "duration_seconds": 1147.01,
  "performance_metrics": {
    "total_processed": 482,
    "valid_configs": 351,
    "duplicates": 0,
    "failed_tests": 131,
    "success_rate": 72.82,
    "avg_latency_ms": 131.04,
    "avg_score": 99.13
  },
  "protocol_summary": {
    "vmess": {
      "count": 30,
      "avg_lat": 106.13333333333334,
      "avg_score": 99.29244444444446
    },
    "vless": {
      "count": 234,
      "avg_lat": 121.98717948717949,
      "avg_score": 99.18675213675213
    },
    "ss": {
      "count": 0,
      "avg_lat": 0.0,
      "avg_score": 0.0
    },
    "trojan": {
      "count": 87,
      "avg_lat": 163.98850574712642,
      "avg_score": 98.90674329501917
    }
  }
}