{
  "scan_timestamp": "2025-12-11T15:28:42.783575+00:00",
  "duration_seconds": 955.72,
  "performance_metrics": {
    "total_processed": 478,
    "valid_configs": 226,
    "duplicates": 0,
    "failed_tests": 252,
    "success_rate": 47.28,
    "avg_latency_ms": 220.47,
    "avg_score": 98.53
  },
  "protocol_summary": {
    "vmess": {
      "count": 42,
      "avg_lat": 355.6190476190476,
      "avg_score": 97.62920634920634
    },
    "vless": {
      "count": 116,
      "avg_lat": 116.46551724137932,
      "avg_score": 99.2235632183908
    },
    "ss": {
      "count": 0,
      "avg_lat": 0.0,
      "avg_score": 0.0
    },
    "trojan": {
      "count": 68,
      "avg_lat": 314.4117647058824,
      "avg_score": 97.90392156862744
    }
  }
}