{
  "scan_timestamp": "2025-12-16T16:30:31.853347+00:00",
  "duration_seconds": 956.46,
  "performance_metrics": {
    "total_processed": 473,
    "valid_configs": 254,
    "duplicates": 0,
    "failed_tests": 219,
    "success_rate": 53.7,
    "avg_latency_ms": 114.94,
    "avg_score": 99.23
  },
  "protocol_summary": {
    "vmess": {
      "count": 50,
      "avg_lat": 125.44,
      "avg_score": 99.16373333333333
    },
    "vless": {
      "count": 171,
      "avg_lat": 110.35087719298245,
      "avg_score": 99.26432748538012
    },
    "ss": {
      "count": 0,
      "avg_lat": 0.0,
      "avg_score": 0.0
    },
    "trojan": {
      "count": 33,
      "avg_lat": 122.81818181818181,
      "avg_score": 99.18121212121213
    }
  }
}