{
  "scan_timestamp": "2026-01-21T22:28:38.307692+00:00",
  "duration_seconds": 883.35,
  "performance_metrics": {
    "total_processed": 435,
    "valid_configs": 248,
    "duplicates": 0,
    "failed_tests": 187,
    "success_rate": 57.01,
    "avg_latency_ms": 104.67,
    "avg_score": 99.3
  },
  "protocol_summary": {
    "vmess": {
      "count": 62,
      "avg_lat": 100.43548387096774,
      "avg_score": 99.33043010752688
    },
    "vless": {
      "count": 141,
      "avg_lat": 89.17021276595744,
      "avg_score": 99.40553191489361
    },
    "ss": {
      "count": 0,
      "avg_lat": 0.0,
      "avg_score": 0.0
    },
    "trojan": {
      "count": 45,
      "avg_lat": 159.06666666666666,
      "avg_score": 98.93955555555554
    }
  }
}