{
  "scan_timestamp": "2026-02-21T06:47:02.179602+00:00",
  "duration_seconds": 1160.65,
  "performance_metrics": {
    "total_processed": 474,
    "valid_configs": 362,
    "duplicates": 0,
    "failed_tests": 112,
    "success_rate": 76.37,
    "avg_latency_ms": 102.42,
    "avg_score": 99.32
  },
  "protocol_summary": {
    "vmess": {
      "count": 69,
      "avg_lat": 139.44927536231884,
      "avg_score": 99.07033816425121
    },
    "vless": {
      "count": 257,
      "avg_lat": 101.02334630350195,
      "avg_score": 99.32651102464332
    },
    "trojan": {
      "count": 36,
      "avg_lat": 41.388888888888886,
      "avg_score": 99.72407407407407
    }
  }
}