{
  "scan_timestamp": "2026-01-28T04:22:04.404789+00:00",
  "duration_seconds": 1120.55,
  "performance_metrics": {
    "total_processed": 482,
    "valid_configs": 324,
    "duplicates": 0,
    "failed_tests": 158,
    "success_rate": 67.22,
    "avg_latency_ms": 94.03,
    "avg_score": 99.37
  },
  "protocol_summary": {
    "vmess": {
      "count": 53,
      "avg_lat": 100.18867924528301,
      "avg_score": 99.33207547169812
    },
    "vless": {
      "count": 209,
      "avg_lat": 89.18181818181819,
      "avg_score": 99.40545454545455
    },
    "ss": {
      "count": 0,
      "avg_lat": 0.0,
      "avg_score": 0.0
    },
    "trojan": {
      "count": 62,
      "avg_lat": 105.12903225806451,
      "avg_score": 99.29913978494623
    }
  }
}