{
  "scan_timestamp": "2025-12-17T05:29:19.181476+00:00",
  "duration_seconds": 955.21,
  "performance_metrics": {
    "total_processed": 469,
    "valid_configs": 266,
    "duplicates": 0,
    "failed_tests": 203,
    "success_rate": 56.72,
    "avg_latency_ms": 73.89,
    "avg_score": 99.51
  },
  "protocol_summary": {
    "vmess": {
      "count": 35,
      "avg_lat": 126.91428571428571,
      "avg_score": 99.15390476190477
    },
    "vless": {
      "count": 186,
      "avg_lat": 59.564516129032256,
      "avg_score": 99.60290322580644
    },
    "ss": {
      "count": 0,
      "avg_lat": 0.0,
      "avg_score": 0.0
    },
    "trojan": {
      "count": 45,
      "avg_lat": 91.84444444444445,
      "avg_score": 99.3877037037037
    }
  }
}