{
  "scan_timestamp": "2025-12-10T13:44:09.876167+00:00",
  "duration_seconds": 841.46,
  "performance_metrics": {
    "total_processed": 467,
    "valid_configs": 181,
    "duplicates": 0,
    "failed_tests": 286,
    "success_rate": 38.76,
    "avg_latency_ms": 175.73,
    "avg_score": 98.83
  },
  "protocol_summary": {
    "vmess": {
      "count": 24,
      "avg_lat": 191.0,
      "avg_score": 98.72666666666667
    },
    "vless": {
      "count": 97,
      "avg_lat": 171.89690721649484,
      "avg_score": 98.8540206185567
    },
    "ss": {
      "count": 0,
      "avg_lat": 0.0,
      "avg_score": 0.0
    },
    "trojan": {
      "count": 60,
      "avg_lat": 175.83333333333334,
      "avg_score": 98.82777777777778
    }
  }
}