{
  "scan_timestamp": "2026-02-08T22:33:39.734680+00:00",
  "duration_seconds": 1100.91,
  "performance_metrics": {
    "total_processed": 478,
    "valid_configs": 335,
    "duplicates": 0,
    "failed_tests": 143,
    "success_rate": 70.08,
    "avg_latency_ms": 106.04,
    "avg_score": 99.29
  },
  "protocol_summary": {
    "vmess": {
      "count": 55,
      "avg_lat": 106.98181818181818,
      "avg_score": 99.28678787878788
    },
    "vless": {
      "count": 235,
      "avg_lat": 112.67659574468085,
      "avg_score": 99.24882269503546
    },
    "ss": {
      "count": 0,
      "avg_lat": 0.0,
      "avg_score": 0.0
    },
    "trojan": {
      "count": 45,
      "avg_lat": 70.22222222222223,
      "avg_score": 99.53185185185185
    }
  }
}