{
  "scan_timestamp": "2026-03-28T07:00:12.108964+00:00",
  "duration_seconds": 995.8,
  "performance_metrics": {
    "total_processed": 470,
    "valid_configs": 246,
    "duplicates": 0,
    "failed_tests": 224,
    "success_rate": 52.34,
    "avg_latency_ms": 79.02,
    "avg_score": 99.47
  },
  "protocol_summary": {
    "vmess": {
      "count": 15,
      "avg_lat": 122.8,
      "avg_score": 99.18133333333334
    },
    "vless": {
      "count": 213,
      "avg_lat": 70.92488262910798,
      "avg_score": 99.52716744913928
    },
    "ss": {
      "count": 9,
      "avg_lat": 174.33333333333334,
      "avg_score": 98.83777777777777
    },
    "trojan": {
      "count": 9,
      "avg_lat": 102.44444444444444,
      "avg_score": 99.31703703703704
    }
  }
}