{
  "scan_timestamp": "2026-01-25T09:28:17.743119+00:00",
  "duration_seconds": 986.31,
  "performance_metrics": {
    "total_processed": 465,
    "valid_configs": 276,
    "duplicates": 0,
    "failed_tests": 189,
    "success_rate": 59.35,
    "avg_latency_ms": 101.86,
    "avg_score": 99.32
  },
  "protocol_summary": {
    "vmess": {
      "count": 101,
      "avg_lat": 100.81188118811882,
      "avg_score": 99.32792079207921
    },
    "vless": {
      "count": 136,
      "avg_lat": 84.05147058823529,
      "avg_score": 99.4396568627451
    },
    "ss": {
      "count": 0,
      "avg_lat": 0.0,
      "avg_score": 0.0
    },
    "trojan": {
      "count": 39,
      "avg_lat": 166.64102564102564,
      "avg_score": 98.88905982905983
    }
  }
}