{
  "scan_timestamp": "2026-01-12T07:33:21.997247+00:00",
  "duration_seconds": 874.41,
  "performance_metrics": {
    "total_processed": 445,
    "valid_configs": 235,
    "duplicates": 0,
    "failed_tests": 210,
    "success_rate": 52.81,
    "avg_latency_ms": 124.57,
    "avg_score": 99.17
  },
  "protocol_summary": {
    "vmess": {
      "count": 86,
      "avg_lat": 91.4186046511628,
      "avg_score": 99.3905426356589
    },
    "vless": {
      "count": 74,
      "avg_lat": 41.891891891891895,
      "avg_score": 99.72072072072072
    },
    "ss": {
      "count": 0,
      "avg_lat": 0.0,
      "avg_score": 0.0
    },
    "trojan": {
      "count": 75,
      "avg_lat": 244.16,
      "avg_score": 98.37226666666666
    }
  }
}