{
  "scan_timestamp": "2026-02-18T01:23:21.215017+00:00",
  "duration_seconds": 1004.15,
  "performance_metrics": {
    "total_processed": 452,
    "valid_configs": 296,
    "duplicates": 0,
    "failed_tests": 156,
    "success_rate": 65.49,
    "avg_latency_ms": 109.05,
    "avg_score": 99.27
  },
  "protocol_summary": {
    "vmess": {
      "count": 44,
      "avg_lat": 137.79545454545453,
      "avg_score": 99.08136363636363
    },
    "vless": {
      "count": 216,
      "avg_lat": 106.15277777777777,
      "avg_score": 99.29231481481482
    },
    "ss": {
      "count": 0,
      "avg_lat": 0.0,
      "avg_score": 0.0
    },
    "trojan": {
      "count": 36,
      "avg_lat": 91.33333333333333,
      "avg_score": 99.39111111111112
    }
  }
}