{
  "scan_timestamp": "2026-04-02T16:04:01.007320+00:00",
  "duration_seconds": 956.57,
  "performance_metrics": {
    "total_processed": 487,
    "valid_configs": 214,
    "duplicates": 0,
    "failed_tests": 273,
    "success_rate": 43.94,
    "avg_latency_ms": 134.24,
    "avg_score": 99.11
  },
  "protocol_summary": {
    "vmess": {
      "count": 2,
      "avg_lat": 1128.0,
      "avg_score": 92.47999999999999
    },
    "vless": {
      "count": 208,
      "avg_lat": 125.11057692307692,
      "avg_score": 99.16592948717948
    },
    "ss": {
      "count": 1,
      "avg_lat": 128.0,
      "avg_score": 99.14666666666666
    },
    "trojan": {
      "count": 3,
      "avg_lat": 106.66666666666667,
      "avg_score": 99.28888888888889
    }
  }
}