{
  "scan_timestamp": "2026-02-17T09:53:54.569548+00:00",
  "duration_seconds": 1089.7,
  "performance_metrics": {
    "total_processed": 455,
    "valid_configs": 330,
    "duplicates": 0,
    "failed_tests": 125,
    "success_rate": 72.53,
    "avg_latency_ms": 97.8,
    "avg_score": 99.35
  },
  "protocol_summary": {
    "vmess": {
      "count": 68,
      "avg_lat": 98.54411764705883,
      "avg_score": 99.34303921568628
    },
    "vless": {
      "count": 221,
      "avg_lat": 96.77828054298642,
      "avg_score": 99.35481146304676
    },
    "ss": {
      "count": 0,
      "avg_lat": 0.0,
      "avg_score": 0.0
    },
    "trojan": {
      "count": 41,
      "avg_lat": 102.09756097560975,
      "avg_score": 99.31934959349593
    }
  }
}