{
  "scan_timestamp": "2026-02-01T22:32:21.966988+00:00",
  "duration_seconds": 1212.5,
  "performance_metrics": {
    "total_processed": 488,
    "valid_configs": 387,
    "duplicates": 0,
    "failed_tests": 101,
    "success_rate": 79.3,
    "avg_latency_ms": 139.7,
    "avg_score": 99.07
  },
  "protocol_summary": {
    "vmess": {
      "count": 23,
      "avg_lat": 96.8695652173913,
      "avg_score": 99.35420289855072
    },
    "vless": {
      "count": 171,
      "avg_lat": 89.15204678362574,
      "avg_score": 99.4056530214425
    },
    "ss": {
      "count": 0,
      "avg_lat": 0.0,
      "avg_score": 0.0
    },
    "trojan": {
      "count": 193,
      "avg_lat": 189.58549222797927,
      "avg_score": 98.73609671848013
    }
  }
}