{
  "scan_timestamp": "2025-12-09T22:25:05.448736+00:00",
  "duration_seconds": 875.95,
  "performance_metrics": {
    "total_processed": 467,
    "valid_configs": 199,
    "duplicates": 0,
    "failed_tests": 268,
    "success_rate": 42.61,
    "avg_latency_ms": 155.33,
    "avg_score": 98.96
  },
  "protocol_summary": {
    "vmess": {
      "count": 44,
      "avg_lat": 259.02272727272725,
      "avg_score": 98.27318181818181
    },
    "vless": {
      "count": 98,
      "avg_lat": 86.34693877551021,
      "avg_score": 99.42435374149659
    },
    "ss": {
      "count": 0,
      "avg_lat": 0.0,
      "avg_score": 0.0
    },
    "trojan": {
      "count": 57,
      "avg_lat": 193.87719298245614,
      "avg_score": 98.70748538011696
    }
  }
}