{
  "scan_timestamp": "2026-01-31T10:27:08.934923+00:00",
  "duration_seconds": 869.01,
  "performance_metrics": {
    "total_processed": 464,
    "valid_configs": 225,
    "duplicates": 0,
    "failed_tests": 239,
    "success_rate": 48.49,
    "avg_latency_ms": 101.2,
    "avg_score": 99.33
  },
  "protocol_summary": {
    "vmess": {
      "count": 85,
      "avg_lat": 63.36470588235294,
      "avg_score": 99.57756862745099
    },
    "vless": {
      "count": 75,
      "avg_lat": 87.45333333333333,
      "avg_score": 99.41697777777777
    },
    "ss": {
      "count": 0,
      "avg_lat": 0.0,
      "avg_score": 0.0
    },
    "trojan": {
      "count": 65,
      "avg_lat": 166.52307692307693,
      "avg_score": 98.88984615384615
    }
  }
}