{
  "scan_timestamp": "2026-04-07T14:40:04.473989+00:00",
  "duration_seconds": 944.3,
  "performance_metrics": {
    "total_processed": 478,
    "valid_configs": 208,
    "duplicates": 0,
    "failed_tests": 270,
    "success_rate": 43.51,
    "avg_latency_ms": 84.09,
    "avg_score": 99.44
  },
  "protocol_summary": {
    "vmess": {
      "count": 2,
      "avg_lat": 110.5,
      "avg_score": 99.26333333333332
    },
    "vless": {
      "count": 203,
      "avg_lat": 83.79802955665025,
      "avg_score": 99.44134646962233
    },
    "ss": {
      "count": 0,
      "avg_lat": 0.0,
      "avg_score": 0.0
    },
    "trojan": {
      "count": 3,
      "avg_lat": 86.33333333333333,
      "avg_score": 99.42444444444443
    }
  }
}