{
  "scan_timestamp": "2026-02-21T11:32:30.365248+00:00",
  "duration_seconds": 1189.78,
  "performance_metrics": {
    "total_processed": 474,
    "valid_configs": 372,
    "duplicates": 0,
    "failed_tests": 102,
    "success_rate": 78.48,
    "avg_latency_ms": 100.89,
    "avg_score": 99.33
  },
  "protocol_summary": {
    "vmess": {
      "count": 68,
      "avg_lat": 79.98529411764706,
      "avg_score": 99.46676470588235
    },
    "vless": {
      "count": 269,
      "avg_lat": 112.86617100371747,
      "avg_score": 99.24755885997521
    },
    "trojan": {
      "count": 35,
      "avg_lat": 49.42857142857143,
      "avg_score": 99.6704761904762
    }
  }
}