{
  "scan_timestamp": "2026-02-08T15:33:42.893219+00:00",
  "duration_seconds": 1107.63,
  "performance_metrics": {
    "total_processed": 476,
    "valid_configs": 322,
    "duplicates": 0,
    "failed_tests": 154,
    "success_rate": 67.65,
    "avg_latency_ms": 104.48,
    "avg_score": 99.3
  },
  "protocol_summary": {
    "vmess": {
      "count": 55,
      "avg_lat": 106.21818181818182,
      "avg_score": 99.29187878787879
    },
    "vless": {
      "count": 217,
      "avg_lat": 100.17511520737327,
      "avg_score": 99.33216589861752
    },
    "ss": {
      "count": 0,
      "avg_lat": 0.0,
      "avg_score": 0.0
    },
    "trojan": {
      "count": 50,
      "avg_lat": 121.24,
      "avg_score": 99.19173333333335
    }
  }
}