{
  "scan_timestamp": "2026-02-11T17:08:23.756391+00:00",
  "duration_seconds": 1049.21,
  "performance_metrics": {
    "total_processed": 480,
    "valid_configs": 294,
    "duplicates": 0,
    "failed_tests": 186,
    "success_rate": 61.25,
    "avg_latency_ms": 106.4,
    "avg_score": 99.29
  },
  "protocol_summary": {
    "vmess": {
      "count": 47,
      "avg_lat": 120.19148936170212,
      "avg_score": 99.19872340425532
    },
    "vless": {
      "count": 201,
      "avg_lat": 91.16915422885572,
      "avg_score": 99.3922056384743
    },
    "ss": {
      "count": 0,
      "avg_lat": 0.0,
      "avg_score": 0.0
    },
    "trojan": {
      "count": 46,
      "avg_lat": 158.84782608695653,
      "avg_score": 98.94101449275362
    }
  }
}