{
  "scan_timestamp": "2026-02-25T12:53:55.862927+00:00",
  "duration_seconds": 1094.02,
  "performance_metrics": {
    "total_processed": 473,
    "valid_configs": 332,
    "duplicates": 0,
    "failed_tests": 141,
    "success_rate": 70.19,
    "avg_latency_ms": 78.83,
    "avg_score": 99.47
  },
  "protocol_summary": {
    "vmess": {
      "count": 61,
      "avg_lat": 64.08196721311475,
      "avg_score": 99.57278688524589
    },
    "vless": {
      "count": 236,
      "avg_lat": 84.2542372881356,
      "avg_score": 99.43830508474576
    },
    "ss": {
      "count": 0,
      "avg_lat": 0.0,
      "avg_score": 0.0
    },
    "trojan": {
      "count": 35,
      "avg_lat": 68.0,
      "avg_score": 99.54666666666667
    }
  }
}