{
  "scan_timestamp": "2025-12-25T22:26:02.807342+00:00",
  "duration_seconds": 978.23,
  "performance_metrics": {
    "total_processed": 468,
    "valid_configs": 284,
    "duplicates": 0,
    "failed_tests": 184,
    "success_rate": 60.68,
    "avg_latency_ms": 121.83,
    "avg_score": 99.19
  },
  "protocol_summary": {
    "vmess": {
      "count": 75,
      "avg_lat": 113.32,
      "avg_score": 99.24453333333334
    },
    "vless": {
      "count": 128,
      "avg_lat": 92.375,
      "avg_score": 99.38416666666666
    },
    "ss": {
      "count": 0,
      "avg_lat": 0.0,
      "avg_score": 0.0
    },
    "trojan": {
      "count": 81,
      "avg_lat": 176.2716049382716,
      "avg_score": 98.8248559670782
    }
  }
}