{
  "scan_timestamp": "2025-12-10T20:26:58.534012+00:00",
  "duration_seconds": 884.82,
  "performance_metrics": {
    "total_processed": 464,
    "valid_configs": 199,
    "duplicates": 0,
    "failed_tests": 265,
    "success_rate": 42.89,
    "avg_latency_ms": 143.58,
    "avg_score": 99.04
  },
  "protocol_summary": {
    "vmess": {
      "count": 39,
      "avg_lat": 127.3076923076923,
      "avg_score": 99.15128205128205
    },
    "vless": {
      "count": 110,
      "avg_lat": 97.57272727272728,
      "avg_score": 99.34951515151515
    },
    "ss": {
      "count": 0,
      "avg_lat": 0.0,
      "avg_score": 0.0
    },
    "trojan": {
      "count": 50,
      "avg_lat": 257.48,
      "avg_score": 98.28346666666667
    }
  }
}