{
  "scan_timestamp": "2025-12-12T10:27:18.696196+00:00",
  "duration_seconds": 933.76,
  "performance_metrics": {
    "total_processed": 477,
    "valid_configs": 237,
    "duplicates": 0,
    "failed_tests": 240,
    "success_rate": 49.69,
    "avg_latency_ms": 124.62,
    "avg_score": 99.17
  },
  "protocol_summary": {
    "vmess": {
      "count": 32,
      "avg_lat": 110.34375,
      "avg_score": 99.264375
    },
    "vless": {
      "count": 126,
      "avg_lat": 69.95238095238095,
      "avg_score": 99.53365079365079
    },
    "ss": {
      "count": 0,
      "avg_lat": 0.0,
      "avg_score": 0.0
    },
    "trojan": {
      "count": 79,
      "avg_lat": 217.58227848101265,
      "avg_score": 98.54945147679325
    }
  }
}