{
  "scan_timestamp": "2026-02-04T23:32:00.745097+00:00",
  "duration_seconds": 956.4,
  "performance_metrics": {
    "total_processed": 458,
    "valid_configs": 266,
    "duplicates": 0,
    "failed_tests": 192,
    "success_rate": 58.08,
    "avg_latency_ms": 123.96,
    "avg_score": 99.17
  },
  "protocol_summary": {
    "vmess": {
      "count": 52,
      "avg_lat": 110.75,
      "avg_score": 99.26166666666667
    },
    "vless": {
      "count": 158,
      "avg_lat": 100.18987341772151,
      "avg_score": 99.33206751054853
    },
    "ss": {
      "count": 0,
      "avg_lat": 0.0,
      "avg_score": 0.0
    },
    "trojan": {
      "count": 56,
      "avg_lat": 203.28571428571428,
      "avg_score": 98.6447619047619
    }
  }
}