{
  "scan_timestamp": "2026-01-07T17:35:30.616181+00:00",
  "duration_seconds": 1129.44,
  "performance_metrics": {
    "total_processed": 481,
    "valid_configs": 349,
    "duplicates": 0,
    "failed_tests": 132,
    "success_rate": 72.56,
    "avg_latency_ms": 177.66,
    "avg_score": 98.82
  },
  "protocol_summary": {
    "vmess": {
      "count": 56,
      "avg_lat": 213.92857142857142,
      "avg_score": 98.57380952380952
    },
    "vless": {
      "count": 204,
      "avg_lat": 171.9558823529412,
      "avg_score": 98.85362745098038
    },
    "ss": {
      "count": 0,
      "avg_lat": 0.0,
      "avg_score": 0.0
    },
    "trojan": {
      "count": 89,
      "avg_lat": 167.8988764044944,
      "avg_score": 98.88067415730336
    }
  }
}