{
  "scan_timestamp": "2026-02-05T08:00:06.399382+00:00",
  "duration_seconds": 1091.36,
  "performance_metrics": {
    "total_processed": 485,
    "valid_configs": 308,
    "duplicates": 0,
    "failed_tests": 177,
    "success_rate": 63.51,
    "avg_latency_ms": 142.31,
    "avg_score": 99.05
  },
  "protocol_summary": {
    "vmess": {
      "count": 67,
      "avg_lat": 97.8955223880597,
      "avg_score": 99.34736318407961
    },
    "vless": {
      "count": 177,
      "avg_lat": 111.01694915254237,
      "avg_score": 99.25988700564972
    },
    "ss": {
      "count": 0,
      "avg_lat": 0.0,
      "avg_score": 0.0
    },
    "trojan": {
      "count": 64,
      "avg_lat": 275.34375,
      "avg_score": 98.164375
    }
  }
}