{
  "scan_timestamp": "2025-12-24T04:40:55.121512+00:00",
  "duration_seconds": 841.5,
  "performance_metrics": {
    "total_processed": 414,
    "valid_configs": 225,
    "duplicates": 0,
    "failed_tests": 189,
    "success_rate": 54.35,
    "avg_latency_ms": 89.43,
    "avg_score": 99.4
  },
  "protocol_summary": {
    "vmess": {
      "count": 54,
      "avg_lat": 107.5925925925926,
      "avg_score": 99.28271604938271
    },
    "vless": {
      "count": 142,
      "avg_lat": 63.33098591549296,
      "avg_score": 99.57779342723005
    },
    "ss": {
      "count": 0,
      "avg_lat": 0.0,
      "avg_score": 0.0
    },
    "trojan": {
      "count": 29,
      "avg_lat": 183.3793103448276,
      "avg_score": 98.77747126436782
    }
  }
}