{
  "scan_timestamp": "2026-04-06T15:51:45.536325+00:00",
  "duration_seconds": 961.45,
  "performance_metrics": {
    "total_processed": 481,
    "valid_configs": 229,
    "duplicates": 0,
    "failed_tests": 252,
    "success_rate": 47.61,
    "avg_latency_ms": 102.1,
    "avg_score": 99.32
  },
  "protocol_summary": {
    "vmess": {
      "count": 2,
      "avg_lat": 654.0,
      "avg_score": 95.64
    },
    "vless": {
      "count": 222,
      "avg_lat": 96.56756756756756,
      "avg_score": 99.35621621621623
    },
    "ss": {
      "count": 1,
      "avg_lat": 211.0,
      "avg_score": 98.59333333333333
    },
    "trojan": {
      "count": 4,
      "avg_lat": 106.25,
      "avg_score": 99.29166666666666
    }
  }
}