{
  "scan_timestamp": "2026-01-15T18:34:41.376502+00:00",
  "duration_seconds": 773.26,
  "performance_metrics": {
    "total_processed": 407,
    "valid_configs": 203,
    "duplicates": 0,
    "failed_tests": 204,
    "success_rate": 49.88,
    "avg_latency_ms": 91.33,
    "avg_score": 99.39
  },
  "protocol_summary": {
    "vmess": {
      "count": 35,
      "avg_lat": 127.2,
      "avg_score": 99.152
    },
    "vless": {
      "count": 135,
      "avg_lat": 69.83703703703704,
      "avg_score": 99.53441975308642
    },
    "ss": {
      "count": 0,
      "avg_lat": 0.0,
      "avg_score": 0.0
    },
    "trojan": {
      "count": 33,
      "avg_lat": 141.24242424242425,
      "avg_score": 99.05838383838385
    }
  }
}