{
  "scan_timestamp": "2026-03-12T20:25:24.810373+00:00",
  "duration_seconds": 208.27,
  "performance_metrics": {
    "total_processed": 367,
    "valid_configs": 35,
    "duplicates": 0,
    "failed_tests": 332,
    "success_rate": 9.54,
    "avg_latency_ms": 64.26,
    "avg_score": 99.57
  },
  "protocol_summary": {
    "vmess": {
      "count": 2,
      "avg_lat": 19.0,
      "avg_score": 99.87333333333333
    },
    "vless": {
      "count": 28,
      "avg_lat": 50.25,
      "avg_score": 99.66499999999999
    },
    "ss": {
      "count": 4,
      "avg_lat": 200.5,
      "avg_score": 98.66333333333333
    },
    "trojan": {
      "count": 1,
      "avg_lat": 2.0,
      "avg_score": 99.98666666666666
    }
  }
}