{
  "scan_timestamp": "2026-04-05T08:47:15.803414+00:00",
  "duration_seconds": 997.69,
  "performance_metrics": {
    "total_processed": 489,
    "valid_configs": 233,
    "duplicates": 0,
    "failed_tests": 256,
    "success_rate": 47.65,
    "avg_latency_ms": 145.52,
    "avg_score": 99.03
  },
  "protocol_summary": {
    "vmess": {
      "count": 2,
      "avg_lat": 638.5,
      "avg_score": 95.74333333333334
    },
    "vless": {
      "count": 226,
      "avg_lat": 141.69911504424778,
      "avg_score": 99.05533923303835
    },
    "ss": {
      "count": 0,
      "avg_lat": 0.0,
      "avg_score": 0.0
    },
    "trojan": {
      "count": 5,
      "avg_lat": 120.8,
      "avg_score": 99.19466666666666
    }
  }
}