{
  "scan_timestamp": "2026-03-10T15:51:56.720509+00:00",
  "duration_seconds": 208.39,
  "performance_metrics": {
    "total_processed": 378,
    "valid_configs": 34,
    "duplicates": 0,
    "failed_tests": 344,
    "success_rate": 8.99,
    "avg_latency_ms": 62.79,
    "avg_score": 99.58
  },
  "protocol_summary": {
    "vmess": {
      "count": 3,
      "avg_lat": 125.33333333333333,
      "avg_score": 99.16444444444444
    },
    "vless": {
      "count": 29,
      "avg_lat": 55.827586206896555,
      "avg_score": 99.62781609195402
    },
    "ss": {
      "count": 1,
      "avg_lat": 138.0,
      "avg_score": 99.08
    },
    "trojan": {
      "count": 1,
      "avg_lat": 2.0,
      "avg_score": 99.98666666666666
    }
  }
}