{
  "scan_timestamp": "2026-03-06T11:37:17.052965+00:00",
  "duration_seconds": 1080.22,
  "performance_metrics": {
    "total_processed": 473,
    "valid_configs": 323,
    "duplicates": 0,
    "failed_tests": 150,
    "success_rate": 68.29,
    "avg_latency_ms": 68.37,
    "avg_score": 99.54
  },
  "protocol_summary": {
    "vmess": {
      "count": 60,
      "avg_lat": 52.333333333333336,
      "avg_score": 99.6511111111111
    },
    "vless": {
      "count": 228,
      "avg_lat": 70.6359649122807,
      "avg_score": 99.52909356725145
    },
    "ss": {
      "count": 0,
      "avg_lat": 0.0,
      "avg_score": 0.0
    },
    "trojan": {
      "count": 35,
      "avg_lat": 81.05714285714286,
      "avg_score": 99.45961904761904
    }
  }
}