{
  "scan_timestamp": "2026-02-22T13:55:03.865381+00:00",
  "duration_seconds": 1152.27,
  "performance_metrics": {
    "total_processed": 474,
    "valid_configs": 354,
    "duplicates": 0,
    "failed_tests": 120,
    "success_rate": 74.68,
    "avg_latency_ms": 99.76,
    "avg_score": 99.33
  },
  "protocol_summary": {
    "vmess": {
      "count": 65,
      "avg_lat": 97.53846153846153,
      "avg_score": 99.3497435897436
    },
    "vless": {
      "count": 254,
      "avg_lat": 98.49606299212599,
      "avg_score": 99.34335958005249
    },
    "trojan": {
      "count": 35,
      "avg_lat": 113.08571428571429,
      "avg_score": 99.24609523809524
    }
  }
}