{
  "scan_timestamp": "2026-01-06T22:30:45.885327+00:00",
  "duration_seconds": 1183.11,
  "performance_metrics": {
    "total_processed": 484,
    "valid_configs": 370,
    "duplicates": 0,
    "failed_tests": 114,
    "success_rate": 76.45,
    "avg_latency_ms": 109.46,
    "avg_score": 99.27
  },
  "protocol_summary": {
    "vmess": {
      "count": 33,
      "avg_lat": 113.45454545454545,
      "avg_score": 99.24363636363637
    },
    "vless": {
      "count": 283,
      "avg_lat": 98.46289752650176,
      "avg_score": 99.34358068315666
    },
    "ss": {
      "count": 6,
      "avg_lat": 333.6666666666667,
      "avg_score": 97.77555555555556
    },
    "trojan": {
      "count": 48,
      "avg_lat": 143.54166666666666,
      "avg_score": 99.04305555555555
    }
  }
}