{
  "scan_timestamp": "2025-12-26T16:28:19.316899+00:00",
  "duration_seconds": 980.47,
  "performance_metrics": {
    "total_processed": 470,
    "valid_configs": 285,
    "duplicates": 0,
    "failed_tests": 185,
    "success_rate": 60.64,
    "avg_latency_ms": 106.38,
    "avg_score": 99.29
  },
  "protocol_summary": {
    "vmess": {
      "count": 68,
      "avg_lat": 95.45588235294117,
      "avg_score": 99.36362745098039
    },
    "vless": {
      "count": 146,
      "avg_lat": 93.78767123287672,
      "avg_score": 99.37474885844749
    },
    "ss": {
      "count": 0,
      "avg_lat": 0.0,
      "avg_score": 0.0
    },
    "trojan": {
      "count": 71,
      "avg_lat": 142.74647887323943,
      "avg_score": 99.04835680751174
    }
  }
}