{
  "scan_timestamp": "2026-03-23T17:53:39.453695+00:00",
  "duration_seconds": 731.71,
  "performance_metrics": {
    "total_processed": 464,
    "valid_configs": 137,
    "duplicates": 0,
    "failed_tests": 327,
    "success_rate": 29.53,
    "avg_latency_ms": 112.18,
    "avg_score": 99.25
  },
  "protocol_summary": {
    "vmess": {
      "count": 1,
      "avg_lat": 69.0,
      "avg_score": 99.54
    },
    "vless": {
      "count": 120,
      "avg_lat": 112.8,
      "avg_score": 99.248
    },
    "ss": {
      "count": 3,
      "avg_lat": 161.66666666666666,
      "avg_score": 98.92222222222222
    },
    "trojan": {
      "count": 13,
      "avg_lat": 98.38461538461539,
      "avg_score": 99.34410256410257
    }
  }
}