{
  "scan_timestamp": "2025-12-25T09:28:32.944529+00:00",
  "duration_seconds": 917.33,
  "performance_metrics": {
    "total_processed": 424,
    "valid_configs": 249,
    "duplicates": 0,
    "failed_tests": 175,
    "success_rate": 58.73,
    "avg_latency_ms": 109.98,
    "avg_score": 99.27
  },
  "protocol_summary": {
    "vmess": {
      "count": 47,
      "avg_lat": 110.65957446808511,
      "avg_score": 99.26226950354611
    },
    "vless": {
      "count": 169,
      "avg_lat": 103.00591715976331,
      "avg_score": 99.31329388560158
    },
    "ss": {
      "count": 0,
      "avg_lat": 0.0,
      "avg_score": 0.0
    },
    "trojan": {
      "count": 33,
      "avg_lat": 144.72727272727272,
      "avg_score": 99.03515151515151
    }
  }
}