{
  "scan_timestamp": "2026-01-13T18:34:40.465784+00:00",
  "duration_seconds": 990.42,
  "performance_metrics": {
    "total_processed": 441,
    "valid_configs": 283,
    "duplicates": 0,
    "failed_tests": 158,
    "success_rate": 64.17,
    "avg_latency_ms": 92.65,
    "avg_score": 99.38
  },
  "protocol_summary": {
    "vmess": {
      "count": 63,
      "avg_lat": 101.03174603174604,
      "avg_score": 99.32645502645502
    },
    "vless": {
      "count": 176,
      "avg_lat": 66.41477272727273,
      "avg_score": 99.55723484848485
    },
    "ss": {
      "count": 0,
      "avg_lat": 0.0,
      "avg_score": 0.0
    },
    "trojan": {
      "count": 44,
      "avg_lat": 185.5681818181818,
      "avg_score": 98.76287878787879
    }
  }
}