{
  "scan_timestamp": "2026-03-03T08:45:26.564547+00:00",
  "duration_seconds": 1082.45,
  "performance_metrics": {
    "total_processed": 473,
    "valid_configs": 325,
    "duplicates": 0,
    "failed_tests": 148,
    "success_rate": 68.71,
    "avg_latency_ms": 76.65,
    "avg_score": 99.49
  },
  "protocol_summary": {
    "vmess": {
      "count": 60,
      "avg_lat": 50.983333333333334,
      "avg_score": 99.6601111111111
    },
    "vless": {
      "count": 230,
      "avg_lat": 81.70434782608696,
      "avg_score": 99.45530434782609
    },
    "ss": {
      "count": 0,
      "avg_lat": 0.0,
      "avg_score": 0.0
    },
    "trojan": {
      "count": 35,
      "avg_lat": 87.4,
      "avg_score": 99.41733333333333
    }
  }
}