{
  "scan_timestamp": "2026-02-23T19:04:58.379232+00:00",
  "duration_seconds": 1167.26,
  "performance_metrics": {
    "total_processed": 474,
    "valid_configs": 362,
    "duplicates": 0,
    "failed_tests": 112,
    "success_rate": 76.37,
    "avg_latency_ms": 88.91,
    "avg_score": 99.41
  },
  "protocol_summary": {
    "vmess": {
      "count": 72,
      "avg_lat": 88.26388888888889,
      "avg_score": 99.41157407407407
    },
    "vless": {
      "count": 254,
      "avg_lat": 94.97637795275591,
      "avg_score": 99.36682414698163
    },
    "trojan": {
      "count": 36,
      "avg_lat": 47.416666666666664,
      "avg_score": 99.68388888888889
    }
  }
}