{
  "scan_timestamp": "2026-03-27T08:03:36.779103+00:00",
  "duration_seconds": 698.85,
  "performance_metrics": {
    "total_processed": 465,
    "valid_configs": 134,
    "duplicates": 0,
    "failed_tests": 331,
    "success_rate": 28.82,
    "avg_latency_ms": 68.68,
    "avg_score": 99.54
  },
  "protocol_summary": {
    "vmess": {
      "count": 2,
      "avg_lat": 67.0,
      "avg_score": 99.55333333333334
    },
    "vless": {
      "count": 120,
      "avg_lat": 64.9,
      "avg_score": 99.56733333333334
    },
    "ss": {
      "count": 6,
      "avg_lat": 211.5,
      "avg_score": 98.58999999999999
    },
    "trojan": {
      "count": 6,
      "avg_lat": 2.0,
      "avg_score": 99.98666666666666
    }
  }
}