{
  "scan_timestamp": "2026-01-22T22:26:52.456317+00:00",
  "duration_seconds": 886.53,
  "performance_metrics": {
    "total_processed": 457,
    "valid_configs": 248,
    "duplicates": 0,
    "failed_tests": 209,
    "success_rate": 54.27,
    "avg_latency_ms": 112.35,
    "avg_score": 99.25
  },
  "protocol_summary": {
    "vmess": {
      "count": 87,
      "avg_lat": 132.71264367816093,
      "avg_score": 99.11524904214559
    },
    "vless": {
      "count": 130,
      "avg_lat": 94.66923076923077,
      "avg_score": 99.3688717948718
    },
    "ss": {
      "count": 0,
      "avg_lat": 0.0,
      "avg_score": 0.0
    },
    "trojan": {
      "count": 31,
      "avg_lat": 129.3548387096774,
      "avg_score": 99.13763440860214
    }
  }
}