{
  "scan_timestamp": "2025-12-07T20:25:29.093139+00:00",
  "duration_seconds": 903.52,
  "performance_metrics": {
    "total_processed": 474,
    "valid_configs": 201,
    "duplicates": 0,
    "failed_tests": 273,
    "success_rate": 42.41,
    "avg_latency_ms": 155.1,
    "avg_score": 98.97
  },
  "protocol_summary": {
    "vmess": {
      "count": 44,
      "avg_lat": 299.9318181818182,
      "avg_score": 98.00045454545456
    },
    "vless": {
      "count": 94,
      "avg_lat": 78.72340425531915,
      "avg_score": 99.47517730496453
    },
    "ss": {
      "count": 0,
      "avg_lat": 0.0,
      "avg_score": 0.0
    },
    "trojan": {
      "count": 63,
      "avg_lat": 167.9047619047619,
      "avg_score": 98.88063492063492
    }
  }
}