{
  "scan_timestamp": "2026-07-03T12:19:56.167593+00:00",
  "duration_seconds": 472.07,
  "performance_metrics": {
    "total_processed": 463,
    "valid_configs": 148,
    "duplicates": 0,
    "failed_tests": 315,
    "success_rate": 31.97,
    "avg_latency_ms": 168.64,
    "avg_score": 98.88
  },
  "protocol_summary": {
    "vmess": {
      "count": 2,
      "avg_lat": 73.5,
      "avg_score": 99.50999999999999
    },
    "vless": {
      "count": 4,
      "avg_lat": 322.5,
      "avg_score": 97.85
    },
    "ss": {
      "count": 130,
      "avg_lat": 178.09230769230768,
      "avg_score": 98.81271794871795
    },
    "trojan": {
      "count": 12,
      "avg_lat": 30.833333333333332,
      "avg_score": 99.79444444444444
    }
  }
}