{
  "scan_timestamp": "2025-12-20T13:35:16.422487+00:00",
  "duration_seconds": 916.88,
  "performance_metrics": {
    "total_processed": 467,
    "valid_configs": 250,
    "duplicates": 0,
    "failed_tests": 217,
    "success_rate": 53.53,
    "avg_latency_ms": 97.03,
    "avg_score": 99.35
  },
  "protocol_summary": {
    "vmess": {
      "count": 70,
      "avg_lat": 106.34285714285714,
      "avg_score": 99.29104761904762
    },
    "vless": {
      "count": 142,
      "avg_lat": 89.14788732394366,
      "avg_score": 99.4056807511737
    },
    "ss": {
      "count": 0,
      "avg_lat": 0.0,
      "avg_score": 0.0
    },
    "trojan": {
      "count": 38,
      "avg_lat": 109.3157894736842,
      "avg_score": 99.27122807017543
    }
  }
}