{
  "scan_timestamp": "2026-03-02T06:01:16.236917+00:00",
  "duration_seconds": 1097.25,
  "performance_metrics": {
    "total_processed": 473,
    "valid_configs": 329,
    "duplicates": 0,
    "failed_tests": 144,
    "success_rate": 69.56,
    "avg_latency_ms": 88.86,
    "avg_score": 99.41
  },
  "protocol_summary": {
    "vmess": {
      "count": 59,
      "avg_lat": 61.813559322033896,
      "avg_score": 99.58790960451977
    },
    "vless": {
      "count": 235,
      "avg_lat": 98.37446808510639,
      "avg_score": 99.34417021276596
    },
    "ss": {
      "count": 0,
      "avg_lat": 0.0,
      "avg_score": 0.0
    },
    "trojan": {
      "count": 35,
      "avg_lat": 70.57142857142857,
      "avg_score": 99.52952380952381
    }
  }
}