{
  "scan_timestamp": "2026-03-13T13:54:46.849266+00:00",
  "duration_seconds": 208.48,
  "performance_metrics": {
    "total_processed": 369,
    "valid_configs": 34,
    "duplicates": 0,
    "failed_tests": 335,
    "success_rate": 9.21,
    "avg_latency_ms": 89.44,
    "avg_score": 99.4
  },
  "protocol_summary": {
    "vmess": {
      "count": 2,
      "avg_lat": 50.0,
      "avg_score": 99.66666666666667
    },
    "vless": {
      "count": 28,
      "avg_lat": 83.28571428571429,
      "avg_score": 99.4447619047619
    },
    "ss": {
      "count": 3,
      "avg_lat": 197.33333333333334,
      "avg_score": 98.68444444444445
    },
    "trojan": {
      "count": 1,
      "avg_lat": 17.0,
      "avg_score": 99.88666666666667
    }
  }
}