{
  "scan_timestamp": "2025-12-25T03:04:06.793371+00:00",
  "duration_seconds": 899.86,
  "performance_metrics": {
    "total_processed": 434,
    "valid_configs": 240,
    "duplicates": 0,
    "failed_tests": 194,
    "success_rate": 55.3,
    "avg_latency_ms": 92.25,
    "avg_score": 99.39
  },
  "protocol_summary": {
    "vmess": {
      "count": 57,
      "avg_lat": 100.50877192982456,
      "avg_score": 99.32994152046783
    },
    "vless": {
      "count": 148,
      "avg_lat": 71.27027027027027,
      "avg_score": 99.52486486486487
    },
    "ss": {
      "count": 0,
      "avg_lat": 0.0,
      "avg_score": 0.0
    },
    "trojan": {
      "count": 35,
      "avg_lat": 167.4857142857143,
      "avg_score": 98.88342857142857
    }
  }
}