{
  "scan_timestamp": "2026-01-12T09:37:40.360416+00:00",
  "duration_seconds": 988.36,
  "performance_metrics": {
    "total_processed": 472,
    "valid_configs": 307,
    "duplicates": 0,
    "failed_tests": 165,
    "success_rate": 65.04,
    "avg_latency_ms": 135.93,
    "avg_score": 99.09
  },
  "protocol_summary": {
    "vmess": {
      "count": 79,
      "avg_lat": 83.89873417721519,
      "avg_score": 99.44067510548524
    },
    "vless": {
      "count": 143,
      "avg_lat": 102.0,
      "avg_score": 99.32000000000001
    },
    "ss": {
      "count": 0,
      "avg_lat": 0.0,
      "avg_score": 0.0
    },
    "trojan": {
      "count": 85,
      "avg_lat": 241.36470588235295,
      "avg_score": 98.39090196078432
    }
  }
}