{
  "scan_timestamp": "2025-12-10T17:28:27.554334+00:00",
  "duration_seconds": 884.76,
  "performance_metrics": {
    "total_processed": 464,
    "valid_configs": 203,
    "duplicates": 0,
    "failed_tests": 261,
    "success_rate": 43.75,
    "avg_latency_ms": 145.99,
    "avg_score": 99.03
  },
  "protocol_summary": {
    "vmess": {
      "count": 39,
      "avg_lat": 145.23076923076923,
      "avg_score": 99.03179487179487
    },
    "vless": {
      "count": 112,
      "avg_lat": 82.35714285714286,
      "avg_score": 99.45095238095237
    },
    "ss": {
      "count": 0,
      "avg_lat": 0.0,
      "avg_score": 0.0
    },
    "trojan": {
      "count": 52,
      "avg_lat": 283.61538461538464,
      "avg_score": 98.10923076923078
    }
  }
}