{
  "scan_timestamp": "2025-12-27T19:22:43.002900+00:00",
  "duration_seconds": 908.75,
  "performance_metrics": {
    "total_processed": 443,
    "valid_configs": 250,
    "duplicates": 0,
    "failed_tests": 193,
    "success_rate": 56.43,
    "avg_latency_ms": 98.18,
    "avg_score": 99.35
  },
  "protocol_summary": {
    "vmess": {
      "count": 45,
      "avg_lat": 117.08888888888889,
      "avg_score": 99.2194074074074
    },
    "vless": {
      "count": 161,
      "avg_lat": 80.66459627329192,
      "avg_score": 99.46223602484473
    },
    "ss": {
      "count": 0,
      "avg_lat": 0.0,
      "avg_score": 0.0
    },
    "trojan": {
      "count": 44,
      "avg_lat": 142.95454545454547,
      "avg_score": 99.0469696969697
    }
  }
}