{
  "scan_timestamp": "2026-01-16T17:29:42.170043+00:00",
  "duration_seconds": 833.13,
  "performance_metrics": {
    "total_processed": 419,
    "valid_configs": 223,
    "duplicates": 0,
    "failed_tests": 196,
    "success_rate": 53.22,
    "avg_latency_ms": 124.26,
    "avg_score": 99.17
  },
  "protocol_summary": {
    "vmess": {
      "count": 53,
      "avg_lat": 114.60377358490567,
      "avg_score": 99.2359748427673
    },
    "vless": {
      "count": 127,
      "avg_lat": 102.01574803149606,
      "avg_score": 99.31989501312336
    },
    "ss": {
      "count": 0,
      "avg_lat": 0.0,
      "avg_score": 0.0
    },
    "trojan": {
      "count": 43,
      "avg_lat": 201.86046511627907,
      "avg_score": 98.65426356589147
    }
  }
}