{
  "scan_timestamp": "2026-01-31T23:27:53.390583+00:00",
  "duration_seconds": 972.21,
  "performance_metrics": {
    "total_processed": 478,
    "valid_configs": 148,
    "duplicates": 0,
    "failed_tests": 330,
    "success_rate": 30.96,
    "avg_latency_ms": 98.11,
    "avg_score": 99.35
  },
  "protocol_summary": {
    "vmess": {
      "count": 75,
      "avg_lat": 69.73333333333333,
      "avg_score": 99.5351111111111
    },
    "vless": {
      "count": 45,
      "avg_lat": 65.82222222222222,
      "avg_score": 99.56118518518518
    },
    "ss": {
      "count": 0,
      "avg_lat": 0.0,
      "avg_score": 0.0
    },
    "trojan": {
      "count": 28,
      "avg_lat": 226.03571428571428,
      "avg_score": 98.49309523809525
    }
  }
}