{
  "scan_timestamp": "2026-01-30T18:38:06.467171+00:00",
  "duration_seconds": 712.46,
  "performance_metrics": {
    "total_processed": 418,
    "valid_configs": 185,
    "duplicates": 0,
    "failed_tests": 233,
    "success_rate": 44.26,
    "avg_latency_ms": 97.61,
    "avg_score": 99.35
  },
  "protocol_summary": {
    "vmess": {
      "count": 65,
      "avg_lat": 74.13846153846154,
      "avg_score": 99.50574358974359
    },
    "vless": {
      "count": 75,
      "avg_lat": 92.30666666666667,
      "avg_score": 99.38462222222222
    },
    "ss": {
      "count": 1,
      "avg_lat": 108.0,
      "avg_score": 99.28
    },
    "trojan": {
      "count": 44,
      "avg_lat": 141.0681818181818,
      "avg_score": 99.05954545454546
    }
  }
}