{
  "scan_timestamp": "2026-03-23T11:47:53.478703+00:00",
  "duration_seconds": 709.81,
  "performance_metrics": {
    "total_processed": 462,
    "valid_configs": 129,
    "duplicates": 0,
    "failed_tests": 333,
    "success_rate": 27.92,
    "avg_latency_ms": 125.29,
    "avg_score": 99.16
  },
  "protocol_summary": {
    "vmess": {
      "count": 1,
      "avg_lat": 70.0,
      "avg_score": 99.53333333333333
    },
    "vless": {
      "count": 116,
      "avg_lat": 124.34482758620689,
      "avg_score": 99.17103448275863
    },
    "ss": {
      "count": 3,
      "avg_lat": 168.0,
      "avg_score": 98.88
    },
    "trojan": {
      "count": 9,
      "avg_lat": 129.44444444444446,
      "avg_score": 99.13703703703703
    }
  }
}