{
  "scan_timestamp": "2025-12-07T21:23:30.594256+00:00",
  "duration_seconds": 906.26,
  "performance_metrics": {
    "total_processed": 474,
    "valid_configs": 204,
    "duplicates": 0,
    "failed_tests": 270,
    "success_rate": 43.04,
    "avg_latency_ms": 152.58,
    "avg_score": 98.98
  },
  "protocol_summary": {
    "vmess": {
      "count": 44,
      "avg_lat": 319.22727272727275,
      "avg_score": 97.87181818181817
    },
    "vless": {
      "count": 96,
      "avg_lat": 87.92708333333333,
      "avg_score": 99.41381944444446
    },
    "ss": {
      "count": 0,
      "avg_lat": 0.0,
      "avg_score": 0.0
    },
    "trojan": {
      "count": 64,
      "avg_lat": 135.0,
      "avg_score": 99.1
    }
  }
}