{
  "scan_timestamp": "2026-01-14T09:32:37.072470+00:00",
  "duration_seconds": 823.47,
  "performance_metrics": {
    "total_processed": 430,
    "valid_configs": 223,
    "duplicates": 0,
    "failed_tests": 207,
    "success_rate": 51.86,
    "avg_latency_ms": 84.01,
    "avg_score": 99.44
  },
  "protocol_summary": {
    "vmess": {
      "count": 99,
      "avg_lat": 64.9090909090909,
      "avg_score": 99.56727272727272
    },
    "vless": {
      "count": 72,
      "avg_lat": 54.625,
      "avg_score": 99.63583333333332
    },
    "ss": {
      "count": 0,
      "avg_lat": 0.0,
      "avg_score": 0.0
    },
    "trojan": {
      "count": 52,
      "avg_lat": 161.07692307692307,
      "avg_score": 98.92615384615384
    }
  }
}