{
  "scan_timestamp": "2026-02-10T11:59:38.948978+00:00",
  "duration_seconds": 1103.08,
  "performance_metrics": {
    "total_processed": 473,
    "valid_configs": 337,
    "duplicates": 0,
    "failed_tests": 136,
    "success_rate": 71.25,
    "avg_latency_ms": 109.95,
    "avg_score": 99.27
  },
  "protocol_summary": {
    "vmess": {
      "count": 53,
      "avg_lat": 133.30188679245282,
      "avg_score": 99.11132075471697
    },
    "vless": {
      "count": 189,
      "avg_lat": 118.02645502645503,
      "avg_score": 99.2131569664903
    },
    "ss": {
      "count": 0,
      "avg_lat": 0.0,
      "avg_score": 0.0
    },
    "trojan": {
      "count": 95,
      "avg_lat": 80.84210526315789,
      "avg_score": 99.46105263157894
    }
  }
}