{
  "scan_timestamp": "2026-04-11T07:02:36.730841+00:00",
  "duration_seconds": 1010.48,
  "performance_metrics": {
    "total_processed": 487,
    "valid_configs": 224,
    "duplicates": 0,
    "failed_tests": 263,
    "success_rate": 46.0,
    "avg_latency_ms": 116.9,
    "avg_score": 99.22
  },
  "protocol_summary": {
    "vmess": {
      "count": 2,
      "avg_lat": 159.5,
      "avg_score": 98.93666666666667
    },
    "vless": {
      "count": 215,
      "avg_lat": 118.13953488372093,
      "avg_score": 99.2124031007752
    },
    "ss": {
      "count": 1,
      "avg_lat": 173.0,
      "avg_score": 98.84666666666666
    },
    "trojan": {
      "count": 6,
      "avg_lat": 49.0,
      "avg_score": 99.67333333333333
    }
  }
}