{
  "scan_timestamp": "2026-04-08T18:13:26.407330+00:00",
  "duration_seconds": 1026.26,
  "performance_metrics": {
    "total_processed": 491,
    "valid_configs": 219,
    "duplicates": 0,
    "failed_tests": 272,
    "success_rate": 44.6,
    "avg_latency_ms": 95.99,
    "avg_score": 99.36
  },
  "protocol_summary": {
    "vmess": {
      "count": 2,
      "avg_lat": 114.0,
      "avg_score": 99.24
    },
    "vless": {
      "count": 213,
      "avg_lat": 95.53521126760563,
      "avg_score": 99.3630985915493
    },
    "ss": {
      "count": 2,
      "avg_lat": 136.0,
      "avg_score": 99.09333333333333
    },
    "trojan": {
      "count": 2,
      "avg_lat": 86.0,
      "avg_score": 99.42666666666666
    }
  }
}