{
  "scan_timestamp": "2026-03-21T18:23:53.572127+00:00",
  "duration_seconds": 230.87,
  "performance_metrics": {
    "total_processed": 346,
    "valid_configs": 43,
    "duplicates": 0,
    "failed_tests": 303,
    "success_rate": 12.43,
    "avg_latency_ms": 110.44,
    "avg_score": 99.26
  },
  "protocol_summary": {
    "vmess": {
      "count": 1,
      "avg_lat": 21.0,
      "avg_score": 99.86
    },
    "vless": {
      "count": 28,
      "avg_lat": 42.357142857142854,
      "avg_score": 99.71761904761904
    },
    "ss": {
      "count": 13,
      "avg_lat": 272.3076923076923,
      "avg_score": 98.1846153846154
    },
    "trojan": {
      "count": 1,
      "avg_lat": 2.0,
      "avg_score": 99.98666666666666
    }
  }
}