{
  "scan_timestamp": "2025-12-24T16:27:32.657755+00:00",
  "duration_seconds": 879.15,
  "performance_metrics": {
    "total_processed": 429,
    "valid_configs": 236,
    "duplicates": 0,
    "failed_tests": 193,
    "success_rate": 55.01,
    "avg_latency_ms": 127.79,
    "avg_score": 99.15
  },
  "protocol_summary": {
    "vmess": {
      "count": 54,
      "avg_lat": 134.87037037037038,
      "avg_score": 99.10086419753087
    },
    "vless": {
      "count": 133,
      "avg_lat": 106.30075187969925,
      "avg_score": 99.291328320802
    },
    "ss": {
      "count": 0,
      "avg_lat": 0.0,
      "avg_score": 0.0
    },
    "trojan": {
      "count": 49,
      "avg_lat": 178.30612244897958,
      "avg_score": 98.81129251700679
    }
  }
}