{
  "scan_timestamp": "2026-01-24T13:38:13.917772+00:00",
  "duration_seconds": 843.41,
  "performance_metrics": {
    "total_processed": 427,
    "valid_configs": 227,
    "duplicates": 0,
    "failed_tests": 200,
    "success_rate": 53.16,
    "avg_latency_ms": 115.39,
    "avg_score": 99.23
  },
  "protocol_summary": {
    "vmess": {
      "count": 54,
      "avg_lat": 103.81481481481481,
      "avg_score": 99.30790123456791
    },
    "vless": {
      "count": 135,
      "avg_lat": 125.70370370370371,
      "avg_score": 99.16197530864197
    },
    "ss": {
      "count": 0,
      "avg_lat": 0.0,
      "avg_score": 0.0
    },
    "trojan": {
      "count": 38,
      "avg_lat": 95.21052631578948,
      "avg_score": 99.36526315789474
    }
  }
}