{
  "scan_timestamp": "2026-04-12T04:53:12.050067+00:00",
  "duration_seconds": 999.91,
  "performance_metrics": {
    "total_processed": 483,
    "valid_configs": 223,
    "duplicates": 0,
    "failed_tests": 260,
    "success_rate": 46.17,
    "avg_latency_ms": 111.45,
    "avg_score": 99.26
  },
  "protocol_summary": {
    "vmess": {
      "count": 2,
      "avg_lat": 111.0,
      "avg_score": 99.25999999999999
    },
    "vless": {
      "count": 215,
      "avg_lat": 113.02790697674419,
      "avg_score": 99.24648062015503
    },
    "ss": {
      "count": 1,
      "avg_lat": 208.0,
      "avg_score": 98.61333333333333
    },
    "trojan": {
      "count": 5,
      "avg_lat": 24.6,
      "avg_score": 99.836
    }
  }
}