{
  "scan_timestamp": "2026-07-02T23:14:00.946522+00:00",
  "duration_seconds": 492.84,
  "performance_metrics": {
    "total_processed": 460,
    "valid_configs": 154,
    "duplicates": 0,
    "failed_tests": 306,
    "success_rate": 33.48,
    "avg_latency_ms": 101.39,
    "avg_score": 99.32
  },
  "protocol_summary": {
    "vmess": {
      "count": 1,
      "avg_lat": 10.0,
      "avg_score": 99.93333333333334
    },
    "vless": {
      "count": 6,
      "avg_lat": 190.0,
      "avg_score": 98.73333333333333
    },
    "ss": {
      "count": 138,
      "avg_lat": 104.67391304347827,
      "avg_score": 99.30217391304348
    },
    "trojan": {
      "count": 9,
      "avg_lat": 2.111111111111111,
      "avg_score": 99.98592592592593
    }
  }
}