{
  "scan_timestamp": "2026-04-16T20:53:59.116526+00:00",
  "duration_seconds": 1009.45,
  "performance_metrics": {
    "total_processed": 487,
    "valid_configs": 287,
    "duplicates": 0,
    "failed_tests": 200,
    "success_rate": 58.93,
    "avg_latency_ms": 88.64,
    "avg_score": 99.41
  },
  "protocol_summary": {
    "vmess": {
      "count": 2,
      "avg_lat": 144.0,
      "avg_score": 99.03999999999999
    },
    "vless": {
      "count": 277,
      "avg_lat": 83.30324909747293,
      "avg_score": 99.44464500601686
    },
    "ss": {
      "count": 0,
      "avg_lat": 0.0,
      "avg_score": 0.0
    },
    "trojan": {
      "count": 8,
      "avg_lat": 259.75,
      "avg_score": 98.26833333333333
    }
  }
}