{
  "scan_timestamp": "2026-01-08T04:15:40.553353+00:00",
  "duration_seconds": 1115.01,
  "performance_metrics": {
    "total_processed": 479,
    "valid_configs": 333,
    "duplicates": 0,
    "failed_tests": 146,
    "success_rate": 69.52,
    "avg_latency_ms": 149.92,
    "avg_score": 99.0
  },
  "protocol_summary": {
    "vmess": {
      "count": 44,
      "avg_lat": 144.29545454545453,
      "avg_score": 99.0380303030303
    },
    "vless": {
      "count": 240,
      "avg_lat": 144.5125,
      "avg_score": 99.03658333333333
    },
    "ss": {
      "count": 0,
      "avg_lat": 0.0,
      "avg_score": 0.0
    },
    "trojan": {
      "count": 49,
      "avg_lat": 181.46938775510205,
      "avg_score": 98.79020408163265
    }
  }
}