{
  "scan_timestamp": "2026-03-28T22:32:12.477614+00:00",
  "duration_seconds": 959.83,
  "performance_metrics": {
    "total_processed": 475,
    "valid_configs": 210,
    "duplicates": 0,
    "failed_tests": 265,
    "success_rate": 44.21,
    "avg_latency_ms": 90.49,
    "avg_score": 99.4
  },
  "protocol_summary": {
    "vmess": {
      "count": 19,
      "avg_lat": 188.10526315789474,
      "avg_score": 98.74596491228071
    },
    "vless": {
      "count": 180,
      "avg_lat": 74.3,
      "avg_score": 99.50466666666667
    },
    "ss": {
      "count": 7,
      "avg_lat": 222.28571428571428,
      "avg_score": 98.51809523809524
    },
    "trojan": {
      "count": 4,
      "avg_lat": 124.5,
      "avg_score": 99.17
    }
  }
}