{
  "scan_timestamp": "2026-02-21T08:36:40.571095+00:00",
  "duration_seconds": 1196.97,
  "performance_metrics": {
    "total_processed": 474,
    "valid_configs": 377,
    "duplicates": 0,
    "failed_tests": 97,
    "success_rate": 79.54,
    "avg_latency_ms": 112.63,
    "avg_score": 99.25
  },
  "protocol_summary": {
    "vmess": {
      "count": 66,
      "avg_lat": 106.01515151515152,
      "avg_score": 99.29323232323233
    },
    "vless": {
      "count": 276,
      "avg_lat": 120.76811594202898,
      "avg_score": 99.19487922705314
    },
    "trojan": {
      "count": 35,
      "avg_lat": 60.94285714285714,
      "avg_score": 99.59371428571428
    }
  }
}