{
  "scan_timestamp": "2025-12-15T03:08:59.268603+00:00",
  "duration_seconds": 973.23,
  "performance_metrics": {
    "total_processed": 470,
    "valid_configs": 265,
    "duplicates": 0,
    "failed_tests": 205,
    "success_rate": 56.38,
    "avg_latency_ms": 94.89,
    "avg_score": 99.37
  },
  "protocol_summary": {
    "vmess": {
      "count": 30,
      "avg_lat": 113.06666666666666,
      "avg_score": 99.24622222222223
    },
    "vless": {
      "count": 200,
      "avg_lat": 87.945,
      "avg_score": 99.4137
    },
    "ss": {
      "count": 0,
      "avg_lat": 0.0,
      "avg_score": 0.0
    },
    "trojan": {
      "count": 35,
      "avg_lat": 118.97142857142858,
      "avg_score": 99.20685714285713
    }
  }
}