{
  "scan_timestamp": "2025-12-25T11:24:37.908660+00:00",
  "duration_seconds": 915.69,
  "performance_metrics": {
    "total_processed": 424,
    "valid_configs": 243,
    "duplicates": 0,
    "failed_tests": 181,
    "success_rate": 57.31,
    "avg_latency_ms": 107.99,
    "avg_score": 99.28
  },
  "protocol_summary": {
    "vmess": {
      "count": 45,
      "avg_lat": 119.95555555555555,
      "avg_score": 99.2002962962963
    },
    "vless": {
      "count": 166,
      "avg_lat": 99.24096385542168,
      "avg_score": 99.33839357429719
    },
    "ss": {
      "count": 0,
      "avg_lat": 0.0,
      "avg_score": 0.0
    },
    "trojan": {
      "count": 32,
      "avg_lat": 136.53125,
      "avg_score": 99.08979166666667
    }
  }
}