{
  "scan_timestamp": "2026-03-26T16:11:35.322987+00:00",
  "duration_seconds": 662.15,
  "performance_metrics": {
    "total_processed": 461,
    "valid_configs": 124,
    "duplicates": 0,
    "failed_tests": 337,
    "success_rate": 26.9,
    "avg_latency_ms": 74.11,
    "avg_score": 99.51
  },
  "protocol_summary": {
    "vmess": {
      "count": 2,
      "avg_lat": 66.5,
      "avg_score": 99.55666666666667
    },
    "vless": {
      "count": 113,
      "avg_lat": 76.20353982300885,
      "avg_score": 99.49197640117995
    },
    "ss": {
      "count": 3,
      "avg_lat": 144.66666666666666,
      "avg_score": 99.03555555555556
    },
    "trojan": {
      "count": 6,
      "avg_lat": 2.0,
      "avg_score": 99.98666666666666
    }
  }
}