{
  "scan_timestamp": "2026-03-29T20:34:47.209433+00:00",
  "duration_seconds": 975.95,
  "performance_metrics": {
    "total_processed": 477,
    "valid_configs": 219,
    "duplicates": 0,
    "failed_tests": 258,
    "success_rate": 45.91,
    "avg_latency_ms": 101.31,
    "avg_score": 99.32
  },
  "protocol_summary": {
    "vmess": {
      "count": 19,
      "avg_lat": 131.31578947368422,
      "avg_score": 99.12456140350876
    },
    "vless": {
      "count": 195,
      "avg_lat": 96.48717948717949,
      "avg_score": 99.35675213675214
    },
    "ss": {
      "count": 1,
      "avg_lat": 158.0,
      "avg_score": 98.94666666666667
    },
    "trojan": {
      "count": 4,
      "avg_lat": 179.75,
      "avg_score": 98.80166666666666
    }
  }
}