{
  "scan_timestamp": "2026-07-06T14:32:01.479161+00:00",
  "duration_seconds": 457.19,
  "performance_metrics": {
    "total_processed": 466,
    "valid_configs": 139,
    "duplicates": 0,
    "failed_tests": 327,
    "success_rate": 29.83,
    "avg_latency_ms": 97.4,
    "avg_score": 99.35
  },
  "protocol_summary": {
    "vmess": {
      "count": 1,
      "avg_lat": 1.0,
      "avg_score": 99.99333333333334
    },
    "vless": {
      "count": 2,
      "avg_lat": 521.0,
      "avg_score": 96.52666666666667
    },
    "ss": {
      "count": 124,
      "avg_lat": 100.41129032258064,
      "avg_score": 99.33059139784946
    },
    "trojan": {
      "count": 12,
      "avg_lat": 3.6666666666666665,
      "avg_score": 99.97555555555556
    }
  }
}