{
  "scan_timestamp": "2026-01-23T08:32:09.245794+00:00",
  "duration_seconds": 989.0,
  "performance_metrics": {
    "total_processed": 465,
    "valid_configs": 280,
    "duplicates": 0,
    "failed_tests": 185,
    "success_rate": 60.22,
    "avg_latency_ms": 118.55,
    "avg_score": 99.21
  },
  "protocol_summary": {
    "vmess": {
      "count": 104,
      "avg_lat": 109.20192307692308,
      "avg_score": 99.27198717948718
    },
    "vless": {
      "count": 126,
      "avg_lat": 106.46825396825396,
      "avg_score": 99.29021164021165
    },
    "ss": {
      "count": 0,
      "avg_lat": 0.0,
      "avg_score": 0.0
    },
    "trojan": {
      "count": 50,
      "avg_lat": 168.42,
      "avg_score": 98.87719999999999
    }
  }
}