{
  "scan_timestamp": "2026-07-06T23:13:39.137080+00:00",
  "duration_seconds": 440.09,
  "performance_metrics": {
    "total_processed": 464,
    "valid_configs": 139,
    "duplicates": 0,
    "failed_tests": 325,
    "success_rate": 29.96,
    "avg_latency_ms": 115.78,
    "avg_score": 99.23
  },
  "protocol_summary": {
    "vless": {
      "count": 1,
      "avg_lat": 95.0,
      "avg_score": 99.36666666666666
    },
    "ss": {
      "count": 127,
      "avg_lat": 125.56692913385827,
      "avg_score": 99.16288713910761
    },
    "trojan": {
      "count": 11,
      "avg_lat": 4.7272727272727275,
      "avg_score": 99.96848484848486
    }
  }
}