{
  "scan_timestamp": "2025-12-27T04:39:37.995202+00:00",
  "duration_seconds": 1011.45,
  "performance_metrics": {
    "total_processed": 474,
    "valid_configs": 301,
    "duplicates": 0,
    "failed_tests": 173,
    "success_rate": 63.5,
    "avg_latency_ms": 114.64,
    "avg_score": 99.24
  },
  "protocol_summary": {
    "vmess": {
      "count": 87,
      "avg_lat": 69.93103448275862,
      "avg_score": 99.53379310344828
    },
    "vless": {
      "count": 121,
      "avg_lat": 117.76859504132231,
      "avg_score": 99.21487603305785
    },
    "ss": {
      "count": 0,
      "avg_lat": 0.0,
      "avg_score": 0.0
    },
    "trojan": {
      "count": 93,
      "avg_lat": 152.40860215053763,
      "avg_score": 98.98394265232974
    }
  }
}