{
  "scan_timestamp": "2025-12-08T20:28:23.282147+00:00",
  "duration_seconds": 1011.93,
  "performance_metrics": {
    "total_processed": 477,
    "valid_configs": 283,
    "duplicates": 0,
    "failed_tests": 194,
    "success_rate": 59.33,
    "avg_latency_ms": 156.02,
    "avg_score": 98.96
  },
  "protocol_summary": {
    "vmess": {
      "count": 81,
      "avg_lat": 229.9506172839506,
      "avg_score": 98.46699588477367
    },
    "vless": {
      "count": 167,
      "avg_lat": 113.7005988023952,
      "avg_score": 99.24199600798404
    },
    "ss": {
      "count": 0,
      "avg_lat": 0.0,
      "avg_score": 0.0
    },
    "trojan": {
      "count": 35,
      "avg_lat": 186.82857142857142,
      "avg_score": 98.7544761904762
    }
  }
}