{
  "scan_timestamp": "2026-04-03T11:44:40.433065+00:00",
  "duration_seconds": 914.36,
  "performance_metrics": {
    "total_processed": 483,
    "valid_configs": 200,
    "duplicates": 0,
    "failed_tests": 283,
    "success_rate": 41.41,
    "avg_latency_ms": 91.05,
    "avg_score": 99.39
  },
  "protocol_summary": {
    "vmess": {
      "count": 2,
      "avg_lat": 122.5,
      "avg_score": 99.18333333333334
    },
    "vless": {
      "count": 195,
      "avg_lat": 90.43589743589743,
      "avg_score": 99.39709401709402
    },
    "ss": {
      "count": 3,
      "avg_lat": 110.0,
      "avg_score": 99.26666666666665
    },
    "trojan": {
      "count": 0,
      "avg_lat": 0.0,
      "avg_score": 0.0
    }
  }
}