{
  "scan_timestamp": "2026-04-04T20:32:30.281784+00:00",
  "duration_seconds": 943.08,
  "performance_metrics": {
    "total_processed": 485,
    "valid_configs": 225,
    "duplicates": 0,
    "failed_tests": 260,
    "success_rate": 46.39,
    "avg_latency_ms": 96.33,
    "avg_score": 99.36
  },
  "protocol_summary": {
    "vmess": {
      "count": 2,
      "avg_lat": 104.0,
      "avg_score": 99.30666666666667
    },
    "vless": {
      "count": 220,
      "avg_lat": 95.78181818181818,
      "avg_score": 99.36145454545455
    },
    "ss": {
      "count": 1,
      "avg_lat": 225.0,
      "avg_score": 98.5
    },
    "trojan": {
      "count": 2,
      "avg_lat": 85.0,
      "avg_score": 99.43333333333334
    }
  }
}