{
  "scan_timestamp": "2025-12-22T19:25:32.451127+00:00",
  "duration_seconds": 922.74,
  "performance_metrics": {
    "total_processed": 472,
    "valid_configs": 258,
    "duplicates": 0,
    "failed_tests": 214,
    "success_rate": 54.66,
    "avg_latency_ms": 109.98,
    "avg_score": 99.27
  },
  "protocol_summary": {
    "vmess": {
      "count": 85,
      "avg_lat": 99.52941176470588,
      "avg_score": 99.3364705882353
    },
    "vless": {
      "count": 126,
      "avg_lat": 57.492063492063494,
      "avg_score": 99.61671957671958
    },
    "ss": {
      "count": 0,
      "avg_lat": 0.0,
      "avg_score": 0.0
    },
    "trojan": {
      "count": 47,
      "avg_lat": 269.5744680851064,
      "avg_score": 98.20283687943264
    }
  }
}