{
  "scan_timestamp": "2026-03-27T11:53:01.827503+00:00",
  "duration_seconds": 1183.56,
  "performance_metrics": {
    "total_processed": 463,
    "valid_configs": 389,
    "duplicates": 0,
    "failed_tests": 74,
    "success_rate": 84.02,
    "avg_latency_ms": 62.51,
    "avg_score": 99.58
  },
  "protocol_summary": {
    "vmess": {
      "count": 14,
      "avg_lat": 98.0,
      "avg_score": 99.34666666666666
    },
    "vless": {
      "count": 357,
      "avg_lat": 58.42577030812325,
      "avg_score": 99.6104948646125
    },
    "ss": {
      "count": 0,
      "avg_lat": 0.0,
      "avg_score": 0.0
    },
    "trojan": {
      "count": 18,
      "avg_lat": 115.88888888888889,
      "avg_score": 99.2274074074074
    }
  }
}