{
  "scan_timestamp": "2025-12-28T20:28:09.695456+00:00",
  "duration_seconds": 1020.68,
  "performance_metrics": {
    "total_processed": 471,
    "valid_configs": 297,
    "duplicates": 0,
    "failed_tests": 174,
    "success_rate": 63.06,
    "avg_latency_ms": 87.01,
    "avg_score": 99.42
  },
  "protocol_summary": {
    "vmess": {
      "count": 35,
      "avg_lat": 120.94285714285714,
      "avg_score": 99.1937142857143
    },
    "vless": {
      "count": 154,
      "avg_lat": 59.16883116883117,
      "avg_score": 99.60554112554112
    },
    "ss": {
      "count": 0,
      "avg_lat": 0.0,
      "avg_score": 0.0
    },
    "trojan": {
      "count": 108,
      "avg_lat": 115.70370370370371,
      "avg_score": 99.22864197530863
    }
  }
}