{
  "scan_timestamp": "2026-04-02T09:03:38.773893+00:00",
  "duration_seconds": 966.24,
  "performance_metrics": {
    "total_processed": 485,
    "valid_configs": 212,
    "duplicates": 0,
    "failed_tests": 273,
    "success_rate": 43.71,
    "avg_latency_ms": 132.71,
    "avg_score": 99.12
  },
  "protocol_summary": {
    "vmess": {
      "count": 2,
      "avg_lat": 1146.5,
      "avg_score": 92.35666666666667
    },
    "vless": {
      "count": 207,
      "avg_lat": 123.15942028985508,
      "avg_score": 99.17893719806764
    },
    "ss": {
      "count": 1,
      "avg_lat": 128.0,
      "avg_score": 99.14666666666666
    },
    "trojan": {
      "count": 2,
      "avg_lat": 109.5,
      "avg_score": 99.27
    }
  }
}