{
  "scan_timestamp": "2025-12-26T14:27:34.003364+00:00",
  "duration_seconds": 1002.22,
  "performance_metrics": {
    "total_processed": 470,
    "valid_configs": 290,
    "duplicates": 0,
    "failed_tests": 180,
    "success_rate": 61.7,
    "avg_latency_ms": 117.29,
    "avg_score": 99.22
  },
  "protocol_summary": {
    "vmess": {
      "count": 70,
      "avg_lat": 84.48571428571428,
      "avg_score": 99.43676190476191
    },
    "vless": {
      "count": 147,
      "avg_lat": 110.15646258503402,
      "avg_score": 99.26562358276644
    },
    "ss": {
      "count": 0,
      "avg_lat": 0.0,
      "avg_score": 0.0
    },
    "trojan": {
      "count": 73,
      "avg_lat": 163.0958904109589,
      "avg_score": 98.91269406392695
    }
  }
}