{
  "scan_timestamp": "2026-01-25T03:23:53.516696+00:00",
  "duration_seconds": 863.37,
  "performance_metrics": {
    "total_processed": 430,
    "valid_configs": 234,
    "duplicates": 0,
    "failed_tests": 196,
    "success_rate": 54.42,
    "avg_latency_ms": 101.1,
    "avg_score": 99.33
  },
  "protocol_summary": {
    "vmess": {
      "count": 63,
      "avg_lat": 84.63492063492063,
      "avg_score": 99.43576719576718
    },
    "vless": {
      "count": 138,
      "avg_lat": 99.03623188405797,
      "avg_score": 99.33975845410629
    },
    "ss": {
      "count": 0,
      "avg_lat": 0.0,
      "avg_score": 0.0
    },
    "trojan": {
      "count": 33,
      "avg_lat": 141.1818181818182,
      "avg_score": 99.05878787878788
    }
  }
}