{
  "scan_timestamp": "2025-12-24T07:30:30.621729+00:00",
  "duration_seconds": 906.26,
  "performance_metrics": {
    "total_processed": 451,
    "valid_configs": 244,
    "duplicates": 0,
    "failed_tests": 207,
    "success_rate": 54.1,
    "avg_latency_ms": 90.4,
    "avg_score": 99.4
  },
  "protocol_summary": {
    "vmess": {
      "count": 59,
      "avg_lat": 109.42372881355932,
      "avg_score": 99.27050847457627
    },
    "vless": {
      "count": 135,
      "avg_lat": 53.681481481481484,
      "avg_score": 99.64212345679012
    },
    "ss": {
      "count": 0,
      "avg_lat": 0.0,
      "avg_score": 0.0
    },
    "trojan": {
      "count": 50,
      "avg_lat": 167.08,
      "avg_score": 98.88613333333333
    }
  }
}