{
  "scan_timestamp": "2026-01-08T09:36:58.152323+00:00",
  "duration_seconds": 1114.93,
  "performance_metrics": {
    "total_processed": 477,
    "valid_configs": 355,
    "duplicates": 0,
    "failed_tests": 122,
    "success_rate": 74.42,
    "avg_latency_ms": 166.6,
    "avg_score": 98.89
  },
  "protocol_summary": {
    "vmess": {
      "count": 59,
      "avg_lat": 221.77966101694915,
      "avg_score": 98.52146892655367
    },
    "vless": {
      "count": 230,
      "avg_lat": 158.97391304347826,
      "avg_score": 98.94017391304348
    },
    "ss": {
      "count": 0,
      "avg_lat": 0.0,
      "avg_score": 0.0
    },
    "trojan": {
      "count": 66,
      "avg_lat": 143.83333333333334,
      "avg_score": 99.0411111111111
    }
  }
}