{
  "scan_timestamp": "2026-02-06T05:27:40.907549+00:00",
  "duration_seconds": 1078.73,
  "performance_metrics": {
    "total_processed": 481,
    "valid_configs": 298,
    "duplicates": 0,
    "failed_tests": 183,
    "success_rate": 61.95,
    "avg_latency_ms": 114.74,
    "avg_score": 99.24
  },
  "protocol_summary": {
    "vmess": {
      "count": 59,
      "avg_lat": 82.52542372881356,
      "avg_score": 99.44983050847458
    },
    "vless": {
      "count": 149,
      "avg_lat": 76.57046979865771,
      "avg_score": 99.48953020134229
    },
    "ss": {
      "count": 0,
      "avg_lat": 0.0,
      "avg_score": 0.0
    },
    "trojan": {
      "count": 90,
      "avg_lat": 199.05555555555554,
      "avg_score": 98.67296296296296
    }
  }
}