{
  "scan_timestamp": "2026-02-08T06:13:32.595336+00:00",
  "duration_seconds": 1116.93,
  "performance_metrics": {
    "total_processed": 486,
    "valid_configs": 343,
    "duplicates": 0,
    "failed_tests": 143,
    "success_rate": 70.58,
    "avg_latency_ms": 131.33,
    "avg_score": 99.12
  },
  "protocol_summary": {
    "vmess": {
      "count": 70,
      "avg_lat": 143.84285714285716,
      "avg_score": 99.04104761904762
    },
    "vless": {
      "count": 232,
      "avg_lat": 116.34051724137932,
      "avg_score": 99.22439655172414
    },
    "ss": {
      "count": 0,
      "avg_lat": 0.0,
      "avg_score": 0.0
    },
    "trojan": {
      "count": 41,
      "avg_lat": 194.78048780487805,
      "avg_score": 98.70146341463413
    }
  }
}