{
  "scan_timestamp": "2026-03-11T11:27:33.245597+00:00",
  "duration_seconds": 216.54,
  "performance_metrics": {
    "total_processed": 372,
    "valid_configs": 38,
    "duplicates": 0,
    "failed_tests": 334,
    "success_rate": 10.22,
    "avg_latency_ms": 79.5,
    "avg_score": 99.47
  },
  "protocol_summary": {
    "vmess": {
      "count": 3,
      "avg_lat": 152.0,
      "avg_score": 98.98666666666666
    },
    "vless": {
      "count": 30,
      "avg_lat": 53.6,
      "avg_score": 99.64266666666666
    },
    "ss": {
      "count": 4,
      "avg_lat": 239.0,
      "avg_score": 98.40666666666667
    },
    "trojan": {
      "count": 1,
      "avg_lat": 1.0,
      "avg_score": 99.99333333333334
    }
  }
}