{
  "scan_timestamp": "2025-12-13T20:26:59.397245+00:00",
  "duration_seconds": 965.81,
  "performance_metrics": {
    "total_processed": 475,
    "valid_configs": 243,
    "duplicates": 0,
    "failed_tests": 232,
    "success_rate": 51.16,
    "avg_latency_ms": 144.07,
    "avg_score": 99.04
  },
  "protocol_summary": {
    "vmess": {
      "count": 26,
      "avg_lat": 130.03846153846155,
      "avg_score": 99.13307692307693
    },
    "vless": {
      "count": 155,
      "avg_lat": 125.79354838709678,
      "avg_score": 99.16137634408602
    },
    "ss": {
      "count": 0,
      "avg_lat": 0.0,
      "avg_score": 0.0
    },
    "trojan": {
      "count": 62,
      "avg_lat": 195.66129032258064,
      "avg_score": 98.69559139784947
    }
  }
}