{
  "scan_timestamp": "2026-01-18T15:24:50.730873+00:00",
  "duration_seconds": 900.65,
  "performance_metrics": {
    "total_processed": 458,
    "valid_configs": 254,
    "duplicates": 0,
    "failed_tests": 204,
    "success_rate": 55.46,
    "avg_latency_ms": 124.88,
    "avg_score": 99.17
  },
  "protocol_summary": {
    "vmess": {
      "count": 50,
      "avg_lat": 96.82,
      "avg_score": 99.35453333333334
    },
    "vless": {
      "count": 135,
      "avg_lat": 78.84444444444445,
      "avg_score": 99.47437037037038
    },
    "ss": {
      "count": 0,
      "avg_lat": 0.0,
      "avg_score": 0.0
    },
    "trojan": {
      "count": 69,
      "avg_lat": 235.28985507246378,
      "avg_score": 98.43140096618357
    }
  }
}