{
  "scan_timestamp": "2025-12-29T12:36:26.159263+00:00",
  "duration_seconds": 894.91,
  "performance_metrics": {
    "total_processed": 443,
    "valid_configs": 239,
    "duplicates": 0,
    "failed_tests": 204,
    "success_rate": 53.95,
    "avg_latency_ms": 93.04,
    "avg_score": 99.38
  },
  "protocol_summary": {
    "vmess": {
      "count": 45,
      "avg_lat": 102.42222222222222,
      "avg_score": 99.3171851851852
    },
    "vless": {
      "count": 166,
      "avg_lat": 81.77710843373494,
      "avg_score": 99.45481927710843
    },
    "ss": {
      "count": 0,
      "avg_lat": 0.0,
      "avg_score": 0.0
    },
    "trojan": {
      "count": 28,
      "avg_lat": 144.71428571428572,
      "avg_score": 99.0352380952381
    }
  }
}