{
  "scan_timestamp": "2026-03-27T16:57:33.741019+00:00",
  "duration_seconds": 1022.33,
  "performance_metrics": {
    "total_processed": 459,
    "valid_configs": 292,
    "duplicates": 0,
    "failed_tests": 167,
    "success_rate": 63.62,
    "avg_latency_ms": 97.4,
    "avg_score": 99.35
  },
  "protocol_summary": {
    "vmess": {
      "count": 19,
      "avg_lat": 121.63157894736842,
      "avg_score": 99.18912280701754
    },
    "vless": {
      "count": 246,
      "avg_lat": 78.97967479674797,
      "avg_score": 99.47346883468835
    },
    "ss": {
      "count": 8,
      "avg_lat": 189.875,
      "avg_score": 98.73416666666667
    },
    "trojan": {
      "count": 19,
      "avg_lat": 272.7894736842105,
      "avg_score": 98.18140350877194
    }
  }
}