{
  "scan_timestamp": "2026-02-17T07:01:00.623725+00:00",
  "duration_seconds": 1092.02,
  "performance_metrics": {
    "total_processed": 456,
    "valid_configs": 341,
    "duplicates": 0,
    "failed_tests": 115,
    "success_rate": 74.78,
    "avg_latency_ms": 92.67,
    "avg_score": 99.38
  },
  "protocol_summary": {
    "vmess": {
      "count": 60,
      "avg_lat": 88.15,
      "avg_score": 99.41233333333334
    },
    "vless": {
      "count": 240,
      "avg_lat": 86.30416666666666,
      "avg_score": 99.4246388888889
    },
    "ss": {
      "count": 0,
      "avg_lat": 0.0,
      "avg_score": 0.0
    },
    "trojan": {
      "count": 41,
      "avg_lat": 136.53658536585365,
      "avg_score": 99.08975609756097
    }
  }
}