{
  "scan_timestamp": "2026-01-27T05:37:31.569151+00:00",
  "duration_seconds": 1112.8,
  "performance_metrics": {
    "total_processed": 479,
    "valid_configs": 338,
    "duplicates": 0,
    "failed_tests": 141,
    "success_rate": 70.56,
    "avg_latency_ms": 100.94,
    "avg_score": 99.33
  },
  "protocol_summary": {
    "vmess": {
      "count": 42,
      "avg_lat": 91.21428571428571,
      "avg_score": 99.39190476190477
    },
    "vless": {
      "count": 223,
      "avg_lat": 96.23766816143498,
      "avg_score": 99.35841554559043
    },
    "ss": {
      "count": 0,
      "avg_lat": 0.0,
      "avg_score": 0.0
    },
    "trojan": {
      "count": 73,
      "avg_lat": 120.89041095890411,
      "avg_score": 99.19406392694064
    }
  }
}