{
  "scan_timestamp": "2026-02-04T11:41:48.061913+00:00",
  "duration_seconds": 1000.53,
  "performance_metrics": {
    "total_processed": 471,
    "valid_configs": 281,
    "duplicates": 0,
    "failed_tests": 190,
    "success_rate": 59.66,
    "avg_latency_ms": 138.56,
    "avg_score": 99.08
  },
  "protocol_summary": {
    "vmess": {
      "count": 54,
      "avg_lat": 99.68518518518519,
      "avg_score": 99.33543209876544
    },
    "vless": {
      "count": 162,
      "avg_lat": 115.27777777777777,
      "avg_score": 99.23148148148148
    },
    "ss": {
      "count": 0,
      "avg_lat": 0.0,
      "avg_score": 0.0
    },
    "trojan": {
      "count": 65,
      "avg_lat": 228.87692307692308,
      "avg_score": 98.47415384615384
    }
  }
}