{
  "scan_timestamp": "2026-02-02T07:08:08.572476+00:00",
  "duration_seconds": 1044.11,
  "performance_metrics": {
    "total_processed": 482,
    "valid_configs": 291,
    "duplicates": 0,
    "failed_tests": 191,
    "success_rate": 60.37,
    "avg_latency_ms": 111.51,
    "avg_score": 99.26
  },
  "protocol_summary": {
    "vmess": {
      "count": 73,
      "avg_lat": 67.82191780821918,
      "avg_score": 99.54785388127853
    },
    "vless": {
      "count": 168,
      "avg_lat": 90.02380952380952,
      "avg_score": 99.39984126984126
    },
    "ss": {
      "count": 0,
      "avg_lat": 0.0,
      "avg_score": 0.0
    },
    "trojan": {
      "count": 50,
      "avg_lat": 247.46,
      "avg_score": 98.35026666666667
    }
  }
}