{
  "scan_timestamp": "2026-07-12T02:47:31.628324+00:00",
  "duration_seconds": 495.16,
  "performance_metrics": {
    "total_processed": 442,
    "valid_configs": 145,
    "duplicates": 0,
    "failed_tests": 297,
    "success_rate": 32.81,
    "avg_latency_ms": 94.96,
    "avg_score": 99.37
  },
  "protocol_summary": {
    "vmess": {
      "count": 1,
      "avg_lat": 2.0,
      "avg_score": 99.98666666666666
    },
    "vless": {
      "count": 1,
      "avg_lat": 2.0,
      "avg_score": 99.98666666666666
    },
    "ss": {
      "count": 142,
      "avg_lat": 96.9225352112676,
      "avg_score": 99.35384976525822
    },
    "trojan": {
      "count": 1,
      "avg_lat": 2.0,
      "avg_score": 99.98666666666666
    }
  }
}