{
  "scan_timestamp": "2026-02-25T16:07:12.703011+00:00",
  "duration_seconds": 1096.0,
  "performance_metrics": {
    "total_processed": 474,
    "valid_configs": 336,
    "duplicates": 0,
    "failed_tests": 138,
    "success_rate": 70.89,
    "avg_latency_ms": 82.46,
    "avg_score": 99.45
  },
  "protocol_summary": {
    "vmess": {
      "count": 61,
      "avg_lat": 67.24590163934427,
      "avg_score": 99.55169398907104
    },
    "vless": {
      "count": 240,
      "avg_lat": 87.6,
      "avg_score": 99.416
    },
    "trojan": {
      "count": 35,
      "avg_lat": 73.74285714285715,
      "avg_score": 99.50838095238096
    }
  }
}