{
  "scan_timestamp": "2026-01-04T08:32:09.671678+00:00",
  "duration_seconds": 1074.14,
  "performance_metrics": {
    "total_processed": 480,
    "valid_configs": 320,
    "duplicates": 0,
    "failed_tests": 160,
    "success_rate": 66.67,
    "avg_latency_ms": 124.83,
    "avg_score": 99.17
  },
  "protocol_summary": {
    "vmess": {
      "count": 34,
      "avg_lat": 145.3235294117647,
      "avg_score": 99.03117647058824
    },
    "vless": {
      "count": 257,
      "avg_lat": 113.1750972762646,
      "avg_score": 99.24549935149157
    },
    "ss": {
      "count": 0,
      "avg_lat": 0.0,
      "avg_score": 0.0
    },
    "trojan": {
      "count": 29,
      "avg_lat": 204.06896551724137,
      "avg_score": 98.63954022988506
    }
  }
}