{
  "scan_timestamp": "2026-07-14T12:18:35.345488+00:00",
  "duration_seconds": 450.7,
  "performance_metrics": {
    "total_processed": 398,
    "valid_configs": 135,
    "duplicates": 0,
    "failed_tests": 263,
    "success_rate": 33.92,
    "avg_latency_ms": 164.3,
    "avg_score": 98.9
  },
  "protocol_summary": {
    "vmess": {
      "count": 1,
      "avg_lat": 70.0,
      "avg_score": 99.53333333333333
    },
    "vless": {
      "count": 3,
      "avg_lat": 455.6666666666667,
      "avg_score": 96.96222222222222
    },
    "ss": {
      "count": 131,
      "avg_lat": 158.34351145038167,
      "avg_score": 98.94437659033079
    },
    "trojan": {
      "count": 0,
      "avg_lat": 0.0,
      "avg_score": 0.0
    }
  }
}