{
  "scan_timestamp": "2026-04-08T16:23:09.294673+00:00",
  "duration_seconds": 1026.47,
  "performance_metrics": {
    "total_processed": 491,
    "valid_configs": 221,
    "duplicates": 0,
    "failed_tests": 270,
    "success_rate": 45.01,
    "avg_latency_ms": 92.73,
    "avg_score": 99.38
  },
  "protocol_summary": {
    "vmess": {
      "count": 2,
      "avg_lat": 114.0,
      "avg_score": 99.24000000000001
    },
    "vless": {
      "count": 215,
      "avg_lat": 90.49302325581395,
      "avg_score": 99.39671317829458
    },
    "ss": {
      "count": 2,
      "avg_lat": 317.0,
      "avg_score": 97.88666666666666
    },
    "trojan": {
      "count": 2,
      "avg_lat": 87.5,
      "avg_score": 99.41666666666666
    }
  }
}