{
  "scan_timestamp": "2026-01-12T21:27:41.311126+00:00",
  "duration_seconds": 1003.78,
  "performance_metrics": {
    "total_processed": 467,
    "valid_configs": 307,
    "duplicates": 0,
    "failed_tests": 160,
    "success_rate": 65.74,
    "avg_latency_ms": 108.25,
    "avg_score": 99.28
  },
  "protocol_summary": {
    "vmess": {
      "count": 98,
      "avg_lat": 87.42857142857143,
      "avg_score": 99.41714285714285
    },
    "vless": {
      "count": 144,
      "avg_lat": 78.82638888888889,
      "avg_score": 99.47449074074073
    },
    "ss": {
      "count": 0,
      "avg_lat": 0.0,
      "avg_score": 0.0
    },
    "trojan": {
      "count": 65,
      "avg_lat": 204.84615384615384,
      "avg_score": 98.63435897435897
    }
  }
}