{
  "scan_timestamp": "2026-01-17T14:25:15.852029+00:00",
  "duration_seconds": 930.7,
  "performance_metrics": {
    "total_processed": 471,
    "valid_configs": 237,
    "duplicates": 0,
    "failed_tests": 234,
    "success_rate": 50.32,
    "avg_latency_ms": 116.63,
    "avg_score": 99.22
  },
  "protocol_summary": {
    "vmess": {
      "count": 64,
      "avg_lat": 70.859375,
      "avg_score": 99.52760416666666
    },
    "vless": {
      "count": 122,
      "avg_lat": 96.89344262295081,
      "avg_score": 99.35404371584698
    },
    "ss": {
      "count": 0,
      "avg_lat": 0.0,
      "avg_score": 0.0
    },
    "trojan": {
      "count": 51,
      "avg_lat": 221.27450980392157,
      "avg_score": 98.52483660130719
    }
  }
}