{
  "scan_timestamp": "2026-02-28T23:30:11.227218+00:00",
  "duration_seconds": 1100.45,
  "performance_metrics": {
    "total_processed": 473,
    "valid_configs": 328,
    "duplicates": 0,
    "failed_tests": 145,
    "success_rate": 69.34,
    "avg_latency_ms": 76.84,
    "avg_score": 99.49
  },
  "protocol_summary": {
    "vmess": {
      "count": 59,
      "avg_lat": 50.50847457627118,
      "avg_score": 99.66327683615819
    },
    "vless": {
      "count": 234,
      "avg_lat": 84.47863247863248,
      "avg_score": 99.43680911680912
    },
    "ss": {
      "count": 0,
      "avg_lat": 0.0,
      "avg_score": 0.0
    },
    "trojan": {
      "count": 35,
      "avg_lat": 70.17142857142858,
      "avg_score": 99.53219047619048
    }
  }
}