{
  "scan_timestamp": "2026-01-15T23:26:06.892164+00:00",
  "duration_seconds": 918.16,
  "performance_metrics": {
    "total_processed": 458,
    "valid_configs": 261,
    "duplicates": 0,
    "failed_tests": 197,
    "success_rate": 56.99,
    "avg_latency_ms": 110.39,
    "avg_score": 99.26
  },
  "protocol_summary": {
    "vmess": {
      "count": 78,
      "avg_lat": 121.97435897435898,
      "avg_score": 99.18683760683761
    },
    "vless": {
      "count": 127,
      "avg_lat": 81.23622047244095,
      "avg_score": 99.45842519685038
    },
    "ss": {
      "count": 0,
      "avg_lat": 0.0,
      "avg_score": 0.0
    },
    "trojan": {
      "count": 56,
      "avg_lat": 160.375,
      "avg_score": 98.93083333333334
    }
  }
}