{
  "scan_timestamp": "2026-04-07T16:18:29.939942+00:00",
  "duration_seconds": 969.49,
  "performance_metrics": {
    "total_processed": 480,
    "valid_configs": 215,
    "duplicates": 0,
    "failed_tests": 265,
    "success_rate": 44.79,
    "avg_latency_ms": 112.66,
    "avg_score": 99.25
  },
  "protocol_summary": {
    "vmess": {
      "count": 2,
      "avg_lat": 1182.5,
      "avg_score": 92.11666666666667
    },
    "vless": {
      "count": 212,
      "avg_lat": 102.69339622641509,
      "avg_score": 99.31537735849057
    },
    "ss": {
      "count": 0,
      "avg_lat": 0.0,
      "avg_score": 0.0
    },
    "trojan": {
      "count": 1,
      "avg_lat": 86.0,
      "avg_score": 99.42666666666666
    }
  }
}