{
  "scan_timestamp": "2026-02-11T04:37:32.284900+00:00",
  "duration_seconds": 1080.47,
  "performance_metrics": {
    "total_processed": 477,
    "valid_configs": 311,
    "duplicates": 0,
    "failed_tests": 166,
    "success_rate": 65.2,
    "avg_latency_ms": 96.76,
    "avg_score": 99.35
  },
  "protocol_summary": {
    "vmess": {
      "count": 40,
      "avg_lat": 132.025,
      "avg_score": 99.11983333333333
    },
    "vless": {
      "count": 194,
      "avg_lat": 97.31443298969072,
      "avg_score": 99.35123711340206
    },
    "ss": {
      "count": 0,
      "avg_lat": 0.0,
      "avg_score": 0.0
    },
    "trojan": {
      "count": 77,
      "avg_lat": 77.02597402597402,
      "avg_score": 99.4864935064935
    }
  }
}