{
  "scan_timestamp": "2026-01-21T01:08:40.111962+00:00",
  "duration_seconds": 875.4,
  "performance_metrics": {
    "total_processed": 427,
    "valid_configs": 235,
    "duplicates": 0,
    "failed_tests": 192,
    "success_rate": 55.04,
    "avg_latency_ms": 173.99,
    "avg_score": 98.84
  },
  "protocol_summary": {
    "vmess": {
      "count": 59,
      "avg_lat": 140.32203389830508,
      "avg_score": 99.06451977401129
    },
    "vless": {
      "count": 135,
      "avg_lat": 175.46666666666667,
      "avg_score": 98.83022222222222
    },
    "ss": {
      "count": 0,
      "avg_lat": 0.0,
      "avg_score": 0.0
    },
    "trojan": {
      "count": 41,
      "avg_lat": 217.58536585365854,
      "avg_score": 98.54943089430894
    }
  }
}