{
  "scan_timestamp": "2026-01-31T06:39:05.563540+00:00",
  "duration_seconds": 934.78,
  "performance_metrics": {
    "total_processed": 459,
    "valid_configs": 253,
    "duplicates": 0,
    "failed_tests": 206,
    "success_rate": 55.12,
    "avg_latency_ms": 100.3,
    "avg_score": 99.33
  },
  "protocol_summary": {
    "vmess": {
      "count": 112,
      "avg_lat": 80.26785714285714,
      "avg_score": 99.46488095238097
    },
    "vless": {
      "count": 75,
      "avg_lat": 60.88,
      "avg_score": 99.59413333333333
    },
    "ss": {
      "count": 0,
      "avg_lat": 0.0,
      "avg_score": 0.0
    },
    "trojan": {
      "count": 66,
      "avg_lat": 179.1060606060606,
      "avg_score": 98.8059595959596
    }
  }
}