{
  "scan_timestamp": "2026-01-30T11:34:38.211662+00:00",
  "duration_seconds": 904.46,
  "performance_metrics": {
    "total_processed": 462,
    "valid_configs": 255,
    "duplicates": 0,
    "failed_tests": 207,
    "success_rate": 55.19,
    "avg_latency_ms": 93.93,
    "avg_score": 99.37
  },
  "protocol_summary": {
    "vmess": {
      "count": 108,
      "avg_lat": 69.32407407407408,
      "avg_score": 99.53783950617283
    },
    "vless": {
      "count": 75,
      "avg_lat": 65.38666666666667,
      "avg_score": 99.56408888888889
    },
    "ss": {
      "count": 0,
      "avg_lat": 0.0,
      "avg_score": 0.0
    },
    "trojan": {
      "count": 72,
      "avg_lat": 160.56944444444446,
      "avg_score": 98.92953703703704
    }
  }
}