{
  "scan_timestamp": "2026-03-20T08:31:36.428060+00:00",
  "duration_seconds": 223.94,
  "performance_metrics": {
    "total_processed": 394,
    "valid_configs": 42,
    "duplicates": 0,
    "failed_tests": 352,
    "success_rate": 10.66,
    "avg_latency_ms": 69.93,
    "avg_score": 99.53
  },
  "protocol_summary": {
    "vmess": {
      "count": 1,
      "avg_lat": 28.0,
      "avg_score": 99.81333333333333
    },
    "vless": {
      "count": 28,
      "avg_lat": 78.07142857142857,
      "avg_score": 99.47952380952381
    },
    "ss": {
      "count": 0,
      "avg_lat": 0.0,
      "avg_score": 0.0
    },
    "trojan": {
      "count": 13,
      "avg_lat": 55.61538461538461,
      "avg_score": 99.62923076923077
    }
  }
}