{
  "scan_timestamp": "2026-03-10T23:20:16.517080+00:00",
  "duration_seconds": 216.24,
  "performance_metrics": {
    "total_processed": 375,
    "valid_configs": 38,
    "duplicates": 0,
    "failed_tests": 337,
    "success_rate": 10.13,
    "avg_latency_ms": 71.76,
    "avg_score": 99.52
  },
  "protocol_summary": {
    "vmess": {
      "count": 3,
      "avg_lat": 124.33333333333333,
      "avg_score": 99.1711111111111
    },
    "vless": {
      "count": 30,
      "avg_lat": 53.1,
      "avg_score": 99.646
    },
    "ss": {
      "count": 4,
      "avg_lat": 188.5,
      "avg_score": 98.74333333333334
    },
    "trojan": {
      "count": 1,
      "avg_lat": 7.0,
      "avg_score": 99.95333333333333
    }
  }
}