{
  "scan_timestamp": "2026-02-05T19:46:25.809410+00:00",
  "duration_seconds": 968.93,
  "performance_metrics": {
    "total_processed": 446,
    "valid_configs": 260,
    "duplicates": 0,
    "failed_tests": 186,
    "success_rate": 58.3,
    "avg_latency_ms": 106.44,
    "avg_score": 99.29
  },
  "protocol_summary": {
    "vmess": {
      "count": 48,
      "avg_lat": 88.47916666666667,
      "avg_score": 99.41013888888888
    },
    "vless": {
      "count": 171,
      "avg_lat": 90.02923976608187,
      "avg_score": 99.39980506822613
    },
    "ss": {
      "count": 0,
      "avg_lat": 0.0,
      "avg_score": 0.0
    },
    "trojan": {
      "count": 41,
      "avg_lat": 195.90243902439025,
      "avg_score": 98.69398373983739
    }
  }
}