{
  "scan_timestamp": "2026-02-12T12:53:04.831976+00:00",
  "duration_seconds": 1026.15,
  "performance_metrics": {
    "total_processed": 474,
    "valid_configs": 308,
    "duplicates": 0,
    "failed_tests": 166,
    "success_rate": 64.98,
    "avg_latency_ms": 130.71,
    "avg_score": 99.13
  },
  "protocol_summary": {
    "vmess": {
      "count": 51,
      "avg_lat": 145.72549019607843,
      "avg_score": 99.02849673202614
    },
    "vless": {
      "count": 211,
      "avg_lat": 104.07109004739337,
      "avg_score": 99.30619273301738
    },
    "ss": {
      "count": 0,
      "avg_lat": 0.0,
      "avg_score": 0.0
    },
    "trojan": {
      "count": 46,
      "avg_lat": 236.2608695652174,
      "avg_score": 98.42492753623188
    }
  }
}