{
  "scan_timestamp": "2026-01-26T05:43:59.810723+00:00",
  "duration_seconds": 1105.67,
  "performance_metrics": {
    "total_processed": 479,
    "valid_configs": 329,
    "duplicates": 0,
    "failed_tests": 150,
    "success_rate": 68.68,
    "avg_latency_ms": 90.62,
    "avg_score": 99.4
  },
  "protocol_summary": {
    "vmess": {
      "count": 38,
      "avg_lat": 66.44736842105263,
      "avg_score": 99.55701754385964
    },
    "vless": {
      "count": 232,
      "avg_lat": 86.07327586206897,
      "avg_score": 99.42617816091953
    },
    "ss": {
      "count": 0,
      "avg_lat": 0.0,
      "avg_score": 0.0
    },
    "trojan": {
      "count": 59,
      "avg_lat": 124.0677966101695,
      "avg_score": 99.1728813559322
    }
  }
}