{
  "scan_timestamp": "2026-04-01T17:12:19.292980+00:00",
  "duration_seconds": 986.1,
  "performance_metrics": {
    "total_processed": 492,
    "valid_configs": 238,
    "duplicates": 0,
    "failed_tests": 254,
    "success_rate": 48.37,
    "avg_latency_ms": 142.21,
    "avg_score": 99.05
  },
  "protocol_summary": {
    "vmess": {
      "count": 2,
      "avg_lat": 139.0,
      "avg_score": 99.07333333333332
    },
    "vless": {
      "count": 233,
      "avg_lat": 142.47210300429185,
      "avg_score": 99.05018597997139
    },
    "ss": {
      "count": 0,
      "avg_lat": 0.0,
      "avg_score": 0.0
    },
    "trojan": {
      "count": 3,
      "avg_lat": 124.0,
      "avg_score": 99.17333333333333
    }
  }
}