{
  "scan_timestamp": "2026-02-10T08:56:05.023708+00:00",
  "duration_seconds": 1136.53,
  "performance_metrics": {
    "total_processed": 478,
    "valid_configs": 362,
    "duplicates": 0,
    "failed_tests": 116,
    "success_rate": 75.73,
    "avg_latency_ms": 134.25,
    "avg_score": 99.11
  },
  "protocol_summary": {
    "vmess": {
      "count": 46,
      "avg_lat": 121.8695652173913,
      "avg_score": 99.18753623188407
    },
    "vless": {
      "count": 236,
      "avg_lat": 159.4364406779661,
      "avg_score": 98.93709039548023
    },
    "ss": {
      "count": 0,
      "avg_lat": 0.0,
      "avg_score": 0.0
    },
    "trojan": {
      "count": 80,
      "avg_lat": 67.05,
      "avg_score": 99.553
    }
  }
}