{
  "scan_timestamp": "2026-02-16T21:35:40.126392+00:00",
  "duration_seconds": 1044.8,
  "performance_metrics": {
    "total_processed": 459,
    "valid_configs": 305,
    "duplicates": 0,
    "failed_tests": 154,
    "success_rate": 66.45,
    "avg_latency_ms": 134.04,
    "avg_score": 99.11
  },
  "protocol_summary": {
    "vmess": {
      "count": 70,
      "avg_lat": 216.12857142857143,
      "avg_score": 98.55914285714286
    },
    "vless": {
      "count": 205,
      "avg_lat": 108.96585365853659,
      "avg_score": 99.27356097560977
    },
    "ss": {
      "count": 0,
      "avg_lat": 0.0,
      "avg_score": 0.0
    },
    "trojan": {
      "count": 30,
      "avg_lat": 113.83333333333333,
      "avg_score": 99.24111111111112
    }
  }
}