{
  "scan_timestamp": "2026-03-18T22:25:17.712579+00:00",
  "duration_seconds": 230.44,
  "performance_metrics": {
    "total_processed": 396,
    "valid_configs": 44,
    "duplicates": 0,
    "failed_tests": 352,
    "success_rate": 11.11,
    "avg_latency_ms": 53.2,
    "avg_score": 99.65
  },
  "protocol_summary": {
    "vmess": {
      "count": 1,
      "avg_lat": 19.0,
      "avg_score": 99.87333333333333
    },
    "vless": {
      "count": 28,
      "avg_lat": 49.214285714285715,
      "avg_score": 99.67190476190477
    },
    "ss": {
      "count": 3,
      "avg_lat": 125.33333333333333,
      "avg_score": 99.16444444444444
    },
    "trojan": {
      "count": 12,
      "avg_lat": 47.333333333333336,
      "avg_score": 99.68444444444445
    }
  }
}