{
  "scan_timestamp": "2026-04-16T10:22:36.630236+00:00",
  "duration_seconds": 1058.35,
  "performance_metrics": {
    "total_processed": 485,
    "valid_configs": 316,
    "duplicates": 0,
    "failed_tests": 169,
    "success_rate": 65.15,
    "avg_latency_ms": 45.89,
    "avg_score": 99.69
  },
  "protocol_summary": {
    "vmess": {
      "count": 2,
      "avg_lat": 149.0,
      "avg_score": 99.00666666666666
    },
    "vless": {
      "count": 299,
      "avg_lat": 45.541806020066886,
      "avg_score": 99.69638795986621
    },
    "ss": {
      "count": 0,
      "avg_lat": 0.0,
      "avg_score": 0.0
    },
    "trojan": {
      "count": 15,
      "avg_lat": 39.13333333333333,
      "avg_score": 99.7391111111111
    }
  }
}