{
  "scan_timestamp": "2025-12-12T04:40:14.432537+00:00",
  "duration_seconds": 923.22,
  "performance_metrics": {
    "total_processed": 476,
    "valid_configs": 223,
    "duplicates": 0,
    "failed_tests": 253,
    "success_rate": 46.85,
    "avg_latency_ms": 142.48,
    "avg_score": 99.05
  },
  "protocol_summary": {
    "vmess": {
      "count": 28,
      "avg_lat": 94.28571428571429,
      "avg_score": 99.37142857142858
    },
    "vless": {
      "count": 120,
      "avg_lat": 72.68333333333334,
      "avg_score": 99.51544444444444
    },
    "ss": {
      "count": 0,
      "avg_lat": 0.0,
      "avg_score": 0.0
    },
    "trojan": {
      "count": 75,
      "avg_lat": 272.1333333333333,
      "avg_score": 98.18577777777777
    }
  }
}