{
  "scan_timestamp": "2026-02-03T21:40:39.726825+00:00",
  "duration_seconds": 1032.93,
  "performance_metrics": {
    "total_processed": 466,
    "valid_configs": 297,
    "duplicates": 0,
    "failed_tests": 169,
    "success_rate": 63.73,
    "avg_latency_ms": 143.48,
    "avg_score": 99.04
  },
  "protocol_summary": {
    "vmess": {
      "count": 81,
      "avg_lat": 53.925925925925924,
      "avg_score": 99.6404938271605
    },
    "vless": {
      "count": 161,
      "avg_lat": 154.6086956521739,
      "avg_score": 98.96927536231884
    },
    "ss": {
      "count": 0,
      "avg_lat": 0.0,
      "avg_score": 0.0
    },
    "trojan": {
      "count": 55,
      "avg_lat": 242.8,
      "avg_score": 98.38133333333333
    }
  }
}