{
  "scan_timestamp": "2026-01-13T21:27:42.961597+00:00",
  "duration_seconds": 983.73,
  "performance_metrics": {
    "total_processed": 439,
    "valid_configs": 280,
    "duplicates": 0,
    "failed_tests": 159,
    "success_rate": 63.78,
    "avg_latency_ms": 94.14,
    "avg_score": 99.37
  },
  "protocol_summary": {
    "vmess": {
      "count": 62,
      "avg_lat": 89.25806451612904,
      "avg_score": 99.40494623655914
    },
    "vless": {
      "count": 174,
      "avg_lat": 73.4367816091954,
      "avg_score": 99.51042145593868
    },
    "ss": {
      "count": 0,
      "avg_lat": 0.0,
      "avg_score": 0.0
    },
    "trojan": {
      "count": 44,
      "avg_lat": 182.9090909090909,
      "avg_score": 98.78060606060605
    }
  }
}