{
  "scan_timestamp": "2026-04-12T14:09:36.098362+00:00",
  "duration_seconds": 1052.33,
  "performance_metrics": {
    "total_processed": 482,
    "valid_configs": 253,
    "duplicates": 0,
    "failed_tests": 229,
    "success_rate": 52.49,
    "avg_latency_ms": 128.86,
    "avg_score": 99.14
  },
  "protocol_summary": {
    "vmess": {
      "count": 2,
      "avg_lat": 109.5,
      "avg_score": 99.27000000000001
    },
    "vless": {
      "count": 240,
      "avg_lat": 130.18333333333334,
      "avg_score": 99.1321111111111
    },
    "ss": {
      "count": 1,
      "avg_lat": 210.0,
      "avg_score": 98.6
    },
    "trojan": {
      "count": 10,
      "avg_lat": 92.9,
      "avg_score": 99.38066666666666
    }
  }
}