{
  "scan_timestamp": "2026-01-13T06:35:28.701297+00:00",
  "duration_seconds": 1047.05,
  "performance_metrics": {
    "total_processed": 475,
    "valid_configs": 324,
    "duplicates": 0,
    "failed_tests": 151,
    "success_rate": 68.21,
    "avg_latency_ms": 102.73,
    "avg_score": 99.32
  },
  "protocol_summary": {
    "vmess": {
      "count": 92,
      "avg_lat": 69.71739130434783,
      "avg_score": 99.53521739130434
    },
    "vless": {
      "count": 162,
      "avg_lat": 73.15432098765432,
      "avg_score": 99.51230452674898
    },
    "ss": {
      "count": 0,
      "avg_lat": 0.0,
      "avg_score": 0.0
    },
    "trojan": {
      "count": 70,
      "avg_lat": 214.57142857142858,
      "avg_score": 98.56952380952382
    }
  }
}