{
  "scan_timestamp": "2025-12-16T03:04:05.367462+00:00",
  "duration_seconds": 1026.14,
  "performance_metrics": {
    "total_processed": 477,
    "valid_configs": 285,
    "duplicates": 0,
    "failed_tests": 192,
    "success_rate": 59.75,
    "avg_latency_ms": 108.66,
    "avg_score": 99.28
  },
  "protocol_summary": {
    "vmess": {
      "count": 49,
      "avg_lat": 166.77551020408163,
      "avg_score": 98.88816326530613
    },
    "vless": {
      "count": 203,
      "avg_lat": 98.61576354679804,
      "avg_score": 99.34256157635468
    },
    "ss": {
      "count": 0,
      "avg_lat": 0.0,
      "avg_score": 0.0
    },
    "trojan": {
      "count": 33,
      "avg_lat": 84.12121212121212,
      "avg_score": 99.43919191919191
    }
  }
}