{
  "scan_timestamp": "2025-12-08T19:25:22.091609+00:00",
  "duration_seconds": 1011.56,
  "performance_metrics": {
    "total_processed": 477,
    "valid_configs": 283,
    "duplicates": 0,
    "failed_tests": 194,
    "success_rate": 59.33,
    "avg_latency_ms": 172.98,
    "avg_score": 98.85
  },
  "protocol_summary": {
    "vmess": {
      "count": 81,
      "avg_lat": 299.77777777777777,
      "avg_score": 98.00148148148148
    },
    "vless": {
      "count": 167,
      "avg_lat": 114.50299401197604,
      "avg_score": 99.23664670658682
    },
    "ss": {
      "count": 0,
      "avg_lat": 0.0,
      "avg_score": 0.0
    },
    "trojan": {
      "count": 35,
      "avg_lat": 158.5142857142857,
      "avg_score": 98.9432380952381
    }
  }
}