{
  "scan_timestamp": "2025-12-07T15:24:40.218824+00:00",
  "duration_seconds": 959.81,
  "performance_metrics": {
    "total_processed": 475,
    "valid_configs": 235,
    "duplicates": 0,
    "failed_tests": 240,
    "success_rate": 49.47,
    "avg_latency_ms": 180.4,
    "avg_score": 98.8
  },
  "protocol_summary": {
    "vmess": {
      "count": 45,
      "avg_lat": 343.68888888888887,
      "avg_score": 97.70874074074074
    },
    "vless": {
      "count": 126,
      "avg_lat": 116.81746031746032,
      "avg_score": 99.22121693121693
    },
    "ss": {
      "count": 0,
      "avg_lat": 0.0,
      "avg_score": 0.0
    },
    "trojan": {
      "count": 64,
      "avg_lat": 190.765625,
      "avg_score": 98.72822916666667
    }
  }
}