{
  "scan_timestamp": "2026-03-03T05:58:41.901815+00:00",
  "duration_seconds": 1083.41,
  "performance_metrics": {
    "total_processed": 473,
    "valid_configs": 326,
    "duplicates": 0,
    "failed_tests": 147,
    "success_rate": 68.92,
    "avg_latency_ms": 94.05,
    "avg_score": 99.37
  },
  "protocol_summary": {
    "vmess": {
      "count": 60,
      "avg_lat": 61.016666666666666,
      "avg_score": 99.59322222222222
    },
    "vless": {
      "count": 231,
      "avg_lat": 107.13852813852814,
      "avg_score": 99.28574314574315
    },
    "ss": {
      "count": 0,
      "avg_lat": 0.0,
      "avg_score": 0.0
    },
    "trojan": {
      "count": 35,
      "avg_lat": 64.28571428571429,
      "avg_score": 99.57142857142857
    }
  }
}