{
  "scan_timestamp": "2026-01-23T10:30:05.435109+00:00",
  "duration_seconds": 995.53,
  "performance_metrics": {
    "total_processed": 465,
    "valid_configs": 281,
    "duplicates": 0,
    "failed_tests": 184,
    "success_rate": 60.43,
    "avg_latency_ms": 104.31,
    "avg_score": 99.3
  },
  "protocol_summary": {
    "vmess": {
      "count": 106,
      "avg_lat": 100.88679245283019,
      "avg_score": 99.3274213836478
    },
    "vless": {
      "count": 125,
      "avg_lat": 85.048,
      "avg_score": 99.43301333333334
    },
    "ss": {
      "count": 0,
      "avg_lat": 0.0,
      "avg_score": 0.0
    },
    "trojan": {
      "count": 50,
      "avg_lat": 159.72,
      "avg_score": 98.93520000000001
    }
  }
}