{
  "scan_timestamp": "2026-03-31T06:25:39.747933+00:00",
  "duration_seconds": 982.48,
  "performance_metrics": {
    "total_processed": 482,
    "valid_configs": 220,
    "duplicates": 0,
    "failed_tests": 262,
    "success_rate": 45.64,
    "avg_latency_ms": 94.56,
    "avg_score": 99.37
  },
  "protocol_summary": {
    "vmess": {
      "count": 19,
      "avg_lat": 130.52631578947367,
      "avg_score": 99.12982456140351
    },
    "vless": {
      "count": 197,
      "avg_lat": 87.0253807106599,
      "avg_score": 99.41983079526226
    },
    "ss": {
      "count": 1,
      "avg_lat": 105.0,
      "avg_score": 99.3
    },
    "trojan": {
      "count": 3,
      "avg_lat": 358.0,
      "avg_score": 97.61333333333334
    }
  }
}