{
  "scan_timestamp": "2026-01-03T13:40:16.715760+00:00",
  "duration_seconds": 1068.07,
  "performance_metrics": {
    "total_processed": 476,
    "valid_configs": 309,
    "duplicates": 0,
    "failed_tests": 167,
    "success_rate": 64.92,
    "avg_latency_ms": 127.58,
    "avg_score": 99.15
  },
  "protocol_summary": {
    "vmess": {
      "count": 55,
      "avg_lat": 143.45454545454547,
      "avg_score": 99.04363636363635
    },
    "vless": {
      "count": 224,
      "avg_lat": 128.08482142857142,
      "avg_score": 99.14610119047619
    },
    "ss": {
      "count": 0,
      "avg_lat": 0.0,
      "avg_score": 0.0
    },
    "trojan": {
      "count": 30,
      "avg_lat": 94.7,
      "avg_score": 99.36866666666667
    }
  }
}