{
  "scan_timestamp": "2026-01-21T19:35:05.149996+00:00",
  "duration_seconds": 988.35,
  "performance_metrics": {
    "total_processed": 482,
    "valid_configs": 240,
    "duplicates": 0,
    "failed_tests": 242,
    "success_rate": 49.79,
    "avg_latency_ms": 110.17,
    "avg_score": 99.27
  },
  "protocol_summary": {
    "vmess": {
      "count": 58,
      "avg_lat": 120.36206896551724,
      "avg_score": 99.19758620689655
    },
    "vless": {
      "count": 136,
      "avg_lat": 87.06617647058823,
      "avg_score": 99.41955882352941
    },
    "ss": {
      "count": 0,
      "avg_lat": 0.0,
      "avg_score": 0.0
    },
    "trojan": {
      "count": 46,
      "avg_lat": 165.65217391304347,
      "avg_score": 98.89565217391304
    }
  }
}