{
  "scan_timestamp": "2026-02-08T17:35:42.891554+00:00",
  "duration_seconds": 1104.06,
  "performance_metrics": {
    "total_processed": 476,
    "valid_configs": 325,
    "duplicates": 0,
    "failed_tests": 151,
    "success_rate": 68.28,
    "avg_latency_ms": 143.91,
    "avg_score": 99.04
  },
  "protocol_summary": {
    "vmess": {
      "count": 57,
      "avg_lat": 130.98245614035088,
      "avg_score": 99.126783625731
    },
    "vless": {
      "count": 224,
      "avg_lat": 155.44196428571428,
      "avg_score": 98.96372023809523
    },
    "ss": {
      "count": 0,
      "avg_lat": 0.0,
      "avg_score": 0.0
    },
    "trojan": {
      "count": 44,
      "avg_lat": 101.93181818181819,
      "avg_score": 99.32045454545455
    }
  }
}