{
  "scan_timestamp": "2026-01-29T05:18:20.110061+00:00",
  "duration_seconds": 872.9,
  "performance_metrics": {
    "total_processed": 460,
    "valid_configs": 228,
    "duplicates": 0,
    "failed_tests": 232,
    "success_rate": 49.57,
    "avg_latency_ms": 87.45,
    "avg_score": 99.42
  },
  "protocol_summary": {
    "vmess": {
      "count": 100,
      "avg_lat": 41.34,
      "avg_score": 99.7244
    },
    "vless": {
      "count": 71,
      "avg_lat": 92.28169014084507,
      "avg_score": 99.38478873239436
    },
    "ss": {
      "count": 0,
      "avg_lat": 0.0,
      "avg_score": 0.0
    },
    "trojan": {
      "count": 57,
      "avg_lat": 162.33333333333334,
      "avg_score": 98.91777777777779
    }
  }
}