{
  "scan_timestamp": "2025-12-21T11:23:08.716204+00:00",
  "duration_seconds": 895.5,
  "performance_metrics": {
    "total_processed": 467,
    "valid_configs": 255,
    "duplicates": 0,
    "failed_tests": 212,
    "success_rate": 54.6,
    "avg_latency_ms": 127.51,
    "avg_score": 99.15
  },
  "protocol_summary": {
    "vmess": {
      "count": 110,
      "avg_lat": 111.9090909090909,
      "avg_score": 99.25393939393939
    },
    "vless": {
      "count": 89,
      "avg_lat": 99.49438202247191,
      "avg_score": 99.3367041198502
    },
    "ss": {
      "count": 0,
      "avg_lat": 0.0,
      "avg_score": 0.0
    },
    "trojan": {
      "count": 56,
      "avg_lat": 202.67857142857142,
      "avg_score": 98.64880952380952
    }
  }
}