{
  "scan_timestamp": "2026-02-18T08:50:36.354772+00:00",
  "duration_seconds": 1118.19,
  "performance_metrics": {
    "total_processed": 462,
    "valid_configs": 347,
    "duplicates": 0,
    "failed_tests": 115,
    "success_rate": 75.11,
    "avg_latency_ms": 102.33,
    "avg_score": 99.32
  },
  "protocol_summary": {
    "vmess": {
      "count": 54,
      "avg_lat": 156.66666666666666,
      "avg_score": 98.95555555555556
    },
    "vless": {
      "count": 260,
      "avg_lat": 88.97307692307692,
      "avg_score": 99.40684615384615
    },
    "ss": {
      "count": 0,
      "avg_lat": 0.0,
      "avg_score": 0.0
    },
    "trojan": {
      "count": 33,
      "avg_lat": 118.6969696969697,
      "avg_score": 99.20868686868687
    }
  }
}