{
  "scan_timestamp": "2026-01-20T10:32:19.644172+00:00",
  "duration_seconds": 953.8,
  "performance_metrics": {
    "total_processed": 462,
    "valid_configs": 265,
    "duplicates": 0,
    "failed_tests": 197,
    "success_rate": 57.36,
    "avg_latency_ms": 107.63,
    "avg_score": 99.28
  },
  "protocol_summary": {
    "vmess": {
      "count": 104,
      "avg_lat": 71.10576923076923,
      "avg_score": 99.52596153846154
    },
    "vless": {
      "count": 110,
      "avg_lat": 122.78181818181818,
      "avg_score": 99.18145454545456
    },
    "ss": {
      "count": 0,
      "avg_lat": 0.0,
      "avg_score": 0.0
    },
    "trojan": {
      "count": 51,
      "avg_lat": 149.4313725490196,
      "avg_score": 99.00379084967321
    }
  }
}