{
  "scan_timestamp": "2025-12-12T17:25:53.274707+00:00",
  "duration_seconds": 941.21,
  "performance_metrics": {
    "total_processed": 479,
    "valid_configs": 216,
    "duplicates": 0,
    "failed_tests": 263,
    "success_rate": 45.09,
    "avg_latency_ms": 137.77,
    "avg_score": 99.08
  },
  "protocol_summary": {
    "vmess": {
      "count": 25,
      "avg_lat": 118.32,
      "avg_score": 99.2112
    },
    "vless": {
      "count": 113,
      "avg_lat": 98.12389380530973,
      "avg_score": 99.3458407079646
    },
    "ss": {
      "count": 0,
      "avg_lat": 0.0,
      "avg_score": 0.0
    },
    "trojan": {
      "count": 78,
      "avg_lat": 201.43589743589743,
      "avg_score": 98.65709401709401
    }
  }
}