{
  "scan_timestamp": "2026-03-15T21:21:06.572653+00:00",
  "duration_seconds": 230.99,
  "performance_metrics": {
    "total_processed": 353,
    "valid_configs": 42,
    "duplicates": 0,
    "failed_tests": 311,
    "success_rate": 11.9,
    "avg_latency_ms": 98.95,
    "avg_score": 99.34
  },
  "protocol_summary": {
    "vmess": {
      "count": 1,
      "avg_lat": 67.0,
      "avg_score": 99.55333333333333
    },
    "vless": {
      "count": 29,
      "avg_lat": 82.51724137931035,
      "avg_score": 99.44988505747126
    },
    "ss": {
      "count": 11,
      "avg_lat": 153.36363636363637,
      "avg_score": 98.97757575757576
    },
    "trojan": {
      "count": 1,
      "avg_lat": 9.0,
      "avg_score": 99.94
    }
  }
}