{
  "scan_timestamp": "2026-04-07T06:27:50.719542+00:00",
  "duration_seconds": 942.12,
  "performance_metrics": {
    "total_processed": 475,
    "valid_configs": 194,
    "duplicates": 0,
    "failed_tests": 281,
    "success_rate": 40.84,
    "avg_latency_ms": 123.25,
    "avg_score": 99.18
  },
  "protocol_summary": {
    "vmess": {
      "count": 2,
      "avg_lat": 145.0,
      "avg_score": 99.03333333333333
    },
    "vless": {
      "count": 191,
      "avg_lat": 122.73298429319372,
      "avg_score": 99.18178010471205
    },
    "ss": {
      "count": 1,
      "avg_lat": 179.0,
      "avg_score": 98.80666666666667
    },
    "trojan": {
      "count": 0,
      "avg_lat": 0.0,
      "avg_score": 0.0
    }
  }
}