{
  "scan_timestamp": "2026-01-31T20:28:35.782552+00:00",
  "duration_seconds": 959.22,
  "performance_metrics": {
    "total_processed": 463,
    "valid_configs": 258,
    "duplicates": 0,
    "failed_tests": 205,
    "success_rate": 55.72,
    "avg_latency_ms": 88.31,
    "avg_score": 99.41
  },
  "protocol_summary": {
    "vmess": {
      "count": 114,
      "avg_lat": 69.2280701754386,
      "avg_score": 99.53847953216375
    },
    "vless": {
      "count": 74,
      "avg_lat": 70.63513513513513,
      "avg_score": 99.5290990990991
    },
    "ss": {
      "count": 0,
      "avg_lat": 0.0,
      "avg_score": 0.0
    },
    "trojan": {
      "count": 70,
      "avg_lat": 138.0857142857143,
      "avg_score": 99.07942857142858
    }
  }
}