{
  "scan_timestamp": "2026-02-04T18:45:33.334722+00:00",
  "duration_seconds": 771.67,
  "performance_metrics": {
    "total_processed": 435,
    "valid_configs": 173,
    "duplicates": 0,
    "failed_tests": 262,
    "success_rate": 39.77,
    "avg_latency_ms": 167.46,
    "avg_score": 98.88
  },
  "protocol_summary": {
    "vmess": {
      "count": 72,
      "avg_lat": 158.65277777777777,
      "avg_score": 98.94231481481481
    },
    "vless": {
      "count": 50,
      "avg_lat": 67.34,
      "avg_score": 99.55106666666667
    },
    "ss": {
      "count": 0,
      "avg_lat": 0.0,
      "avg_score": 0.0
    },
    "trojan": {
      "count": 51,
      "avg_lat": 278.03921568627453,
      "avg_score": 98.14640522875816
    }
  }
}