{
  "scan_timestamp": "2026-01-30T22:25:01.455967+00:00",
  "duration_seconds": 722.33,
  "performance_metrics": {
    "total_processed": 420,
    "valid_configs": 186,
    "duplicates": 0,
    "failed_tests": 234,
    "success_rate": 44.29,
    "avg_latency_ms": 97.57,
    "avg_score": 99.35
  },
  "protocol_summary": {
    "vmess": {
      "count": 60,
      "avg_lat": 74.16666666666667,
      "avg_score": 99.50555555555555
    },
    "vless": {
      "count": 75,
      "avg_lat": 71.77333333333333,
      "avg_score": 99.52151111111111
    },
    "ss": {
      "count": 1,
      "avg_lat": 98.0,
      "avg_score": 99.34666666666666
    },
    "trojan": {
      "count": 50,
      "avg_lat": 164.34,
      "avg_score": 98.90440000000001
    }
  }
}