{
  "scan_timestamp": "2026-02-19T08:49:41.391665+00:00",
  "duration_seconds": 1184.53,
  "performance_metrics": {
    "total_processed": 472,
    "valid_configs": 380,
    "duplicates": 0,
    "failed_tests": 92,
    "success_rate": 80.51,
    "avg_latency_ms": 79.44,
    "avg_score": 99.47
  },
  "protocol_summary": {
    "vmess": {
      "count": 65,
      "avg_lat": 85.6,
      "avg_score": 99.42933333333333
    },
    "vless": {
      "count": 283,
      "avg_lat": 80.43462897526501,
      "avg_score": 99.4637691401649
    },
    "ss": {
      "count": 0,
      "avg_lat": 0.0,
      "avg_score": 0.0
    },
    "trojan": {
      "count": 32,
      "avg_lat": 58.1875,
      "avg_score": 99.61208333333333
    }
  }
}