{
  "scan_timestamp": "2026-01-23T03:10:01.864028+00:00",
  "duration_seconds": 930.38,
  "performance_metrics": {
    "total_processed": 457,
    "valid_configs": 263,
    "duplicates": 0,
    "failed_tests": 194,
    "success_rate": 57.55,
    "avg_latency_ms": 129.49,
    "avg_score": 99.14
  },
  "protocol_summary": {
    "vmess": {
      "count": 104,
      "avg_lat": 117.26923076923077,
      "avg_score": 99.21820512820513
    },
    "vless": {
      "count": 128,
      "avg_lat": 120.78125,
      "avg_score": 99.19479166666666
    },
    "ss": {
      "count": 0,
      "avg_lat": 0.0,
      "avg_score": 0.0
    },
    "trojan": {
      "count": 31,
      "avg_lat": 206.48387096774192,
      "avg_score": 98.62344086021506
    }
  }
}