{
  "scan_timestamp": "2026-01-17T09:25:44.719824+00:00",
  "duration_seconds": 925.12,
  "performance_metrics": {
    "total_processed": 469,
    "valid_configs": 234,
    "duplicates": 0,
    "failed_tests": 235,
    "success_rate": 49.89,
    "avg_latency_ms": 104.05,
    "avg_score": 99.31
  },
  "protocol_summary": {
    "vmess": {
      "count": 56,
      "avg_lat": 85.625,
      "avg_score": 99.42916666666667
    },
    "vless": {
      "count": 127,
      "avg_lat": 90.78740157480316,
      "avg_score": 99.39475065616797
    },
    "ss": {
      "count": 0,
      "avg_lat": 0.0,
      "avg_score": 0.0
    },
    "trojan": {
      "count": 51,
      "avg_lat": 157.31372549019608,
      "avg_score": 98.95124183006536
    }
  }
}