{
  "scan_timestamp": "2026-01-11T11:25:46.926376+00:00",
  "duration_seconds": 1013.62,
  "performance_metrics": {
    "total_processed": 479,
    "valid_configs": 310,
    "duplicates": 0,
    "failed_tests": 169,
    "success_rate": 64.72,
    "avg_latency_ms": 118.44,
    "avg_score": 99.21
  },
  "protocol_summary": {
    "vmess": {
      "count": 76,
      "avg_lat": 81.13157894736842,
      "avg_score": 99.45912280701755
    },
    "vless": {
      "count": 155,
      "avg_lat": 111.40645161290323,
      "avg_score": 99.25729032258064
    },
    "ss": {
      "count": 0,
      "avg_lat": 0.0,
      "avg_score": 0.0
    },
    "trojan": {
      "count": 79,
      "avg_lat": 168.1139240506329,
      "avg_score": 98.87924050632911
    }
  }
}