{
  "scan_timestamp": "2026-01-13T22:28:40.610435+00:00",
  "duration_seconds": 1035.69,
  "performance_metrics": {
    "total_processed": 471,
    "valid_configs": 318,
    "duplicates": 0,
    "failed_tests": 153,
    "success_rate": 67.52,
    "avg_latency_ms": 106.38,
    "avg_score": 99.29
  },
  "protocol_summary": {
    "vmess": {
      "count": 97,
      "avg_lat": 84.72164948453609,
      "avg_score": 99.43518900343642
    },
    "vless": {
      "count": 162,
      "avg_lat": 91.08641975308642,
      "avg_score": 99.39275720164609
    },
    "ss": {
      "count": 0,
      "avg_lat": 0.0,
      "avg_score": 0.0
    },
    "trojan": {
      "count": 59,
      "avg_lat": 183.98305084745763,
      "avg_score": 98.77344632768362
    }
  }
}