{
  "scan_timestamp": "2026-02-11T12:57:01.976665+00:00",
  "duration_seconds": 1079.58,
  "performance_metrics": {
    "total_processed": 478,
    "valid_configs": 294,
    "duplicates": 0,
    "failed_tests": 184,
    "success_rate": 61.51,
    "avg_latency_ms": 117.17,
    "avg_score": 99.22
  },
  "protocol_summary": {
    "vmess": {
      "count": 53,
      "avg_lat": 148.56603773584905,
      "avg_score": 99.00955974842766
    },
    "vless": {
      "count": 194,
      "avg_lat": 106.98969072164948,
      "avg_score": 99.286735395189
    },
    "ss": {
      "count": 0,
      "avg_lat": 0.0,
      "avg_score": 0.0
    },
    "trojan": {
      "count": 47,
      "avg_lat": 123.80851063829788,
      "avg_score": 99.17460992907802
    }
  }
}