{
  "scan_timestamp": "2026-03-17T10:41:41.990748+00:00",
  "duration_seconds": 209.64,
  "performance_metrics": {
    "total_processed": 389,
    "valid_configs": 36,
    "duplicates": 0,
    "failed_tests": 353,
    "success_rate": 9.25,
    "avg_latency_ms": 100.56,
    "avg_score": 99.33
  },
  "protocol_summary": {
    "vmess": {
      "count": 1,
      "avg_lat": 24.0,
      "avg_score": 99.84
    },
    "vless": {
      "count": 28,
      "avg_lat": 46.857142857142854,
      "avg_score": 99.68761904761905
    },
    "ss": {
      "count": 5,
      "avg_lat": 450.6,
      "avg_score": 96.99600000000001
    },
    "trojan": {
      "count": 2,
      "avg_lat": 15.5,
      "avg_score": 99.89666666666668
    }
  }
}