{
  "scan_timestamp": "2025-12-22T11:24:55.087669+00:00",
  "duration_seconds": 900.77,
  "performance_metrics": {
    "total_processed": 441,
    "valid_configs": 239,
    "duplicates": 0,
    "failed_tests": 202,
    "success_rate": 54.2,
    "avg_latency_ms": 107.76,
    "avg_score": 99.28
  },
  "protocol_summary": {
    "vmess": {
      "count": 50,
      "avg_lat": 145.22,
      "avg_score": 99.03186666666666
    },
    "vless": {
      "count": 144,
      "avg_lat": 82.88888888888889,
      "avg_score": 99.44740740740741
    },
    "ss": {
      "count": 0,
      "avg_lat": 0.0,
      "avg_score": 0.0
    },
    "trojan": {
      "count": 45,
      "avg_lat": 145.73333333333332,
      "avg_score": 99.02844444444443
    }
  }
}