{
  "scan_timestamp": "2025-12-21T05:27:20.182272+00:00",
  "duration_seconds": 902.66,
  "performance_metrics": {
    "total_processed": 465,
    "valid_configs": 264,
    "duplicates": 0,
    "failed_tests": 201,
    "success_rate": 56.77,
    "avg_latency_ms": 95.78,
    "avg_score": 99.36
  },
  "protocol_summary": {
    "vmess": {
      "count": 109,
      "avg_lat": 90.26605504587155,
      "avg_score": 99.39822629969419
    },
    "vless": {
      "count": 122,
      "avg_lat": 95.50819672131148,
      "avg_score": 99.36327868852459
    },
    "ss": {
      "count": 0,
      "avg_lat": 0.0,
      "avg_score": 0.0
    },
    "trojan": {
      "count": 33,
      "avg_lat": 115.03030303030303,
      "avg_score": 99.23313131313131
    }
  }
}