{
  "scan_timestamp": "2026-01-02T21:26:18.707225+00:00",
  "duration_seconds": 1099.45,
  "performance_metrics": {
    "total_processed": 479,
    "valid_configs": 311,
    "duplicates": 0,
    "failed_tests": 168,
    "success_rate": 64.93,
    "avg_latency_ms": 108.41,
    "avg_score": 99.28
  },
  "protocol_summary": {
    "vmess": {
      "count": 43,
      "avg_lat": 136.09302325581396,
      "avg_score": 99.09271317829457
    },
    "vless": {
      "count": 241,
      "avg_lat": 95.80082987551867,
      "avg_score": 99.36132780082987
    },
    "ss": {
      "count": 0,
      "avg_lat": 0.0,
      "avg_score": 0.0
    },
    "trojan": {
      "count": 27,
      "avg_lat": 176.8148148148148,
      "avg_score": 98.82123456790123
    }
  }
}