{
  "scan_timestamp": "2026-02-06T23:33:00.864587+00:00",
  "duration_seconds": 1101.02,
  "performance_metrics": {
    "total_processed": 482,
    "valid_configs": 324,
    "duplicates": 0,
    "failed_tests": 158,
    "success_rate": 67.22,
    "avg_latency_ms": 142.73,
    "avg_score": 99.05
  },
  "protocol_summary": {
    "vmess": {
      "count": 58,
      "avg_lat": 101.6896551724138,
      "avg_score": 99.32206896551725
    },
    "vless": {
      "count": 209,
      "avg_lat": 144.71291866028707,
      "avg_score": 99.03524720893141
    },
    "ss": {
      "count": 0,
      "avg_lat": 0.0,
      "avg_score": 0.0
    },
    "trojan": {
      "count": 57,
      "avg_lat": 177.21052631578948,
      "avg_score": 98.81859649122806
    }
  }
}