{
  "scan_timestamp": "2026-07-19T15:00:41.435919+00:00",
  "duration_seconds": 368.84,
  "performance_metrics": {
    "total_processed": 415,
    "valid_configs": 98,
    "duplicates": 0,
    "failed_tests": 317,
    "success_rate": 23.61,
    "avg_latency_ms": 139.19,
    "avg_score": 99.07
  },
  "protocol_summary": {
    "vmess": {
      "count": 1,
      "avg_lat": 31.0,
      "avg_score": 99.79333333333334
    },
    "vless": {
      "count": 1,
      "avg_lat": 6.0,
      "avg_score": 99.96
    },
    "ss": {
      "count": 89,
      "avg_lat": 127.33707865168539,
      "avg_score": 99.1510861423221
    },
    "trojan": {
      "count": 7,
      "avg_lat": 324.42857142857144,
      "avg_score": 97.83714285714287
    }
  }
}