{
  "scan_timestamp": "2025-12-14T06:31:47.583070+00:00",
  "duration_seconds": 1004.84,
  "performance_metrics": {
    "total_processed": 476,
    "valid_configs": 276,
    "duplicates": 0,
    "failed_tests": 200,
    "success_rate": 57.98,
    "avg_latency_ms": 96.98,
    "avg_score": 99.35
  },
  "protocol_summary": {
    "vmess": {
      "count": 44,
      "avg_lat": 125.9090909090909,
      "avg_score": 99.16060606060606
    },
    "vless": {
      "count": 193,
      "avg_lat": 84.48704663212435,
      "avg_score": 99.4367530224525
    },
    "ss": {
      "count": 0,
      "avg_lat": 0.0,
      "avg_score": 0.0
    },
    "trojan": {
      "count": 39,
      "avg_lat": 126.17948717948718,
      "avg_score": 99.15880341880342
    }
  }
}