{
  "scan_timestamp": "2026-03-25T23:34:02.979338+00:00",
  "duration_seconds": 655.11,
  "performance_metrics": {
    "total_processed": 457,
    "valid_configs": 116,
    "duplicates": 0,
    "failed_tests": 341,
    "success_rate": 25.38,
    "avg_latency_ms": 94.53,
    "avg_score": 99.37
  },
  "protocol_summary": {
    "vmess": {
      "count": 2,
      "avg_lat": 113.0,
      "avg_score": 99.24666666666667
    },
    "vless": {
      "count": 104,
      "avg_lat": 96.67307692307692,
      "avg_score": 99.35551282051281
    },
    "ss": {
      "count": 3,
      "avg_lat": 174.33333333333334,
      "avg_score": 98.83777777777777
    },
    "trojan": {
      "count": 7,
      "avg_lat": 23.285714285714285,
      "avg_score": 99.84476190476191
    }
  }
}