{
  "scan_timestamp": "2026-02-28T03:23:38.983290+00:00",
  "duration_seconds": 1104.05,
  "performance_metrics": {
    "total_processed": 473,
    "valid_configs": 334,
    "duplicates": 0,
    "failed_tests": 139,
    "success_rate": 70.61,
    "avg_latency_ms": 90.1,
    "avg_score": 99.4
  },
  "protocol_summary": {
    "vmess": {
      "count": 62,
      "avg_lat": 75.83870967741936,
      "avg_score": 99.49440860215054
    },
    "vless": {
      "count": 237,
      "avg_lat": 99.07172995780591,
      "avg_score": 99.33952180028129
    },
    "ss": {
      "count": 0,
      "avg_lat": 0.0,
      "avg_score": 0.0
    },
    "trojan": {
      "count": 35,
      "avg_lat": 54.57142857142857,
      "avg_score": 99.63619047619048
    }
  }
}