{
  "scan_timestamp": "2026-01-23T05:33:29.453233+00:00",
  "duration_seconds": 864.1,
  "performance_metrics": {
    "total_processed": 457,
    "valid_configs": 239,
    "duplicates": 0,
    "failed_tests": 218,
    "success_rate": 52.3,
    "avg_latency_ms": 116.2,
    "avg_score": 99.23
  },
  "protocol_summary": {
    "vmess": {
      "count": 79,
      "avg_lat": 129.9367088607595,
      "avg_score": 99.1337552742616
    },
    "vless": {
      "count": 129,
      "avg_lat": 110.10852713178295,
      "avg_score": 99.26594315245478
    },
    "ss": {
      "count": 0,
      "avg_lat": 0.0,
      "avg_score": 0.0
    },
    "trojan": {
      "count": 31,
      "avg_lat": 106.51612903225806,
      "avg_score": 99.28989247311829
    }
  }
}