{
  "scan_timestamp": "2026-01-14T21:27:16.157581+00:00",
  "duration_seconds": 992.96,
  "performance_metrics": {
    "total_processed": 466,
    "valid_configs": 309,
    "duplicates": 0,
    "failed_tests": 157,
    "success_rate": 66.31,
    "avg_latency_ms": 104.22,
    "avg_score": 99.31
  },
  "protocol_summary": {
    "vmess": {
      "count": 84,
      "avg_lat": 86.14285714285714,
      "avg_score": 99.42571428571429
    },
    "vless": {
      "count": 131,
      "avg_lat": 63.786259541984734,
      "avg_score": 99.5747582697201
    },
    "ss": {
      "count": 0,
      "avg_lat": 0.0,
      "avg_score": 0.0
    },
    "trojan": {
      "count": 94,
      "avg_lat": 176.7127659574468,
      "avg_score": 98.82191489361702
    }
  }
}