{
  "scan_timestamp": "2025-12-18T01:01:24.126118+00:00",
  "duration_seconds": 922.98,
  "performance_metrics": {
    "total_processed": 476,
    "valid_configs": 236,
    "duplicates": 0,
    "failed_tests": 240,
    "success_rate": 49.58,
    "avg_latency_ms": 106.32,
    "avg_score": 99.29
  },
  "protocol_summary": {
    "vmess": {
      "count": 46,
      "avg_lat": 175.04347826086956,
      "avg_score": 98.83304347826086
    },
    "vless": {
      "count": 144,
      "avg_lat": 93.16666666666667,
      "avg_score": 99.37888888888888
    },
    "ss": {
      "count": 0,
      "avg_lat": 0.0,
      "avg_score": 0.0
    },
    "trojan": {
      "count": 46,
      "avg_lat": 78.76086956521739,
      "avg_score": 99.47492753623187
    }
  }
}