{
  "scan_timestamp": "2025-12-29T07:32:57.592939+00:00",
  "duration_seconds": 921.39,
  "performance_metrics": {
    "total_processed": 442,
    "valid_configs": 247,
    "duplicates": 0,
    "failed_tests": 195,
    "success_rate": 55.88,
    "avg_latency_ms": 96.27,
    "avg_score": 99.36
  },
  "protocol_summary": {
    "vmess": {
      "count": 52,
      "avg_lat": 127.09615384615384,
      "avg_score": 99.1526923076923
    },
    "vless": {
      "count": 165,
      "avg_lat": 78.17575757575757,
      "avg_score": 99.47882828282829
    },
    "ss": {
      "count": 0,
      "avg_lat": 0.0,
      "avg_score": 0.0
    },
    "trojan": {
      "count": 30,
      "avg_lat": 142.36666666666667,
      "avg_score": 99.05088888888889
    }
  }
}