{
  "scan_timestamp": "2025-12-13T04:32:00.343110+00:00",
  "duration_seconds": 934.45,
  "performance_metrics": {
    "total_processed": 477,
    "valid_configs": 232,
    "duplicates": 0,
    "failed_tests": 245,
    "success_rate": 48.64,
    "avg_latency_ms": 177.99,
    "avg_score": 98.81
  },
  "protocol_summary": {
    "vmess": {
      "count": 43,
      "avg_lat": 174.86046511627907,
      "avg_score": 98.83426356589146
    },
    "vless": {
      "count": 118,
      "avg_lat": 148.5677966101695,
      "avg_score": 99.00954802259888
    },
    "ss": {
      "count": 0,
      "avg_lat": 0.0,
      "avg_score": 0.0
    },
    "trojan": {
      "count": 71,
      "avg_lat": 228.7887323943662,
      "avg_score": 98.47474178403756
    }
  }
}