{
  "scan_timestamp": "2026-01-19T21:21:29.287188+00:00",
  "duration_seconds": 654.87,
  "performance_metrics": {
    "total_processed": 408,
    "valid_configs": 155,
    "duplicates": 0,
    "failed_tests": 253,
    "success_rate": 37.99,
    "avg_latency_ms": 92.41,
    "avg_score": 99.38
  },
  "protocol_summary": {
    "vmess": {
      "count": 54,
      "avg_lat": 106.87037037037037,
      "avg_score": 99.28753086419754
    },
    "vless": {
      "count": 65,
      "avg_lat": 63.6,
      "avg_score": 99.576
    },
    "ss": {
      "count": 0,
      "avg_lat": 0.0,
      "avg_score": 0.0
    },
    "trojan": {
      "count": 36,
      "avg_lat": 122.72222222222223,
      "avg_score": 99.18185185185185
    }
  }
}