{
  "scan_timestamp": "2026-01-24T23:25:01.551802+00:00",
  "duration_seconds": 870.49,
  "performance_metrics": {
    "total_processed": 430,
    "valid_configs": 229,
    "duplicates": 0,
    "failed_tests": 201,
    "success_rate": 53.26,
    "avg_latency_ms": 128.61,
    "avg_score": 99.14
  },
  "protocol_summary": {
    "vmess": {
      "count": 61,
      "avg_lat": 139.8360655737705,
      "avg_score": 99.06775956284153
    },
    "vless": {
      "count": 136,
      "avg_lat": 119.24264705882354,
      "avg_score": 99.20504901960784
    },
    "ss": {
      "count": 2,
      "avg_lat": 56.0,
      "avg_score": 99.62666666666667
    },
    "trojan": {
      "count": 30,
      "avg_lat": 153.06666666666666,
      "avg_score": 98.97955555555556
    }
  }
}