{
  "scan_timestamp": "2026-02-04T06:52:03.150857+00:00",
  "duration_seconds": 959.2,
  "performance_metrics": {
    "total_processed": 449,
    "valid_configs": 259,
    "duplicates": 0,
    "failed_tests": 190,
    "success_rate": 57.68,
    "avg_latency_ms": 124.57,
    "avg_score": 99.17
  },
  "protocol_summary": {
    "vmess": {
      "count": 47,
      "avg_lat": 103.2127659574468,
      "avg_score": 99.31191489361701
    },
    "vless": {
      "count": 166,
      "avg_lat": 110.7289156626506,
      "avg_score": 99.26180722891566
    },
    "ss": {
      "count": 1,
      "avg_lat": 199.0,
      "avg_score": 98.67333333333333
    },
    "trojan": {
      "count": 45,
      "avg_lat": 196.2888888888889,
      "avg_score": 98.69140740740741
    }
  }
}