{
  "scan_timestamp": "2026-02-11T18:06:18.766729+00:00",
  "duration_seconds": 1062.58,
  "performance_metrics": {
    "total_processed": 479,
    "valid_configs": 295,
    "duplicates": 0,
    "failed_tests": 184,
    "success_rate": 61.59,
    "avg_latency_ms": 105.25,
    "avg_score": 99.3
  },
  "protocol_summary": {
    "vmess": {
      "count": 50,
      "avg_lat": 94.78,
      "avg_score": 99.36813333333333
    },
    "vless": {
      "count": 202,
      "avg_lat": 98.84158415841584,
      "avg_score": 99.34105610561056
    },
    "ss": {
      "count": 0,
      "avg_lat": 0.0,
      "avg_score": 0.0
    },
    "trojan": {
      "count": 43,
      "avg_lat": 147.53488372093022,
      "avg_score": 99.01643410852714
    }
  }
}