{
  "scan_timestamp": "2026-02-26T12:54:00.936202+00:00",
  "duration_seconds": 1096.75,
  "performance_metrics": {
    "total_processed": 473,
    "valid_configs": 334,
    "duplicates": 0,
    "failed_tests": 139,
    "success_rate": 70.61,
    "avg_latency_ms": 104.97,
    "avg_score": 99.3
  },
  "protocol_summary": {
    "vmess": {
      "count": 59,
      "avg_lat": 110.8135593220339,
      "avg_score": 99.2612429378531
    },
    "vless": {
      "count": 240,
      "avg_lat": 109.00416666666666,
      "avg_score": 99.27330555555555
    },
    "ss": {
      "count": 0,
      "avg_lat": 0.0,
      "avg_score": 0.0
    },
    "trojan": {
      "count": 35,
      "avg_lat": 67.45714285714286,
      "avg_score": 99.5502857142857
    }
  }
}