{
  "scan_timestamp": "2026-07-22T13:56:03.968054+00:00",
  "duration_seconds": 368.37,
  "performance_metrics": {
    "total_processed": 412,
    "valid_configs": 108,
    "duplicates": 0,
    "failed_tests": 304,
    "success_rate": 26.21,
    "avg_latency_ms": 121.72,
    "avg_score": 99.19
  },
  "protocol_summary": {
    "vmess": {
      "count": 1,
      "avg_lat": 166.0,
      "avg_score": 98.89333333333333
    },
    "vless": {
      "count": 2,
      "avg_lat": 6.5,
      "avg_score": 99.95666666666668
    },
    "ss": {
      "count": 102,
      "avg_lat": 120.3921568627451,
      "avg_score": 99.19738562091503
    },
    "trojan": {
      "count": 3,
      "avg_lat": 229.0,
      "avg_score": 98.47333333333334
    }
  }
}