{
  "scan_timestamp": "2025-12-23T08:29:54.627579+00:00",
  "duration_seconds": 835.94,
  "performance_metrics": {
    "total_processed": 468,
    "valid_configs": 237,
    "duplicates": 0,
    "failed_tests": 231,
    "success_rate": 50.64,
    "avg_latency_ms": 153.9,
    "avg_score": 98.97
  },
  "protocol_summary": {
    "vmess": {
      "count": 57,
      "avg_lat": 131.31578947368422,
      "avg_score": 99.12456140350878
    },
    "vless": {
      "count": 107,
      "avg_lat": 106.27102803738318,
      "avg_score": 99.29152647975077
    },
    "ss": {
      "count": 0,
      "avg_lat": 0.0,
      "avg_score": 0.0
    },
    "trojan": {
      "count": 73,
      "avg_lat": 241.34246575342465,
      "avg_score": 98.3910502283105
    }
  }
}