{
  "scan_timestamp": "2026-01-01T09:32:28.552122+00:00",
  "duration_seconds": 1053.1,
  "performance_metrics": {
    "total_processed": 477,
    "valid_configs": 270,
    "duplicates": 0,
    "failed_tests": 207,
    "success_rate": 56.6,
    "avg_latency_ms": 121.54,
    "avg_score": 99.19
  },
  "protocol_summary": {
    "vmess": {
      "count": 50,
      "avg_lat": 118.96,
      "avg_score": 99.20693333333332
    },
    "vless": {
      "count": 204,
      "avg_lat": 113.57352941176471,
      "avg_score": 99.24284313725491
    },
    "ss": {
      "count": 0,
      "avg_lat": 0.0,
      "avg_score": 0.0
    },
    "trojan": {
      "count": 16,
      "avg_lat": 231.125,
      "avg_score": 98.45916666666666
    }
  }
}