{
  "scan_timestamp": "2026-02-01T11:28:56.853168+00:00",
  "duration_seconds": 952.15,
  "performance_metrics": {
    "total_processed": 453,
    "valid_configs": 258,
    "duplicates": 0,
    "failed_tests": 195,
    "success_rate": 56.95,
    "avg_latency_ms": 120.81,
    "avg_score": 99.19
  },
  "protocol_summary": {
    "vmess": {
      "count": 51,
      "avg_lat": 110.68627450980392,
      "avg_score": 99.26209150326798
    },
    "vless": {
      "count": 167,
      "avg_lat": 122.2874251497006,
      "avg_score": 99.18475049900199
    },
    "ss": {
      "count": 0,
      "avg_lat": 0.0,
      "avg_score": 0.0
    },
    "trojan": {
      "count": 40,
      "avg_lat": 127.55,
      "avg_score": 99.14966666666666
    }
  }
}