{
  "scan_timestamp": "2026-01-12T19:29:49.915002+00:00",
  "duration_seconds": 1001.87,
  "performance_metrics": {
    "total_processed": 467,
    "valid_configs": 308,
    "duplicates": 0,
    "failed_tests": 159,
    "success_rate": 65.95,
    "avg_latency_ms": 124.61,
    "avg_score": 99.17
  },
  "protocol_summary": {
    "vmess": {
      "count": 99,
      "avg_lat": 102.93939393939394,
      "avg_score": 99.31373737373737
    },
    "vless": {
      "count": 144,
      "avg_lat": 107.09027777777777,
      "avg_score": 99.28606481481481
    },
    "ss": {
      "count": 0,
      "avg_lat": 0.0,
      "avg_score": 0.0
    },
    "trojan": {
      "count": 65,
      "avg_lat": 196.44615384615383,
      "avg_score": 98.69035897435897
    }
  }
}