{
  "scan_timestamp": "2025-12-24T22:25:46.566303+00:00",
  "duration_seconds": 905.27,
  "performance_metrics": {
    "total_processed": 434,
    "valid_configs": 244,
    "duplicates": 0,
    "failed_tests": 190,
    "success_rate": 56.22,
    "avg_latency_ms": 103.41,
    "avg_score": 99.31
  },
  "protocol_summary": {
    "vmess": {
      "count": 56,
      "avg_lat": 98.91071428571429,
      "avg_score": 99.34059523809525
    },
    "vless": {
      "count": 150,
      "avg_lat": 73.94,
      "avg_score": 99.50706666666666
    },
    "ss": {
      "count": 0,
      "avg_lat": 0.0,
      "avg_score": 0.0
    },
    "trojan": {
      "count": 38,
      "avg_lat": 226.3684210526316,
      "avg_score": 98.49087719298245
    }
  }
}