{
  "scan_timestamp": "2026-03-08T04:03:08.278049+00:00",
  "duration_seconds": 186.47,
  "performance_metrics": {
    "total_processed": 377,
    "valid_configs": 32,
    "duplicates": 0,
    "failed_tests": 345,
    "success_rate": 8.49,
    "avg_latency_ms": 73.03,
    "avg_score": 99.51
  },
  "protocol_summary": {
    "vmess": {
      "count": 2,
      "avg_lat": 109.0,
      "avg_score": 99.27333333333334
    },
    "vless": {
      "count": 29,
      "avg_lat": 67.41379310344827,
      "avg_score": 99.55057471264368
    },
    "ss": {
      "count": 1,
      "avg_lat": 164.0,
      "avg_score": 98.90666666666667
    },
    "trojan": {
      "count": 0,
      "avg_lat": 0.0,
      "avg_score": 0.0
    }
  }
}