{
  "scan_timestamp": "2026-01-17T11:20:09.840136+00:00",
  "duration_seconds": 669.94,
  "performance_metrics": {
    "total_processed": 403,
    "valid_configs": 159,
    "duplicates": 0,
    "failed_tests": 244,
    "success_rate": 39.45,
    "avg_latency_ms": 144.04,
    "avg_score": 99.04
  },
  "protocol_summary": {
    "vmess": {
      "count": 63,
      "avg_lat": 102.36507936507937,
      "avg_score": 99.31756613756613
    },
    "vless": {
      "count": 52,
      "avg_lat": 42.63461538461539,
      "avg_score": 99.71576923076924
    },
    "ss": {
      "count": 0,
      "avg_lat": 0.0,
      "avg_score": 0.0
    },
    "trojan": {
      "count": 44,
      "avg_lat": 323.5681818181818,
      "avg_score": 97.8428787878788
    }
  }
}