{
  "scan_timestamp": "2026-02-11T06:19:20.196256+00:00",
  "duration_seconds": 1079.21,
  "performance_metrics": {
    "total_processed": 477,
    "valid_configs": 303,
    "duplicates": 0,
    "failed_tests": 174,
    "success_rate": 63.52,
    "avg_latency_ms": 93.83,
    "avg_score": 99.37
  },
  "protocol_summary": {
    "vmess": {
      "count": 40,
      "avg_lat": 128.4,
      "avg_score": 99.144
    },
    "vless": {
      "count": 195,
      "avg_lat": 85.27692307692308,
      "avg_score": 99.43148717948718
    },
    "ss": {
      "count": 0,
      "avg_lat": 0.0,
      "avg_score": 0.0
    },
    "trojan": {
      "count": 68,
      "avg_lat": 98.04411764705883,
      "avg_score": 99.3463725490196
    }
  }
}