{
  "scan_timestamp": "2026-01-18T20:23:03.980985+00:00",
  "duration_seconds": 699.84,
  "performance_metrics": {
    "total_processed": 400,
    "valid_configs": 192,
    "duplicates": 0,
    "failed_tests": 208,
    "success_rate": 48.0,
    "avg_latency_ms": 112.27,
    "avg_score": 99.25
  },
  "protocol_summary": {
    "vmess": {
      "count": 62,
      "avg_lat": 111.3225806451613,
      "avg_score": 99.2578494623656
    },
    "vless": {
      "count": 60,
      "avg_lat": 65.38333333333334,
      "avg_score": 99.5641111111111
    },
    "ss": {
      "count": 0,
      "avg_lat": 0.0,
      "avg_score": 0.0
    },
    "trojan": {
      "count": 70,
      "avg_lat": 153.3,
      "avg_score": 98.978
    }
  }
}