{
  "scan_timestamp": "2026-07-11T20:52:12.314461+00:00",
  "duration_seconds": 412.31,
  "performance_metrics": {
    "total_processed": 443,
    "valid_configs": 124,
    "duplicates": 0,
    "failed_tests": 319,
    "success_rate": 27.99,
    "avg_latency_ms": 108.42,
    "avg_score": 99.28
  },
  "protocol_summary": {
    "vmess": {
      "count": 1,
      "avg_lat": 17.0,
      "avg_score": 99.88666666666667
    },
    "vless": {
      "count": 1,
      "avg_lat": 2.0,
      "avg_score": 99.98666666666666
    },
    "ss": {
      "count": 107,
      "avg_lat": 108.59813084112149,
      "avg_score": 99.27601246105918
    },
    "trojan": {
      "count": 15,
      "avg_lat": 120.33333333333333,
      "avg_score": 99.19777777777777
    }
  }
}