{
  "scan_timestamp": "2025-12-28T06:32:13.136776+00:00",
  "duration_seconds": 982.3,
  "performance_metrics": {
    "total_processed": 469,
    "valid_configs": 274,
    "duplicates": 0,
    "failed_tests": 195,
    "success_rate": 58.42,
    "avg_latency_ms": 124.09,
    "avg_score": 99.17
  },
  "protocol_summary": {
    "vmess": {
      "count": 48,
      "avg_lat": 132.45833333333334,
      "avg_score": 99.11694444444446
    },
    "vless": {
      "count": 165,
      "avg_lat": 97.21818181818182,
      "avg_score": 99.35187878787879
    },
    "ss": {
      "count": 0,
      "avg_lat": 0.0,
      "avg_score": 0.0
    },
    "trojan": {
      "count": 61,
      "avg_lat": 190.21311475409837,
      "avg_score": 98.73191256830602
    }
  }
}