{
  "scan_timestamp": "2026-02-17T21:41:35.230524+00:00",
  "duration_seconds": 1059.14,
  "performance_metrics": {
    "total_processed": 456,
    "valid_configs": 316,
    "duplicates": 0,
    "failed_tests": 140,
    "success_rate": 69.3,
    "avg_latency_ms": 125.16,
    "avg_score": 99.17
  },
  "protocol_summary": {
    "vmess": {
      "count": 69,
      "avg_lat": 130.56521739130434,
      "avg_score": 99.1295652173913
    },
    "vless": {
      "count": 204,
      "avg_lat": 124.9656862745098,
      "avg_score": 99.1668954248366
    },
    "ss": {
      "count": 0,
      "avg_lat": 0.0,
      "avg_score": 0.0
    },
    "trojan": {
      "count": 43,
      "avg_lat": 117.3953488372093,
      "avg_score": 99.21736434108526
    }
  }
}