{
  "scan_timestamp": "2026-03-26T08:04:34.146078+00:00",
  "duration_seconds": 688.7,
  "performance_metrics": {
    "total_processed": 461,
    "valid_configs": 133,
    "duplicates": 0,
    "failed_tests": 328,
    "success_rate": 28.85,
    "avg_latency_ms": 87.37,
    "avg_score": 99.42
  },
  "protocol_summary": {
    "vmess": {
      "count": 2,
      "avg_lat": 58.0,
      "avg_score": 99.61333333333333
    },
    "vless": {
      "count": 117,
      "avg_lat": 82.76923076923077,
      "avg_score": 99.44820512820513
    },
    "ss": {
      "count": 2,
      "avg_lat": 170.0,
      "avg_score": 98.86666666666667
    },
    "trojan": {
      "count": 12,
      "avg_lat": 123.33333333333333,
      "avg_score": 99.17777777777776
    }
  }
}