{
  "scan_timestamp": "2026-04-11T22:36:30.150056+00:00",
  "duration_seconds": 1021.81,
  "performance_metrics": {
    "total_processed": 484,
    "valid_configs": 235,
    "duplicates": 0,
    "failed_tests": 249,
    "success_rate": 48.55,
    "avg_latency_ms": 102.62,
    "avg_score": 99.32
  },
  "protocol_summary": {
    "vmess": {
      "count": 2,
      "avg_lat": 104.5,
      "avg_score": 99.30333333333334
    },
    "vless": {
      "count": 225,
      "avg_lat": 103.44444444444444,
      "avg_score": 99.31037037037036
    },
    "ss": {
      "count": 2,
      "avg_lat": 222.5,
      "avg_score": 98.51666666666668
    },
    "trojan": {
      "count": 6,
      "avg_lat": 31.0,
      "avg_score": 99.79333333333334
    }
  }
}