{
  "scan_timestamp": "2026-02-14T11:30:49.810645+00:00",
  "duration_seconds": 1057.36,
  "performance_metrics": {
    "total_processed": 464,
    "valid_configs": 317,
    "duplicates": 0,
    "failed_tests": 147,
    "success_rate": 68.32,
    "avg_latency_ms": 123.23,
    "avg_score": 99.18
  },
  "protocol_summary": {
    "vmess": {
      "count": 64,
      "avg_lat": 164.125,
      "avg_score": 98.90583333333333
    },
    "vless": {
      "count": 204,
      "avg_lat": 111.76470588235294,
      "avg_score": 99.25490196078431
    },
    "ss": {
      "count": 0,
      "avg_lat": 0.0,
      "avg_score": 0.0
    },
    "trojan": {
      "count": 49,
      "avg_lat": 117.57142857142857,
      "avg_score": 99.21619047619048
    }
  }
}