{
  "scan_timestamp": "2026-03-30T13:05:20.701293+00:00",
  "duration_seconds": 990.34,
  "performance_metrics": {
    "total_processed": 476,
    "valid_configs": 228,
    "duplicates": 0,
    "failed_tests": 248,
    "success_rate": 47.9,
    "avg_latency_ms": 80.67,
    "avg_score": 99.46
  },
  "protocol_summary": {
    "vmess": {
      "count": 17,
      "avg_lat": 116.58823529411765,
      "avg_score": 99.22274509803921
    },
    "vless": {
      "count": 205,
      "avg_lat": 75.38536585365854,
      "avg_score": 99.49743089430895
    },
    "ss": {
      "count": 3,
      "avg_lat": 69.0,
      "avg_score": 99.54
    },
    "trojan": {
      "count": 3,
      "avg_lat": 249.66666666666666,
      "avg_score": 98.33555555555556
    }
  }
}