{
  "scan_timestamp": "2026-02-02T04:31:38.810252+00:00",
  "duration_seconds": 1217.25,
  "performance_metrics": {
    "total_processed": 488,
    "valid_configs": 385,
    "duplicates": 0,
    "failed_tests": 103,
    "success_rate": 78.89,
    "avg_latency_ms": 173.17,
    "avg_score": 98.85
  },
  "protocol_summary": {
    "vmess": {
      "count": 23,
      "avg_lat": 110.30434782608695,
      "avg_score": 99.26463768115941
    },
    "vless": {
      "count": 152,
      "avg_lat": 70.73684210526316,
      "avg_score": 99.52842105263157
    },
    "ss": {
      "count": 0,
      "avg_lat": 0.0,
      "avg_score": 0.0
    },
    "trojan": {
      "count": 210,
      "avg_lat": 254.1904761904762,
      "avg_score": 98.30539682539681
    }
  }
}