{
  "scan_timestamp": "2026-01-15T11:26:02.056309+00:00",
  "duration_seconds": 907.84,
  "performance_metrics": {
    "total_processed": 453,
    "valid_configs": 280,
    "duplicates": 0,
    "failed_tests": 173,
    "success_rate": 61.81,
    "avg_latency_ms": 102.48,
    "avg_score": 99.32
  },
  "protocol_summary": {
    "vmess": {
      "count": 88,
      "avg_lat": 77.9659090909091,
      "avg_score": 99.48022727272728
    },
    "vless": {
      "count": 114,
      "avg_lat": 80.45614035087719,
      "avg_score": 99.46362573099414
    },
    "ss": {
      "count": 0,
      "avg_lat": 0.0,
      "avg_score": 0.0
    },
    "trojan": {
      "count": 78,
      "avg_lat": 162.33333333333334,
      "avg_score": 98.91777777777779
    }
  }
}