{
  "scan_timestamp": "2026-04-10T16:56:08.755111+00:00",
  "duration_seconds": 1023.43,
  "performance_metrics": {
    "total_processed": 487,
    "valid_configs": 240,
    "duplicates": 0,
    "failed_tests": 247,
    "success_rate": 49.28,
    "avg_latency_ms": 80.93,
    "avg_score": 99.46
  },
  "protocol_summary": {
    "vmess": {
      "count": 2,
      "avg_lat": 118.0,
      "avg_score": 99.21333333333334
    },
    "vless": {
      "count": 230,
      "avg_lat": 81.65217391304348,
      "avg_score": 99.45565217391304
    },
    "ss": {
      "count": 1,
      "avg_lat": 130.0,
      "avg_score": 99.13333333333334
    },
    "trojan": {
      "count": 7,
      "avg_lat": 39.57142857142857,
      "avg_score": 99.73619047619047
    }
  }
}