{
  "scan_timestamp": "2026-01-07T23:29:40.867466+00:00",
  "duration_seconds": 1121.05,
  "performance_metrics": {
    "total_processed": 480,
    "valid_configs": 344,
    "duplicates": 0,
    "failed_tests": 136,
    "success_rate": 71.67,
    "avg_latency_ms": 139.03,
    "avg_score": 99.07
  },
  "protocol_summary": {
    "vmess": {
      "count": 59,
      "avg_lat": 166.96610169491527,
      "avg_score": 98.88689265536723
    },
    "vless": {
      "count": 215,
      "avg_lat": 108.93953488372092,
      "avg_score": 99.27373643410853
    },
    "ss": {
      "count": 0,
      "avg_lat": 0.0,
      "avg_score": 0.0
    },
    "trojan": {
      "count": 70,
      "avg_lat": 207.9,
      "avg_score": 98.61399999999999
    }
  }
}