{
  "scan_timestamp": "2025-12-23T23:24:52.529076+00:00",
  "duration_seconds": 908.29,
  "performance_metrics": {
    "total_processed": 439,
    "valid_configs": 248,
    "duplicates": 0,
    "failed_tests": 191,
    "success_rate": 56.49,
    "avg_latency_ms": 95.99,
    "avg_score": 99.36
  },
  "protocol_summary": {
    "vmess": {
      "count": 58,
      "avg_lat": 100.53448275862068,
      "avg_score": 99.32977011494253
    },
    "vless": {
      "count": 138,
      "avg_lat": 72.3913043478261,
      "avg_score": 99.51739130434783
    },
    "ss": {
      "count": 0,
      "avg_lat": 0.0,
      "avg_score": 0.0
    },
    "trojan": {
      "count": 52,
      "avg_lat": 153.53846153846155,
      "avg_score": 98.97641025641026
    }
  }
}