{
  "scan_timestamp": "2026-03-13T14:37:50.078536+00:00",
  "duration_seconds": 215.29,
  "performance_metrics": {
    "total_processed": 369,
    "valid_configs": 33,
    "duplicates": 0,
    "failed_tests": 336,
    "success_rate": 8.94,
    "avg_latency_ms": 55.7,
    "avg_score": 99.63
  },
  "protocol_summary": {
    "vmess": {
      "count": 2,
      "avg_lat": 14.5,
      "avg_score": 99.90333333333334
    },
    "vless": {
      "count": 28,
      "avg_lat": 45.82142857142857,
      "avg_score": 99.69452380952382
    },
    "ss": {
      "count": 2,
      "avg_lat": 260.0,
      "avg_score": 98.26666666666668
    },
    "trojan": {
      "count": 1,
      "avg_lat": 6.0,
      "avg_score": 99.96
    }
  }
}