{
  "scan_timestamp": "2025-12-21T10:25:04.972030+00:00",
  "duration_seconds": 880.7,
  "performance_metrics": {
    "total_processed": 465,
    "valid_configs": 249,
    "duplicates": 0,
    "failed_tests": 216,
    "success_rate": 53.55,
    "avg_latency_ms": 114.67,
    "avg_score": 99.24
  },
  "protocol_summary": {
    "vmess": {
      "count": 112,
      "avg_lat": 88.84821428571429,
      "avg_score": 99.40767857142858
    },
    "vless": {
      "count": 83,
      "avg_lat": 97.19277108433735,
      "avg_score": 99.35204819277108
    },
    "ss": {
      "count": 0,
      "avg_lat": 0.0,
      "avg_score": 0.0
    },
    "trojan": {
      "count": 54,
      "avg_lat": 195.09259259259258,
      "avg_score": 98.69938271604939
    }
  }
}