{
  "scan_timestamp": "2026-02-23T21:52:44.465140+00:00",
  "duration_seconds": 1159.06,
  "performance_metrics": {
    "total_processed": 474,
    "valid_configs": 361,
    "duplicates": 0,
    "failed_tests": 113,
    "success_rate": 76.16,
    "avg_latency_ms": 79.18,
    "avg_score": 99.47
  },
  "protocol_summary": {
    "vmess": {
      "count": 72,
      "avg_lat": 89.13888888888889,
      "avg_score": 99.40574074074074
    },
    "vless": {
      "count": 254,
      "avg_lat": 81.45669291338582,
      "avg_score": 99.45695538057743
    },
    "trojan": {
      "count": 35,
      "avg_lat": 42.17142857142857,
      "avg_score": 99.71885714285713
    }
  }
}