{
  "scan_timestamp": "2026-01-14T04:24:27.572475+00:00",
  "duration_seconds": 1032.3,
  "performance_metrics": {
    "total_processed": 469,
    "valid_configs": 315,
    "duplicates": 0,
    "failed_tests": 154,
    "success_rate": 67.16,
    "avg_latency_ms": 103.55,
    "avg_score": 99.31
  },
  "protocol_summary": {
    "vmess": {
      "count": 93,
      "avg_lat": 56.064516129032256,
      "avg_score": 99.62623655913978
    },
    "vless": {
      "count": 157,
      "avg_lat": 94.6687898089172,
      "avg_score": 99.36887473460722
    },
    "ss": {
      "count": 0,
      "avg_lat": 0.0,
      "avg_score": 0.0
    },
    "trojan": {
      "count": 65,
      "avg_lat": 192.92307692307693,
      "avg_score": 98.71384615384615
    }
  }
}