{
  "scan_timestamp": "2025-12-26T13:42:09.256360+00:00",
  "duration_seconds": 953.78,
  "performance_metrics": {
    "total_processed": 452,
    "valid_configs": 258,
    "duplicates": 0,
    "failed_tests": 194,
    "success_rate": 57.08,
    "avg_latency_ms": 107.26,
    "avg_score": 99.28
  },
  "protocol_summary": {
    "vmess": {
      "count": 57,
      "avg_lat": 119.59649122807018,
      "avg_score": 99.20269005847953
    },
    "vless": {
      "count": 166,
      "avg_lat": 97.12048192771084,
      "avg_score": 99.35253012048193
    },
    "ss": {
      "count": 0,
      "avg_lat": 0.0,
      "avg_score": 0.0
    },
    "trojan": {
      "count": 35,
      "avg_lat": 135.25714285714287,
      "avg_score": 99.09828571428572
    }
  }
}