{
  "scan_timestamp": "2026-03-15T20:19:46.773430+00:00",
  "duration_seconds": 230.49,
  "performance_metrics": {
    "total_processed": 353,
    "valid_configs": 42,
    "duplicates": 0,
    "failed_tests": 311,
    "success_rate": 11.9,
    "avg_latency_ms": 72.71,
    "avg_score": 99.52
  },
  "protocol_summary": {
    "vmess": {
      "count": 1,
      "avg_lat": 26.0,
      "avg_score": 99.82666666666667
    },
    "vless": {
      "count": 29,
      "avg_lat": 51.62068965517241,
      "avg_score": 99.65586206896552
    },
    "ss": {
      "count": 11,
      "avg_lat": 139.0,
      "avg_score": 99.07333333333332
    },
    "trojan": {
      "count": 1,
      "avg_lat": 2.0,
      "avg_score": 99.98666666666666
    }
  }
}