{
  "scan_timestamp": "2025-12-21T22:24:59.292527+00:00",
  "duration_seconds": 897.7,
  "performance_metrics": {
    "total_processed": 466,
    "valid_configs": 258,
    "duplicates": 0,
    "failed_tests": 208,
    "success_rate": 55.36,
    "avg_latency_ms": 107.93,
    "avg_score": 99.28
  },
  "protocol_summary": {
    "vmess": {
      "count": 114,
      "avg_lat": 105.32456140350877,
      "avg_score": 99.29783625730994
    },
    "vless": {
      "count": 88,
      "avg_lat": 76.9090909090909,
      "avg_score": 99.48727272727272
    },
    "ss": {
      "count": 0,
      "avg_lat": 0.0,
      "avg_score": 0.0
    },
    "trojan": {
      "count": 56,
      "avg_lat": 161.98214285714286,
      "avg_score": 98.92011904761905
    }
  }
}