{
  "scan_timestamp": "2026-02-22T01:23:49.638743+00:00",
  "duration_seconds": 1158.87,
  "performance_metrics": {
    "total_processed": 474,
    "valid_configs": 357,
    "duplicates": 0,
    "failed_tests": 117,
    "success_rate": 75.32,
    "avg_latency_ms": 81.64,
    "avg_score": 99.46
  },
  "protocol_summary": {
    "vmess": {
      "count": 66,
      "avg_lat": 81.48484848484848,
      "avg_score": 99.45676767676767
    },
    "vless": {
      "count": 256,
      "avg_lat": 85.234375,
      "avg_score": 99.43177083333333
    },
    "trojan": {
      "count": 35,
      "avg_lat": 55.6,
      "avg_score": 99.62933333333334
    }
  }
}