{
  "scan_timestamp": "2026-03-21T06:33:01.862347+00:00",
  "duration_seconds": 251.21,
  "performance_metrics": {
    "total_processed": 365,
    "valid_configs": 47,
    "duplicates": 0,
    "failed_tests": 318,
    "success_rate": 12.88,
    "avg_latency_ms": 138.62,
    "avg_score": 99.08
  },
  "protocol_summary": {
    "vmess": {
      "count": 1,
      "avg_lat": 38.0,
      "avg_score": 99.74666666666667
    },
    "vless": {
      "count": 28,
      "avg_lat": 65.53571428571429,
      "avg_score": 99.56309523809524
    },
    "ss": {
      "count": 15,
      "avg_lat": 290.26666666666665,
      "avg_score": 98.06488888888889
    },
    "trojan": {
      "count": 3,
      "avg_lat": 96.0,
      "avg_score": 99.36
    }
  }
}