{
  "scan_timestamp": "2026-01-24T21:23:23.760325+00:00",
  "duration_seconds": 872.11,
  "performance_metrics": {
    "total_processed": 428,
    "valid_configs": 231,
    "duplicates": 0,
    "failed_tests": 197,
    "success_rate": 53.97,
    "avg_latency_ms": 88.18,
    "avg_score": 99.41
  },
  "protocol_summary": {
    "vmess": {
      "count": 59,
      "avg_lat": 107.88135593220339,
      "avg_score": 99.28079096045198
    },
    "vless": {
      "count": 135,
      "avg_lat": 69.57777777777778,
      "avg_score": 99.53614814814814
    },
    "ss": {
      "count": 2,
      "avg_lat": 74.5,
      "avg_score": 99.50333333333333
    },
    "trojan": {
      "count": 35,
      "avg_lat": 127.51428571428572,
      "avg_score": 99.14990476190476
    }
  }
}