{
  "scan_timestamp": "2025-12-18T05:28:50.140340+00:00",
  "duration_seconds": 918.88,
  "performance_metrics": {
    "total_processed": 474,
    "valid_configs": 246,
    "duplicates": 0,
    "failed_tests": 228,
    "success_rate": 51.9,
    "avg_latency_ms": 77.66,
    "avg_score": 99.48
  },
  "protocol_summary": {
    "vmess": {
      "count": 39,
      "avg_lat": 102.82051282051282,
      "avg_score": 99.31452991452991
    },
    "vless": {
      "count": 159,
      "avg_lat": 71.38364779874213,
      "avg_score": 99.52410901467506
    },
    "ss": {
      "count": 0,
      "avg_lat": 0.0,
      "avg_score": 0.0
    },
    "trojan": {
      "count": 48,
      "avg_lat": 78.0,
      "avg_score": 99.48
    }
  }
}