{
  "scan_timestamp": "2026-01-05T13:52:39.848726+00:00",
  "duration_seconds": 1128.48,
  "performance_metrics": {
    "total_processed": 481,
    "valid_configs": 351,
    "duplicates": 0,
    "failed_tests": 130,
    "success_rate": 72.97,
    "avg_latency_ms": 119.11,
    "avg_score": 99.21
  },
  "protocol_summary": {
    "vmess": {
      "count": 34,
      "avg_lat": 108.79411764705883,
      "avg_score": 99.27470588235295
    },
    "vless": {
      "count": 244,
      "avg_lat": 107.23770491803279,
      "avg_score": 99.28508196721312
    },
    "ss": {
      "count": 0,
      "avg_lat": 0.0,
      "avg_score": 0.0
    },
    "trojan": {
      "count": 73,
      "avg_lat": 163.57534246575344,
      "avg_score": 98.90949771689498
    }
  }
}