{
  "scan_timestamp": "2025-12-12T07:30:41.030948+00:00",
  "duration_seconds": 939.19,
  "performance_metrics": {
    "total_processed": 476,
    "valid_configs": 233,
    "duplicates": 0,
    "failed_tests": 243,
    "success_rate": 48.95,
    "avg_latency_ms": 175.78,
    "avg_score": 98.83
  },
  "protocol_summary": {
    "vmess": {
      "count": 33,
      "avg_lat": 102.6969696969697,
      "avg_score": 99.31535353535354
    },
    "vless": {
      "count": 117,
      "avg_lat": 107.51282051282051,
      "avg_score": 99.28324786324785
    },
    "ss": {
      "count": 0,
      "avg_lat": 0.0,
      "avg_score": 0.0
    },
    "trojan": {
      "count": 83,
      "avg_lat": 301.06024096385545,
      "avg_score": 97.99293172690763
    }
  }
}