{
  "scan_timestamp": "2026-03-23T04:27:10.559629+00:00",
  "duration_seconds": 721.89,
  "performance_metrics": {
    "total_processed": 462,
    "valid_configs": 138,
    "duplicates": 0,
    "failed_tests": 324,
    "success_rate": 29.87,
    "avg_latency_ms": 111.41,
    "avg_score": 99.26
  },
  "protocol_summary": {
    "vmess": {
      "count": 1,
      "avg_lat": 19.0,
      "avg_score": 99.87333333333333
    },
    "vless": {
      "count": 119,
      "avg_lat": 120.33613445378151,
      "avg_score": 99.19775910364146
    },
    "ss": {
      "count": 5,
      "avg_lat": 118.6,
      "avg_score": 99.20933333333332
    },
    "trojan": {
      "count": 13,
      "avg_lat": 34.0,
      "avg_score": 99.77333333333333
    }
  }
}