{
  "scan_timestamp": "2026-03-05T22:37:00.308700+00:00",
  "duration_seconds": 1079.24,
  "performance_metrics": {
    "total_processed": 473,
    "valid_configs": 322,
    "duplicates": 0,
    "failed_tests": 151,
    "success_rate": 68.08,
    "avg_latency_ms": 71.3,
    "avg_score": 99.52
  },
  "protocol_summary": {
    "vmess": {
      "count": 60,
      "avg_lat": 50.016666666666666,
      "avg_score": 99.66655555555555
    },
    "vless": {
      "count": 227,
      "avg_lat": 78.09691629955947,
      "avg_score": 99.47935389133626
    },
    "ss": {
      "count": 0,
      "avg_lat": 0.0,
      "avg_score": 0.0
    },
    "trojan": {
      "count": 35,
      "avg_lat": 63.74285714285714,
      "avg_score": 99.57504761904761
    }
  }
}