{
  "scan_timestamp": "2026-03-11T14:45:04.315606+00:00",
  "duration_seconds": 227.86,
  "performance_metrics": {
    "total_processed": 372,
    "valid_configs": 36,
    "duplicates": 0,
    "failed_tests": 336,
    "success_rate": 9.68,
    "avg_latency_ms": 95.36,
    "avg_score": 99.36
  },
  "protocol_summary": {
    "vmess": {
      "count": 3,
      "avg_lat": 131.33333333333334,
      "avg_score": 99.12444444444445
    },
    "vless": {
      "count": 30,
      "avg_lat": 82.83333333333333,
      "avg_score": 99.44777777777777
    },
    "ss": {
      "count": 2,
      "avg_lat": 276.0,
      "avg_score": 98.16
    },
    "trojan": {
      "count": 1,
      "avg_lat": 2.0,
      "avg_score": 99.98666666666666
    }
  }
}