{
  "scan_timestamp": "2026-02-13T21:41:50.240473+00:00",
  "duration_seconds": 1043.31,
  "performance_metrics": {
    "total_processed": 467,
    "valid_configs": 324,
    "duplicates": 0,
    "failed_tests": 143,
    "success_rate": 69.38,
    "avg_latency_ms": 113.21,
    "avg_score": 99.25
  },
  "protocol_summary": {
    "vmess": {
      "count": 94,
      "avg_lat": 148.7872340425532,
      "avg_score": 99.00808510638298
    },
    "vless": {
      "count": 197,
      "avg_lat": 95.5482233502538,
      "avg_score": 99.36301184433164
    },
    "ss": {
      "count": 0,
      "avg_lat": 0.0,
      "avg_score": 0.0
    },
    "trojan": {
      "count": 33,
      "avg_lat": 117.27272727272727,
      "avg_score": 99.21818181818182
    }
  }
}