{
  "scan_timestamp": "2026-07-07T23:07:41.402772+00:00",
  "duration_seconds": 447.37,
  "performance_metrics": {
    "total_processed": 458,
    "valid_configs": 142,
    "duplicates": 0,
    "failed_tests": 316,
    "success_rate": 31.0,
    "avg_latency_ms": 149.2,
    "avg_score": 99.01
  },
  "protocol_summary": {
    "vless": {
      "count": 1,
      "avg_lat": 183.0,
      "avg_score": 98.78
    },
    "ss": {
      "count": 129,
      "avg_lat": 157.27906976744185,
      "avg_score": 98.95147286821705
    },
    "trojan": {
      "count": 12,
      "avg_lat": 59.583333333333336,
      "avg_score": 99.60277777777777
    }
  }
}