{
  "scan_timestamp": "2026-01-17T17:24:02.882129+00:00",
  "duration_seconds": 924.36,
  "performance_metrics": {
    "total_processed": 473,
    "valid_configs": 234,
    "duplicates": 0,
    "failed_tests": 239,
    "success_rate": 49.47,
    "avg_latency_ms": 119.34,
    "avg_score": 99.2
  },
  "protocol_summary": {
    "vmess": {
      "count": 62,
      "avg_lat": 78.79032258064517,
      "avg_score": 99.4747311827957
    },
    "vless": {
      "count": 121,
      "avg_lat": 102.01652892561984,
      "avg_score": 99.31988980716254
    },
    "ss": {
      "count": 0,
      "avg_lat": 0.0,
      "avg_score": 0.0
    },
    "trojan": {
      "count": 51,
      "avg_lat": 209.7450980392157,
      "avg_score": 98.60169934640523
    }
  }
}