{
  "scan_timestamp": "2026-04-11T14:02:35.843686+00:00",
  "duration_seconds": 1013.37,
  "performance_metrics": {
    "total_processed": 485,
    "valid_configs": 237,
    "duplicates": 0,
    "failed_tests": 248,
    "success_rate": 48.87,
    "avg_latency_ms": 80.09,
    "avg_score": 99.47
  },
  "protocol_summary": {
    "vmess": {
      "count": 2,
      "avg_lat": 116.5,
      "avg_score": 99.22333333333333
    },
    "vless": {
      "count": 228,
      "avg_lat": 80.95614035087719,
      "avg_score": 99.46029239766082
    },
    "ss": {
      "count": 0,
      "avg_lat": 0.0,
      "avg_score": 0.0
    },
    "trojan": {
      "count": 7,
      "avg_lat": 41.42857142857143,
      "avg_score": 99.72380952380952
    }
  }
}