{
  "scan_timestamp": "2026-01-05T22:30:15.684273+00:00",
  "duration_seconds": 1175.45,
  "performance_metrics": {
    "total_processed": 484,
    "valid_configs": 362,
    "duplicates": 0,
    "failed_tests": 122,
    "success_rate": 74.79,
    "avg_latency_ms": 132.23,
    "avg_score": 99.12
  },
  "protocol_summary": {
    "vmess": {
      "count": 68,
      "avg_lat": 120.6029411764706,
      "avg_score": 99.19598039215687
    },
    "vless": {
      "count": 256,
      "avg_lat": 132.34765625,
      "avg_score": 99.11768229166667
    },
    "ss": {
      "count": 0,
      "avg_lat": 0.0,
      "avg_score": 0.0
    },
    "trojan": {
      "count": 38,
      "avg_lat": 152.21052631578948,
      "avg_score": 98.98526315789474
    }
  }
}