{
  "scan_timestamp": "2026-01-29T07:44:29.170342+00:00",
  "duration_seconds": 707.24,
  "performance_metrics": {
    "total_processed": 427,
    "valid_configs": 186,
    "duplicates": 0,
    "failed_tests": 241,
    "success_rate": 43.56,
    "avg_latency_ms": 89.64,
    "avg_score": 99.4
  },
  "protocol_summary": {
    "vmess": {
      "count": 62,
      "avg_lat": 66.04838709677419,
      "avg_score": 99.55967741935484
    },
    "vless": {
      "count": 77,
      "avg_lat": 91.28571428571429,
      "avg_score": 99.39142857142858
    },
    "ss": {
      "count": 0,
      "avg_lat": 0.0,
      "avg_score": 0.0
    },
    "trojan": {
      "count": 47,
      "avg_lat": 118.06382978723404,
      "avg_score": 99.21290780141842
    }
  }
}