{
  "scan_timestamp": "2026-03-22T12:27:53.186383+00:00",
  "duration_seconds": 230.87,
  "performance_metrics": {
    "total_processed": 341,
    "valid_configs": 42,
    "duplicates": 0,
    "failed_tests": 299,
    "success_rate": 12.32,
    "avg_latency_ms": 111.76,
    "avg_score": 99.25
  },
  "protocol_summary": {
    "vmess": {
      "count": 1,
      "avg_lat": 61.0,
      "avg_score": 99.59333333333333
    },
    "vless": {
      "count": 28,
      "avg_lat": 75.78571428571429,
      "avg_score": 99.49476190476192
    },
    "ss": {
      "count": 12,
      "avg_lat": 208.83333333333334,
      "avg_score": 98.60777777777777
    },
    "trojan": {
      "count": 1,
      "avg_lat": 5.0,
      "avg_score": 99.96666666666667
    }
  }
}