{
  "scan_timestamp": "2026-02-26T11:49:47.305305+00:00",
  "duration_seconds": 1099.27,
  "performance_metrics": {
    "total_processed": 473,
    "valid_configs": 332,
    "duplicates": 0,
    "failed_tests": 141,
    "success_rate": 70.19,
    "avg_latency_ms": 80.12,
    "avg_score": 99.47
  },
  "protocol_summary": {
    "vmess": {
      "count": 60,
      "avg_lat": 64.3,
      "avg_score": 99.57133333333333
    },
    "vless": {
      "count": 237,
      "avg_lat": 84.75949367088607,
      "avg_score": 99.43493670886075
    },
    "ss": {
      "count": 0,
      "avg_lat": 0.0,
      "avg_score": 0.0
    },
    "trojan": {
      "count": 35,
      "avg_lat": 75.8,
      "avg_score": 99.49466666666666
    }
  }
}