{
  "scan_timestamp": "2026-04-22T23:49:44.125137+00:00",
  "duration_seconds": 779.88,
  "performance_metrics": {
    "total_processed": 478,
    "valid_configs": 195,
    "duplicates": 0,
    "failed_tests": 283,
    "success_rate": 40.79,
    "avg_latency_ms": 201.14,
    "avg_score": 98.66
  },
  "protocol_summary": {
    "vmess": {
      "count": 3,
      "avg_lat": 160.33333333333334,
      "avg_score": 98.93111111111112
    },
    "vless": {
      "count": 183,
      "avg_lat": 207.4153005464481,
      "avg_score": 98.61723132969036
    },
    "ss": {
      "count": 2,
      "avg_lat": 211.5,
      "avg_score": 98.59
    },
    "trojan": {
      "count": 7,
      "avg_lat": 51.714285714285715,
      "avg_score": 99.6552380952381
    }
  }
}