{
  "scan_timestamp": "2026-01-30T10:36:51.532662+00:00",
  "duration_seconds": 907.92,
  "performance_metrics": {
    "total_processed": 462,
    "valid_configs": 255,
    "duplicates": 0,
    "failed_tests": 207,
    "success_rate": 55.19,
    "avg_latency_ms": 81.06,
    "avg_score": 99.46
  },
  "protocol_summary": {
    "vmess": {
      "count": 109,
      "avg_lat": 51.00917431192661,
      "avg_score": 99.65993883792048
    },
    "vless": {
      "count": 74,
      "avg_lat": 75.22972972972973,
      "avg_score": 99.49846846846846
    },
    "ss": {
      "count": 0,
      "avg_lat": 0.0,
      "avg_score": 0.0
    },
    "trojan": {
      "count": 72,
      "avg_lat": 132.55555555555554,
      "avg_score": 99.1162962962963
    }
  }
}