{
  "scan_timestamp": "2026-01-18T05:30:43.104711+00:00",
  "duration_seconds": 932.4,
  "performance_metrics": {
    "total_processed": 475,
    "valid_configs": 243,
    "duplicates": 0,
    "failed_tests": 232,
    "success_rate": 51.16,
    "avg_latency_ms": 113.72,
    "avg_score": 99.24
  },
  "protocol_summary": {
    "vmess": {
      "count": 65,
      "avg_lat": 79.01538461538462,
      "avg_score": 99.47323076923077
    },
    "vless": {
      "count": 125,
      "avg_lat": 95.136,
      "avg_score": 99.36576
    },
    "ss": {
      "count": 0,
      "avg_lat": 0.0,
      "avg_score": 0.0
    },
    "trojan": {
      "count": 53,
      "avg_lat": 200.11320754716982,
      "avg_score": 98.66591194968552
    }
  }
}