{
  "scan_timestamp": "2026-04-12T11:41:55.680136+00:00",
  "duration_seconds": 1030.83,
  "performance_metrics": {
    "total_processed": 482,
    "valid_configs": 245,
    "duplicates": 0,
    "failed_tests": 237,
    "success_rate": 50.83,
    "avg_latency_ms": 94.73,
    "avg_score": 99.37
  },
  "protocol_summary": {
    "vmess": {
      "count": 2,
      "avg_lat": 108.5,
      "avg_score": 99.27666666666667
    },
    "vless": {
      "count": 235,
      "avg_lat": 96.02978723404256,
      "avg_score": 99.35980141843972
    },
    "ss": {
      "count": 1,
      "avg_lat": 228.0,
      "avg_score": 98.48
    },
    "trojan": {
      "count": 7,
      "avg_lat": 28.0,
      "avg_score": 99.81333333333335
    }
  }
}