{
  "scan_timestamp": "2026-02-28T05:04:27.113297+00:00",
  "duration_seconds": 1105.89,
  "performance_metrics": {
    "total_processed": 473,
    "valid_configs": 334,
    "duplicates": 0,
    "failed_tests": 139,
    "success_rate": 70.61,
    "avg_latency_ms": 94.46,
    "avg_score": 99.37
  },
  "protocol_summary": {
    "vmess": {
      "count": 62,
      "avg_lat": 80.3225806451613,
      "avg_score": 99.46451612903226
    },
    "vless": {
      "count": 237,
      "avg_lat": 102.09704641350211,
      "avg_score": 99.31935302391
    },
    "ss": {
      "count": 0,
      "avg_lat": 0.0,
      "avg_score": 0.0
    },
    "trojan": {
      "count": 35,
      "avg_lat": 67.8,
      "avg_score": 99.548
    }
  }
}