{
  "scan_timestamp": "2026-02-03T07:51:30.183973+00:00",
  "duration_seconds": 995.86,
  "performance_metrics": {
    "total_processed": 467,
    "valid_configs": 275,
    "duplicates": 0,
    "failed_tests": 192,
    "success_rate": 58.89,
    "avg_latency_ms": 132.09,
    "avg_score": 99.12
  },
  "protocol_summary": {
    "vmess": {
      "count": 83,
      "avg_lat": 70.78313253012048,
      "avg_score": 99.52811244979921
    },
    "vless": {
      "count": 146,
      "avg_lat": 106.04109589041096,
      "avg_score": 99.2930593607306
    },
    "ss": {
      "count": 0,
      "avg_lat": 0.0,
      "avg_score": 0.0
    },
    "trojan": {
      "count": 46,
      "avg_lat": 325.39130434782606,
      "avg_score": 97.83072463768116
    }
  }
}