{
  "scan_timestamp": "2025-12-22T14:27:22.862738+00:00",
  "duration_seconds": 941.36,
  "performance_metrics": {
    "total_processed": 471,
    "valid_configs": 265,
    "duplicates": 0,
    "failed_tests": 206,
    "success_rate": 56.26,
    "avg_latency_ms": 110.8,
    "avg_score": 99.26
  },
  "protocol_summary": {
    "vmess": {
      "count": 80,
      "avg_lat": 70.1875,
      "avg_score": 99.53208333333333
    },
    "vless": {
      "count": 136,
      "avg_lat": 102.66911764705883,
      "avg_score": 99.31553921568627
    },
    "ss": {
      "count": 0,
      "avg_lat": 0.0,
      "avg_score": 0.0
    },
    "trojan": {
      "count": 49,
      "avg_lat": 199.6734693877551,
      "avg_score": 98.66884353741497
    }
  }
}