{
  "scan_timestamp": "2026-03-18T10:43:14.953119+00:00",
  "duration_seconds": 237.08,
  "performance_metrics": {
    "total_processed": 395,
    "valid_configs": 44,
    "duplicates": 0,
    "failed_tests": 351,
    "success_rate": 11.14,
    "avg_latency_ms": 75.27,
    "avg_score": 99.5
  },
  "protocol_summary": {
    "vmess": {
      "count": 1,
      "avg_lat": 64.0,
      "avg_score": 99.57333333333334
    },
    "vless": {
      "count": 28,
      "avg_lat": 68.85714285714286,
      "avg_score": 99.54095238095238
    },
    "ss": {
      "count": 3,
      "avg_lat": 348.6666666666667,
      "avg_score": 97.67555555555555
    },
    "trojan": {
      "count": 12,
      "avg_lat": 22.833333333333332,
      "avg_score": 99.84777777777778
    }
  }
}