{
  "scan_timestamp": "2026-03-29T23:37:36.069575+00:00",
  "duration_seconds": 989.36,
  "performance_metrics": {
    "total_processed": 477,
    "valid_configs": 220,
    "duplicates": 0,
    "failed_tests": 257,
    "success_rate": 46.12,
    "avg_latency_ms": 85.34,
    "avg_score": 99.43
  },
  "protocol_summary": {
    "vmess": {
      "count": 20,
      "avg_lat": 114.65,
      "avg_score": 99.23566666666667
    },
    "vless": {
      "count": 195,
      "avg_lat": 80.86666666666666,
      "avg_score": 99.46088888888889
    },
    "ss": {
      "count": 1,
      "avg_lat": 111.0,
      "avg_score": 99.26
    },
    "trojan": {
      "count": 4,
      "avg_lat": 150.25,
      "avg_score": 98.99833333333333
    }
  }
}