{
  "scan_timestamp": "2026-07-08T23:14:23.200352+00:00",
  "duration_seconds": 492.38,
  "performance_metrics": {
    "total_processed": 460,
    "valid_configs": 160,
    "duplicates": 0,
    "failed_tests": 300,
    "success_rate": 34.78,
    "avg_latency_ms": 94.33,
    "avg_score": 99.37
  },
  "protocol_summary": {
    "vmess": {
      "count": 1,
      "avg_lat": 7.0,
      "avg_score": 99.95333333333333
    },
    "ss": {
      "count": 149,
      "avg_lat": 99.02684563758389,
      "avg_score": 99.33982102908277
    },
    "trojan": {
      "count": 10,
      "avg_lat": 33.1,
      "avg_score": 99.77933333333333
    }
  }
}