{
  "scan_timestamp": "2026-01-08T08:34:29.047572+00:00",
  "duration_seconds": 1116.52,
  "performance_metrics": {
    "total_processed": 477,
    "valid_configs": 338,
    "duplicates": 0,
    "failed_tests": 139,
    "success_rate": 70.86,
    "avg_latency_ms": 157.32,
    "avg_score": 98.95
  },
  "protocol_summary": {
    "vmess": {
      "count": 46,
      "avg_lat": 240.04347826086956,
      "avg_score": 98.39971014492752
    },
    "vless": {
      "count": 238,
      "avg_lat": 140.2436974789916,
      "avg_score": 99.06504201680671
    },
    "ss": {
      "count": 0,
      "avg_lat": 0.0,
      "avg_score": 0.0
    },
    "trojan": {
      "count": 54,
      "avg_lat": 162.09259259259258,
      "avg_score": 98.91938271604938
    }
  }
}