{
  "scan_timestamp": "2026-03-15T14:23:37.092299+00:00",
  "duration_seconds": 208.62,
  "performance_metrics": {
    "total_processed": 351,
    "valid_configs": 37,
    "duplicates": 0,
    "failed_tests": 314,
    "success_rate": 10.54,
    "avg_latency_ms": 66.81,
    "avg_score": 99.55
  },
  "protocol_summary": {
    "vmess": {
      "count": 1,
      "avg_lat": 25.0,
      "avg_score": 99.83333333333333
    },
    "vless": {
      "count": 29,
      "avg_lat": 49.758620689655174,
      "avg_score": 99.66827586206897
    },
    "ss": {
      "count": 6,
      "avg_lat": 166.0,
      "avg_score": 98.89333333333333
    },
    "trojan": {
      "count": 1,
      "avg_lat": 8.0,
      "avg_score": 99.94666666666667
    }
  }
}