{
  "scan_timestamp": "2026-02-07T19:33:22.724615+00:00",
  "duration_seconds": 1082.06,
  "performance_metrics": {
    "total_processed": 481,
    "valid_configs": 317,
    "duplicates": 0,
    "failed_tests": 164,
    "success_rate": 65.9,
    "avg_latency_ms": 153.52,
    "avg_score": 98.98
  },
  "protocol_summary": {
    "vmess": {
      "count": 71,
      "avg_lat": 121.40845070422536,
      "avg_score": 99.1906103286385
    },
    "vless": {
      "count": 187,
      "avg_lat": 141.87700534759358,
      "avg_score": 99.05415329768272
    },
    "ss": {
      "count": 0,
      "avg_lat": 0.0,
      "avg_score": 0.0
    },
    "trojan": {
      "count": 59,
      "avg_lat": 229.0677966101695,
      "avg_score": 98.4728813559322
    }
  }
}