{
  "scan_timestamp": "2026-03-29T16:38:12.344966+00:00",
  "duration_seconds": 984.41,
  "performance_metrics": {
    "total_processed": 475,
    "valid_configs": 214,
    "duplicates": 0,
    "failed_tests": 261,
    "success_rate": 45.05,
    "avg_latency_ms": 95.48,
    "avg_score": 99.36
  },
  "protocol_summary": {
    "vmess": {
      "count": 17,
      "avg_lat": 133.23529411764707,
      "avg_score": 99.11176470588236
    },
    "vless": {
      "count": 191,
      "avg_lat": 90.56544502617801,
      "avg_score": 99.39623036649215
    },
    "ss": {
      "count": 1,
      "avg_lat": 154.0,
      "avg_score": 98.97333333333333
    },
    "trojan": {
      "count": 5,
      "avg_lat": 143.0,
      "avg_score": 99.04666666666667
    }
  }
}