{
  "scan_timestamp": "2026-02-08T18:38:04.033094+00:00",
  "duration_seconds": 1111.13,
  "performance_metrics": {
    "total_processed": 478,
    "valid_configs": 324,
    "duplicates": 0,
    "failed_tests": 154,
    "success_rate": 67.78,
    "avg_latency_ms": 111.68,
    "avg_score": 99.26
  },
  "protocol_summary": {
    "vmess": {
      "count": 56,
      "avg_lat": 117.83928571428571,
      "avg_score": 99.21440476190476
    },
    "vless": {
      "count": 225,
      "avg_lat": 112.60888888888888,
      "avg_score": 99.24927407407407
    },
    "ss": {
      "count": 0,
      "avg_lat": 0.0,
      "avg_score": 0.0
    },
    "trojan": {
      "count": 43,
      "avg_lat": 98.81395348837209,
      "avg_score": 99.34124031007751
    }
  }
}