{
  "scan_timestamp": "2026-07-17T19:13:28.885791+00:00",
  "duration_seconds": 447.1,
  "performance_metrics": {
    "total_processed": 426,
    "valid_configs": 137,
    "duplicates": 0,
    "failed_tests": 289,
    "success_rate": 32.16,
    "avg_latency_ms": 150.47,
    "avg_score": 99.0
  },
  "protocol_summary": {
    "vmess": {
      "count": 1,
      "avg_lat": 76.0,
      "avg_score": 99.49333333333334
    },
    "vless": {
      "count": 2,
      "avg_lat": 80.0,
      "avg_score": 99.46666666666667
    },
    "ss": {
      "count": 134,
      "avg_lat": 152.07462686567163,
      "avg_score": 98.98616915422886
    }
  }
}