{
  "scan_timestamp": "2026-02-26T23:37:50.198785+00:00",
  "duration_seconds": 1113.66,
  "performance_metrics": {
    "total_processed": 473,
    "valid_configs": 337,
    "duplicates": 0,
    "failed_tests": 136,
    "success_rate": 71.25,
    "avg_latency_ms": 107.47,
    "avg_score": 99.28
  },
  "protocol_summary": {
    "vmess": {
      "count": 62,
      "avg_lat": 77.96774193548387,
      "avg_score": 99.48021505376344
    },
    "vless": {
      "count": 240,
      "avg_lat": 121.5125,
      "avg_score": 99.18991666666666
    },
    "ss": {
      "count": 0,
      "avg_lat": 0.0,
      "avg_score": 0.0
    },
    "trojan": {
      "count": 35,
      "avg_lat": 63.4,
      "avg_score": 99.57733333333333
    }
  }
}