{
  "scan_timestamp": "2026-02-08T12:41:35.427256+00:00",
  "duration_seconds": 1119.22,
  "performance_metrics": {
    "total_processed": 479,
    "valid_configs": 344,
    "duplicates": 0,
    "failed_tests": 135,
    "success_rate": 71.82,
    "avg_latency_ms": 130.42,
    "avg_score": 99.13
  },
  "protocol_summary": {
    "vmess": {
      "count": 62,
      "avg_lat": 129.03225806451613,
      "avg_score": 99.13978494623656
    },
    "vless": {
      "count": 238,
      "avg_lat": 131.6218487394958,
      "avg_score": 99.12252100840337
    },
    "ss": {
      "count": 0,
      "avg_lat": 0.0,
      "avg_score": 0.0
    },
    "trojan": {
      "count": 44,
      "avg_lat": 125.86363636363636,
      "avg_score": 99.16090909090909
    }
  }
}