{
  "scan_timestamp": "2026-01-11T03:17:50.773691+00:00",
  "duration_seconds": 729.94,
  "performance_metrics": {
    "total_processed": 408,
    "valid_configs": 209,
    "duplicates": 0,
    "failed_tests": 199,
    "success_rate": 51.23,
    "avg_latency_ms": 145.22,
    "avg_score": 99.03
  },
  "protocol_summary": {
    "vmess": {
      "count": 80,
      "avg_lat": 93.5875,
      "avg_score": 99.37608333333334
    },
    "vless": {
      "count": 63,
      "avg_lat": 27.53968253968254,
      "avg_score": 99.81640211640212
    },
    "ss": {
      "count": 0,
      "avg_lat": 0.0,
      "avg_score": 0.0
    },
    "trojan": {
      "count": 66,
      "avg_lat": 320.1212121212121,
      "avg_score": 97.86585858585859
    }
  }
}