{
  "scan_timestamp": "2026-01-18T12:34:27.994129+00:00",
  "duration_seconds": 937.55,
  "performance_metrics": {
    "total_processed": 447,
    "valid_configs": 262,
    "duplicates": 0,
    "failed_tests": 185,
    "success_rate": 58.61,
    "avg_latency_ms": 146.88,
    "avg_score": 99.02
  },
  "protocol_summary": {
    "vmess": {
      "count": 60,
      "avg_lat": 117.65,
      "avg_score": 99.21566666666666
    },
    "vless": {
      "count": 134,
      "avg_lat": 110.76865671641791,
      "avg_score": 99.26154228855722
    },
    "ss": {
      "count": 0,
      "avg_lat": 0.0,
      "avg_score": 0.0
    },
    "trojan": {
      "count": 68,
      "avg_lat": 243.8235294117647,
      "avg_score": 98.37450980392157
    }
  }
}