{
  "scan_timestamp": "2026-01-17T04:36:50.028271+00:00",
  "duration_seconds": 832.4,
  "performance_metrics": {
    "total_processed": 418,
    "valid_configs": 220,
    "duplicates": 0,
    "failed_tests": 198,
    "success_rate": 52.63,
    "avg_latency_ms": 108.34,
    "avg_score": 99.28
  },
  "protocol_summary": {
    "vmess": {
      "count": 54,
      "avg_lat": 108.62962962962963,
      "avg_score": 99.2758024691358
    },
    "vless": {
      "count": 127,
      "avg_lat": 103.36220472440945,
      "avg_score": 99.31091863517061
    },
    "ss": {
      "count": 0,
      "avg_lat": 0.0,
      "avg_score": 0.0
    },
    "trojan": {
      "count": 39,
      "avg_lat": 124.15384615384616,
      "avg_score": 99.17230769230768
    }
  }
}