{
  "scan_timestamp": "2026-07-23T02:42:46.946581+00:00",
  "duration_seconds": 312.79,
  "performance_metrics": {
    "total_processed": 413,
    "valid_configs": 97,
    "duplicates": 0,
    "failed_tests": 316,
    "success_rate": 23.49,
    "avg_latency_ms": 120.6,
    "avg_score": 99.2
  },
  "protocol_summary": {
    "vless": {
      "count": 3,
      "avg_lat": 49.0,
      "avg_score": 99.67333333333333
    },
    "ss": {
      "count": 94,
      "avg_lat": 122.88297872340425,
      "avg_score": 99.18078014184398
    }
  }
}