{
  "scan_timestamp": "2026-01-05T10:32:55.796142+00:00",
  "duration_seconds": 1134.83,
  "performance_metrics": {
    "total_processed": 482,
    "valid_configs": 355,
    "duplicates": 0,
    "failed_tests": 127,
    "success_rate": 73.65,
    "avg_latency_ms": 131.98,
    "avg_score": 99.12
  },
  "protocol_summary": {
    "vmess": {
      "count": 38,
      "avg_lat": 123.44736842105263,
      "avg_score": 99.17701754385965
    },
    "vless": {
      "count": 236,
      "avg_lat": 115.49152542372882,
      "avg_score": 99.23005649717514
    },
    "ss": {
      "count": 0,
      "avg_lat": 0.0,
      "avg_score": 0.0
    },
    "trojan": {
      "count": 81,
      "avg_lat": 184.01234567901236,
      "avg_score": 98.77325102880658
    }
  }
}