{
  "scan_timestamp": "2026-01-03T04:08:12.621958+00:00",
  "duration_seconds": 1115.09,
  "performance_metrics": {
    "total_processed": 479,
    "valid_configs": 330,
    "duplicates": 0,
    "failed_tests": 149,
    "success_rate": 68.89,
    "avg_latency_ms": 109.19,
    "avg_score": 99.27
  },
  "protocol_summary": {
    "vmess": {
      "count": 40,
      "avg_lat": 142.55,
      "avg_score": 99.04966666666667
    },
    "vless": {
      "count": 265,
      "avg_lat": 103.71320754716982,
      "avg_score": 99.30857861635221
    },
    "ss": {
      "count": 0,
      "avg_lat": 0.0,
      "avg_score": 0.0
    },
    "trojan": {
      "count": 25,
      "avg_lat": 113.88,
      "avg_score": 99.2408
    }
  }
}