{
  "scan_timestamp": "2025-12-10T11:24:34.881384+00:00",
  "duration_seconds": 864.55,
  "performance_metrics": {
    "total_processed": 467,
    "valid_configs": 196,
    "duplicates": 0,
    "failed_tests": 271,
    "success_rate": 41.97,
    "avg_latency_ms": 142.66,
    "avg_score": 99.05
  },
  "protocol_summary": {
    "vmess": {
      "count": 37,
      "avg_lat": 133.02702702702703,
      "avg_score": 99.11315315315315
    },
    "vless": {
      "count": 97,
      "avg_lat": 143.02061855670104,
      "avg_score": 99.04652920962198
    },
    "ss": {
      "count": 0,
      "avg_lat": 0.0,
      "avg_score": 0.0
    },
    "trojan": {
      "count": 62,
      "avg_lat": 147.83870967741936,
      "avg_score": 99.01440860215054
    }
  }
}