{
  "scan_timestamp": "2026-02-16T12:52:19.713486+00:00",
  "duration_seconds": 1083.13,
  "performance_metrics": {
    "total_processed": 461,
    "valid_configs": 324,
    "duplicates": 0,
    "failed_tests": 137,
    "success_rate": 70.28,
    "avg_latency_ms": 101.36,
    "avg_score": 99.32
  },
  "protocol_summary": {
    "vmess": {
      "count": 70,
      "avg_lat": 145.97142857142856,
      "avg_score": 99.02685714285714
    },
    "vless": {
      "count": 211,
      "avg_lat": 81.81990521327015,
      "avg_score": 99.45453396524486
    },
    "ss": {
      "count": 0,
      "avg_lat": 0.0,
      "avg_score": 0.0
    },
    "trojan": {
      "count": 43,
      "avg_lat": 124.65116279069767,
      "avg_score": 99.16899224806201
    }
  }
}