{
  "scan_timestamp": "2026-03-01T21:30:40.548103+00:00",
  "duration_seconds": 1096.63,
  "performance_metrics": {
    "total_processed": 473,
    "valid_configs": 330,
    "duplicates": 0,
    "failed_tests": 143,
    "success_rate": 69.77,
    "avg_latency_ms": 86.38,
    "avg_score": 99.42
  },
  "protocol_summary": {
    "vmess": {
      "count": 59,
      "avg_lat": 54.83050847457627,
      "avg_score": 99.63446327683616
    },
    "vless": {
      "count": 236,
      "avg_lat": 98.30084745762711,
      "avg_score": 99.34466101694915
    },
    "ss": {
      "count": 0,
      "avg_lat": 0.0,
      "avg_score": 0.0
    },
    "trojan": {
      "count": 35,
      "avg_lat": 59.2,
      "avg_score": 99.60533333333333
    }
  }
}