{
  "scan_timestamp": "2026-07-10T22:09:12.318742+00:00",
  "duration_seconds": 470.68,
  "performance_metrics": {
    "total_processed": 443,
    "valid_configs": 148,
    "duplicates": 0,
    "failed_tests": 295,
    "success_rate": 33.41,
    "avg_latency_ms": 95.61,
    "avg_score": 99.36
  },
  "protocol_summary": {
    "vmess": {
      "count": 1,
      "avg_lat": 2.0,
      "avg_score": 99.98666666666666
    },
    "vless": {
      "count": 1,
      "avg_lat": 2.0,
      "avg_score": 99.98666666666666
    },
    "ss": {
      "count": 132,
      "avg_lat": 99.00757575757575,
      "avg_score": 99.3399494949495
    },
    "trojan": {
      "count": 14,
      "avg_lat": 77.0,
      "avg_score": 99.48666666666666
    }
  }
}