{
  "scan_timestamp": "2026-02-19T11:49:28.264145+00:00",
  "duration_seconds": 1181.57,
  "performance_metrics": {
    "total_processed": 473,
    "valid_configs": 377,
    "duplicates": 0,
    "failed_tests": 96,
    "success_rate": 79.7,
    "avg_latency_ms": 72.68,
    "avg_score": 99.52
  },
  "protocol_summary": {
    "vmess": {
      "count": 64,
      "avg_lat": 70.84375,
      "avg_score": 99.52770833333334
    },
    "vless": {
      "count": 281,
      "avg_lat": 75.57295373665481,
      "avg_score": 99.4961803084223
    },
    "ss": {
      "count": 0,
      "avg_lat": 0.0,
      "avg_score": 0.0
    },
    "trojan": {
      "count": 32,
      "avg_lat": 50.96875,
      "avg_score": 99.66020833333333
    }
  }
}