{
  "scan_timestamp": "2026-01-26T19:34:09.241393+00:00",
  "duration_seconds": 1100.76,
  "performance_metrics": {
    "total_processed": 479,
    "valid_configs": 325,
    "duplicates": 0,
    "failed_tests": 154,
    "success_rate": 67.85,
    "avg_latency_ms": 81.75,
    "avg_score": 99.45
  },
  "protocol_summary": {
    "vmess": {
      "count": 39,
      "avg_lat": 74.25641025641026,
      "avg_score": 99.50495726495726
    },
    "vless": {
      "count": 230,
      "avg_lat": 74.18695652173913,
      "avg_score": 99.50542028985507
    },
    "ss": {
      "count": 0,
      "avg_lat": 0.0,
      "avg_score": 0.0
    },
    "trojan": {
      "count": 56,
      "avg_lat": 118.05357142857143,
      "avg_score": 99.21297619047618
    }
  }
}