{
  "scan_timestamp": "2026-07-22T00:00:52.786290+00:00",
  "duration_seconds": 302.22,
  "performance_metrics": {
    "total_processed": 415,
    "valid_configs": 86,
    "duplicates": 0,
    "failed_tests": 329,
    "success_rate": 20.72,
    "avg_latency_ms": 113.09,
    "avg_score": 99.25
  },
  "protocol_summary": {
    "vmess": {
      "count": 1,
      "avg_lat": 99.0,
      "avg_score": 99.34
    },
    "vless": {
      "count": 3,
      "avg_lat": 34.0,
      "avg_score": 99.77333333333333
    },
    "ss": {
      "count": 76,
      "avg_lat": 102.8157894736842,
      "avg_score": 99.31456140350878
    },
    "trojan": {
      "count": 6,
      "avg_lat": 285.1666666666667,
      "avg_score": 98.0988888888889
    }
  }
}