{
  "scan_timestamp": "2026-02-27T11:41:54.683428+00:00",
  "duration_seconds": 1107.57,
  "performance_metrics": {
    "total_processed": 473,
    "valid_configs": 335,
    "duplicates": 0,
    "failed_tests": 138,
    "success_rate": 70.82,
    "avg_latency_ms": 107.59,
    "avg_score": 99.28
  },
  "protocol_summary": {
    "vmess": {
      "count": 62,
      "avg_lat": 134.2258064516129,
      "avg_score": 99.10516129032258
    },
    "vless": {
      "count": 238,
      "avg_lat": 109.21428571428571,
      "avg_score": 99.27190476190476
    },
    "ss": {
      "count": 0,
      "avg_lat": 0.0,
      "avg_score": 0.0
    },
    "trojan": {
      "count": 35,
      "avg_lat": 49.4,
      "avg_score": 99.67066666666666
    }
  }
}