{
  "scan_timestamp": "2026-01-28T17:35:21.713643+00:00",
  "duration_seconds": 703.64,
  "performance_metrics": {
    "total_processed": 424,
    "valid_configs": 175,
    "duplicates": 0,
    "failed_tests": 249,
    "success_rate": 41.27,
    "avg_latency_ms": 111.13,
    "avg_score": 99.26
  },
  "protocol_summary": {
    "vmess": {
      "count": 52,
      "avg_lat": 78.40384615384616,
      "avg_score": 99.47730769230769
    },
    "vless": {
      "count": 77,
      "avg_lat": 105.59740259740259,
      "avg_score": 99.29601731601731
    },
    "ss": {
      "count": 0,
      "avg_lat": 0.0,
      "avg_score": 0.0
    },
    "trojan": {
      "count": 46,
      "avg_lat": 157.3913043478261,
      "avg_score": 98.95072463768116
    }
  }
}