{
  "scan_timestamp": "2026-02-21T16:33:55.899838+00:00",
  "duration_seconds": 1159.02,
  "performance_metrics": {
    "total_processed": 473,
    "valid_configs": 361,
    "duplicates": 0,
    "failed_tests": 112,
    "success_rate": 76.32,
    "avg_latency_ms": 89.84,
    "avg_score": 99.4
  },
  "protocol_summary": {
    "vmess": {
      "count": 63,
      "avg_lat": 54.77777777777778,
      "avg_score": 99.6348148148148
    },
    "vless": {
      "count": 263,
      "avg_lat": 100.96958174904942,
      "avg_score": 99.32686945500635
    },
    "ss": {
      "count": 0,
      "avg_lat": 0.0,
      "avg_score": 0.0
    },
    "trojan": {
      "count": 35,
      "avg_lat": 69.37142857142857,
      "avg_score": 99.5375238095238
    }
  }
}