{
  "scan_timestamp": "2026-06-29T19:11:19.141734+00:00",
  "duration_seconds": 360.12,
  "performance_metrics": {
    "total_processed": 435,
    "valid_configs": 100,
    "duplicates": 0,
    "failed_tests": 335,
    "success_rate": 22.99,
    "avg_latency_ms": 138.61,
    "avg_score": 99.08
  },
  "protocol_summary": {
    "vmess": {
      "count": 2,
      "avg_lat": 5.5,
      "avg_score": 99.96333333333334
    },
    "vless": {
      "count": 9,
      "avg_lat": 145.22222222222223,
      "avg_score": 99.03185185185185
    },
    "ss": {
      "count": 72,
      "avg_lat": 117.59722222222223,
      "avg_score": 99.21601851851852
    },
    "trojan": {
      "count": 17,
      "avg_lat": 239.76470588235293,
      "avg_score": 98.40156862745097
    }
  }
}