{
  "scan_timestamp": "2026-07-19T10:33:45.599806+00:00",
  "duration_seconds": 410.57,
  "performance_metrics": {
    "total_processed": 444,
    "valid_configs": 112,
    "duplicates": 0,
    "failed_tests": 332,
    "success_rate": 25.23,
    "avg_latency_ms": 112.05,
    "avg_score": 99.25
  },
  "protocol_summary": {
    "vmess": {
      "count": 1,
      "avg_lat": 17.0,
      "avg_score": 99.88666666666667
    },
    "vless": {
      "count": 1,
      "avg_lat": 2.0,
      "avg_score": 99.98666666666666
    },
    "ss": {
      "count": 110,
      "avg_lat": 113.91818181818182,
      "avg_score": 99.24054545454544
    }
  }
}