{
  "scan_timestamp": "2026-01-05T06:41:40.462196+00:00",
  "duration_seconds": 1152.94,
  "performance_metrics": {
    "total_processed": 482,
    "valid_configs": 361,
    "duplicates": 0,
    "failed_tests": 121,
    "success_rate": 74.9,
    "avg_latency_ms": 135.7,
    "avg_score": 99.1
  },
  "protocol_summary": {
    "vmess": {
      "count": 31,
      "avg_lat": 149.51612903225808,
      "avg_score": 99.00322580645161
    },
    "vless": {
      "count": 274,
      "avg_lat": 126.77372262773723,
      "avg_score": 99.15484184914841
    },
    "ss": {
      "count": 0,
      "avg_lat": 0.0,
      "avg_score": 0.0
    },
    "trojan": {
      "count": 56,
      "avg_lat": 171.69642857142858,
      "avg_score": 98.85535714285713
    }
  }
}