{
  "scan_timestamp": "2026-03-29T06:21:08.632726+00:00",
  "duration_seconds": 968.12,
  "performance_metrics": {
    "total_processed": 477,
    "valid_configs": 200,
    "duplicates": 0,
    "failed_tests": 277,
    "success_rate": 41.93,
    "avg_latency_ms": 100.25,
    "avg_score": 99.33
  },
  "protocol_summary": {
    "vmess": {
      "count": 17,
      "avg_lat": 123.76470588235294,
      "avg_score": 99.17490196078431
    },
    "vless": {
      "count": 179,
      "avg_lat": 95.64804469273743,
      "avg_score": 99.36234636871508
    },
    "ss": {
      "count": 1,
      "avg_lat": 149.0,
      "avg_score": 99.00666666666666
    },
    "trojan": {
      "count": 3,
      "avg_lat": 225.33333333333334,
      "avg_score": 98.49777777777778
    }
  }
}