{
  "scan_timestamp": "2025-12-18T02:59:04.843249+00:00",
  "duration_seconds": 932.07,
  "performance_metrics": {
    "total_processed": 476,
    "valid_configs": 250,
    "duplicates": 0,
    "failed_tests": 226,
    "success_rate": 52.52,
    "avg_latency_ms": 89.02,
    "avg_score": 99.41
  },
  "protocol_summary": {
    "vmess": {
      "count": 43,
      "avg_lat": 119.18604651162791,
      "avg_score": 99.20542635658914
    },
    "vless": {
      "count": 160,
      "avg_lat": 82.68125,
      "avg_score": 99.44879166666666
    },
    "ss": {
      "count": 0,
      "avg_lat": 0.0,
      "avg_score": 0.0
    },
    "trojan": {
      "count": 47,
      "avg_lat": 83.0,
      "avg_score": 99.44666666666666
    }
  }
}