{
  "scan_timestamp": "2026-01-19T20:23:19.135146+00:00",
  "duration_seconds": 654.4,
  "performance_metrics": {
    "total_processed": 408,
    "valid_configs": 154,
    "duplicates": 0,
    "failed_tests": 254,
    "success_rate": 37.75,
    "avg_latency_ms": 90.8,
    "avg_score": 99.39
  },
  "protocol_summary": {
    "vmess": {
      "count": 54,
      "avg_lat": 99.0,
      "avg_score": 99.33999999999999
    },
    "vless": {
      "count": 64,
      "avg_lat": 46.234375,
      "avg_score": 99.69177083333334
    },
    "ss": {
      "count": 0,
      "avg_lat": 0.0,
      "avg_score": 0.0
    },
    "trojan": {
      "count": 36,
      "avg_lat": 157.72222222222223,
      "avg_score": 98.94851851851851
    }
  }
}