{
  "scan_timestamp": "2026-01-28T19:29:33.142748+00:00",
  "duration_seconds": 692.25,
  "performance_metrics": {
    "total_processed": 422,
    "valid_configs": 180,
    "duplicates": 0,
    "failed_tests": 242,
    "success_rate": 42.65,
    "avg_latency_ms": 101.99,
    "avg_score": 99.32
  },
  "protocol_summary": {
    "vmess": {
      "count": 61,
      "avg_lat": 48.39344262295082,
      "avg_score": 99.67737704918032
    },
    "vless": {
      "count": 77,
      "avg_lat": 102.31168831168831,
      "avg_score": 99.31792207792208
    },
    "ss": {
      "count": 0,
      "avg_lat": 0.0,
      "avg_score": 0.0
    },
    "trojan": {
      "count": 42,
      "avg_lat": 179.23809523809524,
      "avg_score": 98.80507936507937
    }
  }
}