{
  "scan_timestamp": "2026-01-31T21:26:56.495292+00:00",
  "duration_seconds": 967.81,
  "performance_metrics": {
    "total_processed": 463,
    "valid_configs": 257,
    "duplicates": 0,
    "failed_tests": 206,
    "success_rate": 55.51,
    "avg_latency_ms": 83.0,
    "avg_score": 99.45
  },
  "protocol_summary": {
    "vmess": {
      "count": 113,
      "avg_lat": 52.716814159292035,
      "avg_score": 99.6485545722714
    },
    "vless": {
      "count": 74,
      "avg_lat": 67.83783783783784,
      "avg_score": 99.54774774774775
    },
    "ss": {
      "count": 0,
      "avg_lat": 0.0,
      "avg_score": 0.0
    },
    "trojan": {
      "count": 70,
      "avg_lat": 147.92857142857142,
      "avg_score": 99.01380952380951
    }
  }
}