{
  "scan_timestamp": "2026-04-18T01:29:23.982232+00:00",
  "duration_seconds": 980.43,
  "performance_metrics": {
    "total_processed": 489,
    "valid_configs": 274,
    "duplicates": 0,
    "failed_tests": 215,
    "success_rate": 56.03,
    "avg_latency_ms": 86.88,
    "avg_score": 99.42
  },
  "protocol_summary": {
    "vmess": {
      "count": 2,
      "avg_lat": 149.0,
      "avg_score": 99.00666666666666
    },
    "vless": {
      "count": 262,
      "avg_lat": 88.22519083969466,
      "avg_score": 99.41183206106871
    },
    "ss": {
      "count": 0,
      "avg_lat": 0.0,
      "avg_score": 0.0
    },
    "trojan": {
      "count": 10,
      "avg_lat": 39.2,
      "avg_score": 99.73866666666666
    }
  }
}