{
  "scan_timestamp": "2025-12-13T10:26:02.863042+00:00",
  "duration_seconds": 984.32,
  "performance_metrics": {
    "total_processed": 477,
    "valid_configs": 232,
    "duplicates": 0,
    "failed_tests": 245,
    "success_rate": 48.64,
    "avg_latency_ms": 171.08,
    "avg_score": 98.86
  },
  "protocol_summary": {
    "vmess": {
      "count": 44,
      "avg_lat": 283.9318181818182,
      "avg_score": 98.10712121212121
    },
    "vless": {
      "count": 115,
      "avg_lat": 115.54782608695652,
      "avg_score": 99.2296811594203
    },
    "ss": {
      "count": 0,
      "avg_lat": 0.0,
      "avg_score": 0.0
    },
    "trojan": {
      "count": 73,
      "avg_lat": 190.54794520547946,
      "avg_score": 98.7296803652968
    }
  }
}