{
  "scan_timestamp": "2026-01-03T22:26:24.738287+00:00",
  "duration_seconds": 1014.71,
  "performance_metrics": {
    "total_processed": 473,
    "valid_configs": 296,
    "duplicates": 0,
    "failed_tests": 177,
    "success_rate": 62.58,
    "avg_latency_ms": 120.69,
    "avg_score": 99.2
  },
  "protocol_summary": {
    "vmess": {
      "count": 52,
      "avg_lat": 154.90384615384616,
      "avg_score": 98.9673076923077
    },
    "vless": {
      "count": 202,
      "avg_lat": 116.83663366336634,
      "avg_score": 99.22108910891089
    },
    "ss": {
      "count": 0,
      "avg_lat": 0.0,
      "avg_score": 0.0
    },
    "trojan": {
      "count": 42,
      "avg_lat": 96.85714285714286,
      "avg_score": 99.35428571428572
    }
  }
}