{
  "scan_timestamp": "2026-03-04T20:39:14.806615+00:00",
  "duration_seconds": 1085.39,
  "performance_metrics": {
    "total_processed": 473,
    "valid_configs": 324,
    "duplicates": 0,
    "failed_tests": 149,
    "success_rate": 68.5,
    "avg_latency_ms": 83.68,
    "avg_score": 99.44
  },
  "protocol_summary": {
    "vmess": {
      "count": 59,
      "avg_lat": 55.52542372881356,
      "avg_score": 99.62983050847457
    },
    "vless": {
      "count": 230,
      "avg_lat": 96.44782608695652,
      "avg_score": 99.35701449275363
    },
    "ss": {
      "count": 0,
      "avg_lat": 0.0,
      "avg_score": 0.0
    },
    "trojan": {
      "count": 35,
      "avg_lat": 47.25714285714286,
      "avg_score": 99.68495238095238
    }
  }
}