{
  "scan_timestamp": "2026-02-06T14:51:04.007433+00:00",
  "duration_seconds": 1071.76,
  "performance_metrics": {
    "total_processed": 481,
    "valid_configs": 294,
    "duplicates": 0,
    "failed_tests": 187,
    "success_rate": 61.12,
    "avg_latency_ms": 133.33,
    "avg_score": 99.11
  },
  "protocol_summary": {
    "vmess": {
      "count": 62,
      "avg_lat": 122.75806451612904,
      "avg_score": 99.18161290322581
    },
    "vless": {
      "count": 162,
      "avg_lat": 106.41358024691358,
      "avg_score": 99.29057613168725
    },
    "ss": {
      "count": 0,
      "avg_lat": 0.0,
      "avg_score": 0.0
    },
    "trojan": {
      "count": 70,
      "avg_lat": 205.0,
      "avg_score": 98.63333333333333
    }
  }
}