{
  "scan_timestamp": "2026-02-28T22:30:07.083599+00:00",
  "duration_seconds": 1099.08,
  "performance_metrics": {
    "total_processed": 473,
    "valid_configs": 329,
    "duplicates": 0,
    "failed_tests": 144,
    "success_rate": 69.56,
    "avg_latency_ms": 85.78,
    "avg_score": 99.43
  },
  "protocol_summary": {
    "vmess": {
      "count": 59,
      "avg_lat": 61.88135593220339,
      "avg_score": 99.58745762711864
    },
    "vless": {
      "count": 235,
      "avg_lat": 95.13617021276596,
      "avg_score": 99.36575886524824
    },
    "ss": {
      "count": 0,
      "avg_lat": 0.0,
      "avg_score": 0.0
    },
    "trojan": {
      "count": 35,
      "avg_lat": 63.25714285714286,
      "avg_score": 99.57828571428573
    }
  }
}