{
  "scan_timestamp": "2026-01-31T05:42:45.389087+00:00",
  "duration_seconds": 701.61,
  "performance_metrics": {
    "total_processed": 431,
    "valid_configs": 176,
    "duplicates": 0,
    "failed_tests": 255,
    "success_rate": 40.84,
    "avg_latency_ms": 93.31,
    "avg_score": 99.38
  },
  "protocol_summary": {
    "vmess": {
      "count": 60,
      "avg_lat": 61.03333333333333,
      "avg_score": 99.59311111111111
    },
    "vless": {
      "count": 75,
      "avg_lat": 62.666666666666664,
      "avg_score": 99.58222222222223
    },
    "ss": {
      "count": 0,
      "avg_lat": 0.0,
      "avg_score": 0.0
    },
    "trojan": {
      "count": 41,
      "avg_lat": 196.58536585365854,
      "avg_score": 98.68943089430894
    }
  }
}