{
  "scan_timestamp": "2025-12-22T16:28:38.006173+00:00",
  "duration_seconds": 924.5,
  "performance_metrics": {
    "total_processed": 471,
    "valid_configs": 261,
    "duplicates": 0,
    "failed_tests": 210,
    "success_rate": 55.41,
    "avg_latency_ms": 99.22,
    "avg_score": 99.34
  },
  "protocol_summary": {
    "vmess": {
      "count": 82,
      "avg_lat": 92.41463414634147,
      "avg_score": 99.3839024390244
    },
    "vless": {
      "count": 134,
      "avg_lat": 91.96268656716418,
      "avg_score": 99.38691542288556
    },
    "ss": {
      "count": 0,
      "avg_lat": 0.0,
      "avg_score": 0.0
    },
    "trojan": {
      "count": 45,
      "avg_lat": 133.22222222222223,
      "avg_score": 99.11185185185187
    }
  }
}