{
  "scan_timestamp": "2026-01-05T08:36:55.955025+00:00",
  "duration_seconds": 1142.78,
  "performance_metrics": {
    "total_processed": 482,
    "valid_configs": 358,
    "duplicates": 0,
    "failed_tests": 124,
    "success_rate": 74.27,
    "avg_latency_ms": 135.2,
    "avg_score": 99.1
  },
  "protocol_summary": {
    "vmess": {
      "count": 32,
      "avg_lat": 132.21875,
      "avg_score": 99.11854166666667
    },
    "vless": {
      "count": 268,
      "avg_lat": 136.77985074626866,
      "avg_score": 99.08813432835821
    },
    "ss": {
      "count": 0,
      "avg_lat": 0.0,
      "avg_score": 0.0
    },
    "trojan": {
      "count": 58,
      "avg_lat": 129.51724137931035,
      "avg_score": 99.13655172413793
    }
  }
}