{
  "scan_timestamp": "2026-04-13T21:54:20.975824+00:00",
  "duration_seconds": 1011.37,
  "performance_metrics": {
    "total_processed": 482,
    "valid_configs": 260,
    "duplicates": 0,
    "failed_tests": 222,
    "success_rate": 53.94,
    "avg_latency_ms": 120.93,
    "avg_score": 99.19
  },
  "protocol_summary": {
    "vmess": {
      "count": 2,
      "avg_lat": 672.5,
      "avg_score": 95.51666666666668
    },
    "vless": {
      "count": 250,
      "avg_lat": 117.692,
      "avg_score": 99.21538666666667
    },
    "ss": {
      "count": 3,
      "avg_lat": 119.66666666666667,
      "avg_score": 99.20222222222223
    },
    "trojan": {
      "count": 5,
      "avg_lat": 63.2,
      "avg_score": 99.57866666666666
    }
  }
}