{
  "scan_timestamp": "2026-02-27T10:44:32.153082+00:00",
  "duration_seconds": 1106.68,
  "performance_metrics": {
    "total_processed": 473,
    "valid_configs": 335,
    "duplicates": 0,
    "failed_tests": 138,
    "success_rate": 70.82,
    "avg_latency_ms": 105.31,
    "avg_score": 99.3
  },
  "protocol_summary": {
    "vmess": {
      "count": 62,
      "avg_lat": 120.6774193548387,
      "avg_score": 99.19548387096773
    },
    "vless": {
      "count": 238,
      "avg_lat": 105.57142857142857,
      "avg_score": 99.29619047619047
    },
    "ss": {
      "count": 0,
      "avg_lat": 0.0,
      "avg_score": 0.0
    },
    "trojan": {
      "count": 35,
      "avg_lat": 76.34285714285714,
      "avg_score": 99.49104761904762
    }
  }
}