{
  "scan_timestamp": "2026-04-06T08:32:41.809003+00:00",
  "duration_seconds": 1015.21,
  "performance_metrics": {
    "total_processed": 491,
    "valid_configs": 234,
    "duplicates": 0,
    "failed_tests": 257,
    "success_rate": 47.66,
    "avg_latency_ms": 96.39,
    "avg_score": 99.36
  },
  "protocol_summary": {
    "vmess": {
      "count": 2,
      "avg_lat": 117.5,
      "avg_score": 99.21666666666667
    },
    "vless": {
      "count": 230,
      "avg_lat": 95.66521739130435,
      "avg_score": 99.36223188405796
    },
    "ss": {
      "count": 1,
      "avg_lat": 214.0,
      "avg_score": 98.57333333333334
    },
    "trojan": {
      "count": 1,
      "avg_lat": 103.0,
      "avg_score": 99.31333333333333
    }
  }
}