{
  "scan_timestamp": "2026-04-09T20:12:38.004096+00:00",
  "duration_seconds": 988.51,
  "performance_metrics": {
    "total_processed": 486,
    "valid_configs": 221,
    "duplicates": 0,
    "failed_tests": 265,
    "success_rate": 45.47,
    "avg_latency_ms": 96.05,
    "avg_score": 99.36
  },
  "protocol_summary": {
    "vmess": {
      "count": 2,
      "avg_lat": 110.0,
      "avg_score": 99.26666666666667
    },
    "vless": {
      "count": 209,
      "avg_lat": 96.82296650717703,
      "avg_score": 99.35451355661883
    },
    "ss": {
      "count": 3,
      "avg_lat": 182.33333333333334,
      "avg_score": 98.78444444444445
    },
    "trojan": {
      "count": 7,
      "avg_lat": 32.142857142857146,
      "avg_score": 99.78571428571429
    }
  }
}