{
  "scan_timestamp": "2026-01-29T09:43:32.493835+00:00",
  "duration_seconds": 757.84,
  "performance_metrics": {
    "total_processed": 432,
    "valid_configs": 201,
    "duplicates": 0,
    "failed_tests": 231,
    "success_rate": 46.53,
    "avg_latency_ms": 82.94,
    "avg_score": 99.45
  },
  "protocol_summary": {
    "vmess": {
      "count": 62,
      "avg_lat": 64.11290322580645,
      "avg_score": 99.5725806451613
    },
    "vless": {
      "count": 77,
      "avg_lat": 81.41558441558442,
      "avg_score": 99.45722943722944
    },
    "ss": {
      "count": 0,
      "avg_lat": 0.0,
      "avg_score": 0.0
    },
    "trojan": {
      "count": 62,
      "avg_lat": 103.66129032258064,
      "avg_score": 99.3089247311828
    }
  }
}