{
  "scan_timestamp": "2026-02-11T08:02:50.453052+00:00",
  "duration_seconds": 1074.03,
  "performance_metrics": {
    "total_processed": 476,
    "valid_configs": 300,
    "duplicates": 0,
    "failed_tests": 176,
    "success_rate": 63.03,
    "avg_latency_ms": 114.31,
    "avg_score": 99.24
  },
  "protocol_summary": {
    "vmess": {
      "count": 39,
      "avg_lat": 191.48717948717947,
      "avg_score": 98.7234188034188
    },
    "vless": {
      "count": 194,
      "avg_lat": 112.23711340206185,
      "avg_score": 99.25175257731959
    },
    "ss": {
      "count": 0,
      "avg_lat": 0.0,
      "avg_score": 0.0
    },
    "trojan": {
      "count": 67,
      "avg_lat": 75.3731343283582,
      "avg_score": 99.49751243781094
    }
  }
}