{
  "scan_timestamp": "2026-02-01T12:38:35.410564+00:00",
  "duration_seconds": 960.67,
  "performance_metrics": {
    "total_processed": 454,
    "valid_configs": 261,
    "duplicates": 0,
    "failed_tests": 193,
    "success_rate": 57.49,
    "avg_latency_ms": 131.31,
    "avg_score": 99.12
  },
  "protocol_summary": {
    "vmess": {
      "count": 51,
      "avg_lat": 157.0,
      "avg_score": 98.95333333333333
    },
    "vless": {
      "count": 171,
      "avg_lat": 116.25146198830409,
      "avg_score": 99.22499025341132
    },
    "ss": {
      "count": 0,
      "avg_lat": 0.0,
      "avg_score": 0.0
    },
    "trojan": {
      "count": 39,
      "avg_lat": 163.76923076923077,
      "avg_score": 98.90820512820513
    }
  }
}