{
  "scan_timestamp": "2025-12-24T02:59:28.537551+00:00",
  "duration_seconds": 804.04,
  "performance_metrics": {
    "total_processed": 399,
    "valid_configs": 212,
    "duplicates": 0,
    "failed_tests": 187,
    "success_rate": 53.13,
    "avg_latency_ms": 109.84,
    "avg_score": 99.27
  },
  "protocol_summary": {
    "vmess": {
      "count": 54,
      "avg_lat": 125.98148148148148,
      "avg_score": 99.16012345679012
    },
    "vless": {
      "count": 129,
      "avg_lat": 92.51162790697674,
      "avg_score": 99.3832558139535
    },
    "ss": {
      "count": 0,
      "avg_lat": 0.0,
      "avg_score": 0.0
    },
    "trojan": {
      "count": 29,
      "avg_lat": 156.86206896551724,
      "avg_score": 98.9542528735632
    }
  }
}