{
  "scan_timestamp": "2026-03-02T23:32:40.615785+00:00",
  "duration_seconds": 1087.67,
  "performance_metrics": {
    "total_processed": 473,
    "valid_configs": 326,
    "duplicates": 0,
    "failed_tests": 147,
    "success_rate": 68.92,
    "avg_latency_ms": 73.71,
    "avg_score": 99.51
  },
  "protocol_summary": {
    "vmess": {
      "count": 60,
      "avg_lat": 48.7,
      "avg_score": 99.67533333333333
    },
    "vless": {
      "count": 231,
      "avg_lat": 80.85281385281385,
      "avg_score": 99.46098124098124
    },
    "ss": {
      "count": 0,
      "avg_lat": 0.0,
      "avg_score": 0.0
    },
    "trojan": {
      "count": 35,
      "avg_lat": 69.48571428571428,
      "avg_score": 99.5367619047619
    }
  }
}