{
  "scan_timestamp": "2026-02-15T10:32:17.640122+00:00",
  "duration_seconds": 1048.14,
  "performance_metrics": {
    "total_processed": 462,
    "valid_configs": 315,
    "duplicates": 0,
    "failed_tests": 147,
    "success_rate": 68.18,
    "avg_latency_ms": 129.93,
    "avg_score": 99.13
  },
  "protocol_summary": {
    "vmess": {
      "count": 75,
      "avg_lat": 162.05333333333334,
      "avg_score": 98.91964444444444
    },
    "vless": {
      "count": 195,
      "avg_lat": 115.46666666666667,
      "avg_score": 99.23022222222222
    },
    "ss": {
      "count": 0,
      "avg_lat": 0.0,
      "avg_score": 0.0
    },
    "trojan": {
      "count": 45,
      "avg_lat": 139.06666666666666,
      "avg_score": 99.07288888888888
    }
  }
}