{
  "scan_timestamp": "2026-03-09T09:38:42.796798+00:00",
  "duration_seconds": 186.15,
  "performance_metrics": {
    "total_processed": 373,
    "valid_configs": 30,
    "duplicates": 0,
    "failed_tests": 343,
    "success_rate": 8.04,
    "avg_latency_ms": 109.43,
    "avg_score": 99.27
  },
  "protocol_summary": {
    "vmess": {
      "count": 1,
      "avg_lat": 20.0,
      "avg_score": 99.86666666666666
    },
    "vless": {
      "count": 28,
      "avg_lat": 112.92857142857143,
      "avg_score": 99.24714285714286
    },
    "ss": {
      "count": 1,
      "avg_lat": 101.0,
      "avg_score": 99.32666666666667
    },
    "trojan": {
      "count": 0,
      "avg_lat": 0.0,
      "avg_score": 0.0
    }
  }
}