{
  "scan_timestamp": "2026-01-06T21:30:14.253567+00:00",
  "duration_seconds": 1170.7,
  "performance_metrics": {
    "total_processed": 481,
    "valid_configs": 376,
    "duplicates": 0,
    "failed_tests": 105,
    "success_rate": 78.17,
    "avg_latency_ms": 121.0,
    "avg_score": 99.19
  },
  "protocol_summary": {
    "vmess": {
      "count": 38,
      "avg_lat": 140.23684210526315,
      "avg_score": 99.06508771929825
    },
    "vless": {
      "count": 261,
      "avg_lat": 113.26819923371647,
      "avg_score": 99.24487867177523
    },
    "ss": {
      "count": 0,
      "avg_lat": 0.0,
      "avg_score": 0.0
    },
    "trojan": {
      "count": 77,
      "avg_lat": 137.72727272727272,
      "avg_score": 99.08181818181818
    }
  }
}