{
  "scan_timestamp": "2026-01-29T18:43:21.554598+00:00",
  "duration_seconds": 875.26,
  "performance_metrics": {
    "total_processed": 457,
    "valid_configs": 233,
    "duplicates": 0,
    "failed_tests": 224,
    "success_rate": 50.98,
    "avg_latency_ms": 82.06,
    "avg_score": 99.45
  },
  "protocol_summary": {
    "vmess": {
      "count": 97,
      "avg_lat": 32.29896907216495,
      "avg_score": 99.78467353951889
    },
    "vless": {
      "count": 61,
      "avg_lat": 73.65573770491804,
      "avg_score": 99.50896174863388
    },
    "ss": {
      "count": 0,
      "avg_lat": 0.0,
      "avg_score": 0.0
    },
    "trojan": {
      "count": 75,
      "avg_lat": 153.26666666666668,
      "avg_score": 98.97822222222223
    }
  }
}