{
  "scan_timestamp": "2026-02-12T22:37:03.802849+00:00",
  "duration_seconds": 1017.14,
  "performance_metrics": {
    "total_processed": 467,
    "valid_configs": 304,
    "duplicates": 0,
    "failed_tests": 163,
    "success_rate": 65.1,
    "avg_latency_ms": 163.01,
    "avg_score": 98.91
  },
  "protocol_summary": {
    "vmess": {
      "count": 67,
      "avg_lat": 179.88059701492537,
      "avg_score": 98.8007960199005
    },
    "vless": {
      "count": 196,
      "avg_lat": 163.1377551020408,
      "avg_score": 98.91241496598639
    },
    "ss": {
      "count": 0,
      "avg_lat": 0.0,
      "avg_score": 0.0
    },
    "trojan": {
      "count": 41,
      "avg_lat": 134.82926829268294,
      "avg_score": 99.1011382113821
    }
  }
}