{
  "scan_timestamp": "2026-01-06T04:53:20.175854+00:00",
  "duration_seconds": 1167.55,
  "performance_metrics": {
    "total_processed": 487,
    "valid_configs": 354,
    "duplicates": 0,
    "failed_tests": 133,
    "success_rate": 72.69,
    "avg_latency_ms": 94.81,
    "avg_score": 99.37
  },
  "protocol_summary": {
    "vmess": {
      "count": 42,
      "avg_lat": 148.6904761904762,
      "avg_score": 99.00873015873016
    },
    "vless": {
      "count": 284,
      "avg_lat": 82.04929577464789,
      "avg_score": 99.45300469483567
    },
    "ss": {
      "count": 0,
      "avg_lat": 0.0,
      "avg_score": 0.0
    },
    "trojan": {
      "count": 28,
      "avg_lat": 143.46428571428572,
      "avg_score": 99.04357142857144
    }
  }
}