{
  "scan_timestamp": "2026-02-01T07:46:34.066022+00:00",
  "duration_seconds": 1013.55,
  "performance_metrics": {
    "total_processed": 463,
    "valid_configs": 277,
    "duplicates": 0,
    "failed_tests": 186,
    "success_rate": 59.83,
    "avg_latency_ms": 112.84,
    "avg_score": 99.25
  },
  "protocol_summary": {
    "vmess": {
      "count": 50,
      "avg_lat": 89.46,
      "avg_score": 99.40360000000001
    },
    "vless": {
      "count": 176,
      "avg_lat": 102.4375,
      "avg_score": 99.31708333333334
    },
    "ss": {
      "count": 0,
      "avg_lat": 0.0,
      "avg_score": 0.0
    },
    "trojan": {
      "count": 51,
      "avg_lat": 171.64705882352942,
      "avg_score": 98.85568627450981
    }
  }
}