{
  "scan_timestamp": "2026-03-14T18:27:15.990555+00:00",
  "duration_seconds": 363.77,
  "performance_metrics": {
    "total_processed": 364,
    "valid_configs": 93,
    "duplicates": 0,
    "failed_tests": 271,
    "success_rate": 25.55,
    "avg_latency_ms": 93.78,
    "avg_score": 99.37
  },
  "protocol_summary": {
    "vmess": {
      "count": 2,
      "avg_lat": 10.0,
      "avg_score": 99.93333333333334
    },
    "vless": {
      "count": 28,
      "avg_lat": 42.25,
      "avg_score": 99.71833333333333
    },
    "ss": {
      "count": 62,
      "avg_lat": 121.2258064516129,
      "avg_score": 99.19182795698924
    },
    "trojan": {
      "count": 1,
      "avg_lat": 3.0,
      "avg_score": 99.98
    }
  }
}