{
  "scan_timestamp": "2026-04-14T21:08:19.010137+00:00",
  "duration_seconds": 1102.24,
  "performance_metrics": {
    "total_processed": 488,
    "valid_configs": 324,
    "duplicates": 0,
    "failed_tests": 164,
    "success_rate": 66.39,
    "avg_latency_ms": 54.11,
    "avg_score": 99.64
  },
  "protocol_summary": {
    "vmess": {
      "count": 2,
      "avg_lat": 114.0,
      "avg_score": 99.24000000000001
    },
    "vless": {
      "count": 307,
      "avg_lat": 52.355048859934854,
      "avg_score": 99.65096634093378
    },
    "ss": {
      "count": 0,
      "avg_lat": 0.0,
      "avg_score": 0.0
    },
    "trojan": {
      "count": 15,
      "avg_lat": 82.06666666666666,
      "avg_score": 99.45288888888889
    }
  }
}