{
  "scan_timestamp": "2025-12-14T03:08:17.143483+00:00",
  "duration_seconds": 924.21,
  "performance_metrics": {
    "total_processed": 475,
    "valid_configs": 227,
    "duplicates": 0,
    "failed_tests": 248,
    "success_rate": 47.79,
    "avg_latency_ms": 136.7,
    "avg_score": 99.09
  },
  "protocol_summary": {
    "vmess": {
      "count": 22,
      "avg_lat": 146.86363636363637,
      "avg_score": 99.02090909090909
    },
    "vless": {
      "count": 146,
      "avg_lat": 99.54794520547945,
      "avg_score": 99.33634703196347
    },
    "ss": {
      "count": 0,
      "avg_lat": 0.0,
      "avg_score": 0.0
    },
    "trojan": {
      "count": 59,
      "avg_lat": 224.84745762711864,
      "avg_score": 98.50101694915253
    }
  }
}