{
  "scan_timestamp": "2026-01-08T07:34:17.954063+00:00",
  "duration_seconds": 1072.81,
  "performance_metrics": {
    "total_processed": 477,
    "valid_configs": 337,
    "duplicates": 0,
    "failed_tests": 140,
    "success_rate": 70.65,
    "avg_latency_ms": 155.12,
    "avg_score": 98.97
  },
  "protocol_summary": {
    "vmess": {
      "count": 45,
      "avg_lat": 184.64444444444445,
      "avg_score": 98.76903703703704
    },
    "vless": {
      "count": 238,
      "avg_lat": 153.73949579831933,
      "avg_score": 98.9750700280112
    },
    "ss": {
      "count": 0,
      "avg_lat": 0.0,
      "avg_score": 0.0
    },
    "trojan": {
      "count": 54,
      "avg_lat": 136.57407407407408,
      "avg_score": 99.0895061728395
    }
  }
}