{
  "scan_timestamp": "2025-12-13T09:26:40.401137+00:00",
  "duration_seconds": 986.09,
  "performance_metrics": {
    "total_processed": 477,
    "valid_configs": 230,
    "duplicates": 0,
    "failed_tests": 247,
    "success_rate": 48.22,
    "avg_latency_ms": 143.51,
    "avg_score": 99.04
  },
  "protocol_summary": {
    "vmess": {
      "count": 40,
      "avg_lat": 161.325,
      "avg_score": 98.9245
    },
    "vless": {
      "count": 117,
      "avg_lat": 106.84615384615384,
      "avg_score": 99.28769230769231
    },
    "ss": {
      "count": 0,
      "avg_lat": 0.0,
      "avg_score": 0.0
    },
    "trojan": {
      "count": 73,
      "avg_lat": 192.5205479452055,
      "avg_score": 98.7165296803653
    }
  }
}