{
  "scan_timestamp": "2025-12-23T07:30:53.297273+00:00",
  "duration_seconds": 918.15,
  "performance_metrics": {
    "total_processed": 468,
    "valid_configs": 268,
    "duplicates": 0,
    "failed_tests": 200,
    "success_rate": 57.26,
    "avg_latency_ms": 142.65,
    "avg_score": 99.05
  },
  "protocol_summary": {
    "vmess": {
      "count": 92,
      "avg_lat": 117.08695652173913,
      "avg_score": 99.21942028985507
    },
    "vless": {
      "count": 102,
      "avg_lat": 87.59803921568627,
      "avg_score": 99.41601307189542
    },
    "ss": {
      "count": 0,
      "avg_lat": 0.0,
      "avg_score": 0.0
    },
    "trojan": {
      "count": 74,
      "avg_lat": 250.3108108108108,
      "avg_score": 98.33126126126126
    }
  }
}