{
  "scan_timestamp": "2026-01-06T09:36:16.026628+00:00",
  "duration_seconds": 1188.11,
  "performance_metrics": {
    "total_processed": 485,
    "valid_configs": 369,
    "duplicates": 0,
    "failed_tests": 116,
    "success_rate": 76.08,
    "avg_latency_ms": 110.24,
    "avg_score": 99.27
  },
  "protocol_summary": {
    "vmess": {
      "count": 33,
      "avg_lat": 132.0,
      "avg_score": 99.12
    },
    "vless": {
      "count": 281,
      "avg_lat": 99.45195729537366,
      "avg_score": 99.33698695136417
    },
    "ss": {
      "count": 0,
      "avg_lat": 0.0,
      "avg_score": 0.0
    },
    "trojan": {
      "count": 55,
      "avg_lat": 152.27272727272728,
      "avg_score": 98.98484848484848
    }
  }
}