{
  "scan_timestamp": "2026-02-27T18:43:35.917578+00:00",
  "duration_seconds": 1106.15,
  "performance_metrics": {
    "total_processed": 473,
    "valid_configs": 333,
    "duplicates": 0,
    "failed_tests": 140,
    "success_rate": 70.4,
    "avg_latency_ms": 87.23,
    "avg_score": 99.42
  },
  "protocol_summary": {
    "vmess": {
      "count": 62,
      "avg_lat": 106.16129032258064,
      "avg_score": 99.29225806451613
    },
    "vless": {
      "count": 236,
      "avg_lat": 93.72457627118644,
      "avg_score": 99.37516949152543
    },
    "ss": {
      "count": 0,
      "avg_lat": 0.0,
      "avg_score": 0.0
    },
    "trojan": {
      "count": 35,
      "avg_lat": 9.942857142857143,
      "avg_score": 99.93371428571429
    }
  }
}