{
  "scan_timestamp": "2026-02-15T11:30:47.161092+00:00",
  "duration_seconds": 1036.99,
  "performance_metrics": {
    "total_processed": 462,
    "valid_configs": 310,
    "duplicates": 0,
    "failed_tests": 152,
    "success_rate": 67.1,
    "avg_latency_ms": 106.5,
    "avg_score": 99.29
  },
  "protocol_summary": {
    "vmess": {
      "count": 68,
      "avg_lat": 128.0441176470588,
      "avg_score": 99.1463725490196
    },
    "vless": {
      "count": 195,
      "avg_lat": 91.01538461538462,
      "avg_score": 99.39323076923077
    },
    "ss": {
      "count": 0,
      "avg_lat": 0.0,
      "avg_score": 0.0
    },
    "trojan": {
      "count": 47,
      "avg_lat": 139.5744680851064,
      "avg_score": 99.06950354609928
    }
  }
}