{
  "scan_timestamp": "2026-03-01T13:50:21.402133+00:00",
  "duration_seconds": 1089.63,
  "performance_metrics": {
    "total_processed": 473,
    "valid_configs": 328,
    "duplicates": 0,
    "failed_tests": 145,
    "success_rate": 69.34,
    "avg_latency_ms": 81.9,
    "avg_score": 99.45
  },
  "protocol_summary": {
    "vmess": {
      "count": 59,
      "avg_lat": 53.152542372881356,
      "avg_score": 99.64564971751412
    },
    "vless": {
      "count": 234,
      "avg_lat": 94.33333333333333,
      "avg_score": 99.3711111111111
    },
    "ss": {
      "count": 0,
      "avg_lat": 0.0,
      "avg_score": 0.0
    },
    "trojan": {
      "count": 35,
      "avg_lat": 47.2,
      "avg_score": 99.68533333333333
    }
  }
}