{
  "scan_timestamp": "2025-12-21T04:43:57.654071+00:00",
  "duration_seconds": 888.13,
  "performance_metrics": {
    "total_processed": 464,
    "valid_configs": 255,
    "duplicates": 0,
    "failed_tests": 209,
    "success_rate": 54.96,
    "avg_latency_ms": 97.42,
    "avg_score": 99.35
  },
  "protocol_summary": {
    "vmess": {
      "count": 104,
      "avg_lat": 111.53846153846153,
      "avg_score": 99.25641025641025
    },
    "vless": {
      "count": 111,
      "avg_lat": 68.03603603603604,
      "avg_score": 99.54642642642644
    },
    "ss": {
      "count": 0,
      "avg_lat": 0.0,
      "avg_score": 0.0
    },
    "trojan": {
      "count": 40,
      "avg_lat": 142.25,
      "avg_score": 99.05166666666666
    }
  }
}