{
  "scan_timestamp": "2025-12-14T22:25:38.641657+00:00",
  "duration_seconds": 985.25,
  "performance_metrics": {
    "total_processed": 470,
    "valid_configs": 271,
    "duplicates": 0,
    "failed_tests": 199,
    "success_rate": 57.66,
    "avg_latency_ms": 118.97,
    "avg_score": 99.21
  },
  "protocol_summary": {
    "vmess": {
      "count": 34,
      "avg_lat": 158.41176470588235,
      "avg_score": 98.94392156862745
    },
    "vless": {
      "count": 199,
      "avg_lat": 108.32663316582915,
      "avg_score": 99.27782244556114
    },
    "ss": {
      "count": 0,
      "avg_lat": 0.0,
      "avg_score": 0.0
    },
    "trojan": {
      "count": 38,
      "avg_lat": 139.42105263157896,
      "avg_score": 99.07052631578946
    }
  }
}