{
  "scan_timestamp": "2025-12-29T13:45:47.884054+00:00",
  "duration_seconds": 915.92,
  "performance_metrics": {
    "total_processed": 443,
    "valid_configs": 243,
    "duplicates": 0,
    "failed_tests": 200,
    "success_rate": 54.85,
    "avg_latency_ms": 103.2,
    "avg_score": 99.31
  },
  "protocol_summary": {
    "vmess": {
      "count": 50,
      "avg_lat": 113.14,
      "avg_score": 99.24573333333333
    },
    "vless": {
      "count": 166,
      "avg_lat": 86.51204819277109,
      "avg_score": 99.42325301204818
    },
    "ss": {
      "count": 0,
      "avg_lat": 0.0,
      "avg_score": 0.0
    },
    "trojan": {
      "count": 27,
      "avg_lat": 187.37037037037038,
      "avg_score": 98.75086419753087
    }
  }
}