{
  "scan_timestamp": "2026-03-21T08:22:50.579931+00:00",
  "duration_seconds": 253.74,
  "performance_metrics": {
    "total_processed": 365,
    "valid_configs": 47,
    "duplicates": 0,
    "failed_tests": 318,
    "success_rate": 12.88,
    "avg_latency_ms": 138.0,
    "avg_score": 99.08
  },
  "protocol_summary": {
    "vmess": {
      "count": 1,
      "avg_lat": 24.0,
      "avg_score": 99.84
    },
    "vless": {
      "count": 28,
      "avg_lat": 60.035714285714285,
      "avg_score": 99.59976190476189
    },
    "ss": {
      "count": 15,
      "avg_lat": 300.53333333333336,
      "avg_score": 97.99644444444445
    },
    "trojan": {
      "count": 3,
      "avg_lat": 91.0,
      "avg_score": 99.39333333333333
    }
  }
}