{
  "scan_timestamp": "2026-01-10T14:26:57.873135+00:00",
  "duration_seconds": 1047.23,
  "performance_metrics": {
    "total_processed": 468,
    "valid_configs": 316,
    "duplicates": 0,
    "failed_tests": 152,
    "success_rate": 67.52,
    "avg_latency_ms": 112.06,
    "avg_score": 99.25
  },
  "protocol_summary": {
    "vmess": {
      "count": 40,
      "avg_lat": 114.525,
      "avg_score": 99.2365
    },
    "vless": {
      "count": 215,
      "avg_lat": 86.27441860465116,
      "avg_score": 99.42483720930232
    },
    "ss": {
      "count": 0,
      "avg_lat": 0.0,
      "avg_score": 0.0
    },
    "trojan": {
      "count": 61,
      "avg_lat": 201.31147540983608,
      "avg_score": 98.65792349726776
    }
  }
}