{
  "scan_timestamp": "2026-01-02T04:12:50.386822+00:00",
  "duration_seconds": 852.31,
  "performance_metrics": {
    "total_processed": 478,
    "valid_configs": 245,
    "duplicates": 0,
    "failed_tests": 233,
    "success_rate": 51.26,
    "avg_latency_ms": 111.01,
    "avg_score": 99.26
  },
  "protocol_summary": {
    "vmess": {
      "count": 71,
      "avg_lat": 107.40845070422536,
      "avg_score": 99.28394366197183
    },
    "vless": {
      "count": 151,
      "avg_lat": 115.50993377483444,
      "avg_score": 99.22993377483444
    },
    "ss": {
      "count": 0,
      "avg_lat": 0.0,
      "avg_score": 0.0
    },
    "trojan": {
      "count": 23,
      "avg_lat": 92.56521739130434,
      "avg_score": 99.38289855072465
    }
  }
}