{
  "scan_timestamp": "2026-01-15T03:07:31.914585+00:00",
  "duration_seconds": 922.54,
  "performance_metrics": {
    "total_processed": 431,
    "valid_configs": 258,
    "duplicates": 0,
    "failed_tests": 173,
    "success_rate": 59.86,
    "avg_latency_ms": 95.13,
    "avg_score": 99.37
  },
  "protocol_summary": {
    "vmess": {
      "count": 51,
      "avg_lat": 96.72549019607843,
      "avg_score": 99.35516339869282
    },
    "vless": {
      "count": 150,
      "avg_lat": 69.86,
      "avg_score": 99.53426666666667
    },
    "ss": {
      "count": 0,
      "avg_lat": 0.0,
      "avg_score": 0.0
    },
    "trojan": {
      "count": 57,
      "avg_lat": 160.19298245614036,
      "avg_score": 98.93204678362574
    }
  }
}