{
  "scan_timestamp": "2026-01-26T08:36:23.555538+00:00",
  "duration_seconds": 1102.03,
  "performance_metrics": {
    "total_processed": 477,
    "valid_configs": 336,
    "duplicates": 0,
    "failed_tests": 141,
    "success_rate": 70.44,
    "avg_latency_ms": 105.58,
    "avg_score": 99.3
  },
  "protocol_summary": {
    "vmess": {
      "count": 44,
      "avg_lat": 77.02272727272727,
      "avg_score": 99.48651515151515
    },
    "vless": {
      "count": 229,
      "avg_lat": 110.27947598253274,
      "avg_score": 99.26480349344978
    },
    "ss": {
      "count": 0,
      "avg_lat": 0.0,
      "avg_score": 0.0
    },
    "trojan": {
      "count": 63,
      "avg_lat": 108.42857142857143,
      "avg_score": 99.27714285714286
    }
  }
}