{
  "scan_timestamp": "2026-03-28T13:58:14.323926+00:00",
  "duration_seconds": 986.2,
  "performance_metrics": {
    "total_processed": 469,
    "valid_configs": 246,
    "duplicates": 0,
    "failed_tests": 223,
    "success_rate": 52.45,
    "avg_latency_ms": 68.46,
    "avg_score": 99.54
  },
  "protocol_summary": {
    "vmess": {
      "count": 17,
      "avg_lat": 117.47058823529412,
      "avg_score": 99.21686274509804
    },
    "vless": {
      "count": 214,
      "avg_lat": 58.23831775700935,
      "avg_score": 99.61174454828661
    },
    "ss": {
      "count": 7,
      "avg_lat": 233.0,
      "avg_score": 98.44666666666667
    },
    "trojan": {
      "count": 8,
      "avg_lat": 93.625,
      "avg_score": 99.37583333333333
    }
  }
}