{
  "scan_timestamp": "2026-02-03T09:44:45.607520+00:00",
  "duration_seconds": 976.5,
  "performance_metrics": {
    "total_processed": 467,
    "valid_configs": 276,
    "duplicates": 0,
    "failed_tests": 191,
    "success_rate": 59.1,
    "avg_latency_ms": 111.98,
    "avg_score": 99.25
  },
  "protocol_summary": {
    "vmess": {
      "count": 85,
      "avg_lat": 35.741176470588236,
      "avg_score": 99.76172549019607
    },
    "vless": {
      "count": 143,
      "avg_lat": 111.44755244755245,
      "avg_score": 99.25701631701632
    },
    "ss": {
      "count": 0,
      "avg_lat": 0.0,
      "avg_score": 0.0
    },
    "trojan": {
      "count": 48,
      "avg_lat": 248.5625,
      "avg_score": 98.34291666666667
    }
  }
}