{
  "scan_timestamp": "2026-04-18T23:41:08.164416+00:00",
  "duration_seconds": 1031.52,
  "performance_metrics": {
    "total_processed": 488,
    "valid_configs": 281,
    "duplicates": 0,
    "failed_tests": 207,
    "success_rate": 57.58,
    "avg_latency_ms": 73.29,
    "avg_score": 99.51
  },
  "protocol_summary": {
    "vmess": {
      "count": 2,
      "avg_lat": 144.5,
      "avg_score": 99.03666666666666
    },
    "vless": {
      "count": 272,
      "avg_lat": 73.66911764705883,
      "avg_score": 99.50887254901961
    },
    "ss": {
      "count": 0,
      "avg_lat": 0.0,
      "avg_score": 0.0
    },
    "trojan": {
      "count": 7,
      "avg_lat": 38.142857142857146,
      "avg_score": 99.74571428571429
    }
  }
}