{
  "scan_timestamp": "2026-01-04T16:30:22.546787+00:00",
  "duration_seconds": 1097.83,
  "performance_metrics": {
    "total_processed": 481,
    "valid_configs": 315,
    "duplicates": 0,
    "failed_tests": 166,
    "success_rate": 65.49,
    "avg_latency_ms": 139.72,
    "avg_score": 99.07
  },
  "protocol_summary": {
    "vmess": {
      "count": 37,
      "avg_lat": 129.56756756756758,
      "avg_score": 99.13621621621621
    },
    "vless": {
      "count": 256,
      "avg_lat": 139.2734375,
      "avg_score": 99.07151041666667
    },
    "ss": {
      "count": 0,
      "avg_lat": 0.0,
      "avg_score": 0.0
    },
    "trojan": {
      "count": 22,
      "avg_lat": 161.95454545454547,
      "avg_score": 98.92030303030302
    }
  }
}