{
  "scan_timestamp": "2026-01-27T23:30:25.365661+00:00",
  "duration_seconds": 1134.5,
  "performance_metrics": {
    "total_processed": 483,
    "valid_configs": 343,
    "duplicates": 0,
    "failed_tests": 140,
    "success_rate": 71.01,
    "avg_latency_ms": 88.48,
    "avg_score": 99.41
  },
  "protocol_summary": {
    "vmess": {
      "count": 50,
      "avg_lat": 64.54,
      "avg_score": 99.56973333333333
    },
    "vless": {
      "count": 223,
      "avg_lat": 80.99103139013452,
      "avg_score": 99.46005979073244
    },
    "ss": {
      "count": 0,
      "avg_lat": 0.0,
      "avg_score": 0.0
    },
    "trojan": {
      "count": 70,
      "avg_lat": 129.42857142857142,
      "avg_score": 99.13714285714286
    }
  }
}