{
  "scan_timestamp": "2026-01-25T07:29:55.960256+00:00",
  "duration_seconds": 983.92,
  "performance_metrics": {
    "total_processed": 465,
    "valid_configs": 276,
    "duplicates": 0,
    "failed_tests": 189,
    "success_rate": 59.35,
    "avg_latency_ms": 138.63,
    "avg_score": 99.08
  },
  "protocol_summary": {
    "vmess": {
      "count": 101,
      "avg_lat": 103.32673267326733,
      "avg_score": 99.31115511551155
    },
    "vless": {
      "count": 136,
      "avg_lat": 151.02205882352942,
      "avg_score": 98.99318627450981
    },
    "ss": {
      "count": 0,
      "avg_lat": 0.0,
      "avg_score": 0.0
    },
    "trojan": {
      "count": 39,
      "avg_lat": 186.84615384615384,
      "avg_score": 98.75435897435898
    }
  }
}