{
  "scan_timestamp": "2026-01-26T13:54:54.272240+00:00",
  "duration_seconds": 1091.05,
  "performance_metrics": {
    "total_processed": 477,
    "valid_configs": 331,
    "duplicates": 0,
    "failed_tests": 146,
    "success_rate": 69.39,
    "avg_latency_ms": 89.34,
    "avg_score": 99.4
  },
  "protocol_summary": {
    "vmess": {
      "count": 42,
      "avg_lat": 85.28571428571429,
      "avg_score": 99.43142857142857
    },
    "vless": {
      "count": 226,
      "avg_lat": 78.58407079646018,
      "avg_score": 99.47610619469026
    },
    "ss": {
      "count": 0,
      "avg_lat": 0.0,
      "avg_score": 0.0
    },
    "trojan": {
      "count": 63,
      "avg_lat": 130.6031746031746,
      "avg_score": 99.12931216931217
    }
  }
}