{
  "scan_timestamp": "2026-02-20T18:50:15.992572+00:00",
  "duration_seconds": 1196.83,
  "performance_metrics": {
    "total_processed": 474,
    "valid_configs": 377,
    "duplicates": 0,
    "failed_tests": 97,
    "success_rate": 79.54,
    "avg_latency_ms": 124.09,
    "avg_score": 99.17
  },
  "protocol_summary": {
    "vmess": {
      "count": 69,
      "avg_lat": 185.97101449275362,
      "avg_score": 98.76019323671497
    },
    "vless": {
      "count": 273,
      "avg_lat": 118.32600732600733,
      "avg_score": 99.21115995115996
    },
    "trojan": {
      "count": 35,
      "avg_lat": 47.05714285714286,
      "avg_score": 99.68628571428572
    }
  }
}