{
  "scan_timestamp": "2025-12-25T08:30:25.719653+00:00",
  "duration_seconds": 907.24,
  "performance_metrics": {
    "total_processed": 427,
    "valid_configs": 247,
    "duplicates": 0,
    "failed_tests": 180,
    "success_rate": 57.85,
    "avg_latency_ms": 97.85,
    "avg_score": 99.35
  },
  "protocol_summary": {
    "vmess": {
      "count": 47,
      "avg_lat": 100.25531914893617,
      "avg_score": 99.33163120567377
    },
    "vless": {
      "count": 166,
      "avg_lat": 84.63253012048193,
      "avg_score": 99.43578313253012
    },
    "ss": {
      "count": 0,
      "avg_lat": 0.0,
      "avg_score": 0.0
    },
    "trojan": {
      "count": 34,
      "avg_lat": 159.08823529411765,
      "avg_score": 98.93941176470588
    }
  }
}