{
  "scan_timestamp": "2026-07-13T10:32:38.989890+00:00",
  "duration_seconds": 441.21,
  "performance_metrics": {
    "total_processed": 421,
    "valid_configs": 137,
    "duplicates": 0,
    "failed_tests": 284,
    "success_rate": 32.54,
    "avg_latency_ms": 167.34,
    "avg_score": 98.88
  },
  "protocol_summary": {
    "vmess": {
      "count": 1,
      "avg_lat": 1089.0,
      "avg_score": 92.74
    },
    "vless": {
      "count": 1,
      "avg_lat": 1.0,
      "avg_score": 99.99333333333334
    },
    "ss": {
      "count": 135,
      "avg_lat": 161.74814814814815,
      "avg_score": 98.92167901234568
    }
  }
}