{
  "scan_timestamp": "2026-02-19T08:00:41.780746+00:00",
  "duration_seconds": 1184.82,
  "performance_metrics": {
    "total_processed": 472,
    "valid_configs": 380,
    "duplicates": 0,
    "failed_tests": 92,
    "success_rate": 80.51,
    "avg_latency_ms": 93.33,
    "avg_score": 99.38
  },
  "protocol_summary": {
    "vmess": {
      "count": 65,
      "avg_lat": 86.95384615384616,
      "avg_score": 99.42030769230769
    },
    "vless": {
      "count": 283,
      "avg_lat": 99.33922261484099,
      "avg_score": 99.33773851590105
    },
    "ss": {
      "count": 0,
      "avg_lat": 0.0,
      "avg_score": 0.0
    },
    "trojan": {
      "count": 32,
      "avg_lat": 53.125,
      "avg_score": 99.64583333333333
    }
  }
}