{
  "scan_timestamp": "2026-04-03T21:36:39.906576+00:00",
  "duration_seconds": 835.55,
  "performance_metrics": {
    "total_processed": 484,
    "valid_configs": 166,
    "duplicates": 0,
    "failed_tests": 318,
    "success_rate": 34.3,
    "avg_latency_ms": 124.93,
    "avg_score": 99.17
  },
  "protocol_summary": {
    "vmess": {
      "count": 2,
      "avg_lat": 108.0,
      "avg_score": 99.28
    },
    "vless": {
      "count": 160,
      "avg_lat": 125.35625,
      "avg_score": 99.16429166666667
    },
    "ss": {
      "count": 3,
      "avg_lat": 119.66666666666667,
      "avg_score": 99.20222222222223
    },
    "trojan": {
      "count": 1,
      "avg_lat": 107.0,
      "avg_score": 99.28666666666666
    }
  }
}