{
  "scan_timestamp": "2026-04-19T20:37:51.613487+00:00",
  "duration_seconds": 853.39,
  "performance_metrics": {
    "total_processed": 485,
    "valid_configs": 213,
    "duplicates": 0,
    "failed_tests": 272,
    "success_rate": 43.92,
    "avg_latency_ms": 71.76,
    "avg_score": 99.52
  },
  "protocol_summary": {
    "vmess": {
      "count": 2,
      "avg_lat": 105.5,
      "avg_score": 99.29666666666667
    },
    "vless": {
      "count": 203,
      "avg_lat": 71.10344827586206,
      "avg_score": 99.52597701149426
    },
    "ss": {
      "count": 3,
      "avg_lat": 139.0,
      "avg_score": 99.07333333333334
    },
    "trojan": {
      "count": 5,
      "avg_lat": 44.6,
      "avg_score": 99.70266666666666
    }
  }
}