{
  "scan_timestamp": "2026-07-11T21:55:20.818630+00:00",
  "duration_seconds": 441.28,
  "performance_metrics": {
    "total_processed": 443,
    "valid_configs": 130,
    "duplicates": 0,
    "failed_tests": 313,
    "success_rate": 29.35,
    "avg_latency_ms": 87.38,
    "avg_score": 99.42
  },
  "protocol_summary": {
    "vmess": {
      "count": 1,
      "avg_lat": 8.0,
      "avg_score": 99.94666666666667
    },
    "vless": {
      "count": 1,
      "avg_lat": 2.0,
      "avg_score": 99.98666666666666
    },
    "ss": {
      "count": 118,
      "avg_lat": 93.71186440677967,
      "avg_score": 99.37525423728815
    },
    "trojan": {
      "count": 10,
      "avg_lat": 29.1,
      "avg_score": 99.806
    }
  }
}