{
  "scan_timestamp": "2026-02-04T03:48:05.473543+00:00",
  "duration_seconds": 984.91,
  "performance_metrics": {
    "total_processed": 451,
    "valid_configs": 267,
    "duplicates": 0,
    "failed_tests": 184,
    "success_rate": 59.2,
    "avg_latency_ms": 173.57,
    "avg_score": 98.84
  },
  "protocol_summary": {
    "vmess": {
      "count": 46,
      "avg_lat": 123.1304347826087,
      "avg_score": 99.1791304347826
    },
    "vless": {
      "count": 172,
      "avg_lat": 128.12790697674419,
      "avg_score": 99.14581395348836
    },
    "ss": {
      "count": 1,
      "avg_lat": 233.0,
      "avg_score": 98.44666666666667
    },
    "trojan": {
      "count": 48,
      "avg_lat": 383.4791666666667,
      "avg_score": 97.44347222222223
    }
  }
}