{
  "scan_timestamp": "2026-04-24T10:29:41.529518+00:00",
  "duration_seconds": 874.49,
  "performance_metrics": {
    "total_processed": 483,
    "valid_configs": 207,
    "duplicates": 0,
    "failed_tests": 276,
    "success_rate": 42.86,
    "avg_latency_ms": 209.94,
    "avg_score": 98.6
  },
  "protocol_summary": {
    "vmess": {
      "count": 3,
      "avg_lat": 155.33333333333334,
      "avg_score": 98.96444444444444
    },
    "vless": {
      "count": 198,
      "avg_lat": 213.53030303030303,
      "avg_score": 98.57646464646464
    },
    "ss": {
      "count": 3,
      "avg_lat": 143.66666666666666,
      "avg_score": 99.04222222222222
    },
    "trojan": {
      "count": 3,
      "avg_lat": 94.0,
      "avg_score": 99.37333333333333
    }
  }
}