{
  "scan_timestamp": "2026-03-15T06:57:09.160229+00:00",
  "duration_seconds": 208.83,
  "performance_metrics": {
    "total_processed": 354,
    "valid_configs": 37,
    "duplicates": 0,
    "failed_tests": 317,
    "success_rate": 10.45,
    "avg_latency_ms": 90.3,
    "avg_score": 99.4
  },
  "protocol_summary": {
    "vmess": {
      "count": 1,
      "avg_lat": 52.0,
      "avg_score": 99.65333333333334
    },
    "vless": {
      "count": 29,
      "avg_lat": 78.44827586206897,
      "avg_score": 99.47701149425288
    },
    "ss": {
      "count": 6,
      "avg_lat": 166.0,
      "avg_score": 98.89333333333333
    },
    "trojan": {
      "count": 1,
      "avg_lat": 18.0,
      "avg_score": 99.88
    }
  }
}