{
  "scan_timestamp": "2026-01-03T16:28:44.587288+00:00",
  "duration_seconds": 991.36,
  "performance_metrics": {
    "total_processed": 471,
    "valid_configs": 282,
    "duplicates": 0,
    "failed_tests": 189,
    "success_rate": 59.87,
    "avg_latency_ms": 147.71,
    "avg_score": 99.02
  },
  "protocol_summary": {
    "vmess": {
      "count": 39,
      "avg_lat": 216.82051282051282,
      "avg_score": 98.55452991452991
    },
    "vless": {
      "count": 199,
      "avg_lat": 137.8391959798995,
      "avg_score": 99.08107202680068
    },
    "ss": {
      "count": 0,
      "avg_lat": 0.0,
      "avg_score": 0.0
    },
    "trojan": {
      "count": 44,
      "avg_lat": 131.11363636363637,
      "avg_score": 99.12590909090909
    }
  }
}