{
  "scan_timestamp": "2025-12-22T23:26:01.856316+00:00",
  "duration_seconds": 945.23,
  "performance_metrics": {
    "total_processed": 470,
    "valid_configs": 266,
    "duplicates": 0,
    "failed_tests": 204,
    "success_rate": 56.6,
    "avg_latency_ms": 150.75,
    "avg_score": 99.0
  },
  "protocol_summary": {
    "vmess": {
      "count": 53,
      "avg_lat": 121.58490566037736,
      "avg_score": 99.18943396226415
    },
    "vless": {
      "count": 133,
      "avg_lat": 75.26315789473684,
      "avg_score": 99.49824561403508
    },
    "ss": {
      "count": 3,
      "avg_lat": 148.66666666666666,
      "avg_score": 99.00888888888888
    },
    "trojan": {
      "count": 77,
      "avg_lat": 301.2857142857143,
      "avg_score": 97.99142857142857
    }
  }
}