{
  "scan_timestamp": "2026-03-03T17:52:34.023527+00:00",
  "duration_seconds": 1089.12,
  "performance_metrics": {
    "total_processed": 473,
    "valid_configs": 323,
    "duplicates": 0,
    "failed_tests": 150,
    "success_rate": 68.29,
    "avg_latency_ms": 83.21,
    "avg_score": 99.45
  },
  "protocol_summary": {
    "vmess": {
      "count": 60,
      "avg_lat": 53.4,
      "avg_score": 99.644
    },
    "vless": {
      "count": 228,
      "avg_lat": 98.53070175438596,
      "avg_score": 99.34312865497076
    },
    "ss": {
      "count": 0,
      "avg_lat": 0.0,
      "avg_score": 0.0
    },
    "trojan": {
      "count": 35,
      "avg_lat": 34.51428571428571,
      "avg_score": 99.76990476190477
    }
  }
}