{
  "scan_timestamp": "2025-12-11T05:28:59.456141+00:00",
  "duration_seconds": 884.85,
  "performance_metrics": {
    "total_processed": 472,
    "valid_configs": 193,
    "duplicates": 0,
    "failed_tests": 279,
    "success_rate": 40.89,
    "avg_latency_ms": 160.33,
    "avg_score": 98.93
  },
  "protocol_summary": {
    "vmess": {
      "count": 26,
      "avg_lat": 182.30769230769232,
      "avg_score": 98.78461538461539
    },
    "vless": {
      "count": 111,
      "avg_lat": 119.36936936936937,
      "avg_score": 99.2042042042042
    },
    "ss": {
      "count": 0,
      "avg_lat": 0.0,
      "avg_score": 0.0
    },
    "trojan": {
      "count": 56,
      "avg_lat": 231.30357142857142,
      "avg_score": 98.45797619047619
    }
  }
}