{
  "scan_timestamp": "2025-12-25T10:26:50.290962+00:00",
  "duration_seconds": 899.66,
  "performance_metrics": {
    "total_processed": 424,
    "valid_configs": 245,
    "duplicates": 0,
    "failed_tests": 179,
    "success_rate": 57.78,
    "avg_latency_ms": 90.08,
    "avg_score": 99.4
  },
  "protocol_summary": {
    "vmess": {
      "count": 45,
      "avg_lat": 97.42222222222222,
      "avg_score": 99.35051851851853
    },
    "vless": {
      "count": 168,
      "avg_lat": 77.77380952380952,
      "avg_score": 99.48150793650794
    },
    "ss": {
      "count": 0,
      "avg_lat": 0.0,
      "avg_score": 0.0
    },
    "trojan": {
      "count": 32,
      "avg_lat": 144.375,
      "avg_score": 99.0375
    }
  }
}