{
  "scan_timestamp": "2026-01-04T01:14:41.263333+00:00",
  "duration_seconds": 1011.46,
  "performance_metrics": {
    "total_processed": 473,
    "valid_configs": 285,
    "duplicates": 0,
    "failed_tests": 188,
    "success_rate": 60.25,
    "avg_latency_ms": 114.44,
    "avg_score": 99.24
  },
  "protocol_summary": {
    "vmess": {
      "count": 53,
      "avg_lat": 182.16981132075472,
      "avg_score": 98.78553459119496
    },
    "vless": {
      "count": 193,
      "avg_lat": 98.58031088082902,
      "avg_score": 99.34279792746113
    },
    "ss": {
      "count": 0,
      "avg_lat": 0.0,
      "avg_score": 0.0
    },
    "trojan": {
      "count": 39,
      "avg_lat": 100.87179487179488,
      "avg_score": 99.32752136752137
    }
  }
}