{
  "scan_timestamp": "2025-12-17T02:45:50.070923+00:00",
  "duration_seconds": 920.92,
  "performance_metrics": {
    "total_processed": 473,
    "valid_configs": 248,
    "duplicates": 0,
    "failed_tests": 225,
    "success_rate": 52.43,
    "avg_latency_ms": 82.74,
    "avg_score": 99.45
  },
  "protocol_summary": {
    "vmess": {
      "count": 40,
      "avg_lat": 144.25,
      "avg_score": 99.03833333333333
    },
    "vless": {
      "count": 169,
      "avg_lat": 62.289940828402365,
      "avg_score": 99.58473372781064
    },
    "ss": {
      "count": 0,
      "avg_lat": 0.0,
      "avg_score": 0.0
    },
    "trojan": {
      "count": 39,
      "avg_lat": 108.25641025641026,
      "avg_score": 99.2782905982906
    }
  }
}