{
  "scan_timestamp": "2025-12-24T23:25:16.578138+00:00",
  "duration_seconds": 905.05,
  "performance_metrics": {
    "total_processed": 434,
    "valid_configs": 242,
    "duplicates": 0,
    "failed_tests": 192,
    "success_rate": 55.76,
    "avg_latency_ms": 120.28,
    "avg_score": 99.2
  },
  "protocol_summary": {
    "vmess": {
      "count": 55,
      "avg_lat": 91.63636363636364,
      "avg_score": 99.3890909090909
    },
    "vless": {
      "count": 150,
      "avg_lat": 108.75333333333333,
      "avg_score": 99.27497777777779
    },
    "ss": {
      "count": 0,
      "avg_lat": 0.0,
      "avg_score": 0.0
    },
    "trojan": {
      "count": 37,
      "avg_lat": 209.56756756756758,
      "avg_score": 98.60288288288288
    }
  }
}