{
  "scan_timestamp": "2026-04-04T14:38:27.626715+00:00",
  "duration_seconds": 884.74,
  "performance_metrics": {
    "total_processed": 481,
    "valid_configs": 191,
    "duplicates": 0,
    "failed_tests": 290,
    "success_rate": 39.71,
    "avg_latency_ms": 105.23,
    "avg_score": 99.3
  },
  "protocol_summary": {
    "vmess": {
      "count": 2,
      "avg_lat": 115.0,
      "avg_score": 99.23333333333333
    },
    "vless": {
      "count": 184,
      "avg_lat": 105.06521739130434,
      "avg_score": 99.2995652173913
    },
    "ss": {
      "count": 1,
      "avg_lat": 112.0,
      "avg_score": 99.25333333333333
    },
    "trojan": {
      "count": 4,
      "avg_lat": 106.0,
      "avg_score": 99.29333333333334
    }
  }
}