{
  "scan_timestamp": "2026-01-06T13:49:56.775639+00:00",
  "duration_seconds": 1166.1,
  "performance_metrics": {
    "total_processed": 482,
    "valid_configs": 367,
    "duplicates": 0,
    "failed_tests": 115,
    "success_rate": 76.14,
    "avg_latency_ms": 124.07,
    "avg_score": 99.17
  },
  "protocol_summary": {
    "vmess": {
      "count": 33,
      "avg_lat": 154.87878787878788,
      "avg_score": 98.96747474747475
    },
    "vless": {
      "count": 278,
      "avg_lat": 116.22661870503597,
      "avg_score": 99.22515587529976
    },
    "ss": {
      "count": 0,
      "avg_lat": 0.0,
      "avg_score": 0.0
    },
    "trojan": {
      "count": 56,
      "avg_lat": 144.85714285714286,
      "avg_score": 99.03428571428572
    }
  }
}