{
  "scan_timestamp": "2025-12-13T12:34:12.369451+00:00",
  "duration_seconds": 976.46,
  "performance_metrics": {
    "total_processed": 477,
    "valid_configs": 225,
    "duplicates": 0,
    "failed_tests": 252,
    "success_rate": 47.17,
    "avg_latency_ms": 158.52,
    "avg_score": 98.94
  },
  "protocol_summary": {
    "vmess": {
      "count": 40,
      "avg_lat": 216.65,
      "avg_score": 98.55566666666667
    },
    "vless": {
      "count": 115,
      "avg_lat": 111.82608695652173,
      "avg_score": 99.25449275362318
    },
    "ss": {
      "count": 0,
      "avg_lat": 0.0,
      "avg_score": 0.0
    },
    "trojan": {
      "count": 70,
      "avg_lat": 202.02857142857144,
      "avg_score": 98.65314285714287
    }
  }
}