{
  "scan_timestamp": "2025-12-24T12:35:46.986716+00:00",
  "duration_seconds": 952.22,
  "performance_metrics": {
    "total_processed": 472,
    "valid_configs": 258,
    "duplicates": 0,
    "failed_tests": 214,
    "success_rate": 54.66,
    "avg_latency_ms": 123.67,
    "avg_score": 99.18
  },
  "protocol_summary": {
    "vmess": {
      "count": 61,
      "avg_lat": 165.80327868852459,
      "avg_score": 98.89464480874317
    },
    "vless": {
      "count": 131,
      "avg_lat": 69.68702290076335,
      "avg_score": 99.53541984732824
    },
    "ss": {
      "count": 0,
      "avg_lat": 0.0,
      "avg_score": 0.0
    },
    "trojan": {
      "count": 66,
      "avg_lat": 191.8939393939394,
      "avg_score": 98.72070707070706
    }
  }
}