{
  "scan_timestamp": "2026-01-30T09:42:31.817357+00:00",
  "duration_seconds": 885.62,
  "performance_metrics": {
    "total_processed": 460,
    "valid_configs": 245,
    "duplicates": 0,
    "failed_tests": 215,
    "success_rate": 53.26,
    "avg_latency_ms": 87.03,
    "avg_score": 99.42
  },
  "protocol_summary": {
    "vmess": {
      "count": 110,
      "avg_lat": 66.97272727272727,
      "avg_score": 99.55351515151516
    },
    "vless": {
      "count": 74,
      "avg_lat": 53.810810810810814,
      "avg_score": 99.64126126126125
    },
    "ss": {
      "count": 0,
      "avg_lat": 0.0,
      "avg_score": 0.0
    },
    "trojan": {
      "count": 61,
      "avg_lat": 163.50819672131146,
      "avg_score": 98.90994535519127
    }
  }
}