{
  "scan_timestamp": "2026-02-22T17:35:09.668815+00:00",
  "duration_seconds": 1139.54,
  "performance_metrics": {
    "total_processed": 474,
    "valid_configs": 349,
    "duplicates": 0,
    "failed_tests": 125,
    "success_rate": 73.63,
    "avg_latency_ms": 100.46,
    "avg_score": 99.33
  },
  "protocol_summary": {
    "vmess": {
      "count": 67,
      "avg_lat": 86.67164179104478,
      "avg_score": 99.42218905472637
    },
    "vless": {
      "count": 247,
      "avg_lat": 110.72064777327935,
      "avg_score": 99.26186234817814
    },
    "trojan": {
      "count": 35,
      "avg_lat": 54.48571428571429,
      "avg_score": 99.63676190476191
    }
  }
}