{
  "scan_timestamp": "2026-02-16T14:56:37.945754+00:00",
  "duration_seconds": 1098.38,
  "performance_metrics": {
    "total_processed": 461,
    "valid_configs": 325,
    "duplicates": 0,
    "failed_tests": 136,
    "success_rate": 70.5,
    "avg_latency_ms": 120.22,
    "avg_score": 99.2
  },
  "protocol_summary": {
    "vmess": {
      "count": 70,
      "avg_lat": 116.22857142857143,
      "avg_score": 99.22514285714286
    },
    "vless": {
      "count": 212,
      "avg_lat": 123.18867924528301,
      "avg_score": 99.17874213836478
    },
    "ss": {
      "count": 0,
      "avg_lat": 0.0,
      "avg_score": 0.0
    },
    "trojan": {
      "count": 43,
      "avg_lat": 112.11627906976744,
      "avg_score": 99.25255813953487
    }
  }
}