{
  "scan_timestamp": "2026-02-03T11:39:54.161985+00:00",
  "duration_seconds": 862.29,
  "performance_metrics": {
    "total_processed": 466,
    "valid_configs": 231,
    "duplicates": 0,
    "failed_tests": 235,
    "success_rate": 49.57,
    "avg_latency_ms": 130.44,
    "avg_score": 99.13
  },
  "protocol_summary": {
    "vmess": {
      "count": 35,
      "avg_lat": 85.77142857142857,
      "avg_score": 99.42819047619048
    },
    "vless": {
      "count": 150,
      "avg_lat": 103.72666666666667,
      "avg_score": 99.30848888888889
    },
    "ss": {
      "count": 0,
      "avg_lat": 0.0,
      "avg_score": 0.0
    },
    "trojan": {
      "count": 46,
      "avg_lat": 251.54347826086956,
      "avg_score": 98.32304347826086
    }
  }
}