{
  "scan_timestamp": "2026-02-24T12:54:47.684138+00:00",
  "duration_seconds": 1118.36,
  "performance_metrics": {
    "total_processed": 474,
    "valid_configs": 340,
    "duplicates": 0,
    "failed_tests": 134,
    "success_rate": 71.73,
    "avg_latency_ms": 90.43,
    "avg_score": 99.4
  },
  "protocol_summary": {
    "vmess": {
      "count": 65,
      "avg_lat": 81.72307692307692,
      "avg_score": 99.45517948717949
    },
    "vless": {
      "count": 242,
      "avg_lat": 103.56198347107438,
      "avg_score": 99.30958677685949
    },
    "trojan": {
      "count": 33,
      "avg_lat": 11.272727272727273,
      "avg_score": 99.92484848484848
    }
  }
}