{
  "scan_timestamp": "2025-12-08T18:33:16.223746+00:00",
  "duration_seconds": 1016.44,
  "performance_metrics": {
    "total_processed": 477,
    "valid_configs": 284,
    "duplicates": 0,
    "failed_tests": 193,
    "success_rate": 59.54,
    "avg_latency_ms": 148.85,
    "avg_score": 99.01
  },
  "protocol_summary": {
    "vmess": {
      "count": 81,
      "avg_lat": 197.49382716049382,
      "avg_score": 98.68337448559672
    },
    "vless": {
      "count": 168,
      "avg_lat": 121.85119047619048,
      "avg_score": 99.18765873015872
    },
    "ss": {
      "count": 0,
      "avg_lat": 0.0,
      "avg_score": 0.0
    },
    "trojan": {
      "count": 35,
      "avg_lat": 165.88571428571427,
      "avg_score": 98.89409523809525
    }
  }
}