{
  "scan_timestamp": "2026-04-02T06:20:18.967515+00:00",
  "duration_seconds": 942.58,
  "performance_metrics": {
    "total_processed": 488,
    "valid_configs": 213,
    "duplicates": 0,
    "failed_tests": 275,
    "success_rate": 43.65,
    "avg_latency_ms": 128.14,
    "avg_score": 99.15
  },
  "protocol_summary": {
    "vmess": {
      "count": 2,
      "avg_lat": 110.5,
      "avg_score": 99.26333333333334
    },
    "vless": {
      "count": 209,
      "avg_lat": 128.47846889952154,
      "avg_score": 99.1434768740032
    },
    "ss": {
      "count": 0,
      "avg_lat": 0.0,
      "avg_score": 0.0
    },
    "trojan": {
      "count": 2,
      "avg_lat": 110.5,
      "avg_score": 99.26333333333334
    }
  }
}