{
  "scan_timestamp": "2025-12-19T15:25:23.838272+00:00",
  "duration_seconds": 847.05,
  "performance_metrics": {
    "total_processed": 438,
    "valid_configs": 226,
    "duplicates": 0,
    "failed_tests": 212,
    "success_rate": 51.6,
    "avg_latency_ms": 100.85,
    "avg_score": 99.33
  },
  "protocol_summary": {
    "vmess": {
      "count": 91,
      "avg_lat": 136.71428571428572,
      "avg_score": 99.08857142857143
    },
    "vless": {
      "count": 101,
      "avg_lat": 59.06930693069307,
      "avg_score": 99.60620462046205
    },
    "ss": {
      "count": 0,
      "avg_lat": 0.0,
      "avg_score": 0.0
    },
    "trojan": {
      "count": 34,
      "avg_lat": 129.0,
      "avg_score": 99.14
    }
  }
}