{
  "scan_timestamp": "2026-03-31T17:05:32.802410+00:00",
  "duration_seconds": 937.43,
  "performance_metrics": {
    "total_processed": 485,
    "valid_configs": 220,
    "duplicates": 0,
    "failed_tests": 265,
    "success_rate": 45.36,
    "avg_latency_ms": 121.58,
    "avg_score": 99.19
  },
  "protocol_summary": {
    "vmess": {
      "count": 3,
      "avg_lat": 450.6666666666667,
      "avg_score": 96.99555555555555
    },
    "vless": {
      "count": 215,
      "avg_lat": 117.31162790697674,
      "avg_score": 99.21792248062015
    },
    "ss": {
      "count": 0,
      "avg_lat": 0.0,
      "avg_score": 0.0
    },
    "trojan": {
      "count": 2,
      "avg_lat": 87.0,
      "avg_score": 99.42
    }
  }
}