{
  "scan_timestamp": "2026-03-04T19:48:09.255367+00:00",
  "duration_seconds": 1084.9,
  "performance_metrics": {
    "total_processed": 473,
    "valid_configs": 326,
    "duplicates": 0,
    "failed_tests": 147,
    "success_rate": 68.92,
    "avg_latency_ms": 77.38,
    "avg_score": 99.48
  },
  "protocol_summary": {
    "vmess": {
      "count": 60,
      "avg_lat": 53.166666666666664,
      "avg_score": 99.64555555555556
    },
    "vless": {
      "count": 231,
      "avg_lat": 90.08225108225108,
      "avg_score": 99.39945165945167
    },
    "ss": {
      "count": 0,
      "avg_lat": 0.0,
      "avg_score": 0.0
    },
    "trojan": {
      "count": 35,
      "avg_lat": 35.02857142857143,
      "avg_score": 99.7664761904762
    }
  }
}