{
  "scan_timestamp": "2026-01-22T05:34:48.757844+00:00",
  "duration_seconds": 898.28,
  "performance_metrics": {
    "total_processed": 438,
    "valid_configs": 247,
    "duplicates": 0,
    "failed_tests": 191,
    "success_rate": 56.39,
    "avg_latency_ms": 95.91,
    "avg_score": 99.36
  },
  "protocol_summary": {
    "vmess": {
      "count": 64,
      "avg_lat": 76.34375,
      "avg_score": 99.49104166666666
    },
    "vless": {
      "count": 140,
      "avg_lat": 71.45714285714286,
      "avg_score": 99.52361904761905
    },
    "ss": {
      "count": 0,
      "avg_lat": 0.0,
      "avg_score": 0.0
    },
    "trojan": {
      "count": 43,
      "avg_lat": 204.65116279069767,
      "avg_score": 98.63565891472868
    }
  }
}