{
  "scan_timestamp": "2026-02-26T19:53:56.540161+00:00",
  "duration_seconds": 1109.3,
  "performance_metrics": {
    "total_processed": 473,
    "valid_configs": 331,
    "duplicates": 0,
    "failed_tests": 142,
    "success_rate": 69.98,
    "avg_latency_ms": 102.05,
    "avg_score": 99.32
  },
  "protocol_summary": {
    "vmess": {
      "count": 60,
      "avg_lat": 116.85,
      "avg_score": 99.221
    },
    "vless": {
      "count": 236,
      "avg_lat": 106.8177966101695,
      "avg_score": 99.2878813559322
    },
    "ss": {
      "count": 0,
      "avg_lat": 0.0,
      "avg_score": 0.0
    },
    "trojan": {
      "count": 35,
      "avg_lat": 44.48571428571429,
      "avg_score": 99.70342857142857
    }
  }
}