{
  "scan_timestamp": "2026-02-04T07:53:25.467506+00:00",
  "duration_seconds": 997.96,
  "performance_metrics": {
    "total_processed": 469,
    "valid_configs": 282,
    "duplicates": 0,
    "failed_tests": 187,
    "success_rate": 60.13,
    "avg_latency_ms": 147.01,
    "avg_score": 99.02
  },
  "protocol_summary": {
    "vmess": {
      "count": 53,
      "avg_lat": 136.8679245283019,
      "avg_score": 99.08754716981133
    },
    "vless": {
      "count": 165,
      "avg_lat": 83.88484848484849,
      "avg_score": 99.44076767676766
    },
    "ss": {
      "count": 0,
      "avg_lat": 0.0,
      "avg_score": 0.0
    },
    "trojan": {
      "count": 64,
      "avg_lat": 318.15625,
      "avg_score": 97.87895833333333
    }
  }
}