{
  "scan_timestamp": "2026-03-21T10:18:58.707027+00:00",
  "duration_seconds": 230.63,
  "performance_metrics": {
    "total_processed": 342,
    "valid_configs": 44,
    "duplicates": 0,
    "failed_tests": 298,
    "success_rate": 12.87,
    "avg_latency_ms": 115.39,
    "avg_score": 99.23
  },
  "protocol_summary": {
    "vmess": {
      "count": 1,
      "avg_lat": 26.0,
      "avg_score": 99.82666666666667
    },
    "vless": {
      "count": 28,
      "avg_lat": 49.0,
      "avg_score": 99.67333333333333
    },
    "ss": {
      "count": 14,
      "avg_lat": 262.64285714285717,
      "avg_score": 98.24904761904762
    },
    "trojan": {
      "count": 1,
      "avg_lat": 2.0,
      "avg_score": 99.98666666666666
    }
  }
}