{
  "scan_timestamp": "2026-01-08T20:30:20.979949+00:00",
  "duration_seconds": 1086.38,
  "performance_metrics": {
    "total_processed": 474,
    "valid_configs": 347,
    "duplicates": 0,
    "failed_tests": 127,
    "success_rate": 73.21,
    "avg_latency_ms": 151.07,
    "avg_score": 98.99
  },
  "protocol_summary": {
    "vmess": {
      "count": 61,
      "avg_lat": 136.1639344262295,
      "avg_score": 99.09224043715848
    },
    "vless": {
      "count": 219,
      "avg_lat": 152.4794520547945,
      "avg_score": 98.9834703196347
    },
    "ss": {
      "count": 0,
      "avg_lat": 0.0,
      "avg_score": 0.0
    },
    "trojan": {
      "count": 67,
      "avg_lat": 160.01492537313433,
      "avg_score": 98.93323383084577
    }
  }
}