{
  "scan_timestamp": "2026-01-24T09:24:58.333785+00:00",
  "duration_seconds": 853.83,
  "performance_metrics": {
    "total_processed": 427,
    "valid_configs": 224,
    "duplicates": 0,
    "failed_tests": 203,
    "success_rate": 52.46,
    "avg_latency_ms": 158.75,
    "avg_score": 98.94
  },
  "protocol_summary": {
    "vmess": {
      "count": 57,
      "avg_lat": 191.1578947368421,
      "avg_score": 98.72561403508772
    },
    "vless": {
      "count": 131,
      "avg_lat": 142.59541984732823,
      "avg_score": 99.04936386768448
    },
    "ss": {
      "count": 0,
      "avg_lat": 0.0,
      "avg_score": 0.0
    },
    "trojan": {
      "count": 36,
      "avg_lat": 166.19444444444446,
      "avg_score": 98.89203703703703
    }
  }
}