{
  "scan_timestamp": "2026-03-21T19:19:01.731654+00:00",
  "duration_seconds": 230.61,
  "performance_metrics": {
    "total_processed": 346,
    "valid_configs": 43,
    "duplicates": 0,
    "failed_tests": 303,
    "success_rate": 12.43,
    "avg_latency_ms": 87.4,
    "avg_score": 99.42
  },
  "protocol_summary": {
    "vmess": {
      "count": 1,
      "avg_lat": 19.0,
      "avg_score": 99.87333333333333
    },
    "vless": {
      "count": 28,
      "avg_lat": 54.642857142857146,
      "avg_score": 99.63571428571429
    },
    "ss": {
      "count": 13,
      "avg_lat": 169.76923076923077,
      "avg_score": 98.86820512820512
    },
    "trojan": {
      "count": 1,
      "avg_lat": 2.0,
      "avg_score": 99.98666666666666
    }
  }
}