{
  "scan_timestamp": "2026-02-11T14:25:13.573169+00:00",
  "duration_seconds": 1062.1,
  "performance_metrics": {
    "total_processed": 478,
    "valid_configs": 297,
    "duplicates": 0,
    "failed_tests": 181,
    "success_rate": 62.13,
    "avg_latency_ms": 127.85,
    "avg_score": 99.15
  },
  "protocol_summary": {
    "vmess": {
      "count": 56,
      "avg_lat": 154.80357142857142,
      "avg_score": 98.9679761904762
    },
    "vless": {
      "count": 194,
      "avg_lat": 104.03092783505154,
      "avg_score": 99.30646048109966
    },
    "ss": {
      "count": 0,
      "avg_lat": 0.0,
      "avg_score": 0.0
    },
    "trojan": {
      "count": 47,
      "avg_lat": 194.04255319148936,
      "avg_score": 98.7063829787234
    }
  }
}