{
  "scan_timestamp": "2026-04-14T22:53:16.623433+00:00",
  "duration_seconds": 1090.96,
  "performance_metrics": {
    "total_processed": 485,
    "valid_configs": 322,
    "duplicates": 0,
    "failed_tests": 163,
    "success_rate": 66.39,
    "avg_latency_ms": 61.46,
    "avg_score": 99.59
  },
  "protocol_summary": {
    "vmess": {
      "count": 2,
      "avg_lat": 145.0,
      "avg_score": 99.03333333333333
    },
    "vless": {
      "count": 306,
      "avg_lat": 59.42483660130719,
      "avg_score": 99.60383442265795
    },
    "ss": {
      "count": 0,
      "avg_lat": 0.0,
      "avg_score": 0.0
    },
    "trojan": {
      "count": 14,
      "avg_lat": 94.07142857142857,
      "avg_score": 99.37285714285714
    }
  }
}