{
  "scan_timestamp": "2026-07-18T17:05:36.605748+00:00",
  "duration_seconds": 425.76,
  "performance_metrics": {
    "total_processed": 439,
    "valid_configs": 122,
    "duplicates": 0,
    "failed_tests": 317,
    "success_rate": 27.79,
    "avg_latency_ms": 114.6,
    "avg_score": 99.24
  },
  "protocol_summary": {
    "vmess": {
      "count": 1,
      "avg_lat": 2.0,
      "avg_score": 99.98666666666666
    },
    "vless": {
      "count": 2,
      "avg_lat": 49.0,
      "avg_score": 99.67333333333333
    },
    "ss": {
      "count": 119,
      "avg_lat": 116.6470588235294,
      "avg_score": 99.22235294117647
    }
  }
}