{
  "scan_timestamp": "2026-01-07T15:32:44.662460+00:00",
  "duration_seconds": 1159.61,
  "performance_metrics": {
    "total_processed": 482,
    "valid_configs": 360,
    "duplicates": 0,
    "failed_tests": 122,
    "success_rate": 74.69,
    "avg_latency_ms": 176.85,
    "avg_score": 98.82
  },
  "protocol_summary": {
    "vmess": {
      "count": 58,
      "avg_lat": 226.10344827586206,
      "avg_score": 98.49264367816093
    },
    "vless": {
      "count": 181,
      "avg_lat": 149.7292817679558,
      "avg_score": 99.00180478821363
    },
    "ss": {
      "count": 0,
      "avg_lat": 0.0,
      "avg_score": 0.0
    },
    "trojan": {
      "count": 121,
      "avg_lat": 193.8181818181818,
      "avg_score": 98.70787878787878
    }
  }
}