{
  "scan_timestamp": "2025-12-15T04:15:28.849810+00:00",
  "duration_seconds": 967.88,
  "performance_metrics": {
    "total_processed": 471,
    "valid_configs": 266,
    "duplicates": 0,
    "failed_tests": 205,
    "success_rate": 56.48,
    "avg_latency_ms": 89.5,
    "avg_score": 99.4
  },
  "protocol_summary": {
    "vmess": {
      "count": 32,
      "avg_lat": 148.9375,
      "avg_score": 99.00708333333333
    },
    "vless": {
      "count": 200,
      "avg_lat": 64.22,
      "avg_score": 99.57186666666666
    },
    "ss": {
      "count": 0,
      "avg_lat": 0.0,
      "avg_score": 0.0
    },
    "trojan": {
      "count": 34,
      "avg_lat": 182.2941176470588,
      "avg_score": 98.78470588235294
    }
  }
}