{
  "scan_timestamp": "2026-01-30T16:36:14.530418+00:00",
  "duration_seconds": 712.79,
  "performance_metrics": {
    "total_processed": 410,
    "valid_configs": 194,
    "duplicates": 0,
    "failed_tests": 216,
    "success_rate": 47.32,
    "avg_latency_ms": 101.6,
    "avg_score": 99.32
  },
  "protocol_summary": {
    "vmess": {
      "count": 61,
      "avg_lat": 75.78688524590164,
      "avg_score": 99.49475409836066
    },
    "vless": {
      "count": 75,
      "avg_lat": 105.29333333333334,
      "avg_score": 99.29804444444444
    },
    "ss": {
      "count": 0,
      "avg_lat": 0.0,
      "avg_score": 0.0
    },
    "trojan": {
      "count": 58,
      "avg_lat": 123.98275862068965,
      "avg_score": 99.17344827586207
    }
  }
}