{
  "scan_timestamp": "2026-02-01T16:35:49.792198+00:00",
  "duration_seconds": 1203.39,
  "performance_metrics": {
    "total_processed": 488,
    "valid_configs": 381,
    "duplicates": 0,
    "failed_tests": 107,
    "success_rate": 78.07,
    "avg_latency_ms": 195.32,
    "avg_score": 98.7
  },
  "protocol_summary": {
    "vmess": {
      "count": 21,
      "avg_lat": 126.38095238095238,
      "avg_score": 99.15746031746032
    },
    "vless": {
      "count": 119,
      "avg_lat": 128.78151260504202,
      "avg_score": 99.14145658263305
    },
    "ss": {
      "count": 0,
      "avg_lat": 0.0,
      "avg_score": 0.0
    },
    "trojan": {
      "count": 241,
      "avg_lat": 234.17842323651453,
      "avg_score": 98.43881051175657
    }
  }
}