{
  "scan_timestamp": "2026-04-01T20:06:16.546468+00:00",
  "duration_seconds": 990.91,
  "performance_metrics": {
    "total_processed": 489,
    "valid_configs": 239,
    "duplicates": 0,
    "failed_tests": 250,
    "success_rate": 48.88,
    "avg_latency_ms": 154.47,
    "avg_score": 98.97
  },
  "protocol_summary": {
    "vmess": {
      "count": 2,
      "avg_lat": 669.5,
      "avg_score": 95.53666666666666
    },
    "vless": {
      "count": 233,
      "avg_lat": 150.07725321888412,
      "avg_score": 98.99948497854078
    },
    "ss": {
      "count": 0,
      "avg_lat": 0.0,
      "avg_score": 0.0
    },
    "trojan": {
      "count": 4,
      "avg_lat": 152.75,
      "avg_score": 98.98166666666667
    }
  }
}