{
  "scan_timestamp": "2026-02-28T21:28:59.102090+00:00",
  "duration_seconds": 1096.27,
  "performance_metrics": {
    "total_processed": 473,
    "valid_configs": 328,
    "duplicates": 0,
    "failed_tests": 145,
    "success_rate": 69.34,
    "avg_latency_ms": 67.66,
    "avg_score": 99.55
  },
  "protocol_summary": {
    "vmess": {
      "count": 59,
      "avg_lat": 48.13559322033898,
      "avg_score": 99.67909604519774
    },
    "vless": {
      "count": 234,
      "avg_lat": 73.11111111111111,
      "avg_score": 99.5125925925926
    },
    "ss": {
      "count": 0,
      "avg_lat": 0.0,
      "avg_score": 0.0
    },
    "trojan": {
      "count": 35,
      "avg_lat": 64.08571428571429,
      "avg_score": 99.5727619047619
    }
  }
}