{
  "scan_timestamp": "2026-03-25T06:05:18.555890+00:00",
  "duration_seconds": 680.21,
  "performance_metrics": {
    "total_processed": 462,
    "valid_configs": 127,
    "duplicates": 0,
    "failed_tests": 335,
    "success_rate": 27.49,
    "avg_latency_ms": 104.17,
    "avg_score": 99.31
  },
  "protocol_summary": {
    "vmess": {
      "count": 2,
      "avg_lat": 101.0,
      "avg_score": 99.32666666666667
    },
    "vless": {
      "count": 113,
      "avg_lat": 106.93805309734513,
      "avg_score": 99.2870796460177
    },
    "ss": {
      "count": 4,
      "avg_lat": 153.75,
      "avg_score": 98.975
    },
    "trojan": {
      "count": 8,
      "avg_lat": 41.0,
      "avg_score": 99.72666666666666
    }
  }
}