{
  "scan_timestamp": "2026-02-01T10:29:57.717246+00:00",
  "duration_seconds": 954.54,
  "performance_metrics": {
    "total_processed": 453,
    "valid_configs": 259,
    "duplicates": 0,
    "failed_tests": 194,
    "success_rate": 57.17,
    "avg_latency_ms": 132.39,
    "avg_score": 99.12
  },
  "protocol_summary": {
    "vmess": {
      "count": 53,
      "avg_lat": 142.16981132075472,
      "avg_score": 99.05220125786163
    },
    "vless": {
      "count": 166,
      "avg_lat": 128.84939759036143,
      "avg_score": 99.14100401606426
    },
    "ss": {
      "count": 0,
      "avg_lat": 0.0,
      "avg_score": 0.0
    },
    "trojan": {
      "count": 40,
      "avg_lat": 134.1,
      "avg_score": 99.106
    }
  }
}