{
  "scan_timestamp": "2026-04-08T12:00:48.626944+00:00",
  "duration_seconds": 1007.14,
  "performance_metrics": {
    "total_processed": 491,
    "valid_configs": 212,
    "duplicates": 0,
    "failed_tests": 279,
    "success_rate": 43.18,
    "avg_latency_ms": 120.3,
    "avg_score": 99.2
  },
  "protocol_summary": {
    "vmess": {
      "count": 2,
      "avg_lat": 149.5,
      "avg_score": 99.00333333333333
    },
    "vless": {
      "count": 207,
      "avg_lat": 119.1159420289855,
      "avg_score": 99.20589371980675
    },
    "ss": {
      "count": 2,
      "avg_lat": 194.5,
      "avg_score": 98.70333333333333
    },
    "trojan": {
      "count": 1,
      "avg_lat": 159.0,
      "avg_score": 98.94
    }
  }
}