{
  "scan_timestamp": "2025-12-19T21:24:52.739390+00:00",
  "duration_seconds": 920.72,
  "performance_metrics": {
    "total_processed": 463,
    "valid_configs": 251,
    "duplicates": 0,
    "failed_tests": 212,
    "success_rate": 54.21,
    "avg_latency_ms": 84.06,
    "avg_score": 99.44
  },
  "protocol_summary": {
    "vmess": {
      "count": 78,
      "avg_lat": 93.93589743589743,
      "avg_score": 99.3737606837607
    },
    "vless": {
      "count": 141,
      "avg_lat": 74.59574468085107,
      "avg_score": 99.502695035461
    },
    "ss": {
      "count": 0,
      "avg_lat": 0.0,
      "avg_score": 0.0
    },
    "trojan": {
      "count": 32,
      "avg_lat": 101.71875,
      "avg_score": 99.321875
    }
  }
}