{
  "scan_timestamp": "2025-12-13T17:23:37.856293+00:00",
  "duration_seconds": 931.35,
  "performance_metrics": {
    "total_processed": 474,
    "valid_configs": 213,
    "duplicates": 0,
    "failed_tests": 261,
    "success_rate": 44.94,
    "avg_latency_ms": 147.39,
    "avg_score": 99.02
  },
  "protocol_summary": {
    "vmess": {
      "count": 28,
      "avg_lat": 111.35714285714286,
      "avg_score": 99.25761904761904
    },
    "vless": {
      "count": 122,
      "avg_lat": 100.59836065573771,
      "avg_score": 99.32934426229508
    },
    "ss": {
      "count": 0,
      "avg_lat": 0.0,
      "avg_score": 0.0
    },
    "trojan": {
      "count": 63,
      "avg_lat": 254.015873015873,
      "avg_score": 98.30656084656086
    }
  }
}