{
  "scan_timestamp": "2026-02-14T06:47:40.304652+00:00",
  "duration_seconds": 1054.71,
  "performance_metrics": {
    "total_processed": 465,
    "valid_configs": 318,
    "duplicates": 0,
    "failed_tests": 147,
    "success_rate": 68.39,
    "avg_latency_ms": 125.29,
    "avg_score": 99.16
  },
  "protocol_summary": {
    "vmess": {
      "count": 65,
      "avg_lat": 134.96923076923076,
      "avg_score": 99.10020512820513
    },
    "vless": {
      "count": 200,
      "avg_lat": 113.78,
      "avg_score": 99.24146666666667
    },
    "ss": {
      "count": 0,
      "avg_lat": 0.0,
      "avg_score": 0.0
    },
    "trojan": {
      "count": 53,
      "avg_lat": 156.8679245283019,
      "avg_score": 98.95421383647799
    }
  }
}