{
  "scan_timestamp": "2026-03-14T11:19:13.723600+00:00",
  "duration_seconds": 274.81,
  "performance_metrics": {
    "total_processed": 360,
    "valid_configs": 60,
    "duplicates": 0,
    "failed_tests": 300,
    "success_rate": 16.67,
    "avg_latency_ms": 87.35,
    "avg_score": 99.42
  },
  "protocol_summary": {
    "vmess": {
      "count": 2,
      "avg_lat": 14.0,
      "avg_score": 99.90666666666667
    },
    "vless": {
      "count": 28,
      "avg_lat": 48.5,
      "avg_score": 99.67666666666666
    },
    "ss": {
      "count": 29,
      "avg_lat": 132.86206896551724,
      "avg_score": 99.11425287356323
    },
    "trojan": {
      "count": 1,
      "avg_lat": 2.0,
      "avg_score": 99.98666666666666
    }
  }
}