{
  "scan_timestamp": "2025-12-10T21:25:47.590260+00:00",
  "duration_seconds": 876.17,
  "performance_metrics": {
    "total_processed": 464,
    "valid_configs": 201,
    "duplicates": 0,
    "failed_tests": 263,
    "success_rate": 43.32,
    "avg_latency_ms": 160.4,
    "avg_score": 98.93
  },
  "protocol_summary": {
    "vmess": {
      "count": 39,
      "avg_lat": 116.0,
      "avg_score": 99.22666666666667
    },
    "vless": {
      "count": 112,
      "avg_lat": 123.92857142857143,
      "avg_score": 99.17380952380952
    },
    "ss": {
      "count": 0,
      "avg_lat": 0.0,
      "avg_score": 0.0
    },
    "trojan": {
      "count": 50,
      "avg_lat": 276.72,
      "avg_score": 98.15520000000001
    }
  }
}