{
  "scan_timestamp": "2026-01-25T15:26:46.679888+00:00",
  "duration_seconds": 986.28,
  "performance_metrics": {
    "total_processed": 478,
    "valid_configs": 270,
    "duplicates": 0,
    "failed_tests": 208,
    "success_rate": 56.49,
    "avg_latency_ms": 103.97,
    "avg_score": 99.31
  },
  "protocol_summary": {
    "vmess": {
      "count": 71,
      "avg_lat": 55.95774647887324,
      "avg_score": 99.62694835680752
    },
    "vless": {
      "count": 160,
      "avg_lat": 111.89375,
      "avg_score": 99.25404166666667
    },
    "ss": {
      "count": 0,
      "avg_lat": 0.0,
      "avg_score": 0.0
    },
    "trojan": {
      "count": 39,
      "avg_lat": 158.89743589743588,
      "avg_score": 98.94068376068375
    }
  }
}