{
  "scan_timestamp": "2026-03-24T10:51:07.537126+00:00",
  "duration_seconds": 708.04,
  "performance_metrics": {
    "total_processed": 464,
    "valid_configs": 134,
    "duplicates": 0,
    "failed_tests": 330,
    "success_rate": 28.88,
    "avg_latency_ms": 109.25,
    "avg_score": 99.27
  },
  "protocol_summary": {
    "vmess": {
      "count": 1,
      "avg_lat": 49.0,
      "avg_score": 99.67333333333333
    },
    "vless": {
      "count": 120,
      "avg_lat": 114.31666666666666,
      "avg_score": 99.23788888888889
    },
    "ss": {
      "count": 4,
      "avg_lat": 124.25,
      "avg_score": 99.17166666666667
    },
    "trojan": {
      "count": 9,
      "avg_lat": 41.77777777777778,
      "avg_score": 99.72148148148148
    }
  }
}