{
  "scan_timestamp": "2026-02-17T10:51:52.053290+00:00",
  "duration_seconds": 1080.52,
  "performance_metrics": {
    "total_processed": 455,
    "valid_configs": 330,
    "duplicates": 0,
    "failed_tests": 125,
    "success_rate": 72.53,
    "avg_latency_ms": 107.7,
    "avg_score": 99.28
  },
  "protocol_summary": {
    "vmess": {
      "count": 65,
      "avg_lat": 82.6923076923077,
      "avg_score": 99.44871794871796
    },
    "vless": {
      "count": 224,
      "avg_lat": 117.58035714285714,
      "avg_score": 99.21613095238095
    },
    "ss": {
      "count": 0,
      "avg_lat": 0.0,
      "avg_score": 0.0
    },
    "trojan": {
      "count": 41,
      "avg_lat": 93.36585365853658,
      "avg_score": 99.37756097560975
    }
  }
}