{
  "scan_timestamp": "2026-02-15T23:33:01.478639+00:00",
  "duration_seconds": 1073.99,
  "performance_metrics": {
    "total_processed": 461,
    "valid_configs": 327,
    "duplicates": 0,
    "failed_tests": 134,
    "success_rate": 70.93,
    "avg_latency_ms": 123.2,
    "avg_score": 99.18
  },
  "protocol_summary": {
    "vmess": {
      "count": 87,
      "avg_lat": 157.28735632183907,
      "avg_score": 98.95141762452107
    },
    "vless": {
      "count": 211,
      "avg_lat": 112.49763033175356,
      "avg_score": 99.25001579778831
    },
    "ss": {
      "count": 0,
      "avg_lat": 0.0,
      "avg_score": 0.0
    },
    "trojan": {
      "count": 29,
      "avg_lat": 98.79310344827586,
      "avg_score": 99.34137931034483
    }
  }
}