{
  "scan_timestamp": "2025-12-16T14:30:19.799015+00:00",
  "duration_seconds": 963.61,
  "performance_metrics": {
    "total_processed": 473,
    "valid_configs": 253,
    "duplicates": 0,
    "failed_tests": 220,
    "success_rate": 53.49,
    "avg_latency_ms": 115.86,
    "avg_score": 99.23
  },
  "protocol_summary": {
    "vmess": {
      "count": 50,
      "avg_lat": 135.16,
      "avg_score": 99.09893333333333
    },
    "vless": {
      "count": 170,
      "avg_lat": 110.55294117647058,
      "avg_score": 99.26298039215685
    },
    "ss": {
      "count": 0,
      "avg_lat": 0.0,
      "avg_score": 0.0
    },
    "trojan": {
      "count": 33,
      "avg_lat": 113.93939393939394,
      "avg_score": 99.24040404040404
    }
  }
}