{
  "scan_timestamp": "2025-12-09T04:02:11.063443+00:00",
  "duration_seconds": 1050.83,
  "performance_metrics": {
    "total_processed": 479,
    "valid_configs": 293,
    "duplicates": 0,
    "failed_tests": 186,
    "success_rate": 61.17,
    "avg_latency_ms": 190.96,
    "avg_score": 98.73
  },
  "protocol_summary": {
    "vmess": {
      "count": 68,
      "avg_lat": 306.20588235294116,
      "avg_score": 97.95862745098039
    },
    "vless": {
      "count": 167,
      "avg_lat": 141.10179640718562,
      "avg_score": 99.05932135728543
    },
    "ss": {
      "count": 0,
      "avg_lat": 0.0,
      "avg_score": 0.0
    },
    "trojan": {
      "count": 58,
      "avg_lat": 199.3793103448276,
      "avg_score": 98.67080459770115
    }
  }
}