{
  "scan_timestamp": "2025-12-24T20:26:31.513739+00:00",
  "duration_seconds": 923.68,
  "performance_metrics": {
    "total_processed": 440,
    "valid_configs": 250,
    "duplicates": 0,
    "failed_tests": 190,
    "success_rate": 56.82,
    "avg_latency_ms": 116.54,
    "avg_score": 99.22
  },
  "protocol_summary": {
    "vmess": {
      "count": 53,
      "avg_lat": 106.62264150943396,
      "avg_score": 99.28918238993711
    },
    "vless": {
      "count": 160,
      "avg_lat": 118.2,
      "avg_score": 99.212
    },
    "ss": {
      "count": 0,
      "avg_lat": 0.0,
      "avg_score": 0.0
    },
    "trojan": {
      "count": 37,
      "avg_lat": 123.56756756756756,
      "avg_score": 99.17621621621622
    }
  }
}