{
  "scan_timestamp": "2025-12-11T16:31:18.306206+00:00",
  "duration_seconds": 947.27,
  "performance_metrics": {
    "total_processed": 478,
    "valid_configs": 228,
    "duplicates": 0,
    "failed_tests": 250,
    "success_rate": 47.7,
    "avg_latency_ms": 163.26,
    "avg_score": 98.91
  },
  "protocol_summary": {
    "vmess": {
      "count": 39,
      "avg_lat": 251.94871794871796,
      "avg_score": 98.32034188034189
    },
    "vless": {
      "count": 121,
      "avg_lat": 77.88429752066116,
      "avg_score": 99.48077134986227
    },
    "ss": {
      "count": 0,
      "avg_lat": 0.0,
      "avg_score": 0.0
    },
    "trojan": {
      "count": 68,
      "avg_lat": 264.30882352941177,
      "avg_score": 98.2379411764706
    }
  }
}