{
  "scan_timestamp": "2026-01-22T03:14:13.384955+00:00",
  "duration_seconds": 902.23,
  "performance_metrics": {
    "total_processed": 437,
    "valid_configs": 248,
    "duplicates": 0,
    "failed_tests": 189,
    "success_rate": 56.75,
    "avg_latency_ms": 108.16,
    "avg_score": 99.28
  },
  "protocol_summary": {
    "vmess": {
      "count": 63,
      "avg_lat": 109.98412698412699,
      "avg_score": 99.26677248677248
    },
    "vless": {
      "count": 142,
      "avg_lat": 100.2605633802817,
      "avg_score": 99.33159624413145
    },
    "ss": {
      "count": 0,
      "avg_lat": 0.0,
      "avg_score": 0.0
    },
    "trojan": {
      "count": 43,
      "avg_lat": 131.58139534883722,
      "avg_score": 99.12279069767442
    }
  }
}