{
  "scan_timestamp": "2026-04-16T22:45:08.900098+00:00",
  "duration_seconds": 993.03,
  "performance_metrics": {
    "total_processed": 485,
    "valid_configs": 280,
    "duplicates": 0,
    "failed_tests": 205,
    "success_rate": 57.73,
    "avg_latency_ms": 66.61,
    "avg_score": 99.56
  },
  "protocol_summary": {
    "vmess": {
      "count": 2,
      "avg_lat": 141.5,
      "avg_score": 99.05666666666667
    },
    "vless": {
      "count": 269,
      "avg_lat": 66.23791821561338,
      "avg_score": 99.55841387856258
    },
    "ss": {
      "count": 0,
      "avg_lat": 0.0,
      "avg_score": 0.0
    },
    "trojan": {
      "count": 9,
      "avg_lat": 61.0,
      "avg_score": 99.59333333333333
    }
  }
}