{
  "scan_timestamp": "2026-01-03T03:02:13.855631+00:00",
  "duration_seconds": 1115.81,
  "performance_metrics": {
    "total_processed": 483,
    "valid_configs": 319,
    "duplicates": 0,
    "failed_tests": 164,
    "success_rate": 66.05,
    "avg_latency_ms": 98.56,
    "avg_score": 99.34
  },
  "protocol_summary": {
    "vmess": {
      "count": 38,
      "avg_lat": 131.21052631578948,
      "avg_score": 99.12526315789474
    },
    "vless": {
      "count": 258,
      "avg_lat": 85.34883720930233,
      "avg_score": 99.43100775193798
    },
    "ss": {
      "count": 0,
      "avg_lat": 0.0,
      "avg_score": 0.0
    },
    "trojan": {
      "count": 23,
      "avg_lat": 192.7826086956522,
      "avg_score": 98.71478260869566
    }
  }
}