{
  "scan_timestamp": "2026-01-19T18:29:46.927145+00:00",
  "duration_seconds": 781.81,
  "performance_metrics": {
    "total_processed": 416,
    "valid_configs": 210,
    "duplicates": 0,
    "failed_tests": 206,
    "success_rate": 50.48,
    "avg_latency_ms": 134.88,
    "avg_score": 99.1
  },
  "protocol_summary": {
    "vmess": {
      "count": 59,
      "avg_lat": 133.67796610169492,
      "avg_score": 99.10881355932203
    },
    "vless": {
      "count": 113,
      "avg_lat": 134.10619469026548,
      "avg_score": 99.1059587020649
    },
    "ss": {
      "count": 0,
      "avg_lat": 0.0,
      "avg_score": 0.0
    },
    "trojan": {
      "count": 38,
      "avg_lat": 139.02631578947367,
      "avg_score": 99.07315789473684
    }
  }
}