{
  "scan_timestamp": "2025-12-31T20:27:56.755105+00:00",
  "duration_seconds": 971.2,
  "performance_metrics": {
    "total_processed": 446,
    "valid_configs": 287,
    "duplicates": 0,
    "failed_tests": 159,
    "success_rate": 64.35,
    "avg_latency_ms": 138.61,
    "avg_score": 99.08
  },
  "protocol_summary": {
    "vmess": {
      "count": 58,
      "avg_lat": 127.63793103448276,
      "avg_score": 99.14908045977012
    },
    "vless": {
      "count": 158,
      "avg_lat": 137.0,
      "avg_score": 99.08666666666666
    },
    "ss": {
      "count": 0,
      "avg_lat": 0.0,
      "avg_score": 0.0
    },
    "trojan": {
      "count": 71,
      "avg_lat": 151.14084507042253,
      "avg_score": 98.99239436619719
    }
  }
}