{
  "scan_timestamp": "2026-03-08T18:20:56.076661+00:00",
  "duration_seconds": 186.6,
  "performance_metrics": {
    "total_processed": 374,
    "valid_configs": 32,
    "duplicates": 0,
    "failed_tests": 342,
    "success_rate": 8.56,
    "avg_latency_ms": 115.84,
    "avg_score": 99.23
  },
  "protocol_summary": {
    "vmess": {
      "count": 2,
      "avg_lat": 105.5,
      "avg_score": 99.29666666666667
    },
    "vless": {
      "count": 29,
      "avg_lat": 114.51724137931035,
      "avg_score": 99.23655172413794
    },
    "ss": {
      "count": 1,
      "avg_lat": 175.0,
      "avg_score": 98.83333333333333
    },
    "trojan": {
      "count": 0,
      "avg_lat": 0.0,
      "avg_score": 0.0
    }
  }
}