{
  "scan_timestamp": "2025-12-22T18:30:58.727291+00:00",
  "duration_seconds": 926.03,
  "performance_metrics": {
    "total_processed": 472,
    "valid_configs": 260,
    "duplicates": 0,
    "failed_tests": 212,
    "success_rate": 55.08,
    "avg_latency_ms": 111.83,
    "avg_score": 99.25
  },
  "protocol_summary": {
    "vmess": {
      "count": 84,
      "avg_lat": 101.29761904761905,
      "avg_score": 99.32468253968253
    },
    "vless": {
      "count": 128,
      "avg_lat": 70.484375,
      "avg_score": 99.53010416666666
    },
    "ss": {
      "count": 0,
      "avg_lat": 0.0,
      "avg_score": 0.0
    },
    "trojan": {
      "count": 48,
      "avg_lat": 240.54166666666666,
      "avg_score": 98.3963888888889
    }
  }
}