{
  "scan_timestamp": "2026-01-07T21:29:50.075429+00:00",
  "duration_seconds": 1148.81,
  "performance_metrics": {
    "total_processed": 483,
    "valid_configs": 360,
    "duplicates": 0,
    "failed_tests": 123,
    "success_rate": 74.53,
    "avg_latency_ms": 141.09,
    "avg_score": 99.06
  },
  "protocol_summary": {
    "vmess": {
      "count": 60,
      "avg_lat": 145.25,
      "avg_score": 99.03166666666667
    },
    "vless": {
      "count": 187,
      "avg_lat": 133.3048128342246,
      "avg_score": 99.11130124777183
    },
    "ss": {
      "count": 0,
      "avg_lat": 0.0,
      "avg_score": 0.0
    },
    "trojan": {
      "count": 113,
      "avg_lat": 151.76106194690266,
      "avg_score": 98.98825958702065
    }
  }
}