{
  "scan_timestamp": "2026-03-14T22:19:52.741636+00:00",
  "duration_seconds": 339.62,
  "performance_metrics": {
    "total_processed": 359,
    "valid_configs": 91,
    "duplicates": 0,
    "failed_tests": 268,
    "success_rate": 25.35,
    "avg_latency_ms": 95.46,
    "avg_score": 99.36
  },
  "protocol_summary": {
    "vmess": {
      "count": 1,
      "avg_lat": 19.0,
      "avg_score": 99.87333333333333
    },
    "vless": {
      "count": 28,
      "avg_lat": 53.5,
      "avg_score": 99.64333333333333
    },
    "ss": {
      "count": 62,
      "avg_lat": 115.64516129032258,
      "avg_score": 99.2290322580645
    }
  }
}