{
  "scan_timestamp": "2026-04-17T06:44:48.769344+00:00",
  "duration_seconds": 1039.48,
  "performance_metrics": {
    "total_processed": 489,
    "valid_configs": 292,
    "duplicates": 0,
    "failed_tests": 197,
    "success_rate": 59.71,
    "avg_latency_ms": 82.52,
    "avg_score": 99.45
  },
  "protocol_summary": {
    "vmess": {
      "count": 2,
      "avg_lat": 146.0,
      "avg_score": 99.02666666666667
    },
    "vless": {
      "count": 282,
      "avg_lat": 82.47163120567376,
      "avg_score": 99.45018912529551
    },
    "ss": {
      "count": 0,
      "avg_lat": 0.0,
      "avg_score": 0.0
    },
    "trojan": {
      "count": 8,
      "avg_lat": 68.375,
      "avg_score": 99.54416666666667
    }
  }
}