{
  "scan_timestamp": "2026-01-16T03:09:03.024759+00:00",
  "duration_seconds": 933.49,
  "performance_metrics": {
    "total_processed": 457,
    "valid_configs": 279,
    "duplicates": 0,
    "failed_tests": 178,
    "success_rate": 61.05,
    "avg_latency_ms": 102.49,
    "avg_score": 99.32
  },
  "protocol_summary": {
    "vmess": {
      "count": 90,
      "avg_lat": 104.1,
      "avg_score": 99.30600000000001
    },
    "vless": {
      "count": 117,
      "avg_lat": 75.76923076923077,
      "avg_score": 99.4948717948718
    },
    "ss": {
      "count": 0,
      "avg_lat": 0.0,
      "avg_score": 0.0
    },
    "trojan": {
      "count": 72,
      "avg_lat": 143.91666666666666,
      "avg_score": 99.04055555555556
    }
  }
}