{
  "scan_timestamp": "2026-04-14T19:13:40.140684+00:00",
  "duration_seconds": 1088.26,
  "performance_metrics": {
    "total_processed": 486,
    "valid_configs": 319,
    "duplicates": 0,
    "failed_tests": 167,
    "success_rate": 65.64,
    "avg_latency_ms": 61.68,
    "avg_score": 99.59
  },
  "protocol_summary": {
    "vmess": {
      "count": 2,
      "avg_lat": 147.0,
      "avg_score": 99.02000000000001
    },
    "vless": {
      "count": 301,
      "avg_lat": 56.079734219269106,
      "avg_score": 99.62613510520488
    },
    "ss": {
      "count": 0,
      "avg_lat": 0.0,
      "avg_score": 0.0
    },
    "trojan": {
      "count": 16,
      "avg_lat": 156.3125,
      "avg_score": 98.95791666666666
    }
  }
}