{
  "scan_timestamp": "2026-03-03T15:54:51.037751+00:00",
  "duration_seconds": 1088.36,
  "performance_metrics": {
    "total_processed": 473,
    "valid_configs": 326,
    "duplicates": 0,
    "failed_tests": 147,
    "success_rate": 68.92,
    "avg_latency_ms": 68.9,
    "avg_score": 99.54
  },
  "protocol_summary": {
    "vmess": {
      "count": 60,
      "avg_lat": 51.78333333333333,
      "avg_score": 99.65477777777778
    },
    "vless": {
      "count": 231,
      "avg_lat": 74.3073593073593,
      "avg_score": 99.50461760461761
    },
    "ss": {
      "count": 0,
      "avg_lat": 0.0,
      "avg_score": 0.0
    },
    "trojan": {
      "count": 35,
      "avg_lat": 62.51428571428571,
      "avg_score": 99.5832380952381
    }
  }
}