{
  "scan_timestamp": "2026-01-04T23:27:52.036376+00:00",
  "duration_seconds": 1053.24,
  "performance_metrics": {
    "total_processed": 478,
    "valid_configs": 312,
    "duplicates": 0,
    "failed_tests": 166,
    "success_rate": 65.27,
    "avg_latency_ms": 113.65,
    "avg_score": 99.24
  },
  "protocol_summary": {
    "vmess": {
      "count": 55,
      "avg_lat": 115.85454545454546,
      "avg_score": 99.22763636363638
    },
    "vless": {
      "count": 226,
      "avg_lat": 114.58849557522124,
      "avg_score": 99.23607669616518
    },
    "ss": {
      "count": 0,
      "avg_lat": 0.0,
      "avg_score": 0.0
    },
    "trojan": {
      "count": 31,
      "avg_lat": 102.90322580645162,
      "avg_score": 99.31397849462367
    }
  }
}