{
  "scan_timestamp": "2026-02-01T04:39:04.061094+00:00",
  "duration_seconds": 1213.13,
  "performance_metrics": {
    "total_processed": 488,
    "valid_configs": 376,
    "duplicates": 0,
    "failed_tests": 112,
    "success_rate": 77.05,
    "avg_latency_ms": 183.57,
    "avg_score": 98.78
  },
  "protocol_summary": {
    "vmess": {
      "count": 26,
      "avg_lat": 94.96153846153847,
      "avg_score": 99.36692307692307
    },
    "vless": {
      "count": 146,
      "avg_lat": 106.72602739726027,
      "avg_score": 99.28849315068494
    },
    "ss": {
      "count": 0,
      "avg_lat": 0.0,
      "avg_score": 0.0
    },
    "trojan": {
      "count": 204,
      "avg_lat": 249.86274509803923,
      "avg_score": 98.33424836601309
    }
  }
}