{
  "scan_timestamp": "2025-12-11T21:27:54.637154+00:00",
  "duration_seconds": 969.7,
  "performance_metrics": {
    "total_processed": 477,
    "valid_configs": 227,
    "duplicates": 0,
    "failed_tests": 250,
    "success_rate": 47.59,
    "avg_latency_ms": 160.59,
    "avg_score": 98.93
  },
  "protocol_summary": {
    "vmess": {
      "count": 42,
      "avg_lat": 212.11904761904762,
      "avg_score": 98.58587301587302
    },
    "vless": {
      "count": 123,
      "avg_lat": 97.86178861788618,
      "avg_score": 99.34758807588076
    },
    "ss": {
      "count": 0,
      "avg_lat": 0.0,
      "avg_score": 0.0
    },
    "trojan": {
      "count": 62,
      "avg_lat": 250.11290322580646,
      "avg_score": 98.33258064516129
    }
  }
}