{
  "scan_timestamp": "2026-01-31T22:27:35.449562+00:00",
  "duration_seconds": 981.9,
  "performance_metrics": {
    "total_processed": 478,
    "valid_configs": 151,
    "duplicates": 0,
    "failed_tests": 327,
    "success_rate": 31.59,
    "avg_latency_ms": 95.79,
    "avg_score": 99.36
  },
  "protocol_summary": {
    "vmess": {
      "count": 76,
      "avg_lat": 70.73684210526316,
      "avg_score": 99.52842105263157
    },
    "vless": {
      "count": 46,
      "avg_lat": 69.6304347826087,
      "avg_score": 99.53579710144928
    },
    "ss": {
      "count": 0,
      "avg_lat": 0.0,
      "avg_score": 0.0
    },
    "trojan": {
      "count": 29,
      "avg_lat": 202.9655172413793,
      "avg_score": 98.64689655172414
    }
  }
}