{
  "scan_timestamp": "2026-02-06T22:27:31.295182+00:00",
  "duration_seconds": 997.3,
  "performance_metrics": {
    "total_processed": 455,
    "valid_configs": 280,
    "duplicates": 0,
    "failed_tests": 175,
    "success_rate": 61.54,
    "avg_latency_ms": 124.17,
    "avg_score": 99.17
  },
  "protocol_summary": {
    "vmess": {
      "count": 53,
      "avg_lat": 118.0377358490566,
      "avg_score": 99.21308176100628
    },
    "vless": {
      "count": 172,
      "avg_lat": 107.20348837209302,
      "avg_score": 99.28531007751938
    },
    "ss": {
      "count": 0,
      "avg_lat": 0.0,
      "avg_score": 0.0
    },
    "trojan": {
      "count": 55,
      "avg_lat": 183.14545454545456,
      "avg_score": 98.7790303030303
    }
  }
}