{
  "scan_timestamp": "2026-01-26T07:37:57.380112+00:00",
  "duration_seconds": 1089.01,
  "performance_metrics": {
    "total_processed": 477,
    "valid_configs": 326,
    "duplicates": 0,
    "failed_tests": 151,
    "success_rate": 68.34,
    "avg_latency_ms": 92.64,
    "avg_score": 99.38
  },
  "protocol_summary": {
    "vmess": {
      "count": 38,
      "avg_lat": 87.10526315789474,
      "avg_score": 99.41929824561403
    },
    "vless": {
      "count": 226,
      "avg_lat": 78.84513274336283,
      "avg_score": 99.4743657817109
    },
    "ss": {
      "count": 0,
      "avg_lat": 0.0,
      "avg_score": 0.0
    },
    "trojan": {
      "count": 62,
      "avg_lat": 146.33870967741936,
      "avg_score": 99.02440860215054
    }
  }
}