{
  "scan_timestamp": "2026-03-17T18:48:03.062844+00:00",
  "duration_seconds": 214.51,
  "performance_metrics": {
    "total_processed": 390,
    "valid_configs": 39,
    "duplicates": 0,
    "failed_tests": 351,
    "success_rate": 10.0,
    "avg_latency_ms": 69.56,
    "avg_score": 99.54
  },
  "protocol_summary": {
    "vmess": {
      "count": 1,
      "avg_lat": 21.0,
      "avg_score": 99.86
    },
    "vless": {
      "count": 29,
      "avg_lat": 50.275862068965516,
      "avg_score": 99.6648275862069
    },
    "ss": {
      "count": 6,
      "avg_lat": 189.5,
      "avg_score": 98.73666666666666
    },
    "trojan": {
      "count": 3,
      "avg_lat": 32.333333333333336,
      "avg_score": 99.78444444444445
    }
  }
}