{
  "scan_timestamp": "2026-01-19T08:30:31.441145+00:00",
  "duration_seconds": 722.15,
  "performance_metrics": {
    "total_processed": 412,
    "valid_configs": 190,
    "duplicates": 0,
    "failed_tests": 222,
    "success_rate": 46.12,
    "avg_latency_ms": 128.53,
    "avg_score": 99.14
  },
  "protocol_summary": {
    "vmess": {
      "count": 107,
      "avg_lat": 130.73831775700936,
      "avg_score": 99.12841121495327
    },
    "vless": {
      "count": 46,
      "avg_lat": 53.130434782608695,
      "avg_score": 99.64579710144928
    },
    "ss": {
      "count": 0,
      "avg_lat": 0.0,
      "avg_score": 0.0
    },
    "trojan": {
      "count": 37,
      "avg_lat": 215.8918918918919,
      "avg_score": 98.56072072072071
    }
  }
}