{
  "scan_timestamp": "2026-01-09T18:35:29.568525+00:00",
  "duration_seconds": 1098.64,
  "performance_metrics": {
    "total_processed": 477,
    "valid_configs": 349,
    "duplicates": 0,
    "failed_tests": 128,
    "success_rate": 73.17,
    "avg_latency_ms": 135.84,
    "avg_score": 99.09
  },
  "protocol_summary": {
    "vmess": {
      "count": 51,
      "avg_lat": 150.88235294117646,
      "avg_score": 98.99411764705881
    },
    "vless": {
      "count": 244,
      "avg_lat": 137.18032786885246,
      "avg_score": 99.08546448087431
    },
    "ss": {
      "count": 0,
      "avg_lat": 0.0,
      "avg_score": 0.0
    },
    "trojan": {
      "count": 54,
      "avg_lat": 115.57407407407408,
      "avg_score": 99.2295061728395
    }
  }
}