{
  "scan_timestamp": "2026-01-25T16:28:26.696868+00:00",
  "duration_seconds": 959.61,
  "performance_metrics": {
    "total_processed": 458,
    "valid_configs": 270,
    "duplicates": 0,
    "failed_tests": 188,
    "success_rate": 58.95,
    "avg_latency_ms": 97.2,
    "avg_score": 99.35
  },
  "protocol_summary": {
    "vmess": {
      "count": 86,
      "avg_lat": 72.84883720930233,
      "avg_score": 99.51434108527133
    },
    "vless": {
      "count": 145,
      "avg_lat": 88.44827586206897,
      "avg_score": 99.4103448275862
    },
    "ss": {
      "count": 0,
      "avg_lat": 0.0,
      "avg_score": 0.0
    },
    "trojan": {
      "count": 39,
      "avg_lat": 183.4102564102564,
      "avg_score": 98.77726495726496
    }
  }
}