{
  "scan_timestamp": "2025-12-09T19:24:00.772035+00:00",
  "duration_seconds": 946.49,
  "performance_metrics": {
    "total_processed": 475,
    "valid_configs": 215,
    "duplicates": 0,
    "failed_tests": 260,
    "success_rate": 45.26,
    "avg_latency_ms": 164.47,
    "avg_score": 98.9
  },
  "protocol_summary": {
    "vmess": {
      "count": 61,
      "avg_lat": 241.60655737704917,
      "avg_score": 98.38928961748634
    },
    "vless": {
      "count": 96,
      "avg_lat": 94.26041666666667,
      "avg_score": 99.37159722222223
    },
    "ss": {
      "count": 0,
      "avg_lat": 0.0,
      "avg_score": 0.0
    },
    "trojan": {
      "count": 58,
      "avg_lat": 199.5344827586207,
      "avg_score": 98.66977011494252
    }
  }
}