{
  "scan_timestamp": "2025-12-19T20:27:14.091974+00:00",
  "duration_seconds": 919.93,
  "performance_metrics": {
    "total_processed": 463,
    "valid_configs": 256,
    "duplicates": 0,
    "failed_tests": 207,
    "success_rate": 55.29,
    "avg_latency_ms": 97.22,
    "avg_score": 99.35
  },
  "protocol_summary": {
    "vmess": {
      "count": 78,
      "avg_lat": 146.76923076923077,
      "avg_score": 99.02153846153847
    },
    "vless": {
      "count": 146,
      "avg_lat": 59.6986301369863,
      "avg_score": 99.6020091324201
    },
    "ss": {
      "count": 0,
      "avg_lat": 0.0,
      "avg_score": 0.0
    },
    "trojan": {
      "count": 32,
      "avg_lat": 147.625,
      "avg_score": 99.01583333333333
    }
  }
}