{
  "scan_timestamp": "2026-01-27T18:40:59.443103+00:00",
  "duration_seconds": 1136.79,
  "performance_metrics": {
    "total_processed": 481,
    "valid_configs": 334,
    "duplicates": 0,
    "failed_tests": 147,
    "success_rate": 69.44,
    "avg_latency_ms": 91.24,
    "avg_score": 99.39
  },
  "protocol_summary": {
    "vmess": {
      "count": 42,
      "avg_lat": 67.21428571428571,
      "avg_score": 99.55190476190477
    },
    "vless": {
      "count": 211,
      "avg_lat": 84.80094786729858,
      "avg_score": 99.43466034755134
    },
    "ss": {
      "count": 0,
      "avg_lat": 0.0,
      "avg_score": 0.0
    },
    "trojan": {
      "count": 81,
      "avg_lat": 120.45679012345678,
      "avg_score": 99.19695473251028
    }
  }
}