{
  "scan_timestamp": "2026-01-16T11:24:30.983965+00:00",
  "duration_seconds": 835.89,
  "performance_metrics": {
    "total_processed": 419,
    "valid_configs": 222,
    "duplicates": 0,
    "failed_tests": 197,
    "success_rate": 52.98,
    "avg_latency_ms": 100.22,
    "avg_score": 99.33
  },
  "protocol_summary": {
    "vmess": {
      "count": 54,
      "avg_lat": 85.57407407407408,
      "avg_score": 99.42950617283951
    },
    "vless": {
      "count": 129,
      "avg_lat": 95.16279069767442,
      "avg_score": 99.36558139534884
    },
    "ss": {
      "count": 0,
      "avg_lat": 0.0,
      "avg_score": 0.0
    },
    "trojan": {
      "count": 39,
      "avg_lat": 137.23076923076923,
      "avg_score": 99.08512820512821
    }
  }
}