{
  "scan_timestamp": "2026-02-17T07:59:51.040267+00:00",
  "duration_seconds": 1085.29,
  "performance_metrics": {
    "total_processed": 456,
    "valid_configs": 337,
    "duplicates": 0,
    "failed_tests": 119,
    "success_rate": 73.9,
    "avg_latency_ms": 105.77,
    "avg_score": 99.29
  },
  "protocol_summary": {
    "vmess": {
      "count": 63,
      "avg_lat": 98.03174603174604,
      "avg_score": 99.34645502645503
    },
    "vless": {
      "count": 234,
      "avg_lat": 102.04700854700855,
      "avg_score": 99.31968660968661
    },
    "ss": {
      "count": 0,
      "avg_lat": 0.0,
      "avg_score": 0.0
    },
    "trojan": {
      "count": 40,
      "avg_lat": 139.775,
      "avg_score": 99.06816666666666
    }
  }
}