{
  "scan_timestamp": "2026-01-01T18:29:51.170037+00:00",
  "duration_seconds": 859.01,
  "performance_metrics": {
    "total_processed": 478,
    "valid_configs": 248,
    "duplicates": 0,
    "failed_tests": 230,
    "success_rate": 51.88,
    "avg_latency_ms": 118.97,
    "avg_score": 99.21
  },
  "protocol_summary": {
    "vmess": {
      "count": 70,
      "avg_lat": 139.78571428571428,
      "avg_score": 99.06809523809524
    },
    "vless": {
      "count": 154,
      "avg_lat": 110.26623376623377,
      "avg_score": 99.26489177489178
    },
    "ss": {
      "count": 0,
      "avg_lat": 0.0,
      "avg_score": 0.0
    },
    "trojan": {
      "count": 24,
      "avg_lat": 114.125,
      "avg_score": 99.23916666666666
    }
  }
}