{
  "scan_timestamp": "2026-01-15T10:25:51.347269+00:00",
  "duration_seconds": 801.47,
  "performance_metrics": {
    "total_processed": 457,
    "valid_configs": 237,
    "duplicates": 0,
    "failed_tests": 220,
    "success_rate": 51.86,
    "avg_latency_ms": 113.18,
    "avg_score": 99.25
  },
  "protocol_summary": {
    "vmess": {
      "count": 42,
      "avg_lat": 91.42857142857143,
      "avg_score": 99.39047619047618
    },
    "vless": {
      "count": 117,
      "avg_lat": 86.75213675213675,
      "avg_score": 99.42165242165242
    },
    "ss": {
      "count": 0,
      "avg_lat": 0.0,
      "avg_score": 0.0
    },
    "trojan": {
      "count": 78,
      "avg_lat": 164.52564102564102,
      "avg_score": 98.90316239316239
    }
  }
}