{
  "scan_timestamp": "2026-02-05T18:50:17.259732+00:00",
  "duration_seconds": 966.79,
  "performance_metrics": {
    "total_processed": 446,
    "valid_configs": 261,
    "duplicates": 0,
    "failed_tests": 185,
    "success_rate": 58.52,
    "avg_latency_ms": 125.85,
    "avg_score": 99.16
  },
  "protocol_summary": {
    "vmess": {
      "count": 48,
      "avg_lat": 107.5,
      "avg_score": 99.28333333333335
    },
    "vless": {
      "count": 172,
      "avg_lat": 122.01162790697674,
      "avg_score": 99.18658914728682
    },
    "ss": {
      "count": 0,
      "avg_lat": 0.0,
      "avg_score": 0.0
    },
    "trojan": {
      "count": 41,
      "avg_lat": 163.4390243902439,
      "avg_score": 98.91040650406505
    }
  }
}