{
  "scan_timestamp": "2025-12-30T15:27:02.425749+00:00",
  "duration_seconds": 946.44,
  "performance_metrics": {
    "total_processed": 478,
    "valid_configs": 278,
    "duplicates": 0,
    "failed_tests": 200,
    "success_rate": 58.16,
    "avg_latency_ms": 124.72,
    "avg_score": 99.17
  },
  "protocol_summary": {
    "vmess": {
      "count": 47,
      "avg_lat": 166.48936170212767,
      "avg_score": 98.89007092198581
    },
    "vless": {
      "count": 171,
      "avg_lat": 116.45614035087719,
      "avg_score": 99.22362573099416
    },
    "ss": {
      "count": 0,
      "avg_lat": 0.0,
      "avg_score": 0.0
    },
    "trojan": {
      "count": 60,
      "avg_lat": 115.56666666666666,
      "avg_score": 99.22955555555556
    }
  }
}