{
  "scan_timestamp": "2026-02-13T14:10:30.108941+00:00",
  "duration_seconds": 1014.27,
  "performance_metrics": {
    "total_processed": 467,
    "valid_configs": 306,
    "duplicates": 0,
    "failed_tests": 161,
    "success_rate": 65.52,
    "avg_latency_ms": 177.42,
    "avg_score": 98.82
  },
  "protocol_summary": {
    "vmess": {
      "count": 69,
      "avg_lat": 225.5072463768116,
      "avg_score": 98.49661835748792
    },
    "vless": {
      "count": 189,
      "avg_lat": 153.2010582010582,
      "avg_score": 98.97865961199295
    },
    "ss": {
      "count": 0,
      "avg_lat": 0.0,
      "avg_score": 0.0
    },
    "trojan": {
      "count": 48,
      "avg_lat": 203.64583333333334,
      "avg_score": 98.6423611111111
    }
  }
}