{
  "scan_timestamp": "2026-01-18T21:20:14.783730+00:00",
  "duration_seconds": 675.33,
  "performance_metrics": {
    "total_processed": 400,
    "valid_configs": 190,
    "duplicates": 0,
    "failed_tests": 210,
    "success_rate": 47.5,
    "avg_latency_ms": 91.78,
    "avg_score": 99.39
  },
  "protocol_summary": {
    "vmess": {
      "count": 62,
      "avg_lat": 86.01612903225806,
      "avg_score": 99.42655913978494
    },
    "vless": {
      "count": 60,
      "avg_lat": 50.68333333333333,
      "avg_score": 99.6621111111111
    },
    "ss": {
      "count": 0,
      "avg_lat": 0.0,
      "avg_score": 0.0
    },
    "trojan": {
      "count": 68,
      "avg_lat": 133.2941176470588,
      "avg_score": 99.11137254901962
    }
  }
}