{
  "scan_timestamp": "2026-04-19T12:48:13.552440+00:00",
  "duration_seconds": 891.98,
  "performance_metrics": {
    "total_processed": 487,
    "valid_configs": 220,
    "duplicates": 0,
    "failed_tests": 267,
    "success_rate": 45.17,
    "avg_latency_ms": 81.61,
    "avg_score": 99.46
  },
  "protocol_summary": {
    "vmess": {
      "count": 2,
      "avg_lat": 110.5,
      "avg_score": 99.26333333333334
    },
    "vless": {
      "count": 211,
      "avg_lat": 82.00473933649289,
      "avg_score": 99.45330173775672
    },
    "ss": {
      "count": 1,
      "avg_lat": 177.0,
      "avg_score": 98.82
    },
    "trojan": {
      "count": 6,
      "avg_lat": 42.333333333333336,
      "avg_score": 99.71777777777777
    }
  }
}