{
  "scan_timestamp": "2026-01-24T12:32:47.048386+00:00",
  "duration_seconds": 847.25,
  "performance_metrics": {
    "total_processed": 427,
    "valid_configs": 225,
    "duplicates": 0,
    "failed_tests": 202,
    "success_rate": 52.69,
    "avg_latency_ms": 123.39,
    "avg_score": 99.18
  },
  "protocol_summary": {
    "vmess": {
      "count": 56,
      "avg_lat": 173.66071428571428,
      "avg_score": 98.84226190476191
    },
    "vless": {
      "count": 134,
      "avg_lat": 106.02985074626865,
      "avg_score": 99.29313432835822
    },
    "ss": {
      "count": 0,
      "avg_lat": 0.0,
      "avg_score": 0.0
    },
    "trojan": {
      "count": 35,
      "avg_lat": 109.42857142857143,
      "avg_score": 99.27047619047619
    }
  }
}