{
  "scan_timestamp": "2026-04-14T20:16:32.149287+00:00",
  "duration_seconds": 1088.98,
  "performance_metrics": {
    "total_processed": 486,
    "valid_configs": 318,
    "duplicates": 0,
    "failed_tests": 168,
    "success_rate": 65.43,
    "avg_latency_ms": 46.04,
    "avg_score": 99.69
  },
  "protocol_summary": {
    "vmess": {
      "count": 2,
      "avg_lat": 1150.5,
      "avg_score": 92.33
    },
    "vless": {
      "count": 301,
      "avg_lat": 37.27242524916944,
      "avg_score": 99.75151716500554
    },
    "ss": {
      "count": 0,
      "avg_lat": 0.0,
      "avg_score": 0.0
    },
    "trojan": {
      "count": 15,
      "avg_lat": 74.66666666666667,
      "avg_score": 99.50222222222222
    }
  }
}