{
  "scan_timestamp": "2026-01-25T05:35:00.710746+00:00",
  "duration_seconds": 861.24,
  "performance_metrics": {
    "total_processed": 430,
    "valid_configs": 235,
    "duplicates": 0,
    "failed_tests": 195,
    "success_rate": 54.65,
    "avg_latency_ms": 94.09,
    "avg_score": 99.37
  },
  "protocol_summary": {
    "vmess": {
      "count": 64,
      "avg_lat": 100.28125,
      "avg_score": 99.33145833333333
    },
    "vless": {
      "count": 138,
      "avg_lat": 78.68115942028986,
      "avg_score": 99.47545893719807
    },
    "ss": {
      "count": 0,
      "avg_lat": 0.0,
      "avg_score": 0.0
    },
    "trojan": {
      "count": 33,
      "avg_lat": 146.54545454545453,
      "avg_score": 99.02303030303031
    }
  }
}