{
  "scan_timestamp": "2026-03-18T07:47:32.469065+00:00",
  "duration_seconds": 217.17,
  "performance_metrics": {
    "total_processed": 391,
    "valid_configs": 38,
    "duplicates": 0,
    "failed_tests": 353,
    "success_rate": 9.72,
    "avg_latency_ms": 54.5,
    "avg_score": 99.64
  },
  "protocol_summary": {
    "vmess": {
      "count": 1,
      "avg_lat": 19.0,
      "avg_score": 99.87333333333333
    },
    "vless": {
      "count": 29,
      "avg_lat": 43.37931034482759,
      "avg_score": 99.71080459770114
    },
    "ss": {
      "count": 5,
      "avg_lat": 130.8,
      "avg_score": 99.128
    },
    "trojan": {
      "count": 3,
      "avg_lat": 46.666666666666664,
      "avg_score": 99.68888888888888
    }
  }
}