{
  "scan_timestamp": "2026-03-17T11:38:29.395080+00:00",
  "duration_seconds": 209.28,
  "performance_metrics": {
    "total_processed": 389,
    "valid_configs": 37,
    "duplicates": 0,
    "failed_tests": 352,
    "success_rate": 9.51,
    "avg_latency_ms": 106.54,
    "avg_score": 99.29
  },
  "protocol_summary": {
    "vmess": {
      "count": 1,
      "avg_lat": 73.0,
      "avg_score": 99.51333333333334
    },
    "vless": {
      "count": 29,
      "avg_lat": 88.34482758620689,
      "avg_score": 99.41103448275862
    },
    "ss": {
      "count": 5,
      "avg_lat": 253.0,
      "avg_score": 98.31333333333333
    },
    "trojan": {
      "count": 2,
      "avg_lat": 21.0,
      "avg_score": 99.86
    }
  }
}