{
  "scan_timestamp": "2026-03-18T16:02:28.793517+00:00",
  "duration_seconds": 233.13,
  "performance_metrics": {
    "total_processed": 395,
    "valid_configs": 46,
    "duplicates": 0,
    "failed_tests": 349,
    "success_rate": 11.65,
    "avg_latency_ms": 101.39,
    "avg_score": 99.32
  },
  "protocol_summary": {
    "vmess": {
      "count": 1,
      "avg_lat": 1065.0,
      "avg_score": 92.9
    },
    "vless": {
      "count": 29,
      "avg_lat": 51.62068965517241,
      "avg_score": 99.65586206896552
    },
    "ss": {
      "count": 4,
      "avg_lat": 465.75,
      "avg_score": 96.895
    },
    "trojan": {
      "count": 12,
      "avg_lat": 19.916666666666668,
      "avg_score": 99.86722222222222
    }
  }
}