{
  "scan_timestamp": "2026-01-26T22:29:55.239167+00:00",
  "duration_seconds": 1099.32,
  "performance_metrics": {
    "total_processed": 479,
    "valid_configs": 331,
    "duplicates": 0,
    "failed_tests": 148,
    "success_rate": 69.1,
    "avg_latency_ms": 92.15,
    "avg_score": 99.39
  },
  "protocol_summary": {
    "vmess": {
      "count": 41,
      "avg_lat": 77.97560975609755,
      "avg_score": 99.480162601626
    },
    "vless": {
      "count": 229,
      "avg_lat": 96.62008733624454,
      "avg_score": 99.35586608442503
    },
    "ss": {
      "count": 0,
      "avg_lat": 0.0,
      "avg_score": 0.0
    },
    "trojan": {
      "count": 61,
      "avg_lat": 84.88524590163935,
      "avg_score": 99.43409836065574
    }
  }
}