{
  "scan_timestamp": "2025-12-12T22:26:08.009271+00:00",
  "duration_seconds": 968.94,
  "performance_metrics": {
    "total_processed": 477,
    "valid_configs": 238,
    "duplicates": 0,
    "failed_tests": 239,
    "success_rate": 49.9,
    "avg_latency_ms": 156.61,
    "avg_score": 98.96
  },
  "protocol_summary": {
    "vmess": {
      "count": 43,
      "avg_lat": 154.51162790697674,
      "avg_score": 98.96992248062016
    },
    "vless": {
      "count": 116,
      "avg_lat": 87.44827586206897,
      "avg_score": 99.41701149425288
    },
    "ss": {
      "count": 0,
      "avg_lat": 0.0,
      "avg_score": 0.0
    },
    "trojan": {
      "count": 79,
      "avg_lat": 259.2911392405063,
      "avg_score": 98.2713924050633
    }
  }
}