{
  "scan_timestamp": "2026-07-10T08:30:06.225387+00:00",
  "duration_seconds": 486.37,
  "performance_metrics": {
    "total_processed": 457,
    "valid_configs": 148,
    "duplicates": 0,
    "failed_tests": 309,
    "success_rate": 32.39,
    "avg_latency_ms": 110.21,
    "avg_score": 99.27
  },
  "protocol_summary": {
    "vmess": {
      "count": 1,
      "avg_lat": 25.0,
      "avg_score": 99.83333333333333
    },
    "vless": {
      "count": 1,
      "avg_lat": 117.0,
      "avg_score": 99.22
    },
    "ss": {
      "count": 132,
      "avg_lat": 121.04545454545455,
      "avg_score": 99.1930303030303
    },
    "trojan": {
      "count": 14,
      "avg_lat": 13.642857142857142,
      "avg_score": 99.90904761904763
    }
  }
}