{
  "scan_timestamp": "2026-07-06T17:49:35.490288+00:00",
  "duration_seconds": 419.89,
  "performance_metrics": {
    "total_processed": 464,
    "valid_configs": 127,
    "duplicates": 0,
    "failed_tests": 337,
    "success_rate": 27.37,
    "avg_latency_ms": 96.05,
    "avg_score": 99.36
  },
  "protocol_summary": {
    "vmess": {
      "count": 1,
      "avg_lat": 1.0,
      "avg_score": 99.99333333333334
    },
    "vless": {
      "count": 3,
      "avg_lat": 352.3333333333333,
      "avg_score": 97.6511111111111
    },
    "ss": {
      "count": 112,
      "avg_lat": 98.86607142857143,
      "avg_score": 99.34089285714286
    },
    "trojan": {
      "count": 11,
      "avg_lat": 6.090909090909091,
      "avg_score": 99.95939393939393
    }
  }
}