{
  "scan_timestamp": "2026-04-18T20:39:55.584214+00:00",
  "duration_seconds": 1009.05,
  "performance_metrics": {
    "total_processed": 491,
    "valid_configs": 273,
    "duplicates": 0,
    "failed_tests": 218,
    "success_rate": 55.6,
    "avg_latency_ms": 75.48,
    "avg_score": 99.5
  },
  "protocol_summary": {
    "vmess": {
      "count": 2,
      "avg_lat": 139.0,
      "avg_score": 99.07333333333334
    },
    "vless": {
      "count": 265,
      "avg_lat": 75.66415094339622,
      "avg_score": 99.49557232704403
    },
    "ss": {
      "count": 0,
      "avg_lat": 0.0,
      "avg_score": 0.0
    },
    "trojan": {
      "count": 6,
      "avg_lat": 46.166666666666664,
      "avg_score": 99.69222222222221
    }
  }
}