{
  "scan_timestamp": "2025-12-20T19:21:45.999406+00:00",
  "duration_seconds": 859.3,
  "performance_metrics": {
    "total_processed": 417,
    "valid_configs": 218,
    "duplicates": 0,
    "failed_tests": 199,
    "success_rate": 52.28,
    "avg_latency_ms": 97.83,
    "avg_score": 99.35
  },
  "protocol_summary": {
    "vmess": {
      "count": 48,
      "avg_lat": 144.72916666666666,
      "avg_score": 99.03513888888888
    },
    "vless": {
      "count": 141,
      "avg_lat": 69.48226950354609,
      "avg_score": 99.53678486997636
    },
    "ss": {
      "count": 0,
      "avg_lat": 0.0,
      "avg_score": 0.0
    },
    "trojan": {
      "count": 29,
      "avg_lat": 158.06896551724137,
      "avg_score": 98.94620689655173
    }
  }
}