{
  "scan_timestamp": "2026-01-11T04:50:05.189082+00:00",
  "duration_seconds": 670.56,
  "performance_metrics": {
    "total_processed": 414,
    "valid_configs": 175,
    "duplicates": 0,
    "failed_tests": 239,
    "success_rate": 42.27,
    "avg_latency_ms": 148.3,
    "avg_score": 99.01
  },
  "protocol_summary": {
    "vmess": {
      "count": 35,
      "avg_lat": 92.51428571428572,
      "avg_score": 99.3832380952381
    },
    "vless": {
      "count": 77,
      "avg_lat": 54.94805194805195,
      "avg_score": 99.63367965367965
    },
    "ss": {
      "count": 0,
      "avg_lat": 0.0,
      "avg_score": 0.0
    },
    "trojan": {
      "count": 63,
      "avg_lat": 293.3968253968254,
      "avg_score": 98.04402116402117
    }
  }
}