{
  "scan_timestamp": "2026-04-12T08:53:01.862647+00:00",
  "duration_seconds": 1011.45,
  "performance_metrics": {
    "total_processed": 483,
    "valid_configs": 227,
    "duplicates": 0,
    "failed_tests": 256,
    "success_rate": 47.0,
    "avg_latency_ms": 159.19,
    "avg_score": 98.94
  },
  "protocol_summary": {
    "vmess": {
      "count": 2,
      "avg_lat": 147.5,
      "avg_score": 99.01666666666667
    },
    "vless": {
      "count": 218,
      "avg_lat": 162.1743119266055,
      "avg_score": 98.9188379204893
    },
    "ss": {
      "count": 1,
      "avg_lat": 175.0,
      "avg_score": 98.83333333333333
    },
    "trojan": {
      "count": 6,
      "avg_lat": 51.833333333333336,
      "avg_score": 99.65444444444445
    }
  }
}