{
  "scan_timestamp": "2026-03-04T18:49:34.235086+00:00",
  "duration_seconds": 1081.95,
  "performance_metrics": {
    "total_processed": 473,
    "valid_configs": 325,
    "duplicates": 0,
    "failed_tests": 148,
    "success_rate": 68.71,
    "avg_latency_ms": 73.37,
    "avg_score": 99.51
  },
  "protocol_summary": {
    "vmess": {
      "count": 60,
      "avg_lat": 47.55,
      "avg_score": 99.68299999999999
    },
    "vless": {
      "count": 230,
      "avg_lat": 83.23913043478261,
      "avg_score": 99.44507246376811
    },
    "ss": {
      "count": 0,
      "avg_lat": 0.0,
      "avg_score": 0.0
    },
    "trojan": {
      "count": 35,
      "avg_lat": 52.74285714285714,
      "avg_score": 99.64838095238095
    }
  }
}