{
  "scan_timestamp": "2026-01-18T13:37:21.042953+00:00",
  "duration_seconds": 913.09,
  "performance_metrics": {
    "total_processed": 445,
    "valid_configs": 262,
    "duplicates": 0,
    "failed_tests": 183,
    "success_rate": 58.88,
    "avg_latency_ms": 133.38,
    "avg_score": 99.11
  },
  "protocol_summary": {
    "vmess": {
      "count": 61,
      "avg_lat": 92.27868852459017,
      "avg_score": 99.3848087431694
    },
    "vless": {
      "count": 133,
      "avg_lat": 110.0,
      "avg_score": 99.26666666666667
    },
    "ss": {
      "count": 0,
      "avg_lat": 0.0,
      "avg_score": 0.0
    },
    "trojan": {
      "count": 68,
      "avg_lat": 215.97058823529412,
      "avg_score": 98.56019607843137
    }
  }
}