{
  "scan_timestamp": "2026-01-12T23:26:00.659822+00:00",
  "duration_seconds": 1016.52,
  "performance_metrics": {
    "total_processed": 467,
    "valid_configs": 308,
    "duplicates": 0,
    "failed_tests": 159,
    "success_rate": 65.95,
    "avg_latency_ms": 102.4,
    "avg_score": 99.32
  },
  "protocol_summary": {
    "vmess": {
      "count": 98,
      "avg_lat": 95.85714285714286,
      "avg_score": 99.36095238095238
    },
    "vless": {
      "count": 146,
      "avg_lat": 76.04109589041096,
      "avg_score": 99.4930593607306
    },
    "ss": {
      "count": 0,
      "avg_lat": 0.0,
      "avg_score": 0.0
    },
    "trojan": {
      "count": 64,
      "avg_lat": 172.5625,
      "avg_score": 98.84958333333333
    }
  }
}