{
  "scan_timestamp": "2026-03-01T06:01:22.064595+00:00",
  "duration_seconds": 1099.2,
  "performance_metrics": {
    "total_processed": 473,
    "valid_configs": 329,
    "duplicates": 0,
    "failed_tests": 144,
    "success_rate": 69.56,
    "avg_latency_ms": 72.49,
    "avg_score": 99.52
  },
  "protocol_summary": {
    "vmess": {
      "count": 59,
      "avg_lat": 47.440677966101696,
      "avg_score": 99.68372881355933
    },
    "vless": {
      "count": 235,
      "avg_lat": 80.10212765957446,
      "avg_score": 99.46598581560285
    },
    "ss": {
      "count": 0,
      "avg_lat": 0.0,
      "avg_score": 0.0
    },
    "trojan": {
      "count": 35,
      "avg_lat": 63.628571428571426,
      "avg_score": 99.57580952380953
    }
  }
}