{
  "scan_timestamp": "2026-02-21T10:34:04.480035+00:00",
  "duration_seconds": 1189.86,
  "performance_metrics": {
    "total_processed": 474,
    "valid_configs": 373,
    "duplicates": 0,
    "failed_tests": 101,
    "success_rate": 78.69,
    "avg_latency_ms": 86.58,
    "avg_score": 99.42
  },
  "protocol_summary": {
    "vmess": {
      "count": 64,
      "avg_lat": 92.25,
      "avg_score": 99.385
    },
    "vless": {
      "count": 274,
      "avg_lat": 89.93795620437956,
      "avg_score": 99.40041362530414
    },
    "trojan": {
      "count": 35,
      "avg_lat": 49.97142857142857,
      "avg_score": 99.66685714285715
    }
  }
}