{
  "scan_timestamp": "2025-12-27T07:27:44.735575+00:00",
  "duration_seconds": 1021.93,
  "performance_metrics": {
    "total_processed": 474,
    "valid_configs": 307,
    "duplicates": 0,
    "failed_tests": 167,
    "success_rate": 64.77,
    "avg_latency_ms": 116.26,
    "avg_score": 99.22
  },
  "protocol_summary": {
    "vmess": {
      "count": 86,
      "avg_lat": 68.29069767441861,
      "avg_score": 99.54472868217054
    },
    "vless": {
      "count": 117,
      "avg_lat": 85.28205128205128,
      "avg_score": 99.43145299145299
    },
    "ss": {
      "count": 0,
      "avg_lat": 0.0,
      "avg_score": 0.0
    },
    "trojan": {
      "count": 104,
      "avg_lat": 190.78846153846155,
      "avg_score": 98.72807692307691
    }
  }
}