{
  "scan_timestamp": "2025-12-16T06:34:26.393256+00:00",
  "duration_seconds": 1000.76,
  "performance_metrics": {
    "total_processed": 477,
    "valid_configs": 271,
    "duplicates": 0,
    "failed_tests": 206,
    "success_rate": 56.81,
    "avg_latency_ms": 122.13,
    "avg_score": 99.19
  },
  "protocol_summary": {
    "vmess": {
      "count": 46,
      "avg_lat": 184.17391304347825,
      "avg_score": 98.77217391304349
    },
    "vless": {
      "count": 193,
      "avg_lat": 101.07253886010362,
      "avg_score": 99.32618307426598
    },
    "ss": {
      "count": 0,
      "avg_lat": 0.0,
      "avg_score": 0.0
    },
    "trojan": {
      "count": 32,
      "avg_lat": 159.90625,
      "avg_score": 98.93395833333334
    }
  }
}