{
  "scan_timestamp": "2026-02-16T23:35:58.604638+00:00",
  "duration_seconds": 1078.39,
  "performance_metrics": {
    "total_processed": 462,
    "valid_configs": 328,
    "duplicates": 0,
    "failed_tests": 134,
    "success_rate": 71.0,
    "avg_latency_ms": 117.02,
    "avg_score": 99.22
  },
  "protocol_summary": {
    "vmess": {
      "count": 67,
      "avg_lat": 140.01492537313433,
      "avg_score": 99.0665671641791
    },
    "vless": {
      "count": 224,
      "avg_lat": 114.66071428571429,
      "avg_score": 99.23559523809524
    },
    "ss": {
      "count": 0,
      "avg_lat": 0.0,
      "avg_score": 0.0
    },
    "trojan": {
      "count": 37,
      "avg_lat": 89.70270270270271,
      "avg_score": 99.40198198198199
    }
  }
}