{
  "scan_timestamp": "2026-04-17T17:55:16.332127+00:00",
  "duration_seconds": 995.17,
  "performance_metrics": {
    "total_processed": 490,
    "valid_configs": 282,
    "duplicates": 0,
    "failed_tests": 208,
    "success_rate": 57.55,
    "avg_latency_ms": 72.2,
    "avg_score": 99.52
  },
  "protocol_summary": {
    "vmess": {
      "count": 2,
      "avg_lat": 166.0,
      "avg_score": 98.89333333333333
    },
    "vless": {
      "count": 272,
      "avg_lat": 71.94485294117646,
      "avg_score": 99.52036764705883
    },
    "ss": {
      "count": 0,
      "avg_lat": 0.0,
      "avg_score": 0.0
    },
    "trojan": {
      "count": 8,
      "avg_lat": 57.25,
      "avg_score": 99.61833333333334
    }
  }
}