{
  "scan_timestamp": "2026-02-18T14:18:21.528863+00:00",
  "duration_seconds": 1117.07,
  "performance_metrics": {
    "total_processed": 460,
    "valid_configs": 345,
    "duplicates": 0,
    "failed_tests": 115,
    "success_rate": 75.0,
    "avg_latency_ms": 119.62,
    "avg_score": 99.2
  },
  "protocol_summary": {
    "vmess": {
      "count": 53,
      "avg_lat": 124.73584905660377,
      "avg_score": 99.16842767295597
    },
    "vless": {
      "count": 259,
      "avg_lat": 119.10424710424711,
      "avg_score": 99.20597168597169
    },
    "ss": {
      "count": 0,
      "avg_lat": 0.0,
      "avg_score": 0.0
    },
    "trojan": {
      "count": 33,
      "avg_lat": 115.45454545454545,
      "avg_score": 99.23030303030303
    }
  }
}