{
  "scan_timestamp": "2026-03-26T04:34:13.107979+00:00",
  "duration_seconds": 691.88,
  "performance_metrics": {
    "total_processed": 461,
    "valid_configs": 136,
    "duplicates": 0,
    "failed_tests": 325,
    "success_rate": 29.5,
    "avg_latency_ms": 90.42,
    "avg_score": 99.4
  },
  "protocol_summary": {
    "vmess": {
      "count": 2,
      "avg_lat": 61.5,
      "avg_score": 99.59
    },
    "vless": {
      "count": 120,
      "avg_lat": 88.55833333333334,
      "avg_score": 99.40961111111112
    },
    "ss": {
      "count": 2,
      "avg_lat": 166.5,
      "avg_score": 98.89
    },
    "trojan": {
      "count": 12,
      "avg_lat": 101.16666666666667,
      "avg_score": 99.32555555555557
    }
  }
}