{
  "scan_timestamp": "2025-12-10T15:28:18.961146+00:00",
  "duration_seconds": 880.23,
  "performance_metrics": {
    "total_processed": 475,
    "valid_configs": 194,
    "duplicates": 0,
    "failed_tests": 281,
    "success_rate": 40.84,
    "avg_latency_ms": 158.48,
    "avg_score": 98.94
  },
  "protocol_summary": {
    "vmess": {
      "count": 38,
      "avg_lat": 123.39473684210526,
      "avg_score": 99.17736842105262
    },
    "vless": {
      "count": 96,
      "avg_lat": 161.54166666666666,
      "avg_score": 98.92305555555555
    },
    "ss": {
      "count": 0,
      "avg_lat": 0.0,
      "avg_score": 0.0
    },
    "trojan": {
      "count": 60,
      "avg_lat": 175.81666666666666,
      "avg_score": 98.82788888888889
    }
  }
}