{
  "scan_timestamp": "2026-03-06T14:45:48.533825+00:00",
  "duration_seconds": 1077.25,
  "performance_metrics": {
    "total_processed": 473,
    "valid_configs": 321,
    "duplicates": 0,
    "failed_tests": 152,
    "success_rate": 67.86,
    "avg_latency_ms": 110.71,
    "avg_score": 99.26
  },
  "protocol_summary": {
    "vmess": {
      "count": 59,
      "avg_lat": 64.62711864406779,
      "avg_score": 99.56915254237288
    },
    "vless": {
      "count": 227,
      "avg_lat": 121.59030837004406,
      "avg_score": 99.1893979441997
    },
    "ss": {
      "count": 0,
      "avg_lat": 0.0,
      "avg_score": 0.0
    },
    "trojan": {
      "count": 35,
      "avg_lat": 117.85714285714286,
      "avg_score": 99.21428571428571
    }
  }
}