{
  "scan_timestamp": "2026-03-06T07:48:54.749364+00:00",
  "duration_seconds": 1072.77,
  "performance_metrics": {
    "total_processed": 473,
    "valid_configs": 321,
    "duplicates": 0,
    "failed_tests": 152,
    "success_rate": 67.86,
    "avg_latency_ms": 67.04,
    "avg_score": 99.55
  },
  "protocol_summary": {
    "vmess": {
      "count": 60,
      "avg_lat": 44.13333333333333,
      "avg_score": 99.70577777777777
    },
    "vless": {
      "count": 226,
      "avg_lat": 74.42477876106194,
      "avg_score": 99.50383480825958
    },
    "ss": {
      "count": 0,
      "avg_lat": 0.0,
      "avg_score": 0.0
    },
    "trojan": {
      "count": 35,
      "avg_lat": 58.6,
      "avg_score": 99.60933333333334
    }
  }
}