{
  "scan_timestamp": "2026-07-04T22:09:38.487600+00:00",
  "duration_seconds": 529.15,
  "performance_metrics": {
    "total_processed": 464,
    "valid_configs": 169,
    "duplicates": 0,
    "failed_tests": 295,
    "success_rate": 36.42,
    "avg_latency_ms": 175.55,
    "avg_score": 98.83
  },
  "protocol_summary": {
    "vless": {
      "count": 3,
      "avg_lat": 475.0,
      "avg_score": 96.83333333333333
    },
    "ss": {
      "count": 162,
      "avg_lat": 174.2716049382716,
      "avg_score": 98.83818930041153
    },
    "trojan": {
      "count": 4,
      "avg_lat": 2.75,
      "avg_score": 99.98166666666667
    }
  }
}