{
  "scan_timestamp": "2026-02-20T17:48:19.316374+00:00",
  "duration_seconds": 1204.85,
  "performance_metrics": {
    "total_processed": 474,
    "valid_configs": 387,
    "duplicates": 0,
    "failed_tests": 87,
    "success_rate": 81.65,
    "avg_latency_ms": 104.67,
    "avg_score": 99.3
  },
  "protocol_summary": {
    "vmess": {
      "count": 69,
      "avg_lat": 116.81159420289855,
      "avg_score": 99.22125603864734
    },
    "vless": {
      "count": 283,
      "avg_lat": 107.13780918727915,
      "avg_score": 99.28574793875147
    },
    "trojan": {
      "count": 35,
      "avg_lat": 60.77142857142857,
      "avg_score": 99.59485714285715
    }
  }
}