{
  "scan_timestamp": "2026-01-20T22:26:11.381129+00:00",
  "duration_seconds": 841.72,
  "performance_metrics": {
    "total_processed": 425,
    "valid_configs": 229,
    "duplicates": 0,
    "failed_tests": 196,
    "success_rate": 53.88,
    "avg_latency_ms": 99.13,
    "avg_score": 99.34
  },
  "protocol_summary": {
    "vmess": {
      "count": 61,
      "avg_lat": 88.72131147540983,
      "avg_score": 99.40852459016394
    },
    "vless": {
      "count": 127,
      "avg_lat": 74.11811023622047,
      "avg_score": 99.50587926509186
    },
    "ss": {
      "count": 0,
      "avg_lat": 0.0,
      "avg_score": 0.0
    },
    "trojan": {
      "count": 41,
      "avg_lat": 192.09756097560975,
      "avg_score": 98.71934959349593
    }
  }
}