{
  "scan_timestamp": "2026-01-16T21:24:57.117142+00:00",
  "duration_seconds": 842.01,
  "performance_metrics": {
    "total_processed": 423,
    "valid_configs": 223,
    "duplicates": 0,
    "failed_tests": 200,
    "success_rate": 52.72,
    "avg_latency_ms": 98.28,
    "avg_score": 99.34
  },
  "protocol_summary": {
    "vmess": {
      "count": 53,
      "avg_lat": 100.0,
      "avg_score": 99.33333333333334
    },
    "vless": {
      "count": 127,
      "avg_lat": 76.96062992125984,
      "avg_score": 99.48692913385827
    },
    "ss": {
      "count": 0,
      "avg_lat": 0.0,
      "avg_score": 0.0
    },
    "trojan": {
      "count": 43,
      "avg_lat": 159.11627906976744,
      "avg_score": 98.93922480620154
    }
  }
}