{
  "scan_timestamp": "2025-12-22T10:26:27.349098+00:00",
  "duration_seconds": 864.63,
  "performance_metrics": {
    "total_processed": 426,
    "valid_configs": 226,
    "duplicates": 0,
    "failed_tests": 200,
    "success_rate": 53.05,
    "avg_latency_ms": 120.75,
    "avg_score": 99.2
  },
  "protocol_summary": {
    "vmess": {
      "count": 49,
      "avg_lat": 112.08163265306122,
      "avg_score": 99.25278911564625
    },
    "vless": {
      "count": 132,
      "avg_lat": 89.00757575757575,
      "avg_score": 99.40661616161617
    },
    "ss": {
      "count": 0,
      "avg_lat": 0.0,
      "avg_score": 0.0
    },
    "trojan": {
      "count": 45,
      "avg_lat": 223.2888888888889,
      "avg_score": 98.5114074074074
    }
  }
}