{
  "scan_timestamp": "2026-01-13T07:32:30.286707+00:00",
  "duration_seconds": 959.69,
  "performance_metrics": {
    "total_processed": 475,
    "valid_configs": 289,
    "duplicates": 0,
    "failed_tests": 186,
    "success_rate": 60.84,
    "avg_latency_ms": 117.22,
    "avg_score": 99.22
  },
  "protocol_summary": {
    "vmess": {
      "count": 58,
      "avg_lat": 90.77586206896552,
      "avg_score": 99.39482758620689
    },
    "vless": {
      "count": 161,
      "avg_lat": 88.68944099378882,
      "avg_score": 99.40873706004142
    },
    "ss": {
      "count": 0,
      "avg_lat": 0.0,
      "avg_score": 0.0
    },
    "trojan": {
      "count": 70,
      "avg_lat": 204.75714285714287,
      "avg_score": 98.63495238095238
    }
  }
}