{
  "scan_timestamp": "2026-02-18T18:03:36.402119+00:00",
  "duration_seconds": 1121.19,
  "performance_metrics": {
    "total_processed": 460,
    "valid_configs": 351,
    "duplicates": 0,
    "failed_tests": 109,
    "success_rate": 76.3,
    "avg_latency_ms": 127.86,
    "avg_score": 99.15
  },
  "protocol_summary": {
    "vmess": {
      "count": 53,
      "avg_lat": 162.75471698113208,
      "avg_score": 98.91496855345913
    },
    "vless": {
      "count": 263,
      "avg_lat": 122.75285171102662,
      "avg_score": 99.18164765525982
    },
    "ss": {
      "count": 0,
      "avg_lat": 0.0,
      "avg_score": 0.0
    },
    "trojan": {
      "count": 35,
      "avg_lat": 113.37142857142857,
      "avg_score": 99.24419047619047
    }
  }
}