{
  "scan_timestamp": "2026-03-06T08:41:41.571941+00:00",
  "duration_seconds": 1074.26,
  "performance_metrics": {
    "total_processed": 473,
    "valid_configs": 320,
    "duplicates": 0,
    "failed_tests": 153,
    "success_rate": 67.65,
    "avg_latency_ms": 67.72,
    "avg_score": 99.55
  },
  "protocol_summary": {
    "vmess": {
      "count": 60,
      "avg_lat": 50.88333333333333,
      "avg_score": 99.66077777777778
    },
    "vless": {
      "count": 225,
      "avg_lat": 76.5911111111111,
      "avg_score": 99.4893925925926
    },
    "ss": {
      "count": 0,
      "avg_lat": 0.0,
      "avg_score": 0.0
    },
    "trojan": {
      "count": 35,
      "avg_lat": 39.51428571428571,
      "avg_score": 99.73657142857144
    }
  }
}