{
  "scan_timestamp": "2026-02-24T20:40:52.518031+00:00",
  "duration_seconds": 1113.74,
  "performance_metrics": {
    "total_processed": 474,
    "valid_configs": 343,
    "duplicates": 0,
    "failed_tests": 131,
    "success_rate": 72.36,
    "avg_latency_ms": 97.55,
    "avg_score": 99.35
  },
  "protocol_summary": {
    "vmess": {
      "count": 60,
      "avg_lat": 74.9,
      "avg_score": 99.50066666666666
    },
    "vless": {
      "count": 240,
      "avg_lat": 112.92916666666666,
      "avg_score": 99.24713888888888
    },
    "trojan": {
      "count": 43,
      "avg_lat": 43.325581395348834,
      "avg_score": 99.71116279069767
    }
  }
}