{
  "scan_timestamp": "2025-12-11T10:27:20.837294+00:00",
  "duration_seconds": 902.82,
  "performance_metrics": {
    "total_processed": 471,
    "valid_configs": 221,
    "duplicates": 0,
    "failed_tests": 250,
    "success_rate": 46.92,
    "avg_latency_ms": 153.99,
    "avg_score": 98.97
  },
  "protocol_summary": {
    "vmess": {
      "count": 43,
      "avg_lat": 137.97674418604652,
      "avg_score": 99.08015503875968
    },
    "vless": {
      "count": 113,
      "avg_lat": 121.00884955752213,
      "avg_score": 99.19327433628318
    },
    "ss": {
      "count": 0,
      "avg_lat": 0.0,
      "avg_score": 0.0
    },
    "trojan": {
      "count": 65,
      "avg_lat": 221.90769230769232,
      "avg_score": 98.52061538461538
    }
  }
}