{
  "scan_timestamp": "2026-07-16T19:14:25.476903+00:00",
  "duration_seconds": 373.85,
  "performance_metrics": {
    "total_processed": 376,
    "valid_configs": 114,
    "duplicates": 0,
    "failed_tests": 262,
    "success_rate": 30.32,
    "avg_latency_ms": 120.69,
    "avg_score": 99.2
  },
  "protocol_summary": {
    "vmess": {
      "count": 1,
      "avg_lat": 34.0,
      "avg_score": 99.77333333333333
    },
    "vless": {
      "count": 1,
      "avg_lat": 13.0,
      "avg_score": 99.91333333333333
    },
    "ss": {
      "count": 112,
      "avg_lat": 122.42857142857143,
      "avg_score": 99.18380952380951
    }
  }
}