{
  "scan_timestamp": "2025-12-30T03:07:26.490680+00:00",
  "duration_seconds": 1051.98,
  "performance_metrics": {
    "total_processed": 477,
    "valid_configs": 301,
    "duplicates": 0,
    "failed_tests": 176,
    "success_rate": 63.1,
    "avg_latency_ms": 133.17,
    "avg_score": 99.11
  },
  "protocol_summary": {
    "vmess": {
      "count": 48,
      "avg_lat": 131.22916666666666,
      "avg_score": 99.12513888888888
    },
    "vless": {
      "count": 217,
      "avg_lat": 113.10138248847926,
      "avg_score": 99.24599078341015
    },
    "ss": {
      "count": 0,
      "avg_lat": 0.0,
      "avg_score": 0.0
    },
    "trojan": {
      "count": 36,
      "avg_lat": 256.72222222222223,
      "avg_score": 98.28851851851852
    }
  }
}