{
  "scan_timestamp": "2026-04-13T16:20:57.837375+00:00",
  "duration_seconds": 999.0,
  "performance_metrics": {
    "total_processed": 481,
    "valid_configs": 251,
    "duplicates": 0,
    "failed_tests": 230,
    "success_rate": 52.18,
    "avg_latency_ms": 85.0,
    "avg_score": 99.43
  },
  "protocol_summary": {
    "vmess": {
      "count": 2,
      "avg_lat": 150.5,
      "avg_score": 98.99666666666667
    },
    "vless": {
      "count": 241,
      "avg_lat": 85.64315352697095,
      "avg_score": 99.42904564315353
    },
    "ss": {
      "count": 2,
      "avg_lat": 168.5,
      "avg_score": 98.87666666666667
    },
    "trojan": {
      "count": 6,
      "avg_lat": 9.666666666666666,
      "avg_score": 99.93555555555555
    }
  }
}