{
  "scan_timestamp": "2026-07-11T00:04:41.026137+00:00",
  "duration_seconds": 486.52,
  "performance_metrics": {
    "total_processed": 441,
    "valid_configs": 147,
    "duplicates": 0,
    "failed_tests": 294,
    "success_rate": 33.33,
    "avg_latency_ms": 161.5,
    "avg_score": 98.92
  },
  "protocol_summary": {
    "vmess": {
      "count": 1,
      "avg_lat": 74.0,
      "avg_score": 99.50666666666666
    },
    "vless": {
      "count": 1,
      "avg_lat": 2.0,
      "avg_score": 99.98666666666666
    },
    "ss": {
      "count": 136,
      "avg_lat": 158.3235294117647,
      "avg_score": 98.94450980392158
    },
    "trojan": {
      "count": 9,
      "avg_lat": 237.0,
      "avg_score": 98.42
    }
  }
}