{
  "scan_timestamp": "2026-03-03T22:35:09.724968+00:00",
  "duration_seconds": 1084.62,
  "performance_metrics": {
    "total_processed": 473,
    "valid_configs": 325,
    "duplicates": 0,
    "failed_tests": 148,
    "success_rate": 68.71,
    "avg_latency_ms": 78.24,
    "avg_score": 99.48
  },
  "protocol_summary": {
    "vmess": {
      "count": 60,
      "avg_lat": 52.71666666666667,
      "avg_score": 99.64855555555555
    },
    "vless": {
      "count": 230,
      "avg_lat": 86.79130434782608,
      "avg_score": 99.42139130434782
    },
    "ss": {
      "count": 0,
      "avg_lat": 0.0,
      "avg_score": 0.0
    },
    "trojan": {
      "count": 35,
      "avg_lat": 65.82857142857142,
      "avg_score": 99.56114285714285
    }
  }
}