{
  "scan_timestamp": "2025-12-19T09:29:38.546427+00:00",
  "duration_seconds": 910.42,
  "performance_metrics": {
    "total_processed": 464,
    "valid_configs": 246,
    "duplicates": 0,
    "failed_tests": 218,
    "success_rate": 53.02,
    "avg_latency_ms": 114.01,
    "avg_score": 99.24
  },
  "protocol_summary": {
    "vmess": {
      "count": 85,
      "avg_lat": 178.54117647058823,
      "avg_score": 98.80972549019607
    },
    "vless": {
      "count": 127,
      "avg_lat": 61.2992125984252,
      "avg_score": 99.59133858267717
    },
    "ss": {
      "count": 0,
      "avg_lat": 0.0,
      "avg_score": 0.0
    },
    "trojan": {
      "count": 34,
      "avg_lat": 149.58823529411765,
      "avg_score": 99.00274509803921
    }
  }
}