{
  "scan_timestamp": "2026-02-17T14:16:57.589651+00:00",
  "duration_seconds": 1073.28,
  "performance_metrics": {
    "total_processed": 455,
    "valid_configs": 329,
    "duplicates": 0,
    "failed_tests": 126,
    "success_rate": 72.31,
    "avg_latency_ms": 94.06,
    "avg_score": 99.37
  },
  "protocol_summary": {
    "vmess": {
      "count": 69,
      "avg_lat": 86.4927536231884,
      "avg_score": 99.42338164251207
    },
    "vless": {
      "count": 219,
      "avg_lat": 89.59817351598174,
      "avg_score": 99.4026788432268
    },
    "ss": {
      "count": 0,
      "avg_lat": 0.0,
      "avg_score": 0.0
    },
    "trojan": {
      "count": 41,
      "avg_lat": 130.609756097561,
      "avg_score": 99.12926829268294
    }
  }
}