{
  "scan_timestamp": "2025-12-11T04:40:32.017679+00:00",
  "duration_seconds": 873.12,
  "performance_metrics": {
    "total_processed": 472,
    "valid_configs": 196,
    "duplicates": 0,
    "failed_tests": 276,
    "success_rate": 41.53,
    "avg_latency_ms": 135.16,
    "avg_score": 99.1
  },
  "protocol_summary": {
    "vmess": {
      "count": 28,
      "avg_lat": 136.42857142857142,
      "avg_score": 99.0904761904762
    },
    "vless": {
      "count": 112,
      "avg_lat": 81.24107142857143,
      "avg_score": 99.45839285714285
    },
    "ss": {
      "count": 0,
      "avg_lat": 0.0,
      "avg_score": 0.0
    },
    "trojan": {
      "count": 56,
      "avg_lat": 242.375,
      "avg_score": 98.38416666666667
    }
  }
}