{
  "scan_timestamp": "2025-12-23T12:34:21.420307+00:00",
  "duration_seconds": 832.2,
  "performance_metrics": {
    "total_processed": 465,
    "valid_configs": 228,
    "duplicates": 0,
    "failed_tests": 237,
    "success_rate": 49.03,
    "avg_latency_ms": 177.63,
    "avg_score": 98.82
  },
  "protocol_summary": {
    "vmess": {
      "count": 58,
      "avg_lat": 203.20689655172413,
      "avg_score": 98.64528735632183
    },
    "vless": {
      "count": 86,
      "avg_lat": 133.2674418604651,
      "avg_score": 99.1115503875969
    },
    "ss": {
      "count": 0,
      "avg_lat": 0.0,
      "avg_score": 0.0
    },
    "trojan": {
      "count": 84,
      "avg_lat": 205.39285714285714,
      "avg_score": 98.63071428571428
    }
  }
}