{
  "scan_timestamp": "2026-01-19T05:36:00.506187+00:00",
  "duration_seconds": 782.73,
  "performance_metrics": {
    "total_processed": 409,
    "valid_configs": 211,
    "duplicates": 0,
    "failed_tests": 198,
    "success_rate": 51.59,
    "avg_latency_ms": 119.09,
    "avg_score": 99.21
  },
  "protocol_summary": {
    "vmess": {
      "count": 61,
      "avg_lat": 108.26229508196721,
      "avg_score": 99.27825136612022
    },
    "vless": {
      "count": 105,
      "avg_lat": 112.18095238095238,
      "avg_score": 99.25212698412699
    },
    "ss": {
      "count": 0,
      "avg_lat": 0.0,
      "avg_score": 0.0
    },
    "trojan": {
      "count": 45,
      "avg_lat": 149.86666666666667,
      "avg_score": 99.0008888888889
    }
  }
}