{
  "scan_timestamp": "2025-12-30T23:27:40.329053+00:00",
  "duration_seconds": 1053.13,
  "performance_metrics": {
    "total_processed": 478,
    "valid_configs": 303,
    "duplicates": 0,
    "failed_tests": 175,
    "success_rate": 63.39,
    "avg_latency_ms": 110.71,
    "avg_score": 99.26
  },
  "protocol_summary": {
    "vmess": {
      "count": 41,
      "avg_lat": 108.65853658536585,
      "avg_score": 99.27560975609757
    },
    "vless": {
      "count": 212,
      "avg_lat": 102.93396226415095,
      "avg_score": 99.31377358490566
    },
    "ss": {
      "count": 0,
      "avg_lat": 0.0,
      "avg_score": 0.0
    },
    "trojan": {
      "count": 50,
      "avg_lat": 145.36,
      "avg_score": 99.03093333333334
    }
  }
}