{
  "scan_timestamp": "2026-01-08T16:33:33.043185+00:00",
  "duration_seconds": 1081.54,
  "performance_metrics": {
    "total_processed": 476,
    "valid_configs": 339,
    "duplicates": 0,
    "failed_tests": 137,
    "success_rate": 71.22,
    "avg_latency_ms": 143.4,
    "avg_score": 99.04
  },
  "protocol_summary": {
    "vmess": {
      "count": 56,
      "avg_lat": 169.75,
      "avg_score": 98.86833333333334
    },
    "vless": {
      "count": 218,
      "avg_lat": 138.3119266055046,
      "avg_score": 99.07792048929664
    },
    "ss": {
      "count": 0,
      "avg_lat": 0.0,
      "avg_score": 0.0
    },
    "trojan": {
      "count": 65,
      "avg_lat": 137.75384615384615,
      "avg_score": 99.08164102564102
    }
  }
}