{
  "scan_timestamp": "2026-03-01T14:32:38.835482+00:00",
  "duration_seconds": 1088.68,
  "performance_metrics": {
    "total_processed": 473,
    "valid_configs": 327,
    "duplicates": 0,
    "failed_tests": 146,
    "success_rate": 69.13,
    "avg_latency_ms": 80.25,
    "avg_score": 99.46
  },
  "protocol_summary": {
    "vmess": {
      "count": 59,
      "avg_lat": 48.3728813559322,
      "avg_score": 99.67751412429378
    },
    "vless": {
      "count": 233,
      "avg_lat": 88.45064377682404,
      "avg_score": 99.41032904148784
    },
    "ss": {
      "count": 0,
      "avg_lat": 0.0,
      "avg_score": 0.0
    },
    "trojan": {
      "count": 35,
      "avg_lat": 79.42857142857143,
      "avg_score": 99.47047619047619
    }
  }
}