{
  "scan_timestamp": "2026-02-04T14:52:06.661599+00:00",
  "duration_seconds": 1038.47,
  "performance_metrics": {
    "total_processed": 481,
    "valid_configs": 290,
    "duplicates": 0,
    "failed_tests": 191,
    "success_rate": 60.29,
    "avg_latency_ms": 180.62,
    "avg_score": 98.8
  },
  "protocol_summary": {
    "vmess": {
      "count": 64,
      "avg_lat": 119.578125,
      "avg_score": 99.20281250000001
    },
    "vless": {
      "count": 157,
      "avg_lat": 176.0700636942675,
      "avg_score": 98.82619957537155
    },
    "ss": {
      "count": 0,
      "avg_lat": 0.0,
      "avg_score": 0.0
    },
    "trojan": {
      "count": 69,
      "avg_lat": 247.57971014492753,
      "avg_score": 98.34946859903383
    }
  }
}