{
  "scan_timestamp": "2026-02-08T23:37:05.904013+00:00",
  "duration_seconds": 1094.61,
  "performance_metrics": {
    "total_processed": 478,
    "valid_configs": 331,
    "duplicates": 0,
    "failed_tests": 147,
    "success_rate": 69.25,
    "avg_latency_ms": 111.63,
    "avg_score": 99.26
  },
  "protocol_summary": {
    "vmess": {
      "count": 55,
      "avg_lat": 118.7090909090909,
      "avg_score": 99.20860606060606
    },
    "vless": {
      "count": 231,
      "avg_lat": 113.3896103896104,
      "avg_score": 99.24406926406927
    },
    "ss": {
      "count": 0,
      "avg_lat": 0.0,
      "avg_score": 0.0
    },
    "trojan": {
      "count": 45,
      "avg_lat": 93.97777777777777,
      "avg_score": 99.37348148148148
    }
  }
}