{
  "scan_timestamp": "2026-02-24T14:20:58.952243+00:00",
  "duration_seconds": 1109.4,
  "performance_metrics": {
    "total_processed": 474,
    "valid_configs": 340,
    "duplicates": 0,
    "failed_tests": 134,
    "success_rate": 71.73,
    "avg_latency_ms": 85.12,
    "avg_score": 99.43
  },
  "protocol_summary": {
    "vmess": {
      "count": 65,
      "avg_lat": 64.43076923076923,
      "avg_score": 99.57046153846154
    },
    "vless": {
      "count": 240,
      "avg_lat": 95.2375,
      "avg_score": 99.36508333333333
    },
    "trojan": {
      "count": 35,
      "avg_lat": 54.17142857142857,
      "avg_score": 99.63885714285715
    }
  }
}