{
  "scan_timestamp": "2026-04-03T18:45:02.915682+00:00",
  "duration_seconds": 856.79,
  "performance_metrics": {
    "total_processed": 483,
    "valid_configs": 180,
    "duplicates": 0,
    "failed_tests": 303,
    "success_rate": 37.27,
    "avg_latency_ms": 209.88,
    "avg_score": 98.6
  },
  "protocol_summary": {
    "vmess": {
      "count": 2,
      "avg_lat": 1184.5,
      "avg_score": 92.10333333333332
    },
    "vless": {
      "count": 168,
      "avg_lat": 176.16666666666666,
      "avg_score": 98.82555555555555
    },
    "ss": {
      "count": 3,
      "avg_lat": 143.33333333333334,
      "avg_score": 99.04444444444444
    },
    "trojan": {
      "count": 7,
      "avg_lat": 769.0,
      "avg_score": 94.87333333333333
    }
  }
}