{
  "scan_timestamp": "2025-12-11T04:06:32.441107+00:00",
  "duration_seconds": 873.8,
  "performance_metrics": {
    "total_processed": 472,
    "valid_configs": 194,
    "duplicates": 0,
    "failed_tests": 278,
    "success_rate": 41.1,
    "avg_latency_ms": 129.35,
    "avg_score": 99.14
  },
  "protocol_summary": {
    "vmess": {
      "count": 26,
      "avg_lat": 91.76923076923077,
      "avg_score": 99.38820512820513
    },
    "vless": {
      "count": 112,
      "avg_lat": 82.71428571428571,
      "avg_score": 99.44857142857143
    },
    "ss": {
      "count": 0,
      "avg_lat": 0.0,
      "avg_score": 0.0
    },
    "trojan": {
      "count": 56,
      "avg_lat": 240.07142857142858,
      "avg_score": 98.3995238095238
    }
  }
}