{
  "scan_timestamp": "2026-01-14T22:27:02.146233+00:00",
  "duration_seconds": 929.95,
  "performance_metrics": {
    "total_processed": 430,
    "valid_configs": 262,
    "duplicates": 0,
    "failed_tests": 168,
    "success_rate": 60.93,
    "avg_latency_ms": 116.3,
    "avg_score": 99.22
  },
  "protocol_summary": {
    "vmess": {
      "count": 52,
      "avg_lat": 115.23076923076923,
      "avg_score": 99.23179487179488
    },
    "vless": {
      "count": 153,
      "avg_lat": 93.67320261437908,
      "avg_score": 99.3755119825708
    },
    "ss": {
      "count": 0,
      "avg_lat": 0.0,
      "avg_score": 0.0
    },
    "trojan": {
      "count": 57,
      "avg_lat": 178.0,
      "avg_score": 98.81333333333333
    }
  }
}