{
  "scan_timestamp": "2025-12-20T06:31:15.476548+00:00",
  "duration_seconds": 942.13,
  "performance_metrics": {
    "total_processed": 465,
    "valid_configs": 272,
    "duplicates": 0,
    "failed_tests": 193,
    "success_rate": 58.49,
    "avg_latency_ms": 90.68,
    "avg_score": 99.4
  },
  "protocol_summary": {
    "vmess": {
      "count": 76,
      "avg_lat": 126.92105263157895,
      "avg_score": 99.15385964912281
    },
    "vless": {
      "count": 158,
      "avg_lat": 62.075949367088604,
      "avg_score": 99.58616033755274
    },
    "ss": {
      "count": 0,
      "avg_lat": 0.0,
      "avg_score": 0.0
    },
    "trojan": {
      "count": 38,
      "avg_lat": 137.1315789473684,
      "avg_score": 99.08578947368422
    }
  }
}