{
  "scan_timestamp": "2026-02-06T09:49:41.589643+00:00",
  "duration_seconds": 1087.12,
  "performance_metrics": {
    "total_processed": 481,
    "valid_configs": 300,
    "duplicates": 0,
    "failed_tests": 181,
    "success_rate": 62.37,
    "avg_latency_ms": 137.07,
    "avg_score": 99.09
  },
  "protocol_summary": {
    "vmess": {
      "count": 53,
      "avg_lat": 101.0377358490566,
      "avg_score": 99.32641509433962
    },
    "vless": {
      "count": 179,
      "avg_lat": 119.45251396648045,
      "avg_score": 99.20364990689013
    },
    "ss": {
      "count": 0,
      "avg_lat": 0.0,
      "avg_score": 0.0
    },
    "trojan": {
      "count": 68,
      "avg_lat": 211.51470588235293,
      "avg_score": 98.5899019607843
    }
  }
}