{
  "scan_timestamp": "2026-01-06T16:33:47.883753+00:00",
  "duration_seconds": 1173.79,
  "performance_metrics": {
    "total_processed": 485,
    "valid_configs": 368,
    "duplicates": 0,
    "failed_tests": 117,
    "success_rate": 75.88,
    "avg_latency_ms": 129.97,
    "avg_score": 99.13
  },
  "protocol_summary": {
    "vmess": {
      "count": 34,
      "avg_lat": 191.44117647058823,
      "avg_score": 98.72372549019607
    },
    "vless": {
      "count": 276,
      "avg_lat": 115.26449275362319,
      "avg_score": 99.23157004830918
    },
    "ss": {
      "count": 0,
      "avg_lat": 0.0,
      "avg_score": 0.0
    },
    "trojan": {
      "count": 58,
      "avg_lat": 163.89655172413794,
      "avg_score": 98.90735632183909
    }
  }
}