{
  "scan_timestamp": "2026-03-08T14:17:53.396620+00:00",
  "duration_seconds": 186.15,
  "performance_metrics": {
    "total_processed": 371,
    "valid_configs": 31,
    "duplicates": 0,
    "failed_tests": 340,
    "success_rate": 8.36,
    "avg_latency_ms": 52.84,
    "avg_score": 99.65
  },
  "protocol_summary": {
    "vmess": {
      "count": 2,
      "avg_lat": 103.0,
      "avg_score": 99.31333333333333
    },
    "vless": {
      "count": 28,
      "avg_lat": 46.892857142857146,
      "avg_score": 99.68738095238095
    },
    "ss": {
      "count": 1,
      "avg_lat": 119.0,
      "avg_score": 99.20666666666666
    },
    "trojan": {
      "count": 0,
      "avg_lat": 0.0,
      "avg_score": 0.0
    }
  }
}