{
  "scan_timestamp": "2026-03-06T14:02:35.441044+00:00",
  "duration_seconds": 1075.31,
  "performance_metrics": {
    "total_processed": 473,
    "valid_configs": 323,
    "duplicates": 0,
    "failed_tests": 150,
    "success_rate": 68.29,
    "avg_latency_ms": 68.98,
    "avg_score": 99.54
  },
  "protocol_summary": {
    "vmess": {
      "count": 60,
      "avg_lat": 52.81666666666667,
      "avg_score": 99.64788888888889
    },
    "vless": {
      "count": 228,
      "avg_lat": 74.40350877192982,
      "avg_score": 99.50397660818713
    },
    "ss": {
      "count": 0,
      "avg_lat": 0.0,
      "avg_score": 0.0
    },
    "trojan": {
      "count": 35,
      "avg_lat": 61.31428571428572,
      "avg_score": 99.5912380952381
    }
  }
}