{
  "scan_timestamp": "2026-02-27T06:01:37.756761+00:00",
  "duration_seconds": 1105.44,
  "performance_metrics": {
    "total_processed": 473,
    "valid_configs": 334,
    "duplicates": 0,
    "failed_tests": 139,
    "success_rate": 70.61,
    "avg_latency_ms": 83.67,
    "avg_score": 99.44
  },
  "protocol_summary": {
    "vmess": {
      "count": 62,
      "avg_lat": 61.83870967741935,
      "avg_score": 99.58774193548386
    },
    "vless": {
      "count": 237,
      "avg_lat": 92.32489451476793,
      "avg_score": 99.38450070323488
    },
    "ss": {
      "count": 0,
      "avg_lat": 0.0,
      "avg_score": 0.0
    },
    "trojan": {
      "count": 35,
      "avg_lat": 63.77142857142857,
      "avg_score": 99.57485714285714
    }
  }
}