{
  "scan_timestamp": "2026-01-26T09:41:30.732830+00:00",
  "duration_seconds": 1093.35,
  "performance_metrics": {
    "total_processed": 477,
    "valid_configs": 335,
    "duplicates": 0,
    "failed_tests": 142,
    "success_rate": 70.23,
    "avg_latency_ms": 103.22,
    "avg_score": 99.31
  },
  "protocol_summary": {
    "vmess": {
      "count": 44,
      "avg_lat": 79.13636363636364,
      "avg_score": 99.47242424242425
    },
    "vless": {
      "count": 227,
      "avg_lat": 98.53744493392071,
      "avg_score": 99.34308370044053
    },
    "ss": {
      "count": 0,
      "avg_lat": 0.0,
      "avg_score": 0.0
    },
    "trojan": {
      "count": 64,
      "avg_lat": 136.40625,
      "avg_score": 99.090625
    }
  }
}