{
  "scan_timestamp": "2026-01-11T07:27:32.465102+00:00",
  "duration_seconds": 873.29,
  "performance_metrics": {
    "total_processed": 453,
    "valid_configs": 240,
    "duplicates": 0,
    "failed_tests": 213,
    "success_rate": 52.98,
    "avg_latency_ms": 119.36,
    "avg_score": 99.2
  },
  "protocol_summary": {
    "vmess": {
      "count": 89,
      "avg_lat": 90.8314606741573,
      "avg_score": 99.39445692883895
    },
    "vless": {
      "count": 74,
      "avg_lat": 63.66216216216216,
      "avg_score": 99.57558558558559
    },
    "ss": {
      "count": 0,
      "avg_lat": 0.0,
      "avg_score": 0.0
    },
    "trojan": {
      "count": 77,
      "avg_lat": 205.85714285714286,
      "avg_score": 98.62761904761905
    }
  }
}