{
  "scan_timestamp": "2026-02-09T10:04:53.145829+00:00",
  "duration_seconds": 1103.31,
  "performance_metrics": {
    "total_processed": 479,
    "valid_configs": 349,
    "duplicates": 0,
    "failed_tests": 130,
    "success_rate": 72.86,
    "avg_latency_ms": 135.5,
    "avg_score": 99.1
  },
  "protocol_summary": {
    "vmess": {
      "count": 51,
      "avg_lat": 139.76470588235293,
      "avg_score": 99.06823529411764
    },
    "vless": {
      "count": 209,
      "avg_lat": 115.97129186602871,
      "avg_score": 99.22685805422648
    },
    "ss": {
      "count": 0,
      "avg_lat": 0.0,
      "avg_score": 0.0
    },
    "trojan": {
      "count": 89,
      "avg_lat": 178.92134831460675,
      "avg_score": 98.80719101123596
    }
  }
}