{
  "scan_timestamp": "2026-07-03T23:10:29.449798+00:00",
  "duration_seconds": 464.59,
  "performance_metrics": {
    "total_processed": 462,
    "valid_configs": 141,
    "duplicates": 0,
    "failed_tests": 321,
    "success_rate": 30.52,
    "avg_latency_ms": 158.88,
    "avg_score": 98.94
  },
  "protocol_summary": {
    "vmess": {
      "count": 1,
      "avg_lat": 67.0,
      "avg_score": 99.55333333333333
    },
    "vless": {
      "count": 2,
      "avg_lat": 646.5,
      "avg_score": 95.69
    },
    "ss": {
      "count": 127,
      "avg_lat": 165.55905511811022,
      "avg_score": 98.89627296587926
    },
    "trojan": {
      "count": 11,
      "avg_lat": 1.4545454545454546,
      "avg_score": 99.99030303030304
    }
  }
}