{
  "scan_timestamp": "2025-12-29T14:27:21.695958+00:00",
  "duration_seconds": 908.38,
  "performance_metrics": {
    "total_processed": 440,
    "valid_configs": 243,
    "duplicates": 0,
    "failed_tests": 197,
    "success_rate": 55.23,
    "avg_latency_ms": 112.11,
    "avg_score": 99.25
  },
  "protocol_summary": {
    "vmess": {
      "count": 49,
      "avg_lat": 132.40816326530611,
      "avg_score": 99.11727891156463
    },
    "vless": {
      "count": 167,
      "avg_lat": 94.86826347305389,
      "avg_score": 99.36754491017965
    },
    "ss": {
      "count": 0,
      "avg_lat": 0.0,
      "avg_score": 0.0
    },
    "trojan": {
      "count": 27,
      "avg_lat": 181.88888888888889,
      "avg_score": 98.78740740740741
    }
  }
}