{
  "scan_timestamp": "2026-06-28T21:07:37.513286+00:00",
  "duration_seconds": 420.86,
  "performance_metrics": {
    "total_processed": 450,
    "valid_configs": 135,
    "duplicates": 0,
    "failed_tests": 315,
    "success_rate": 30.0,
    "avg_latency_ms": 193.53,
    "avg_score": 98.71
  },
  "protocol_summary": {
    "vmess": {
      "count": 2,
      "avg_lat": 67.0,
      "avg_score": 99.55333333333334
    },
    "vless": {
      "count": 8,
      "avg_lat": 304.0,
      "avg_score": 97.97333333333333
    },
    "ss": {
      "count": 111,
      "avg_lat": 176.4144144144144,
      "avg_score": 98.8239039039039
    },
    "trojan": {
      "count": 14,
      "avg_lat": 284.2142857142857,
      "avg_score": 98.1052380952381
    }
  }
}