{
  "scan_timestamp": "2026-02-10T21:51:09.714144+00:00",
  "duration_seconds": 1113.58,
  "performance_metrics": {
    "total_processed": 478,
    "valid_configs": 347,
    "duplicates": 0,
    "failed_tests": 131,
    "success_rate": 72.59,
    "avg_latency_ms": 112.97,
    "avg_score": 99.25
  },
  "protocol_summary": {
    "vmess": {
      "count": 50,
      "avg_lat": 134.42,
      "avg_score": 99.10386666666668
    },
    "vless": {
      "count": 199,
      "avg_lat": 116.51758793969849,
      "avg_score": 99.22321608040203
    },
    "ss": {
      "count": 0,
      "avg_lat": 0.0,
      "avg_score": 0.0
    },
    "trojan": {
      "count": 98,
      "avg_lat": 94.83673469387755,
      "avg_score": 99.36775510204083
    }
  }
}