{
  "scan_timestamp": "2025-12-25T04:43:59.420503+00:00",
  "duration_seconds": 892.32,
  "performance_metrics": {
    "total_processed": 435,
    "valid_configs": 240,
    "duplicates": 0,
    "failed_tests": 195,
    "success_rate": 55.17,
    "avg_latency_ms": 84.15,
    "avg_score": 99.44
  },
  "protocol_summary": {
    "vmess": {
      "count": 57,
      "avg_lat": 91.43859649122807,
      "avg_score": 99.39040935672514
    },
    "vless": {
      "count": 148,
      "avg_lat": 65.29729729729729,
      "avg_score": 99.56468468468469
    },
    "ss": {
      "count": 0,
      "avg_lat": 0.0,
      "avg_score": 0.0
    },
    "trojan": {
      "count": 35,
      "avg_lat": 152.0,
      "avg_score": 98.98666666666666
    }
  }
}