{
  "scan_timestamp": "2026-01-01T23:24:49.436885+00:00",
  "duration_seconds": 858.24,
  "performance_metrics": {
    "total_processed": 478,
    "valid_configs": 247,
    "duplicates": 0,
    "failed_tests": 231,
    "success_rate": 51.67,
    "avg_latency_ms": 100.83,
    "avg_score": 99.33
  },
  "protocol_summary": {
    "vmess": {
      "count": 71,
      "avg_lat": 143.83098591549296,
      "avg_score": 99.04112676056339
    },
    "vless": {
      "count": 153,
      "avg_lat": 84.79084967320262,
      "avg_score": 99.43472766884531
    },
    "ss": {
      "count": 0,
      "avg_lat": 0.0,
      "avg_score": 0.0
    },
    "trojan": {
      "count": 23,
      "avg_lat": 74.82608695652173,
      "avg_score": 99.50115942028985
    }
  }
}