{
  "scan_timestamp": "2026-04-22T04:50:24.952679+00:00",
  "duration_seconds": 854.82,
  "performance_metrics": {
    "total_processed": 484,
    "valid_configs": 219,
    "duplicates": 0,
    "failed_tests": 265,
    "success_rate": 45.25,
    "avg_latency_ms": 104.99,
    "avg_score": 99.3
  },
  "protocol_summary": {
    "vmess": {
      "count": 3,
      "avg_lat": 127.33333333333333,
      "avg_score": 99.1511111111111
    },
    "vless": {
      "count": 211,
      "avg_lat": 104.05687203791469,
      "avg_score": 99.30628751974724
    },
    "ss": {
      "count": 3,
      "avg_lat": 184.66666666666666,
      "avg_score": 98.7688888888889
    },
    "trojan": {
      "count": 2,
      "avg_lat": 50.5,
      "avg_score": 99.66333333333333
    }
  }
}