{
  "scan_timestamp": "2026-07-17T00:04:58.187647+00:00",
  "duration_seconds": 404.8,
  "performance_metrics": {
    "total_processed": 410,
    "valid_configs": 119,
    "duplicates": 0,
    "failed_tests": 291,
    "success_rate": 29.02,
    "avg_latency_ms": 152.59,
    "avg_score": 98.98
  },
  "protocol_summary": {
    "vmess": {
      "count": 1,
      "avg_lat": 53.0,
      "avg_score": 99.64666666666666
    },
    "vless": {
      "count": 1,
      "avg_lat": 9.0,
      "avg_score": 99.94
    },
    "ss": {
      "count": 116,
      "avg_lat": 152.5948275862069,
      "avg_score": 98.9827011494253
    },
    "trojan": {
      "count": 1,
      "avg_lat": 395.0,
      "avg_score": 97.36666666666666
    }
  }
}