{
  "scan_timestamp": "2026-04-23T07:07:11.493234+00:00",
  "duration_seconds": 815.61,
  "performance_metrics": {
    "total_processed": 478,
    "valid_configs": 196,
    "duplicates": 0,
    "failed_tests": 282,
    "success_rate": 41.0,
    "avg_latency_ms": 85.79,
    "avg_score": 99.43
  },
  "protocol_summary": {
    "vmess": {
      "count": 2,
      "avg_lat": 122.5,
      "avg_score": 99.18333333333334
    },
    "vless": {
      "count": 188,
      "avg_lat": 86.41489361702128,
      "avg_score": 99.42390070921985
    },
    "ss": {
      "count": 1,
      "avg_lat": 215.0,
      "avg_score": 98.56666666666666
    },
    "trojan": {
      "count": 5,
      "avg_lat": 21.6,
      "avg_score": 99.856
    }
  }
}