{
  "scan_timestamp": "2026-02-03T04:19:56.138396+00:00",
  "duration_seconds": 969.71,
  "performance_metrics": {
    "total_processed": 480,
    "valid_configs": 259,
    "duplicates": 0,
    "failed_tests": 221,
    "success_rate": 53.96,
    "avg_latency_ms": 125.99,
    "avg_score": 99.16
  },
  "protocol_summary": {
    "vmess": {
      "count": 76,
      "avg_lat": 82.82894736842105,
      "avg_score": 99.44780701754387
    },
    "vless": {
      "count": 121,
      "avg_lat": 102.33884297520662,
      "avg_score": 99.31774104683196
    },
    "ss": {
      "count": 0,
      "avg_lat": 0.0,
      "avg_score": 0.0
    },
    "trojan": {
      "count": 62,
      "avg_lat": 225.06451612903226,
      "avg_score": 98.49956989247312
    }
  }
}