{
  "scan_timestamp": "2026-04-19T09:09:30.805526+00:00",
  "duration_seconds": 965.13,
  "performance_metrics": {
    "total_processed": 488,
    "valid_configs": 244,
    "duplicates": 0,
    "failed_tests": 244,
    "success_rate": 50.0,
    "avg_latency_ms": 75.06,
    "avg_score": 99.5
  },
  "protocol_summary": {
    "vmess": {
      "count": 2,
      "avg_lat": 111.5,
      "avg_score": 99.25666666666666
    },
    "vless": {
      "count": 235,
      "avg_lat": 75.51914893617021,
      "avg_score": 99.4965390070922
    },
    "ss": {
      "count": 1,
      "avg_lat": 181.0,
      "avg_score": 98.79333333333334
    },
    "trojan": {
      "count": 6,
      "avg_lat": 27.166666666666668,
      "avg_score": 99.81888888888888
    }
  }
}