{
  "scan_timestamp": "2026-01-28T06:37:39.616444+00:00",
  "duration_seconds": 1071.13,
  "performance_metrics": {
    "total_processed": 485,
    "valid_configs": 341,
    "duplicates": 0,
    "failed_tests": 144,
    "success_rate": 70.31,
    "avg_latency_ms": 101.06,
    "avg_score": 99.33
  },
  "protocol_summary": {
    "vmess": {
      "count": 90,
      "avg_lat": 131.9,
      "avg_score": 99.12066666666668
    },
    "vless": {
      "count": 192,
      "avg_lat": 75.796875,
      "avg_score": 99.4946875
    },
    "ss": {
      "count": 0,
      "avg_lat": 0.0,
      "avg_score": 0.0
    },
    "trojan": {
      "count": 59,
      "avg_lat": 136.25423728813558,
      "avg_score": 99.0916384180791
    }
  }
}