{
  "scan_timestamp": "2026-01-12T14:32:23.074713+00:00",
  "duration_seconds": 1004.37,
  "performance_metrics": {
    "total_processed": 472,
    "valid_configs": 305,
    "duplicates": 0,
    "failed_tests": 167,
    "success_rate": 64.62,
    "avg_latency_ms": 119.14,
    "avg_score": 99.21
  },
  "protocol_summary": {
    "vmess": {
      "count": 90,
      "avg_lat": 74.03333333333333,
      "avg_score": 99.50644444444444
    },
    "vless": {
      "count": 147,
      "avg_lat": 110.27891156462584,
      "avg_score": 99.26480725623583
    },
    "ss": {
      "count": 0,
      "avg_lat": 0.0,
      "avg_score": 0.0
    },
    "trojan": {
      "count": 68,
      "avg_lat": 197.98529411764707,
      "avg_score": 98.6800980392157
    }
  }
}