{
  "scan_timestamp": "2025-12-22T17:25:55.257130+00:00",
  "duration_seconds": 929.76,
  "performance_metrics": {
    "total_processed": 472,
    "valid_configs": 260,
    "duplicates": 0,
    "failed_tests": 212,
    "success_rate": 55.08,
    "avg_latency_ms": 98.35,
    "avg_score": 99.34
  },
  "protocol_summary": {
    "vmess": {
      "count": 84,
      "avg_lat": 75.58333333333333,
      "avg_score": 99.49611111111112
    },
    "vless": {
      "count": 129,
      "avg_lat": 88.23255813953489,
      "avg_score": 99.41178294573643
    },
    "ss": {
      "count": 0,
      "avg_lat": 0.0,
      "avg_score": 0.0
    },
    "trojan": {
      "count": 47,
      "avg_lat": 166.7872340425532,
      "avg_score": 98.88808510638297
    }
  }
}