{
  "scan_timestamp": "2026-02-24T23:38:57.115366+00:00",
  "duration_seconds": 1119.46,
  "performance_metrics": {
    "total_processed": 474,
    "valid_configs": 343,
    "duplicates": 0,
    "failed_tests": 131,
    "success_rate": 72.36,
    "avg_latency_ms": 85.89,
    "avg_score": 99.43
  },
  "protocol_summary": {
    "vmess": {
      "count": 62,
      "avg_lat": 67.85483870967742,
      "avg_score": 99.54763440860215
    },
    "vless": {
      "count": 246,
      "avg_lat": 88.3130081300813,
      "avg_score": 99.41124661246613
    },
    "trojan": {
      "count": 35,
      "avg_lat": 100.77142857142857,
      "avg_score": 99.32819047619047
    }
  }
}