{
  "scan_timestamp": "2026-01-25T11:25:24.650002+00:00",
  "duration_seconds": 990.01,
  "performance_metrics": {
    "total_processed": 465,
    "valid_configs": 276,
    "duplicates": 0,
    "failed_tests": 189,
    "success_rate": 59.35,
    "avg_latency_ms": 115.67,
    "avg_score": 99.23
  },
  "protocol_summary": {
    "vmess": {
      "count": 100,
      "avg_lat": 108.37,
      "avg_score": 99.27753333333334
    },
    "vless": {
      "count": 138,
      "avg_lat": 113.34782608695652,
      "avg_score": 99.24434782608695
    },
    "ss": {
      "count": 0,
      "avg_lat": 0.0,
      "avg_score": 0.0
    },
    "trojan": {
      "count": 38,
      "avg_lat": 143.3421052631579,
      "avg_score": 99.04438596491228
    }
  }
}