{
  "scan_timestamp": "2026-04-07T18:03:00.220631+00:00",
  "duration_seconds": 976.78,
  "performance_metrics": {
    "total_processed": 480,
    "valid_configs": 208,
    "duplicates": 0,
    "failed_tests": 272,
    "success_rate": 43.33,
    "avg_latency_ms": 118.25,
    "avg_score": 99.21
  },
  "protocol_summary": {
    "vmess": {
      "count": 2,
      "avg_lat": 160.5,
      "avg_score": 98.93
    },
    "vless": {
      "count": 198,
      "avg_lat": 116.84848484848484,
      "avg_score": 99.2210101010101
    },
    "ss": {
      "count": 1,
      "avg_lat": 177.0,
      "avg_score": 98.82
    },
    "trojan": {
      "count": 7,
      "avg_lat": 137.42857142857142,
      "avg_score": 99.08380952380953
    }
  }
}