{
  "scan_timestamp": "2025-12-07T06:29:49.851764+00:00",
  "duration_seconds": 927.81,
  "performance_metrics": {
    "total_processed": 475,
    "valid_configs": 226,
    "duplicates": 0,
    "failed_tests": 249,
    "success_rate": 47.58,
    "avg_latency_ms": 165.58,
    "avg_score": 98.9
  },
  "protocol_summary": {
    "vmess": {
      "count": 48,
      "avg_lat": 264.0,
      "avg_score": 98.24
    },
    "vless": {
      "count": 129,
      "avg_lat": 129.06201550387595,
      "avg_score": 99.13958656330749
    },
    "ss": {
      "count": 0,
      "avg_lat": 0.0,
      "avg_score": 0.0
    },
    "trojan": {
      "count": 49,
      "avg_lat": 165.3265306122449,
      "avg_score": 98.89782312925169
    }
  }
}