{
  "scan_timestamp": "2025-12-14T20:27:14.524419+00:00",
  "duration_seconds": 979.18,
  "performance_metrics": {
    "total_processed": 469,
    "valid_configs": 266,
    "duplicates": 0,
    "failed_tests": 203,
    "success_rate": 56.72,
    "avg_latency_ms": 105.56,
    "avg_score": 99.3
  },
  "protocol_summary": {
    "vmess": {
      "count": 37,
      "avg_lat": 175.05405405405406,
      "avg_score": 98.83297297297298
    },
    "vless": {
      "count": 191,
      "avg_lat": 90.36649214659685,
      "avg_score": 99.39755671902269
    },
    "ss": {
      "count": 0,
      "avg_lat": 0.0,
      "avg_score": 0.0
    },
    "trojan": {
      "count": 38,
      "avg_lat": 114.28947368421052,
      "avg_score": 99.2380701754386
    }
  }
}