{
  "scan_timestamp": "2026-01-24T04:42:12.846464+00:00",
  "duration_seconds": 963.82,
  "performance_metrics": {
    "total_processed": 465,
    "valid_configs": 269,
    "duplicates": 0,
    "failed_tests": 196,
    "success_rate": 57.85,
    "avg_latency_ms": 102.43,
    "avg_score": 99.32
  },
  "protocol_summary": {
    "vmess": {
      "count": 89,
      "avg_lat": 59.79775280898876,
      "avg_score": 99.60134831460675
    },
    "vless": {
      "count": 124,
      "avg_lat": 123.48387096774194,
      "avg_score": 99.17677419354838
    },
    "ss": {
      "count": 0,
      "avg_lat": 0.0,
      "avg_score": 0.0
    },
    "trojan": {
      "count": 56,
      "avg_lat": 123.57142857142857,
      "avg_score": 99.17619047619048
    }
  }
}