{
  "scan_timestamp": "2026-01-18T18:30:17.944246+00:00",
  "duration_seconds": 970.67,
  "performance_metrics": {
    "total_processed": 468,
    "valid_configs": 277,
    "duplicates": 0,
    "failed_tests": 191,
    "success_rate": 59.19,
    "avg_latency_ms": 111.45,
    "avg_score": 99.26
  },
  "protocol_summary": {
    "vmess": {
      "count": 69,
      "avg_lat": 102.6376811594203,
      "avg_score": 99.31574879227054
    },
    "vless": {
      "count": 135,
      "avg_lat": 67.96296296296296,
      "avg_score": 99.54691358024692
    },
    "ss": {
      "count": 0,
      "avg_lat": 0.0,
      "avg_score": 0.0
    },
    "trojan": {
      "count": 73,
      "avg_lat": 200.1917808219178,
      "avg_score": 98.66538812785387
    }
  }
}