{
  "scan_timestamp": "2026-03-23T23:32:35.460622+00:00",
  "duration_seconds": 707.13,
  "performance_metrics": {
    "total_processed": 464,
    "valid_configs": 128,
    "duplicates": 0,
    "failed_tests": 336,
    "success_rate": 27.59,
    "avg_latency_ms": 89.7,
    "avg_score": 99.4
  },
  "protocol_summary": {
    "vmess": {
      "count": 1,
      "avg_lat": 22.0,
      "avg_score": 99.85333333333334
    },
    "vless": {
      "count": 113,
      "avg_lat": 90.76991150442478,
      "avg_score": 99.39486725663717
    },
    "ss": {
      "count": 3,
      "avg_lat": 149.66666666666666,
      "avg_score": 99.00222222222222
    },
    "trojan": {
      "count": 11,
      "avg_lat": 68.54545454545455,
      "avg_score": 99.5430303030303
    }
  }
}