{
  "scan_timestamp": "2026-02-21T23:33:21.292677+00:00",
  "duration_seconds": 1181.75,
  "performance_metrics": {
    "total_processed": 474,
    "valid_configs": 366,
    "duplicates": 0,
    "failed_tests": 108,
    "success_rate": 77.22,
    "avg_latency_ms": 84.36,
    "avg_score": 99.44
  },
  "protocol_summary": {
    "vmess": {
      "count": 66,
      "avg_lat": 84.01515151515152,
      "avg_score": 99.43989898989899
    },
    "vless": {
      "count": 265,
      "avg_lat": 87.24905660377358,
      "avg_score": 99.41833962264151
    },
    "trojan": {
      "count": 35,
      "avg_lat": 63.114285714285714,
      "avg_score": 99.5792380952381
    }
  }
}