{
  "scan_timestamp": "2026-02-16T14:15:59.417604+00:00",
  "duration_seconds": 1088.19,
  "performance_metrics": {
    "total_processed": 461,
    "valid_configs": 320,
    "duplicates": 0,
    "failed_tests": 141,
    "success_rate": 69.41,
    "avg_latency_ms": 113.26,
    "avg_score": 99.24
  },
  "protocol_summary": {
    "vmess": {
      "count": 67,
      "avg_lat": 114.64179104477611,
      "avg_score": 99.23572139303482
    },
    "vless": {
      "count": 210,
      "avg_lat": 111.65714285714286,
      "avg_score": 99.25561904761905
    },
    "ss": {
      "count": 0,
      "avg_lat": 0.0,
      "avg_score": 0.0
    },
    "trojan": {
      "count": 43,
      "avg_lat": 118.90697674418605,
      "avg_score": 99.20728682170542
    }
  }
}