{
  "scan_timestamp": "2026-04-20T23:47:19.978338+00:00",
  "duration_seconds": 893.9,
  "performance_metrics": {
    "total_processed": 478,
    "valid_configs": 233,
    "duplicates": 0,
    "failed_tests": 245,
    "success_rate": 48.74,
    "avg_latency_ms": 57.3,
    "avg_score": 99.62
  },
  "protocol_summary": {
    "vmess": {
      "count": 4,
      "avg_lat": 111.0,
      "avg_score": 99.25999999999999
    },
    "vless": {
      "count": 220,
      "avg_lat": 55.877272727272725,
      "avg_score": 99.62748484848484
    },
    "ss": {
      "count": 3,
      "avg_lat": 170.66666666666666,
      "avg_score": 98.86222222222223
    },
    "trojan": {
      "count": 6,
      "avg_lat": 16.833333333333332,
      "avg_score": 99.88777777777777
    }
  }
}