{
  "scan_timestamp": "2026-02-19T18:00:52.712470+00:00",
  "duration_seconds": 1172.67,
  "performance_metrics": {
    "total_processed": 472,
    "valid_configs": 375,
    "duplicates": 0,
    "failed_tests": 97,
    "success_rate": 79.45,
    "avg_latency_ms": 111.27,
    "avg_score": 99.26
  },
  "protocol_summary": {
    "vmess": {
      "count": 67,
      "avg_lat": 105.34328358208955,
      "avg_score": 99.29771144278607
    },
    "vless": {
      "count": 276,
      "avg_lat": 119.26086956521739,
      "avg_score": 99.20492753623189
    },
    "ss": {
      "count": 0,
      "avg_lat": 0.0,
      "avg_score": 0.0
    },
    "trojan": {
      "count": 32,
      "avg_lat": 54.8125,
      "avg_score": 99.63458333333334
    }
  }
}