{
  "scan_timestamp": "2026-03-19T11:30:11.223151+00:00",
  "duration_seconds": 230.53,
  "performance_metrics": {
    "total_processed": 406,
    "valid_configs": 43,
    "duplicates": 0,
    "failed_tests": 363,
    "success_rate": 10.59,
    "avg_latency_ms": 55.23,
    "avg_score": 99.63
  },
  "protocol_summary": {
    "vmess": {
      "count": 1,
      "avg_lat": 69.0,
      "avg_score": 99.54
    },
    "vless": {
      "count": 28,
      "avg_lat": 69.64285714285714,
      "avg_score": 99.53571428571429
    },
    "ss": {
      "count": 1,
      "avg_lat": 177.0,
      "avg_score": 98.82
    },
    "trojan": {
      "count": 13,
      "avg_lat": 13.76923076923077,
      "avg_score": 99.90820512820513
    }
  }
}