{
  "scan_timestamp": "2026-03-17T07:49:04.409621+00:00",
  "duration_seconds": 215.45,
  "performance_metrics": {
    "total_processed": 380,
    "valid_configs": 35,
    "duplicates": 0,
    "failed_tests": 345,
    "success_rate": 9.21,
    "avg_latency_ms": 56.83,
    "avg_score": 99.62
  },
  "protocol_summary": {
    "vmess": {
      "count": 1,
      "avg_lat": 27.0,
      "avg_score": 99.82
    },
    "vless": {
      "count": 28,
      "avg_lat": 46.82142857142857,
      "avg_score": 99.68785714285715
    },
    "ss": {
      "count": 4,
      "avg_lat": 159.5,
      "avg_score": 98.93666666666667
    },
    "trojan": {
      "count": 2,
      "avg_lat": 6.5,
      "avg_score": 99.95666666666668
    }
  }
}