{
  "scan_timestamp": "2026-03-30T12:01:32.019820+00:00",
  "duration_seconds": 996.34,
  "performance_metrics": {
    "total_processed": 476,
    "valid_configs": 228,
    "duplicates": 0,
    "failed_tests": 248,
    "success_rate": 47.9,
    "avg_latency_ms": 100.45,
    "avg_score": 99.33
  },
  "protocol_summary": {
    "vmess": {
      "count": 16,
      "avg_lat": 129.75,
      "avg_score": 99.135
    },
    "vless": {
      "count": 205,
      "avg_lat": 97.40487804878049,
      "avg_score": 99.35063414634146
    },
    "ss": {
      "count": 3,
      "avg_lat": 70.33333333333333,
      "avg_score": 99.53111111111112
    },
    "trojan": {
      "count": 4,
      "avg_lat": 161.75,
      "avg_score": 98.92166666666667
    }
  }
}