{
  "scan_timestamp": "2026-02-16T01:23:05.911182+00:00",
  "duration_seconds": 1060.87,
  "performance_metrics": {
    "total_processed": 461,
    "valid_configs": 319,
    "duplicates": 0,
    "failed_tests": 142,
    "success_rate": 69.2,
    "avg_latency_ms": 119.97,
    "avg_score": 99.2
  },
  "protocol_summary": {
    "vmess": {
      "count": 83,
      "avg_lat": 149.3012048192771,
      "avg_score": 99.00465863453816
    },
    "vless": {
      "count": 208,
      "avg_lat": 109.97115384615384,
      "avg_score": 99.26685897435898
    },
    "ss": {
      "count": 0,
      "avg_lat": 0.0,
      "avg_score": 0.0
    },
    "trojan": {
      "count": 28,
      "avg_lat": 107.28571428571429,
      "avg_score": 99.28476190476191
    }
  }
}