{
  "scan_timestamp": "2025-12-28T15:26:01.275268+00:00",
  "duration_seconds": 1000.44,
  "performance_metrics": {
    "total_processed": 475,
    "valid_configs": 283,
    "duplicates": 0,
    "failed_tests": 192,
    "success_rate": 59.58,
    "avg_latency_ms": 104.76,
    "avg_score": 99.3
  },
  "protocol_summary": {
    "vmess": {
      "count": 41,
      "avg_lat": 102.97560975609755,
      "avg_score": 99.31349593495935
    },
    "vless": {
      "count": 164,
      "avg_lat": 97.32317073170732,
      "avg_score": 99.35117886178863
    },
    "ss": {
      "count": 0,
      "avg_lat": 0.0,
      "avg_score": 0.0
    },
    "trojan": {
      "count": 78,
      "avg_lat": 121.32051282051282,
      "avg_score": 99.19119658119658
    }
  }
}