{
  "scan_timestamp": "2026-04-23T21:48:57.641484+00:00",
  "duration_seconds": 805.78,
  "performance_metrics": {
    "total_processed": 481,
    "valid_configs": 192,
    "duplicates": 0,
    "failed_tests": 289,
    "success_rate": 39.92,
    "avg_latency_ms": 140.92,
    "avg_score": 99.06
  },
  "protocol_summary": {
    "vmess": {
      "count": 3,
      "avg_lat": 116.0,
      "avg_score": 99.22666666666667
    },
    "vless": {
      "count": 181,
      "avg_lat": 143.2596685082873,
      "avg_score": 99.0449355432781
    },
    "ss": {
      "count": 2,
      "avg_lat": 161.5,
      "avg_score": 98.92333333333333
    },
    "trojan": {
      "count": 6,
      "avg_lat": 76.0,
      "avg_score": 99.49333333333334
    }
  }
}