{
  "scan_timestamp": "2025-12-24T17:23:16.348418+00:00",
  "duration_seconds": 847.73,
  "performance_metrics": {
    "total_processed": 411,
    "valid_configs": 220,
    "duplicates": 0,
    "failed_tests": 191,
    "success_rate": 53.53,
    "avg_latency_ms": 118.02,
    "avg_score": 99.21
  },
  "protocol_summary": {
    "vmess": {
      "count": 54,
      "avg_lat": 122.85185185185185,
      "avg_score": 99.18098765432099
    },
    "vless": {
      "count": 132,
      "avg_lat": 83.09848484848484,
      "avg_score": 99.4460101010101
    },
    "ss": {
      "count": 0,
      "avg_lat": 0.0,
      "avg_score": 0.0
    },
    "trojan": {
      "count": 34,
      "avg_lat": 245.94117647058823,
      "avg_score": 98.36039215686274
    }
  }
}