{
  "scan_timestamp": "2026-02-22T19:35:25.035251+00:00",
  "duration_seconds": 1120.22,
  "performance_metrics": {
    "total_processed": 473,
    "valid_configs": 340,
    "duplicates": 0,
    "failed_tests": 133,
    "success_rate": 71.88,
    "avg_latency_ms": 87.38,
    "avg_score": 99.42
  },
  "protocol_summary": {
    "vmess": {
      "count": 62,
      "avg_lat": 93.25806451612904,
      "avg_score": 99.37827956989247
    },
    "vless": {
      "count": 243,
      "avg_lat": 88.90534979423869,
      "avg_score": 99.40729766803841
    },
    "ss": {
      "count": 0,
      "avg_lat": 0.0,
      "avg_score": 0.0
    },
    "trojan": {
      "count": 35,
      "avg_lat": 66.34285714285714,
      "avg_score": 99.55771428571428
    }
  }
}