{
  "scan_timestamp": "2026-01-19T11:29:08.111312+00:00",
  "duration_seconds": 964.75,
  "performance_metrics": {
    "total_processed": 465,
    "valid_configs": 271,
    "duplicates": 0,
    "failed_tests": 194,
    "success_rate": 58.28,
    "avg_latency_ms": 112.8,
    "avg_score": 99.25
  },
  "protocol_summary": {
    "vmess": {
      "count": 112,
      "avg_lat": 105.08035714285714,
      "avg_score": 99.2994642857143
    },
    "vless": {
      "count": 111,
      "avg_lat": 91.86486486486487,
      "avg_score": 99.38756756756757
    },
    "ss": {
      "count": 0,
      "avg_lat": 0.0,
      "avg_score": 0.0
    },
    "trojan": {
      "count": 48,
      "avg_lat": 179.25,
      "avg_score": 98.805
    }
  }
}