{
  "scan_timestamp": "2026-02-10T19:08:54.031262+00:00",
  "duration_seconds": 1111.69,
  "performance_metrics": {
    "total_processed": 478,
    "valid_configs": 342,
    "duplicates": 0,
    "failed_tests": 136,
    "success_rate": 71.55,
    "avg_latency_ms": 108.47,
    "avg_score": 99.28
  },
  "protocol_summary": {
    "vmess": {
      "count": 48,
      "avg_lat": 122.33333333333333,
      "avg_score": 99.18444444444445
    },
    "vless": {
      "count": 195,
      "avg_lat": 119.15897435897436,
      "avg_score": 99.20560683760684
    },
    "ss": {
      "count": 0,
      "avg_lat": 0.0,
      "avg_score": 0.0
    },
    "trojan": {
      "count": 99,
      "avg_lat": 80.6969696969697,
      "avg_score": 99.4620202020202
    }
  }
}