{
  "scan_timestamp": "2026-04-18T14:49:28.761356+00:00",
  "duration_seconds": 1002.12,
  "performance_metrics": {
    "total_processed": 488,
    "valid_configs": 273,
    "duplicates": 0,
    "failed_tests": 215,
    "success_rate": 55.94,
    "avg_latency_ms": 59.14,
    "avg_score": 99.61
  },
  "protocol_summary": {
    "vmess": {
      "count": 2,
      "avg_lat": 115.5,
      "avg_score": 99.22999999999999
    },
    "vless": {
      "count": 262,
      "avg_lat": 58.93893129770992,
      "avg_score": 99.6070737913486
    },
    "ss": {
      "count": 0,
      "avg_lat": 0.0,
      "avg_score": 0.0
    },
    "trojan": {
      "count": 9,
      "avg_lat": 52.55555555555556,
      "avg_score": 99.64962962962962
    }
  }
}