{
  "scan_timestamp": "2026-03-24T12:53:27.268848+00:00",
  "duration_seconds": 723.15,
  "performance_metrics": {
    "total_processed": 464,
    "valid_configs": 134,
    "duplicates": 0,
    "failed_tests": 330,
    "success_rate": 28.88,
    "avg_latency_ms": 117.44,
    "avg_score": 99.22
  },
  "protocol_summary": {
    "vmess": {
      "count": 1,
      "avg_lat": 70.0,
      "avg_score": 99.53333333333333
    },
    "vless": {
      "count": 120,
      "avg_lat": 123.625,
      "avg_score": 99.17583333333333
    },
    "ss": {
      "count": 4,
      "avg_lat": 127.25,
      "avg_score": 99.15166666666667
    },
    "trojan": {
      "count": 9,
      "avg_lat": 35.888888888888886,
      "avg_score": 99.76074074074074
    }
  }
}