{
  "scan_timestamp": "2026-03-16T14:16:01.895680+00:00",
  "duration_seconds": 208.72,
  "performance_metrics": {
    "total_processed": 381,
    "valid_configs": 36,
    "duplicates": 0,
    "failed_tests": 345,
    "success_rate": 9.45,
    "avg_latency_ms": 54.64,
    "avg_score": 99.64
  },
  "protocol_summary": {
    "vmess": {
      "count": 1,
      "avg_lat": 20.0,
      "avg_score": 99.86666666666666
    },
    "vless": {
      "count": 29,
      "avg_lat": 42.96551724137931,
      "avg_score": 99.7135632183908
    },
    "ss": {
      "count": 5,
      "avg_lat": 138.6,
      "avg_score": 99.076
    },
    "trojan": {
      "count": 1,
      "avg_lat": 8.0,
      "avg_score": 99.94666666666667
    }
  }
}