{
  "scan_timestamp": "2025-12-18T18:30:26.565113+00:00",
  "duration_seconds": 836.42,
  "performance_metrics": {
    "total_processed": 425,
    "valid_configs": 223,
    "duplicates": 0,
    "failed_tests": 202,
    "success_rate": 52.47,
    "avg_latency_ms": 107.16,
    "avg_score": 99.29
  },
  "protocol_summary": {
    "vmess": {
      "count": 49,
      "avg_lat": 177.85714285714286,
      "avg_score": 98.8142857142857
    },
    "vless": {
      "count": 142,
      "avg_lat": 81.97887323943662,
      "avg_score": 99.45347417840375
    },
    "ss": {
      "count": 0,
      "avg_lat": 0.0,
      "avg_score": 0.0
    },
    "trojan": {
      "count": 32,
      "avg_lat": 110.625,
      "avg_score": 99.26249999999999
    }
  }
}