{
  "scan_timestamp": "2026-02-28T13:48:09.379024+00:00",
  "duration_seconds": 1102.42,
  "performance_metrics": {
    "total_processed": 473,
    "valid_configs": 327,
    "duplicates": 0,
    "failed_tests": 146,
    "success_rate": 69.13,
    "avg_latency_ms": 67.75,
    "avg_score": 99.55
  },
  "protocol_summary": {
    "vmess": {
      "count": 59,
      "avg_lat": 44.6271186440678,
      "avg_score": 99.70248587570622
    },
    "vless": {
      "count": 233,
      "avg_lat": 77.55793991416309,
      "avg_score": 99.48294706723892
    },
    "ss": {
      "count": 0,
      "avg_lat": 0.0,
      "avg_score": 0.0
    },
    "trojan": {
      "count": 35,
      "avg_lat": 41.4,
      "avg_score": 99.724
    }
  }
}