{
  "scan_timestamp": "2025-12-19T01:05:30.145836+00:00",
  "duration_seconds": 885.55,
  "performance_metrics": {
    "total_processed": 461,
    "valid_configs": 242,
    "duplicates": 0,
    "failed_tests": 219,
    "success_rate": 52.49,
    "avg_latency_ms": 113.45,
    "avg_score": 99.24
  },
  "protocol_summary": {
    "vmess": {
      "count": 86,
      "avg_lat": 182.37209302325581,
      "avg_score": 98.78418604651164
    },
    "vless": {
      "count": 123,
      "avg_lat": 56.739837398373986,
      "avg_score": 99.62173441734417
    },
    "ss": {
      "count": 0,
      "avg_lat": 0.0,
      "avg_score": 0.0
    },
    "trojan": {
      "count": 33,
      "avg_lat": 145.24242424242425,
      "avg_score": 99.03171717171718
    }
  }
}