{
  "scan_timestamp": "2026-03-24T20:40:58.970008+00:00",
  "duration_seconds": 674.69,
  "performance_metrics": {
    "total_processed": 461,
    "valid_configs": 126,
    "duplicates": 0,
    "failed_tests": 335,
    "success_rate": 27.33,
    "avg_latency_ms": 80.21,
    "avg_score": 99.47
  },
  "protocol_summary": {
    "vmess": {
      "count": 1,
      "avg_lat": 21.0,
      "avg_score": 99.86
    },
    "vless": {
      "count": 111,
      "avg_lat": 87.34234234234235,
      "avg_score": 99.41771771771772
    },
    "ss": {
      "count": 3,
      "avg_lat": 87.33333333333333,
      "avg_score": 99.41777777777777
    },
    "trojan": {
      "count": 11,
      "avg_lat": 11.636363636363637,
      "avg_score": 99.92242424242426
    }
  }
}