{
  "scan_timestamp": "2026-03-08T08:20:20.763576+00:00",
  "duration_seconds": 186.32,
  "performance_metrics": {
    "total_processed": 377,
    "valid_configs": 32,
    "duplicates": 0,
    "failed_tests": 345,
    "success_rate": 8.49,
    "avg_latency_ms": 87.38,
    "avg_score": 99.42
  },
  "protocol_summary": {
    "vmess": {
      "count": 2,
      "avg_lat": 102.5,
      "avg_score": 99.31666666666666
    },
    "vless": {
      "count": 29,
      "avg_lat": 84.82758620689656,
      "avg_score": 99.43448275862069
    },
    "ss": {
      "count": 1,
      "avg_lat": 131.0,
      "avg_score": 99.12666666666667
    },
    "trojan": {
      "count": 0,
      "avg_lat": 0.0,
      "avg_score": 0.0
    }
  }
}