{
  "scan_timestamp": "2026-01-10T09:27:04.426006+00:00",
  "duration_seconds": 996.89,
  "performance_metrics": {
    "total_processed": 454,
    "valid_configs": 310,
    "duplicates": 0,
    "failed_tests": 144,
    "success_rate": 68.28,
    "avg_latency_ms": 149.67,
    "avg_score": 99.0
  },
  "protocol_summary": {
    "vmess": {
      "count": 68,
      "avg_lat": 119.67647058823529,
      "avg_score": 99.2021568627451
    },
    "vless": {
      "count": 171,
      "avg_lat": 120.82456140350877,
      "avg_score": 99.1945029239766
    },
    "ss": {
      "count": 0,
      "avg_lat": 0.0,
      "avg_score": 0.0
    },
    "trojan": {
      "count": 71,
      "avg_lat": 247.88732394366198,
      "avg_score": 98.34741784037558
    }
  }
}