{
  "scan_timestamp": "2026-01-25T18:31:09.742421+00:00",
  "duration_seconds": 964.18,
  "performance_metrics": {
    "total_processed": 463,
    "valid_configs": 271,
    "duplicates": 0,
    "failed_tests": 192,
    "success_rate": 58.53,
    "avg_latency_ms": 104.61,
    "avg_score": 99.3
  },
  "protocol_summary": {
    "vmess": {
      "count": 83,
      "avg_lat": 76.33734939759036,
      "avg_score": 99.4910843373494
    },
    "vless": {
      "count": 149,
      "avg_lat": 111.56375838926175,
      "avg_score": 99.25624161073826
    },
    "ss": {
      "count": 0,
      "avg_lat": 0.0,
      "avg_score": 0.0
    },
    "trojan": {
      "count": 39,
      "avg_lat": 138.23076923076923,
      "avg_score": 99.07846153846154
    }
  }
}