{
  "scan_timestamp": "2026-01-22T12:38:52.402342+00:00",
  "duration_seconds": 922.4,
  "performance_metrics": {
    "total_processed": 439,
    "valid_configs": 263,
    "duplicates": 0,
    "failed_tests": 176,
    "success_rate": 59.91,
    "avg_latency_ms": 131.33,
    "avg_score": 99.12
  },
  "protocol_summary": {
    "vmess": {
      "count": 107,
      "avg_lat": 89.95327102803738,
      "avg_score": 99.40031152647975
    },
    "vless": {
      "count": 128,
      "avg_lat": 168.9765625,
      "avg_score": 98.87348958333334
    },
    "ss": {
      "count": 0,
      "avg_lat": 0.0,
      "avg_score": 0.0
    },
    "trojan": {
      "count": 28,
      "avg_lat": 117.32142857142857,
      "avg_score": 99.21785714285714
    }
  }
}