{
  "scan_timestamp": "2025-12-30T10:29:57.160049+00:00",
  "duration_seconds": 1055.94,
  "performance_metrics": {
    "total_processed": 480,
    "valid_configs": 289,
    "duplicates": 0,
    "failed_tests": 191,
    "success_rate": 60.21,
    "avg_latency_ms": 93.32,
    "avg_score": 99.38
  },
  "protocol_summary": {
    "vmess": {
      "count": 45,
      "avg_lat": 115.95555555555555,
      "avg_score": 99.22696296296296
    },
    "vless": {
      "count": 210,
      "avg_lat": 77.4047619047619,
      "avg_score": 99.48396825396826
    },
    "ss": {
      "count": 0,
      "avg_lat": 0.0,
      "avg_score": 0.0
    },
    "trojan": {
      "count": 34,
      "avg_lat": 161.64705882352942,
      "avg_score": 98.92235294117647
    }
  }
}