{
  "scan_timestamp": "2026-01-02T09:32:04.916098+00:00",
  "duration_seconds": 1042.62,
  "performance_metrics": {
    "total_processed": 473,
    "valid_configs": 268,
    "duplicates": 0,
    "failed_tests": 205,
    "success_rate": 56.66,
    "avg_latency_ms": 126.04,
    "avg_score": 99.16
  },
  "protocol_summary": {
    "vmess": {
      "count": 50,
      "avg_lat": 184.2,
      "avg_score": 98.772
    },
    "vless": {
      "count": 203,
      "avg_lat": 110.15270935960591,
      "avg_score": 99.26564860426929
    },
    "ss": {
      "count": 0,
      "avg_lat": 0.0,
      "avg_score": 0.0
    },
    "trojan": {
      "count": 15,
      "avg_lat": 147.26666666666668,
      "avg_score": 99.01822222222222
    }
  }
}