{
  "scan_timestamp": "2026-02-23T16:59:49.666453+00:00",
  "duration_seconds": 1144.91,
  "performance_metrics": {
    "total_processed": 474,
    "valid_configs": 357,
    "duplicates": 0,
    "failed_tests": 117,
    "success_rate": 75.32,
    "avg_latency_ms": 92.41,
    "avg_score": 99.38
  },
  "protocol_summary": {
    "vmess": {
      "count": 72,
      "avg_lat": 85.66666666666667,
      "avg_score": 99.42888888888889
    },
    "vless": {
      "count": 248,
      "avg_lat": 103.50806451612904,
      "avg_score": 99.30994623655914
    },
    "trojan": {
      "count": 37,
      "avg_lat": 31.18918918918919,
      "avg_score": 99.79207207207206
    }
  }
}