{
  "scan_timestamp": "2026-03-20T05:46:42.848285+00:00",
  "duration_seconds": 223.63,
  "performance_metrics": {
    "total_processed": 394,
    "valid_configs": 42,
    "duplicates": 0,
    "failed_tests": 352,
    "success_rate": 10.66,
    "avg_latency_ms": 63.95,
    "avg_score": 99.57
  },
  "protocol_summary": {
    "vmess": {
      "count": 1,
      "avg_lat": 66.0,
      "avg_score": 99.56
    },
    "vless": {
      "count": 28,
      "avg_lat": 74.46428571428571,
      "avg_score": 99.50357142857142
    },
    "ss": {
      "count": 0,
      "avg_lat": 0.0,
      "avg_score": 0.0
    },
    "trojan": {
      "count": 13,
      "avg_lat": 41.15384615384615,
      "avg_score": 99.72564102564102
    }
  }
}