{
  "scan_timestamp": "2026-03-27T21:40:59.443881+00:00",
  "duration_seconds": 1009.83,
  "performance_metrics": {
    "total_processed": 461,
    "valid_configs": 282,
    "duplicates": 0,
    "failed_tests": 179,
    "success_rate": 61.17,
    "avg_latency_ms": 63.39,
    "avg_score": 99.58
  },
  "protocol_summary": {
    "vmess": {
      "count": 17,
      "avg_lat": 98.05882352941177,
      "avg_score": 99.34627450980393
    },
    "vless": {
      "count": 243,
      "avg_lat": 55.111111111111114,
      "avg_score": 99.6325925925926
    },
    "ss": {
      "count": 8,
      "avg_lat": 212.75,
      "avg_score": 98.58166666666666
    },
    "trojan": {
      "count": 14,
      "avg_lat": 79.71428571428571,
      "avg_score": 99.46857142857142
    }
  }
}