{
  "scan_timestamp": "2025-12-07T23:24:13.197373+00:00",
  "duration_seconds": 921.14,
  "performance_metrics": {
    "total_processed": 476,
    "valid_configs": 215,
    "duplicates": 0,
    "failed_tests": 261,
    "success_rate": 45.17,
    "avg_latency_ms": 160.87,
    "avg_score": 98.93
  },
  "protocol_summary": {
    "vmess": {
      "count": 45,
      "avg_lat": 290.24444444444447,
      "avg_score": 98.06503703703703
    },
    "vless": {
      "count": 106,
      "avg_lat": 101.21698113207547,
      "avg_score": 99.32522012578616
    },
    "ss": {
      "count": 0,
      "avg_lat": 0.0,
      "avg_score": 0.0
    },
    "trojan": {
      "count": 64,
      "avg_lat": 168.71875,
      "avg_score": 98.87520833333333
    }
  }
}