{
  "scan_timestamp": "2025-12-29T06:35:19.379827+00:00",
  "duration_seconds": 936.23,
  "performance_metrics": {
    "total_processed": 442,
    "valid_configs": 250,
    "duplicates": 0,
    "failed_tests": 192,
    "success_rate": 56.56,
    "avg_latency_ms": 96.08,
    "avg_score": 99.36
  },
  "protocol_summary": {
    "vmess": {
      "count": 52,
      "avg_lat": 102.53846153846153,
      "avg_score": 99.31641025641025
    },
    "vless": {
      "count": 167,
      "avg_lat": 83.51497005988024,
      "avg_score": 99.44323353293413
    },
    "ss": {
      "count": 0,
      "avg_lat": 0.0,
      "avg_score": 0.0
    },
    "trojan": {
      "count": 31,
      "avg_lat": 152.93548387096774,
      "avg_score": 98.98043010752689
    }
  }
}