{
  "scan_timestamp": "2026-03-05T07:52:11.439465+00:00",
  "duration_seconds": 1081.55,
  "performance_metrics": {
    "total_processed": 473,
    "valid_configs": 325,
    "duplicates": 0,
    "failed_tests": 148,
    "success_rate": 68.71,
    "avg_latency_ms": 69.02,
    "avg_score": 99.54
  },
  "protocol_summary": {
    "vmess": {
      "count": 60,
      "avg_lat": 45.18333333333333,
      "avg_score": 99.69877777777778
    },
    "vless": {
      "count": 230,
      "avg_lat": 75.0391304347826,
      "avg_score": 99.49973913043478
    },
    "ss": {
      "count": 0,
      "avg_lat": 0.0,
      "avg_score": 0.0
    },
    "trojan": {
      "count": 35,
      "avg_lat": 70.28571428571429,
      "avg_score": 99.53142857142856
    }
  }
}