{
  "scan_timestamp": "2025-12-08T22:27:49.444094+00:00",
  "duration_seconds": 1046.13,
  "performance_metrics": {
    "total_processed": 480,
    "valid_configs": 287,
    "duplicates": 0,
    "failed_tests": 193,
    "success_rate": 59.79,
    "avg_latency_ms": 173.86,
    "avg_score": 98.84
  },
  "protocol_summary": {
    "vmess": {
      "count": 73,
      "avg_lat": 298.1095890410959,
      "avg_score": 98.01260273972603
    },
    "vless": {
      "count": 167,
      "avg_lat": 122.437125748503,
      "avg_score": 99.18375249500998
    },
    "ss": {
      "count": 0,
      "avg_lat": 0.0,
      "avg_score": 0.0
    },
    "trojan": {
      "count": 47,
      "avg_lat": 163.59574468085106,
      "avg_score": 98.90936170212765
    }
  }
}