{
  "scan_timestamp": "2026-02-18T18:54:27.293327+00:00",
  "duration_seconds": 1105.9,
  "performance_metrics": {
    "total_processed": 459,
    "valid_configs": 340,
    "duplicates": 0,
    "failed_tests": 119,
    "success_rate": 74.07,
    "avg_latency_ms": 137.14,
    "avg_score": 99.09
  },
  "protocol_summary": {
    "vmess": {
      "count": 56,
      "avg_lat": 164.26785714285714,
      "avg_score": 98.90488095238095
    },
    "vless": {
      "count": 243,
      "avg_lat": 141.62139917695472,
      "avg_score": 99.0558573388203
    },
    "ss": {
      "count": 0,
      "avg_lat": 0.0,
      "avg_score": 0.0
    },
    "trojan": {
      "count": 41,
      "avg_lat": 73.5609756097561,
      "avg_score": 99.50959349593496
    }
  }
}