{
  "scan_timestamp": "2026-04-22T08:36:48.420461+00:00",
  "duration_seconds": 854.73,
  "performance_metrics": {
    "total_processed": 484,
    "valid_configs": 218,
    "duplicates": 0,
    "failed_tests": 266,
    "success_rate": 45.04,
    "avg_latency_ms": 161.46,
    "avg_score": 98.92
  },
  "protocol_summary": {
    "vmess": {
      "count": 3,
      "avg_lat": 126.66666666666667,
      "avg_score": 99.15555555555557
    },
    "vless": {
      "count": 208,
      "avg_lat": 163.60576923076923,
      "avg_score": 98.90929487179488
    },
    "ss": {
      "count": 3,
      "avg_lat": 209.66666666666666,
      "avg_score": 98.60222222222222
    },
    "trojan": {
      "count": 4,
      "avg_lat": 40.0,
      "avg_score": 99.73333333333333
    }
  }
}