{
  "scan_timestamp": "2026-04-16T16:32:02.931460+00:00",
  "duration_seconds": 997.81,
  "performance_metrics": {
    "total_processed": 486,
    "valid_configs": 285,
    "duplicates": 0,
    "failed_tests": 201,
    "success_rate": 58.64,
    "avg_latency_ms": 88.54,
    "avg_score": 99.41
  },
  "protocol_summary": {
    "vmess": {
      "count": 2,
      "avg_lat": 144.5,
      "avg_score": 99.03666666666666
    },
    "vless": {
      "count": 269,
      "avg_lat": 90.39776951672863,
      "avg_score": 99.39734820322181
    },
    "ss": {
      "count": 0,
      "avg_lat": 0.0,
      "avg_score": 0.0
    },
    "trojan": {
      "count": 14,
      "avg_lat": 44.857142857142854,
      "avg_score": 99.70095238095237
    }
  }
}