{
  "scan_timestamp": "2026-03-10T12:36:12.526351+00:00",
  "duration_seconds": 216.47,
  "performance_metrics": {
    "total_processed": 378,
    "valid_configs": 35,
    "duplicates": 0,
    "failed_tests": 343,
    "success_rate": 9.26,
    "avg_latency_ms": 80.4,
    "avg_score": 99.46
  },
  "protocol_summary": {
    "vmess": {
      "count": 3,
      "avg_lat": 138.33333333333334,
      "avg_score": 99.07777777777778
    },
    "vless": {
      "count": 30,
      "avg_lat": 74.3,
      "avg_score": 99.50466666666667
    },
    "ss": {
      "count": 1,
      "avg_lat": 168.0,
      "avg_score": 98.88
    },
    "trojan": {
      "count": 1,
      "avg_lat": 2.0,
      "avg_score": 99.98666666666666
    }
  }
}