{
  "scan_timestamp": "2026-07-05T18:10:38.482335+00:00",
  "duration_seconds": 513.2,
  "performance_metrics": {
    "total_processed": 468,
    "valid_configs": 160,
    "duplicates": 0,
    "failed_tests": 308,
    "success_rate": 34.19,
    "avg_latency_ms": 153.92,
    "avg_score": 98.97
  },
  "protocol_summary": {
    "vmess": {
      "count": 1,
      "avg_lat": 2.0,
      "avg_score": 99.98666666666666
    },
    "vless": {
      "count": 3,
      "avg_lat": 385.6666666666667,
      "avg_score": 97.42888888888888
    },
    "ss": {
      "count": 143,
      "avg_lat": 163.94405594405595,
      "avg_score": 98.90703962703962
    },
    "trojan": {
      "count": 13,
      "avg_lat": 1.8461538461538463,
      "avg_score": 99.9876923076923
    }
  }
}