{
  "scan_timestamp": "2026-01-16T05:31:53.946652+00:00",
  "duration_seconds": 917.08,
  "performance_metrics": {
    "total_processed": 457,
    "valid_configs": 276,
    "duplicates": 0,
    "failed_tests": 181,
    "success_rate": 60.39,
    "avg_latency_ms": 122.46,
    "avg_score": 99.18
  },
  "protocol_summary": {
    "vmess": {
      "count": 87,
      "avg_lat": 117.89655172413794,
      "avg_score": 99.21402298850576
    },
    "vless": {
      "count": 117,
      "avg_lat": 107.96581196581197,
      "avg_score": 99.28022792022792
    },
    "ss": {
      "count": 0,
      "avg_lat": 0.0,
      "avg_score": 0.0
    },
    "trojan": {
      "count": 72,
      "avg_lat": 151.54166666666666,
      "avg_score": 98.98972222222223
    }
  }
}