{
  "scan_timestamp": "2026-01-15T04:14:21.564204+00:00",
  "duration_seconds": 886.37,
  "performance_metrics": {
    "total_processed": 428,
    "valid_configs": 247,
    "duplicates": 0,
    "failed_tests": 181,
    "success_rate": 57.71,
    "avg_latency_ms": 97.26,
    "avg_score": 99.35
  },
  "protocol_summary": {
    "vmess": {
      "count": 53,
      "avg_lat": 104.33962264150944,
      "avg_score": 99.30440251572327
    },
    "vless": {
      "count": 152,
      "avg_lat": 79.25657894736842,
      "avg_score": 99.47162280701754
    },
    "ss": {
      "count": 0,
      "avg_lat": 0.0,
      "avg_score": 0.0
    },
    "trojan": {
      "count": 42,
      "avg_lat": 153.5,
      "avg_score": 98.97666666666667
    }
  }
}