{
  "scan_timestamp": "2026-02-19T19:52:01.033830+00:00",
  "duration_seconds": 1163.79,
  "performance_metrics": {
    "total_processed": 472,
    "valid_configs": 372,
    "duplicates": 0,
    "failed_tests": 100,
    "success_rate": 78.81,
    "avg_latency_ms": 74.33,
    "avg_score": 99.5
  },
  "protocol_summary": {
    "vmess": {
      "count": 66,
      "avg_lat": 62.21212121212121,
      "avg_score": 99.58525252525253
    },
    "vless": {
      "count": 274,
      "avg_lat": 80.66788321167883,
      "avg_score": 99.46221411192215
    },
    "ss": {
      "count": 0,
      "avg_lat": 0.0,
      "avg_score": 0.0
    },
    "trojan": {
      "count": 32,
      "avg_lat": 45.0625,
      "avg_score": 99.69958333333334
    }
  }
}