{
  "scan_timestamp": "2026-01-29T16:44:08.845997+00:00",
  "duration_seconds": 899.83,
  "performance_metrics": {
    "total_processed": 471,
    "valid_configs": 227,
    "duplicates": 0,
    "failed_tests": 244,
    "success_rate": 48.2,
    "avg_latency_ms": 91.82,
    "avg_score": 99.39
  },
  "protocol_summary": {
    "vmess": {
      "count": 96,
      "avg_lat": 32.229166666666664,
      "avg_score": 99.78513888888888
    },
    "vless": {
      "count": 68,
      "avg_lat": 109.51470588235294,
      "avg_score": 99.26990196078431
    },
    "ss": {
      "count": 0,
      "avg_lat": 0.0,
      "avg_score": 0.0
    },
    "trojan": {
      "count": 63,
      "avg_lat": 163.52380952380952,
      "avg_score": 98.90984126984127
    }
  }
}