{
  "scan_timestamp": "2026-02-05T21:34:46.955935+00:00",
  "duration_seconds": 974.0,
  "performance_metrics": {
    "total_processed": 446,
    "valid_configs": 263,
    "duplicates": 0,
    "failed_tests": 183,
    "success_rate": 58.97,
    "avg_latency_ms": 119.1,
    "avg_score": 99.21
  },
  "protocol_summary": {
    "vmess": {
      "count": 48,
      "avg_lat": 112.6875,
      "avg_score": 99.24874999999999
    },
    "vless": {
      "count": 174,
      "avg_lat": 108.10344827586206,
      "avg_score": 99.27931034482758
    },
    "ss": {
      "count": 0,
      "avg_lat": 0.0,
      "avg_score": 0.0
    },
    "trojan": {
      "count": 41,
      "avg_lat": 173.2439024390244,
      "avg_score": 98.8450406504065
    }
  }
}