{
  "scan_timestamp": "2026-02-12T04:30:14.080590+00:00",
  "duration_seconds": 1058.91,
  "performance_metrics": {
    "total_processed": 479,
    "valid_configs": 306,
    "duplicates": 0,
    "failed_tests": 173,
    "success_rate": 63.88,
    "avg_latency_ms": 92.33,
    "avg_score": 99.38
  },
  "protocol_summary": {
    "vmess": {
      "count": 44,
      "avg_lat": 123.27272727272727,
      "avg_score": 99.17818181818183
    },
    "vless": {
      "count": 215,
      "avg_lat": 75.08837209302325,
      "avg_score": 99.49941085271318
    },
    "ss": {
      "count": 0,
      "avg_lat": 0.0,
      "avg_score": 0.0
    },
    "trojan": {
      "count": 47,
      "avg_lat": 142.25531914893617,
      "avg_score": 99.05163120567376
    }
  }
}