{
  "scan_timestamp": "2026-01-08T03:09:52.216855+00:00",
  "duration_seconds": 1099.61,
  "performance_metrics": {
    "total_processed": 479,
    "valid_configs": 326,
    "duplicates": 0,
    "failed_tests": 153,
    "success_rate": 68.06,
    "avg_latency_ms": 110.11,
    "avg_score": 99.27
  },
  "protocol_summary": {
    "vmess": {
      "count": 44,
      "avg_lat": 117.81818181818181,
      "avg_score": 99.21454545454547
    },
    "vless": {
      "count": 246,
      "avg_lat": 102.8130081300813,
      "avg_score": 99.31457994579945
    },
    "ss": {
      "count": 0,
      "avg_lat": 0.0,
      "avg_score": 0.0
    },
    "trojan": {
      "count": 36,
      "avg_lat": 150.55555555555554,
      "avg_score": 98.9962962962963
    }
  }
}