{
  "scan_timestamp": "2025-12-26T22:27:19.232757+00:00",
  "duration_seconds": 987.68,
  "performance_metrics": {
    "total_processed": 471,
    "valid_configs": 293,
    "duplicates": 0,
    "failed_tests": 178,
    "success_rate": 62.21,
    "avg_latency_ms": 101.5,
    "avg_score": 99.32
  },
  "protocol_summary": {
    "vmess": {
      "count": 85,
      "avg_lat": 65.03529411764706,
      "avg_score": 99.56643137254903
    },
    "vless": {
      "count": 118,
      "avg_lat": 107.19491525423729,
      "avg_score": 99.28536723163842
    },
    "ss": {
      "count": 0,
      "avg_lat": 0.0,
      "avg_score": 0.0
    },
    "trojan": {
      "count": 90,
      "avg_lat": 128.46666666666667,
      "avg_score": 99.14355555555555
    }
  }
}