{
  "scan_timestamp": "2026-01-15T16:35:23.567331+00:00",
  "duration_seconds": 876.88,
  "performance_metrics": {
    "total_processed": 424,
    "valid_configs": 244,
    "duplicates": 0,
    "failed_tests": 180,
    "success_rate": 57.55,
    "avg_latency_ms": 102.14,
    "avg_score": 99.32
  },
  "protocol_summary": {
    "vmess": {
      "count": 54,
      "avg_lat": 88.85185185185185,
      "avg_score": 99.40765432098766
    },
    "vless": {
      "count": 134,
      "avg_lat": 67.7910447761194,
      "avg_score": 99.54805970149255
    },
    "ss": {
      "count": 0,
      "avg_lat": 0.0,
      "avg_score": 0.0
    },
    "trojan": {
      "count": 56,
      "avg_lat": 197.125,
      "avg_score": 98.68583333333333
    }
  }
}