{
  "scan_timestamp": "2025-12-11T06:32:34.912758+00:00",
  "duration_seconds": 906.49,
  "performance_metrics": {
    "total_processed": 472,
    "valid_configs": 208,
    "duplicates": 0,
    "failed_tests": 264,
    "success_rate": 44.07,
    "avg_latency_ms": 166.12,
    "avg_score": 98.89
  },
  "protocol_summary": {
    "vmess": {
      "count": 42,
      "avg_lat": 239.33333333333334,
      "avg_score": 98.40444444444445
    },
    "vless": {
      "count": 112,
      "avg_lat": 109.07142857142857,
      "avg_score": 99.27285714285713
    },
    "ss": {
      "count": 0,
      "avg_lat": 0.0,
      "avg_score": 0.0
    },
    "trojan": {
      "count": 54,
      "avg_lat": 227.4814814814815,
      "avg_score": 98.48345679012345
    }
  }
}