{
  "scan_timestamp": "2025-12-30T05:33:08.504700+00:00",
  "duration_seconds": 1062.36,
  "performance_metrics": {
    "total_processed": 477,
    "valid_configs": 299,
    "duplicates": 0,
    "failed_tests": 178,
    "success_rate": 62.68,
    "avg_latency_ms": 123.0,
    "avg_score": 99.18
  },
  "protocol_summary": {
    "vmess": {
      "count": 48,
      "avg_lat": 116.52083333333333,
      "avg_score": 99.22319444444445
    },
    "vless": {
      "count": 215,
      "avg_lat": 117.23255813953489,
      "avg_score": 99.2184496124031
    },
    "ss": {
      "count": 0,
      "avg_lat": 0.0,
      "avg_score": 0.0
    },
    "trojan": {
      "count": 36,
      "avg_lat": 166.11111111111111,
      "avg_score": 98.89259259259259
    }
  }
}