{
  "scan_timestamp": "2026-02-16T08:51:17.642532+00:00",
  "duration_seconds": 1094.36,
  "performance_metrics": {
    "total_processed": 459,
    "valid_configs": 330,
    "duplicates": 0,
    "failed_tests": 129,
    "success_rate": 71.9,
    "avg_latency_ms": 100.38,
    "avg_score": 99.33
  },
  "protocol_summary": {
    "vmess": {
      "count": 69,
      "avg_lat": 120.82608695652173,
      "avg_score": 99.1944927536232
    },
    "vless": {
      "count": 215,
      "avg_lat": 90.84651162790698,
      "avg_score": 99.39435658914729
    },
    "ss": {
      "count": 0,
      "avg_lat": 0.0,
      "avg_score": 0.0
    },
    "trojan": {
      "count": 46,
      "avg_lat": 114.23913043478261,
      "avg_score": 99.23840579710144
    }
  }
}