{
  "scan_timestamp": "2026-02-08T01:40:09.077516+00:00",
  "duration_seconds": 1117.21,
  "performance_metrics": {
    "total_processed": 485,
    "valid_configs": 343,
    "duplicates": 0,
    "failed_tests": 142,
    "success_rate": 70.72,
    "avg_latency_ms": 133.81,
    "avg_score": 99.11
  },
  "protocol_summary": {
    "vmess": {
      "count": 70,
      "avg_lat": 123.2,
      "avg_score": 99.17866666666667
    },
    "vless": {
      "count": 234,
      "avg_lat": 121.18376068376068,
      "avg_score": 99.19210826210826
    },
    "ss": {
      "count": 0,
      "avg_lat": 0.0,
      "avg_score": 0.0
    },
    "trojan": {
      "count": 39,
      "avg_lat": 228.64102564102564,
      "avg_score": 98.47572649572649
    }
  }
}