{
  "scan_timestamp": "2026-01-24T05:29:21.606089+00:00",
  "duration_seconds": 981.72,
  "performance_metrics": {
    "total_processed": 465,
    "valid_configs": 265,
    "duplicates": 0,
    "failed_tests": 200,
    "success_rate": 56.99,
    "avg_latency_ms": 108.44,
    "avg_score": 99.28
  },
  "protocol_summary": {
    "vmess": {
      "count": 93,
      "avg_lat": 105.40860215053763,
      "avg_score": 99.29727598566309
    },
    "vless": {
      "count": 116,
      "avg_lat": 85.60344827586206,
      "avg_score": 99.42931034482758
    },
    "ss": {
      "count": 0,
      "avg_lat": 0.0,
      "avg_score": 0.0
    },
    "trojan": {
      "count": 56,
      "avg_lat": 160.76785714285714,
      "avg_score": 98.92821428571428
    }
  }
}