{
  "scan_timestamp": "2026-03-03T14:08:27.998321+00:00",
  "duration_seconds": 1083.02,
  "performance_metrics": {
    "total_processed": 473,
    "valid_configs": 326,
    "duplicates": 0,
    "failed_tests": 147,
    "success_rate": 68.92,
    "avg_latency_ms": 74.01,
    "avg_score": 99.51
  },
  "protocol_summary": {
    "vmess": {
      "count": 60,
      "avg_lat": 47.85,
      "avg_score": 99.681
    },
    "vless": {
      "count": 231,
      "avg_lat": 78.93506493506493,
      "avg_score": 99.47376623376623
    },
    "ss": {
      "count": 0,
      "avg_lat": 0.0,
      "avg_score": 0.0
    },
    "trojan": {
      "count": 35,
      "avg_lat": 86.34285714285714,
      "avg_score": 99.42438095238096
    }
  }
}