{
  "scan_timestamp": "2026-02-08T09:38:36.324701+00:00",
  "duration_seconds": 1107.79,
  "performance_metrics": {
    "total_processed": 481,
    "valid_configs": 328,
    "duplicates": 0,
    "failed_tests": 153,
    "success_rate": 68.19,
    "avg_latency_ms": 117.6,
    "avg_score": 99.22
  },
  "protocol_summary": {
    "vmess": {
      "count": 57,
      "avg_lat": 97.3157894736842,
      "avg_score": 99.35122807017545
    },
    "vless": {
      "count": 230,
      "avg_lat": 118.81304347826087,
      "avg_score": 99.20791304347826
    },
    "ss": {
      "count": 0,
      "avg_lat": 0.0,
      "avg_score": 0.0
    },
    "trojan": {
      "count": 41,
      "avg_lat": 139.0,
      "avg_score": 99.07333333333334
    }
  }
}