{
  "scan_timestamp": "2026-03-04T09:46:41.079287+00:00",
  "duration_seconds": 1086.34,
  "performance_metrics": {
    "total_processed": 473,
    "valid_configs": 324,
    "duplicates": 0,
    "failed_tests": 149,
    "success_rate": 68.5,
    "avg_latency_ms": 77.19,
    "avg_score": 99.49
  },
  "protocol_summary": {
    "vmess": {
      "count": 60,
      "avg_lat": 47.2,
      "avg_score": 99.68533333333333
    },
    "vless": {
      "count": 229,
      "avg_lat": 86.07860262008734,
      "avg_score": 99.42614264919942
    },
    "ss": {
      "count": 0,
      "avg_lat": 0.0,
      "avg_score": 0.0
    },
    "trojan": {
      "count": 35,
      "avg_lat": 70.4,
      "avg_score": 99.53066666666666
    }
  }
}