{
  "scan_timestamp": "2025-12-29T15:26:37.611903+00:00",
  "duration_seconds": 905.68,
  "performance_metrics": {
    "total_processed": 440,
    "valid_configs": 242,
    "duplicates": 0,
    "failed_tests": 198,
    "success_rate": 55.0,
    "avg_latency_ms": 112.95,
    "avg_score": 99.25
  },
  "protocol_summary": {
    "vmess": {
      "count": 49,
      "avg_lat": 131.81632653061226,
      "avg_score": 99.1212244897959
    },
    "vless": {
      "count": 165,
      "avg_lat": 100.83636363636364,
      "avg_score": 99.32775757575759
    },
    "ss": {
      "count": 0,
      "avg_lat": 0.0,
      "avg_score": 0.0
    },
    "trojan": {
      "count": 28,
      "avg_lat": 151.32142857142858,
      "avg_score": 98.99119047619047
    }
  }
}