{
  "scan_timestamp": "2026-03-28T18:39:05.327235+00:00",
  "duration_seconds": 966.39,
  "performance_metrics": {
    "total_processed": 472,
    "valid_configs": 222,
    "duplicates": 0,
    "failed_tests": 250,
    "success_rate": 47.03,
    "avg_latency_ms": 85.47,
    "avg_score": 99.43
  },
  "protocol_summary": {
    "vmess": {
      "count": 16,
      "avg_lat": 81.0,
      "avg_score": 99.46
    },
    "vless": {
      "count": 194,
      "avg_lat": 77.97422680412372,
      "avg_score": 99.48017182130583
    },
    "ss": {
      "count": 7,
      "avg_lat": 253.85714285714286,
      "avg_score": 98.30761904761904
    },
    "trojan": {
      "count": 5,
      "avg_lat": 154.8,
      "avg_score": 98.96799999999999
    }
  }
}