{
  "scan_timestamp": "2026-03-01T22:30:37.047832+00:00",
  "duration_seconds": 1097.08,
  "performance_metrics": {
    "total_processed": 473,
    "valid_configs": 329,
    "duplicates": 0,
    "failed_tests": 144,
    "success_rate": 69.56,
    "avg_latency_ms": 84.02,
    "avg_score": 99.44
  },
  "protocol_summary": {
    "vmess": {
      "count": 59,
      "avg_lat": 55.69491525423729,
      "avg_score": 99.62870056497175
    },
    "vless": {
      "count": 235,
      "avg_lat": 91.98297872340426,
      "avg_score": 99.38678014184397
    },
    "ss": {
      "count": 0,
      "avg_lat": 0.0,
      "avg_score": 0.0
    },
    "trojan": {
      "count": 35,
      "avg_lat": 78.34285714285714,
      "avg_score": 99.4777142857143
    }
  }
}