{
  "scan_timestamp": "2026-01-31T18:32:24.479010+00:00",
  "duration_seconds": 954.74,
  "performance_metrics": {
    "total_processed": 463,
    "valid_configs": 259,
    "duplicates": 0,
    "failed_tests": 204,
    "success_rate": 55.94,
    "avg_latency_ms": 103.15,
    "avg_score": 99.31
  },
  "protocol_summary": {
    "vmess": {
      "count": 114,
      "avg_lat": 72.91228070175438,
      "avg_score": 99.51391812865496
    },
    "vless": {
      "count": 75,
      "avg_lat": 73.0,
      "avg_score": 99.51333333333334
    },
    "ss": {
      "count": 0,
      "avg_lat": 0.0,
      "avg_score": 0.0
    },
    "trojan": {
      "count": 70,
      "avg_lat": 184.71428571428572,
      "avg_score": 98.76857142857143
    }
  }
}