{
  "scan_timestamp": "2026-01-22T08:33:41.539343+00:00",
  "duration_seconds": 998.47,
  "performance_metrics": {
    "total_processed": 469,
    "valid_configs": 286,
    "duplicates": 0,
    "failed_tests": 183,
    "success_rate": 60.98,
    "avg_latency_ms": 84.15,
    "avg_score": 99.44
  },
  "protocol_summary": {
    "vmess": {
      "count": 111,
      "avg_lat": 62.729729729729726,
      "avg_score": 99.5818018018018
    },
    "vless": {
      "count": 143,
      "avg_lat": 77.93006993006993,
      "avg_score": 99.4804662004662
    },
    "ss": {
      "count": 0,
      "avg_lat": 0.0,
      "avg_score": 0.0
    },
    "trojan": {
      "count": 32,
      "avg_lat": 186.28125,
      "avg_score": 98.758125
    }
  }
}