{
  "scan_timestamp": "2026-01-27T22:31:33.674546+00:00",
  "duration_seconds": 1135.08,
  "performance_metrics": {
    "total_processed": 482,
    "valid_configs": 342,
    "duplicates": 0,
    "failed_tests": 140,
    "success_rate": 70.95,
    "avg_latency_ms": 97.73,
    "avg_score": 99.35
  },
  "protocol_summary": {
    "vmess": {
      "count": 51,
      "avg_lat": 80.98039215686275,
      "avg_score": 99.46013071895426
    },
    "vless": {
      "count": 222,
      "avg_lat": 96.90990990990991,
      "avg_score": 99.35393393393393
    },
    "ss": {
      "count": 0,
      "avg_lat": 0.0,
      "avg_score": 0.0
    },
    "trojan": {
      "count": 69,
      "avg_lat": 112.7536231884058,
      "avg_score": 99.24830917874397
    }
  }
}