{
  "scan_timestamp": "2025-12-25T20:28:18.264752+00:00",
  "duration_seconds": 967.64,
  "performance_metrics": {
    "total_processed": 475,
    "valid_configs": 272,
    "duplicates": 0,
    "failed_tests": 203,
    "success_rate": 57.26,
    "avg_latency_ms": 105.61,
    "avg_score": 99.3
  },
  "protocol_summary": {
    "vmess": {
      "count": 44,
      "avg_lat": 147.25,
      "avg_score": 99.01833333333333
    },
    "vless": {
      "count": 168,
      "avg_lat": 72.82142857142857,
      "avg_score": 99.51452380952381
    },
    "ss": {
      "count": 0,
      "avg_lat": 0.0,
      "avg_score": 0.0
    },
    "trojan": {
      "count": 60,
      "avg_lat": 166.9,
      "avg_score": 98.88733333333333
    }
  }
}