{
  "scan_timestamp": "2026-02-16T06:16:56.256787+00:00",
  "duration_seconds": 1058.06,
  "performance_metrics": {
    "total_processed": 461,
    "valid_configs": 318,
    "duplicates": 0,
    "failed_tests": 143,
    "success_rate": 68.98,
    "avg_latency_ms": 98.4,
    "avg_score": 99.34
  },
  "protocol_summary": {
    "vmess": {
      "count": 82,
      "avg_lat": 142.3780487804878,
      "avg_score": 99.05081300813009
    },
    "vless": {
      "count": 208,
      "avg_lat": 81.45673076923077,
      "avg_score": 99.45695512820512
    },
    "ss": {
      "count": 0,
      "avg_lat": 0.0,
      "avg_score": 0.0
    },
    "trojan": {
      "count": 28,
      "avg_lat": 95.5,
      "avg_score": 99.36333333333333
    }
  }
}