{
  "scan_timestamp": "2026-02-01T14:35:49.614810+00:00",
  "duration_seconds": 1206.46,
  "performance_metrics": {
    "total_processed": 488,
    "valid_configs": 379,
    "duplicates": 0,
    "failed_tests": 109,
    "success_rate": 77.66,
    "avg_latency_ms": 188.86,
    "avg_score": 98.74
  },
  "protocol_summary": {
    "vmess": {
      "count": 22,
      "avg_lat": 133.0,
      "avg_score": 99.11333333333333
    },
    "vless": {
      "count": 122,
      "avg_lat": 125.74590163934427,
      "avg_score": 99.16169398907104
    },
    "ss": {
      "count": 0,
      "avg_lat": 0.0,
      "avg_score": 0.0
    },
    "trojan": {
      "count": 235,
      "avg_lat": 226.85106382978722,
      "avg_score": 98.48765957446808
    }
  }
}