{
  "scan_timestamp": "2026-04-14T01:36:42.006687+00:00",
  "duration_seconds": 1017.29,
  "performance_metrics": {
    "total_processed": 482,
    "valid_configs": 263,
    "duplicates": 0,
    "failed_tests": 219,
    "success_rate": 54.56,
    "avg_latency_ms": 78.06,
    "avg_score": 99.48
  },
  "protocol_summary": {
    "vmess": {
      "count": 2,
      "avg_lat": 130.0,
      "avg_score": 99.13333333333333
    },
    "vless": {
      "count": 254,
      "avg_lat": 78.23228346456693,
      "avg_score": 99.47845144356954
    },
    "ss": {
      "count": 3,
      "avg_lat": 102.66666666666667,
      "avg_score": 99.31555555555555
    },
    "trojan": {
      "count": 4,
      "avg_lat": 23.0,
      "avg_score": 99.84666666666666
    }
  }
}