{
  "scan_timestamp": "2026-03-27T15:57:04.610419+00:00",
  "duration_seconds": 1030.52,
  "performance_metrics": {
    "total_processed": 459,
    "valid_configs": 293,
    "duplicates": 0,
    "failed_tests": 166,
    "success_rate": 63.83,
    "avg_latency_ms": 67.2,
    "avg_score": 99.55
  },
  "protocol_summary": {
    "vmess": {
      "count": 19,
      "avg_lat": 105.89473684210526,
      "avg_score": 99.2940350877193
    },
    "vless": {
      "count": 246,
      "avg_lat": 52.166666666666664,
      "avg_score": 99.65222222222222
    },
    "ss": {
      "count": 9,
      "avg_lat": 213.44444444444446,
      "avg_score": 98.57703703703704
    },
    "trojan": {
      "count": 19,
      "avg_lat": 153.89473684210526,
      "avg_score": 98.9740350877193
    }
  }
}