{
  "scan_timestamp": "2026-01-23T04:16:05.424402+00:00",
  "duration_seconds": 967.11,
  "performance_metrics": {
    "total_processed": 457,
    "valid_configs": 277,
    "duplicates": 0,
    "failed_tests": 180,
    "success_rate": 60.61,
    "avg_latency_ms": 100.17,
    "avg_score": 99.33
  },
  "protocol_summary": {
    "vmess": {
      "count": 117,
      "avg_lat": 107.36752136752136,
      "avg_score": 99.28421652421653
    },
    "vless": {
      "count": 129,
      "avg_lat": 88.16279069767442,
      "avg_score": 99.41224806201551
    },
    "ss": {
      "count": 0,
      "avg_lat": 0.0,
      "avg_score": 0.0
    },
    "trojan": {
      "count": 31,
      "avg_lat": 122.96774193548387,
      "avg_score": 99.18021505376343
    }
  }
}