{
  "scan_timestamp": "2025-12-26T04:08:53.115569+00:00",
  "duration_seconds": 972.32,
  "performance_metrics": {
    "total_processed": 461,
    "valid_configs": 283,
    "duplicates": 0,
    "failed_tests": 178,
    "success_rate": 61.39,
    "avg_latency_ms": 120.11,
    "avg_score": 99.2
  },
  "protocol_summary": {
    "vmess": {
      "count": 78,
      "avg_lat": 97.8076923076923,
      "avg_score": 99.34794871794873
    },
    "vless": {
      "count": 114,
      "avg_lat": 99.02631578947368,
      "avg_score": 99.3398245614035
    },
    "ss": {
      "count": 0,
      "avg_lat": 0.0,
      "avg_score": 0.0
    },
    "trojan": {
      "count": 91,
      "avg_lat": 165.64835164835165,
      "avg_score": 98.89567765567764
    }
  }
}