{
  "scan_timestamp": "2026-04-19T21:38:34.313444+00:00",
  "duration_seconds": 875.51,
  "performance_metrics": {
    "total_processed": 484,
    "valid_configs": 220,
    "duplicates": 0,
    "failed_tests": 264,
    "success_rate": 45.45,
    "avg_latency_ms": 63.47,
    "avg_score": 99.58
  },
  "protocol_summary": {
    "vmess": {
      "count": 2,
      "avg_lat": 109.0,
      "avg_score": 99.27333333333334
    },
    "vless": {
      "count": 210,
      "avg_lat": 61.51428571428571,
      "avg_score": 99.58990476190476
    },
    "ss": {
      "count": 3,
      "avg_lat": 185.66666666666666,
      "avg_score": 98.76222222222223
    },
    "trojan": {
      "count": 5,
      "avg_lat": 54.0,
      "avg_score": 99.64000000000001
    }
  }
}