{
  "scan_timestamp": "2026-07-09T20:54:27.464720+00:00",
  "duration_seconds": 484.07,
  "performance_metrics": {
    "total_processed": 455,
    "valid_configs": 152,
    "duplicates": 0,
    "failed_tests": 303,
    "success_rate": 33.41,
    "avg_latency_ms": 95.14,
    "avg_score": 99.37
  },
  "protocol_summary": {
    "vmess": {
      "count": 1,
      "avg_lat": 8.0,
      "avg_score": 99.94666666666667
    },
    "ss": {
      "count": 139,
      "avg_lat": 101.41007194244604,
      "avg_score": 99.32393285371703
    },
    "trojan": {
      "count": 12,
      "avg_lat": 29.75,
      "avg_score": 99.80166666666666
    }
  }
}