{
  "scan_timestamp": "2025-12-08T15:27:09.328729+00:00",
  "duration_seconds": 906.42,
  "performance_metrics": {
    "total_processed": 476,
    "valid_configs": 208,
    "duplicates": 0,
    "failed_tests": 268,
    "success_rate": 43.7,
    "avg_latency_ms": 187.88,
    "avg_score": 98.75
  },
  "protocol_summary": {
    "vmess": {
      "count": 78,
      "avg_lat": 239.8846153846154,
      "avg_score": 98.40076923076923
    },
    "vless": {
      "count": 62,
      "avg_lat": 107.70967741935483,
      "avg_score": 99.28193548387097
    },
    "ss": {
      "count": 0,
      "avg_lat": 0.0,
      "avg_score": 0.0
    },
    "trojan": {
      "count": 68,
      "avg_lat": 201.3235294117647,
      "avg_score": 98.6578431372549
    }
  }
}