{
  "scan_timestamp": "2026-02-28T10:30:28.030545+00:00",
  "duration_seconds": 1104.17,
  "performance_metrics": {
    "total_processed": 473,
    "valid_configs": 332,
    "duplicates": 0,
    "failed_tests": 141,
    "success_rate": 70.19,
    "avg_latency_ms": 82.27,
    "avg_score": 99.45
  },
  "protocol_summary": {
    "vmess": {
      "count": 60,
      "avg_lat": 51.9,
      "avg_score": 99.654
    },
    "vless": {
      "count": 237,
      "avg_lat": 90.23628691983123,
      "avg_score": 99.39842475386779
    },
    "ss": {
      "count": 0,
      "avg_lat": 0.0,
      "avg_score": 0.0
    },
    "trojan": {
      "count": 35,
      "avg_lat": 80.42857142857143,
      "avg_score": 99.46380952380952
    }
  }
}