{
  "scan_timestamp": "2026-01-18T06:31:25.385108+00:00",
  "duration_seconds": 925.51,
  "performance_metrics": {
    "total_processed": 446,
    "valid_configs": 261,
    "duplicates": 0,
    "failed_tests": 185,
    "success_rate": 58.52,
    "avg_latency_ms": 127.68,
    "avg_score": 99.15
  },
  "protocol_summary": {
    "vmess": {
      "count": 69,
      "avg_lat": 97.07246376811594,
      "avg_score": 99.3528502415459
    },
    "vless": {
      "count": 122,
      "avg_lat": 92.87704918032787,
      "avg_score": 99.38081967213114
    },
    "ss": {
      "count": 0,
      "avg_lat": 0.0,
      "avg_score": 0.0
    },
    "trojan": {
      "count": 70,
      "avg_lat": 218.5,
      "avg_score": 98.54333333333332
    }
  }
}