{
  "scan_timestamp": "2026-01-15T15:28:33.352211+00:00",
  "duration_seconds": 877.83,
  "performance_metrics": {
    "total_processed": 424,
    "valid_configs": 244,
    "duplicates": 0,
    "failed_tests": 180,
    "success_rate": 57.55,
    "avg_latency_ms": 88.42,
    "avg_score": 99.41
  },
  "protocol_summary": {
    "vmess": {
      "count": 53,
      "avg_lat": 81.50943396226415,
      "avg_score": 99.4566037735849
    },
    "vless": {
      "count": 135,
      "avg_lat": 63.19259259259259,
      "avg_score": 99.57871604938272
    },
    "ss": {
      "count": 0,
      "avg_lat": 0.0,
      "avg_score": 0.0
    },
    "trojan": {
      "count": 56,
      "avg_lat": 155.78571428571428,
      "avg_score": 98.96142857142857
    }
  }
}