{
  "scan_timestamp": "2026-03-29T10:37:21.599307+00:00",
  "duration_seconds": 973.25,
  "performance_metrics": {
    "total_processed": 471,
    "valid_configs": 200,
    "duplicates": 0,
    "failed_tests": 271,
    "success_rate": 42.46,
    "avg_latency_ms": 78.8,
    "avg_score": 99.47
  },
  "protocol_summary": {
    "vmess": {
      "count": 17,
      "avg_lat": 91.47058823529412,
      "avg_score": 99.39019607843137
    },
    "vless": {
      "count": 179,
      "avg_lat": 74.83240223463687,
      "avg_score": 99.50111731843576
    },
    "ss": {
      "count": 1,
      "avg_lat": 122.0,
      "avg_score": 99.18666666666667
    },
    "trojan": {
      "count": 3,
      "avg_lat": 229.33333333333334,
      "avg_score": 98.4711111111111
    }
  }
}