{
  "scan_timestamp": "2026-03-21T21:18:28.431945+00:00",
  "duration_seconds": 230.92,
  "performance_metrics": {
    "total_processed": 346,
    "valid_configs": 42,
    "duplicates": 0,
    "failed_tests": 304,
    "success_rate": 12.14,
    "avg_latency_ms": 102.43,
    "avg_score": 99.32
  },
  "protocol_summary": {
    "vmess": {
      "count": 1,
      "avg_lat": 63.0,
      "avg_score": 99.58
    },
    "vless": {
      "count": 28,
      "avg_lat": 72.42857142857143,
      "avg_score": 99.51714285714286
    },
    "ss": {
      "count": 12,
      "avg_lat": 184.16666666666666,
      "avg_score": 98.77222222222223
    },
    "trojan": {
      "count": 1,
      "avg_lat": 1.0,
      "avg_score": 99.99333333333334
    }
  }
}