{
  "scan_timestamp": "2025-12-07T22:24:34.758238+00:00",
  "duration_seconds": 926.41,
  "performance_metrics": {
    "total_processed": 476,
    "valid_configs": 215,
    "duplicates": 0,
    "failed_tests": 261,
    "success_rate": 45.17,
    "avg_latency_ms": 163.45,
    "avg_score": 98.91
  },
  "protocol_summary": {
    "vmess": {
      "count": 44,
      "avg_lat": 305.3181818181818,
      "avg_score": 97.96454545454544
    },
    "vless": {
      "count": 106,
      "avg_lat": 100.48113207547169,
      "avg_score": 99.33012578616352
    },
    "ss": {
      "count": 0,
      "avg_lat": 0.0,
      "avg_score": 0.0
    },
    "trojan": {
      "count": 65,
      "avg_lat": 170.09230769230768,
      "avg_score": 98.86605128205127
    }
  }
}