{
  "scan_timestamp": "2026-01-31T03:29:57.431871+00:00",
  "duration_seconds": 687.57,
  "performance_metrics": {
    "total_processed": 430,
    "valid_configs": 171,
    "duplicates": 0,
    "failed_tests": 259,
    "success_rate": 39.77,
    "avg_latency_ms": 89.16,
    "avg_score": 99.41
  },
  "protocol_summary": {
    "vmess": {
      "count": 62,
      "avg_lat": 73.51612903225806,
      "avg_score": 99.50989247311828
    },
    "vless": {
      "count": 76,
      "avg_lat": 57.96052631578947,
      "avg_score": 99.61359649122807
    },
    "ss": {
      "count": 0,
      "avg_lat": 0.0,
      "avg_score": 0.0
    },
    "trojan": {
      "count": 33,
      "avg_lat": 190.42424242424244,
      "avg_score": 98.73050505050504
    }
  }
}