{
  "scan_timestamp": "2026-03-02T04:20:38.380720+00:00",
  "duration_seconds": 1096.31,
  "performance_metrics": {
    "total_processed": 473,
    "valid_configs": 329,
    "duplicates": 0,
    "failed_tests": 144,
    "success_rate": 69.56,
    "avg_latency_ms": 75.49,
    "avg_score": 99.5
  },
  "protocol_summary": {
    "vmess": {
      "count": 59,
      "avg_lat": 45.32203389830509,
      "avg_score": 99.69785310734463
    },
    "vless": {
      "count": 235,
      "avg_lat": 79.93617021276596,
      "avg_score": 99.46709219858155
    },
    "ss": {
      "count": 0,
      "avg_lat": 0.0,
      "avg_score": 0.0
    },
    "trojan": {
      "count": 35,
      "avg_lat": 96.48571428571428,
      "avg_score": 99.35676190476191
    }
  }
}