{
  "scan_timestamp": "2026-01-11T18:32:39.059209+00:00",
  "duration_seconds": 1072.3,
  "performance_metrics": {
    "total_processed": 475,
    "valid_configs": 323,
    "duplicates": 0,
    "failed_tests": 152,
    "success_rate": 68.0,
    "avg_latency_ms": 104.78,
    "avg_score": 99.3
  },
  "protocol_summary": {
    "vmess": {
      "count": 67,
      "avg_lat": 138.73134328358208,
      "avg_score": 99.07512437810945
    },
    "vless": {
      "count": 207,
      "avg_lat": 97.20289855072464,
      "avg_score": 99.35198067632851
    },
    "ss": {
      "count": 0,
      "avg_lat": 0.0,
      "avg_score": 0.0
    },
    "trojan": {
      "count": 49,
      "avg_lat": 90.34693877551021,
      "avg_score": 99.39768707482993
    }
  }
}