{
  "scan_timestamp": "2026-03-13T16:28:39.692674+00:00",
  "duration_seconds": 208.35,
  "performance_metrics": {
    "total_processed": 369,
    "valid_configs": 34,
    "duplicates": 0,
    "failed_tests": 335,
    "success_rate": 9.21,
    "avg_latency_ms": 93.82,
    "avg_score": 99.37
  },
  "protocol_summary": {
    "vmess": {
      "count": 2,
      "avg_lat": 15.0,
      "avg_score": 99.9
    },
    "vless": {
      "count": 28,
      "avg_lat": 90.07142857142857,
      "avg_score": 99.3995238095238
    },
    "ss": {
      "count": 3,
      "avg_lat": 210.66666666666666,
      "avg_score": 98.59555555555556
    },
    "trojan": {
      "count": 1,
      "avg_lat": 6.0,
      "avg_score": 99.96
    }
  }
}