{
  "scan_timestamp": "2026-07-10T18:30:40.915133+00:00",
  "duration_seconds": 439.31,
  "performance_metrics": {
    "total_processed": 446,
    "valid_configs": 134,
    "duplicates": 0,
    "failed_tests": 312,
    "success_rate": 30.04,
    "avg_latency_ms": 154.75,
    "avg_score": 98.97
  },
  "protocol_summary": {
    "vmess": {
      "count": 1,
      "avg_lat": 77.0,
      "avg_score": 99.48666666666666
    },
    "vless": {
      "count": 1,
      "avg_lat": 157.0,
      "avg_score": 98.95333333333333
    },
    "ss": {
      "count": 117,
      "avg_lat": 164.87179487179486,
      "avg_score": 98.9008547008547
    },
    "trojan": {
      "count": 15,
      "avg_lat": 80.86666666666666,
      "avg_score": 99.46088888888889
    }
  }
}