{
  "scan_timestamp": "2026-04-02T20:38:52.729171+00:00",
  "duration_seconds": 933.86,
  "performance_metrics": {
    "total_processed": 487,
    "valid_configs": 207,
    "duplicates": 0,
    "failed_tests": 280,
    "success_rate": 42.51,
    "avg_latency_ms": 106.76,
    "avg_score": 99.29
  },
  "protocol_summary": {
    "vmess": {
      "count": 2,
      "avg_lat": 112.5,
      "avg_score": 99.25
    },
    "vless": {
      "count": 202,
      "avg_lat": 106.54455445544555,
      "avg_score": 99.28970297029703
    },
    "ss": {
      "count": 2,
      "avg_lat": 124.5,
      "avg_score": 99.16999999999999
    },
    "trojan": {
      "count": 1,
      "avg_lat": 104.0,
      "avg_score": 99.30666666666667
    }
  }
}