{
  "scan_timestamp": "2026-03-13T22:22:22.556796+00:00",
  "duration_seconds": 230.74,
  "performance_metrics": {
    "total_processed": 359,
    "valid_configs": 42,
    "duplicates": 0,
    "failed_tests": 317,
    "success_rate": 11.7,
    "avg_latency_ms": 98.02,
    "avg_score": 99.35
  },
  "protocol_summary": {
    "vmess": {
      "count": 2,
      "avg_lat": 66.5,
      "avg_score": 99.55666666666667
    },
    "vless": {
      "count": 28,
      "avg_lat": 76.35714285714286,
      "avg_score": 99.4909523809524
    },
    "ss": {
      "count": 11,
      "avg_lat": 167.63636363636363,
      "avg_score": 98.88242424242425
    },
    "trojan": {
      "count": 1,
      "avg_lat": 2.0,
      "avg_score": 99.98666666666666
    }
  }
}