{
  "scan_timestamp": "2026-04-23T19:06:02.752528+00:00",
  "duration_seconds": 827.01,
  "performance_metrics": {
    "total_processed": 482,
    "valid_configs": 202,
    "duplicates": 0,
    "failed_tests": 280,
    "success_rate": 41.91,
    "avg_latency_ms": 200.99,
    "avg_score": 98.66
  },
  "protocol_summary": {
    "vmess": {
      "count": 2,
      "avg_lat": 136.5,
      "avg_score": 99.09
    },
    "vless": {
      "count": 191,
      "avg_lat": 207.77486910994764,
      "avg_score": 98.61483420593369
    },
    "ss": {
      "count": 2,
      "avg_lat": 142.5,
      "avg_score": 99.05
    },
    "trojan": {
      "count": 7,
      "avg_lat": 50.857142857142854,
      "avg_score": 99.66095238095238
    }
  }
}