{
  "scan_timestamp": "2025-12-16T13:48:33.592955+00:00",
  "duration_seconds": 1013.48,
  "performance_metrics": {
    "total_processed": 477,
    "valid_configs": 283,
    "duplicates": 0,
    "failed_tests": 194,
    "success_rate": 59.33,
    "avg_latency_ms": 116.31,
    "avg_score": 99.22
  },
  "protocol_summary": {
    "vmess": {
      "count": 36,
      "avg_lat": 220.38888888888889,
      "avg_score": 98.53074074074074
    },
    "vless": {
      "count": 215,
      "avg_lat": 97.91627906976744,
      "avg_score": 99.34722480620154
    },
    "ss": {
      "count": 0,
      "avg_lat": 0.0,
      "avg_score": 0.0
    },
    "trojan": {
      "count": 32,
      "avg_lat": 122.8125,
      "avg_score": 99.18125
    }
  }
}