{
  "scan_timestamp": "2026-02-12T10:49:49.693004+00:00",
  "duration_seconds": 1012.56,
  "performance_metrics": {
    "total_processed": 474,
    "valid_configs": 295,
    "duplicates": 0,
    "failed_tests": 179,
    "success_rate": 62.24,
    "avg_latency_ms": 114.47,
    "avg_score": 99.24
  },
  "protocol_summary": {
    "vmess": {
      "count": 52,
      "avg_lat": 130.98076923076923,
      "avg_score": 99.12679487179487
    },
    "vless": {
      "count": 198,
      "avg_lat": 101.87373737373737,
      "avg_score": 99.32084175084177
    },
    "ss": {
      "count": 0,
      "avg_lat": 0.0,
      "avg_score": 0.0
    },
    "trojan": {
      "count": 45,
      "avg_lat": 150.8,
      "avg_score": 98.99466666666667
    }
  }
}