{
  "scan_timestamp": "2026-03-06T09:44:46.134364+00:00",
  "duration_seconds": 1075.56,
  "performance_metrics": {
    "total_processed": 473,
    "valid_configs": 321,
    "duplicates": 0,
    "failed_tests": 152,
    "success_rate": 67.86,
    "avg_latency_ms": 80.85,
    "avg_score": 99.46
  },
  "protocol_summary": {
    "vmess": {
      "count": 60,
      "avg_lat": 54.28333333333333,
      "avg_score": 99.63811111111112
    },
    "vless": {
      "count": 226,
      "avg_lat": 88.27433628318585,
      "avg_score": 99.41150442477876
    },
    "ss": {
      "count": 0,
      "avg_lat": 0.0,
      "avg_score": 0.0
    },
    "trojan": {
      "count": 35,
      "avg_lat": 78.48571428571428,
      "avg_score": 99.4767619047619
    }
  }
}