{
  "scan_timestamp": "2025-12-08T06:33:48.127501+00:00",
  "duration_seconds": 931.44,
  "performance_metrics": {
    "total_processed": 475,
    "valid_configs": 222,
    "duplicates": 0,
    "failed_tests": 253,
    "success_rate": 46.74,
    "avg_latency_ms": 233.04,
    "avg_score": 98.45
  },
  "protocol_summary": {
    "vmess": {
      "count": 78,
      "avg_lat": 326.0,
      "avg_score": 97.82666666666667
    },
    "vless": {
      "count": 63,
      "avg_lat": 114.17460317460318,
      "avg_score": 99.23883597883598
    },
    "ss": {
      "count": 0,
      "avg_lat": 0.0,
      "avg_score": 0.0
    },
    "trojan": {
      "count": 81,
      "avg_lat": 235.96296296296296,
      "avg_score": 98.42691358024692
    }
  }
}