{
  "scan_timestamp": "2026-01-19T23:26:40.776061+00:00",
  "duration_seconds": 970.01,
  "performance_metrics": {
    "total_processed": 464,
    "valid_configs": 271,
    "duplicates": 0,
    "failed_tests": 193,
    "success_rate": 58.41,
    "avg_latency_ms": 125.55,
    "avg_score": 99.16
  },
  "protocol_summary": {
    "vmess": {
      "count": 112,
      "avg_lat": 107.11607142857143,
      "avg_score": 99.28589285714285
    },
    "vless": {
      "count": 111,
      "avg_lat": 94.29729729729729,
      "avg_score": 99.37135135135135
    },
    "ss": {
      "count": 0,
      "avg_lat": 0.0,
      "avg_score": 0.0
    },
    "trojan": {
      "count": 48,
      "avg_lat": 240.83333333333334,
      "avg_score": 98.39444444444445
    }
  }
}