{
  "scan_timestamp": "2025-12-29T04:55:18.145405+00:00",
  "duration_seconds": 927.6,
  "performance_metrics": {
    "total_processed": 439,
    "valid_configs": 250,
    "duplicates": 0,
    "failed_tests": 189,
    "success_rate": 56.95,
    "avg_latency_ms": 100.34,
    "avg_score": 99.33
  },
  "protocol_summary": {
    "vmess": {
      "count": 52,
      "avg_lat": 152.30769230769232,
      "avg_score": 98.98461538461538
    },
    "vless": {
      "count": 165,
      "avg_lat": 73.10909090909091,
      "avg_score": 99.51260606060605
    },
    "ss": {
      "count": 0,
      "avg_lat": 0.0,
      "avg_score": 0.0
    },
    "trojan": {
      "count": 33,
      "avg_lat": 154.57575757575756,
      "avg_score": 98.96949494949494
    }
  }
}