{
  "scan_timestamp": "2026-03-28T21:35:37.475284+00:00",
  "duration_seconds": 970.45,
  "performance_metrics": {
    "total_processed": 474,
    "valid_configs": 218,
    "duplicates": 0,
    "failed_tests": 256,
    "success_rate": 45.99,
    "avg_latency_ms": 84.58,
    "avg_score": 99.44
  },
  "protocol_summary": {
    "vmess": {
      "count": 20,
      "avg_lat": 167.2,
      "avg_score": 98.88533333333334
    },
    "vless": {
      "count": 186,
      "avg_lat": 68.63440860215054,
      "avg_score": 99.54243727598566
    },
    "ss": {
      "count": 7,
      "avg_lat": 211.71428571428572,
      "avg_score": 98.58857142857143
    },
    "trojan": {
      "count": 5,
      "avg_lat": 169.2,
      "avg_score": 98.872
    }
  }
}