{
  "scan_timestamp": "2026-07-22T02:44:52.720054+00:00",
  "duration_seconds": 300.82,
  "performance_metrics": {
    "total_processed": 408,
    "valid_configs": 92,
    "duplicates": 0,
    "failed_tests": 316,
    "success_rate": 22.55,
    "avg_latency_ms": 116.77,
    "avg_score": 99.22
  },
  "protocol_summary": {
    "vless": {
      "count": 3,
      "avg_lat": 41.333333333333336,
      "avg_score": 99.72444444444444
    },
    "ss": {
      "count": 86,
      "avg_lat": 114.68604651162791,
      "avg_score": 99.23542635658914
    },
    "trojan": {
      "count": 3,
      "avg_lat": 252.0,
      "avg_score": 98.32000000000001
    }
  }
}