{
  "scan_timestamp": "2026-02-08T11:32:38.468751+00:00",
  "duration_seconds": 1127.17,
  "performance_metrics": {
    "total_processed": 479,
    "valid_configs": 332,
    "duplicates": 0,
    "failed_tests": 147,
    "success_rate": 69.31,
    "avg_latency_ms": 132.41,
    "avg_score": 99.12
  },
  "protocol_summary": {
    "vmess": {
      "count": 58,
      "avg_lat": 119.27586206896552,
      "avg_score": 99.2048275862069
    },
    "vless": {
      "count": 230,
      "avg_lat": 127.24347826086957,
      "avg_score": 99.15171014492753
    },
    "ss": {
      "count": 0,
      "avg_lat": 0.0,
      "avg_score": 0.0
    },
    "trojan": {
      "count": 44,
      "avg_lat": 176.70454545454547,
      "avg_score": 98.8219696969697
    }
  }
}