{
  "scan_timestamp": "2026-03-15T22:19:25.983333+00:00",
  "duration_seconds": 230.45,
  "performance_metrics": {
    "total_processed": 353,
    "valid_configs": 42,
    "duplicates": 0,
    "failed_tests": 311,
    "success_rate": 11.9,
    "avg_latency_ms": 58.98,
    "avg_score": 99.61
  },
  "protocol_summary": {
    "vmess": {
      "count": 1,
      "avg_lat": 21.0,
      "avg_score": 99.86
    },
    "vless": {
      "count": 29,
      "avg_lat": 38.44827586206897,
      "avg_score": 99.74367816091954
    },
    "ss": {
      "count": 11,
      "avg_lat": 121.63636363636364,
      "avg_score": 99.18909090909091
    },
    "trojan": {
      "count": 1,
      "avg_lat": 3.0,
      "avg_score": 99.98
    }
  }
}