{
  "scan_timestamp": "2026-01-26T23:30:39.159386+00:00",
  "duration_seconds": 1104.26,
  "performance_metrics": {
    "total_processed": 475,
    "valid_configs": 332,
    "duplicates": 0,
    "failed_tests": 143,
    "success_rate": 69.89,
    "avg_latency_ms": 95.17,
    "avg_score": 99.37
  },
  "protocol_summary": {
    "vmess": {
      "count": 41,
      "avg_lat": 120.95121951219512,
      "avg_score": 99.19365853658536
    },
    "vless": {
      "count": 230,
      "avg_lat": 80.56086956521739,
      "avg_score": 99.46292753623187
    },
    "ss": {
      "count": 0,
      "avg_lat": 0.0,
      "avg_score": 0.0
    },
    "trojan": {
      "count": 61,
      "avg_lat": 132.9016393442623,
      "avg_score": 99.11398907103825
    }
  }
}