{
  "scan_timestamp": "2026-02-07T03:42:58.383250+00:00",
  "duration_seconds": 1093.19,
  "performance_metrics": {
    "total_processed": 483,
    "valid_configs": 318,
    "duplicates": 0,
    "failed_tests": 165,
    "success_rate": 65.84,
    "avg_latency_ms": 150.74,
    "avg_score": 99.0
  },
  "protocol_summary": {
    "vmess": {
      "count": 59,
      "avg_lat": 145.45762711864407,
      "avg_score": 99.03028248587572
    },
    "vless": {
      "count": 206,
      "avg_lat": 140.51456310679612,
      "avg_score": 99.0632362459547
    },
    "ss": {
      "count": 0,
      "avg_lat": 0.0,
      "avg_score": 0.0
    },
    "trojan": {
      "count": 53,
      "avg_lat": 196.37735849056602,
      "avg_score": 98.69081761006288
    }
  }
}