{
  "scan_timestamp": "2026-02-09T07:22:49.860886+00:00",
  "duration_seconds": 1100.86,
  "performance_metrics": {
    "total_processed": 478,
    "valid_configs": 345,
    "duplicates": 0,
    "failed_tests": 133,
    "success_rate": 72.18,
    "avg_latency_ms": 120.5,
    "avg_score": 99.2
  },
  "protocol_summary": {
    "vmess": {
      "count": 50,
      "avg_lat": 115.98,
      "avg_score": 99.2268
    },
    "vless": {
      "count": 219,
      "avg_lat": 126.2420091324201,
      "avg_score": 99.15838660578387
    },
    "ss": {
      "count": 0,
      "avg_lat": 0.0,
      "avg_score": 0.0
    },
    "trojan": {
      "count": 76,
      "avg_lat": 106.90789473684211,
      "avg_score": 99.28728070175438
    }
  }
}