{
  "scan_timestamp": "2026-02-27T20:35:37.135791+00:00",
  "duration_seconds": 1110.49,
  "performance_metrics": {
    "total_processed": 473,
    "valid_configs": 332,
    "duplicates": 0,
    "failed_tests": 141,
    "success_rate": 70.19,
    "avg_latency_ms": 88.34,
    "avg_score": 99.41
  },
  "protocol_summary": {
    "vmess": {
      "count": 61,
      "avg_lat": 128.98360655737704,
      "avg_score": 99.1401092896175
    },
    "vless": {
      "count": 236,
      "avg_lat": 80.19067796610169,
      "avg_score": 99.46539548022598
    },
    "ss": {
      "count": 0,
      "avg_lat": 0.0,
      "avg_score": 0.0
    },
    "trojan": {
      "count": 35,
      "avg_lat": 72.45714285714286,
      "avg_score": 99.51695238095238
    }
  }
}