{
  "scan_timestamp": "2026-04-08T14:43:42.062378+00:00",
  "duration_seconds": 1008.12,
  "performance_metrics": {
    "total_processed": 491,
    "valid_configs": 211,
    "duplicates": 0,
    "failed_tests": 280,
    "success_rate": 42.97,
    "avg_latency_ms": 137.74,
    "avg_score": 99.08
  },
  "protocol_summary": {
    "vmess": {
      "count": 2,
      "avg_lat": 157.5,
      "avg_score": 98.94999999999999
    },
    "vless": {
      "count": 206,
      "avg_lat": 136.23300970873785,
      "avg_score": 99.09177993527507
    },
    "ss": {
      "count": 2,
      "avg_lat": 341.5,
      "avg_score": 97.72333333333333
    },
    "trojan": {
      "count": 1,
      "avg_lat": 2.0,
      "avg_score": 99.98666666666666
    }
  }
}