{
  "scan_timestamp": "2025-12-26T15:27:15.447302+00:00",
  "duration_seconds": 990.7,
  "performance_metrics": {
    "total_processed": 470,
    "valid_configs": 292,
    "duplicates": 0,
    "failed_tests": 178,
    "success_rate": 62.13,
    "avg_latency_ms": 117.94,
    "avg_score": 99.21
  },
  "protocol_summary": {
    "vmess": {
      "count": 73,
      "avg_lat": 96.01369863013699,
      "avg_score": 99.35990867579909
    },
    "vless": {
      "count": 147,
      "avg_lat": 98.87074829931973,
      "avg_score": 99.34086167800453
    },
    "ss": {
      "count": 0,
      "avg_lat": 0.0,
      "avg_score": 0.0
    },
    "trojan": {
      "count": 72,
      "avg_lat": 179.11111111111111,
      "avg_score": 98.80592592592592
    }
  }
}