{
  "scan_timestamp": "2026-02-12T19:59:57.448571+00:00",
  "duration_seconds": 1013.72,
  "performance_metrics": {
    "total_processed": 461,
    "valid_configs": 304,
    "duplicates": 0,
    "failed_tests": 157,
    "success_rate": 65.94,
    "avg_latency_ms": 152.55,
    "avg_score": 98.98
  },
  "protocol_summary": {
    "vmess": {
      "count": 64,
      "avg_lat": 227.140625,
      "avg_score": 98.48572916666667
    },
    "vless": {
      "count": 202,
      "avg_lat": 133.03465346534654,
      "avg_score": 99.11310231023103
    },
    "ss": {
      "count": 0,
      "avg_lat": 0.0,
      "avg_score": 0.0
    },
    "trojan": {
      "count": 38,
      "avg_lat": 130.6315789473684,
      "avg_score": 99.12912280701755
    }
  }
}