{
  "scan_timestamp": "2026-02-07T22:31:30.654321+00:00",
  "duration_seconds": 1072.54,
  "performance_metrics": {
    "total_processed": 482,
    "valid_configs": 322,
    "duplicates": 0,
    "failed_tests": 160,
    "success_rate": 66.8,
    "avg_latency_ms": 142.41,
    "avg_score": 99.05
  },
  "protocol_summary": {
    "vmess": {
      "count": 72,
      "avg_lat": 97.0,
      "avg_score": 99.35333333333332
    },
    "vless": {
      "count": 196,
      "avg_lat": 149.2295918367347,
      "avg_score": 99.00513605442177
    },
    "ss": {
      "count": 0,
      "avg_lat": 0.0,
      "avg_score": 0.0
    },
    "trojan": {
      "count": 54,
      "avg_lat": 178.22222222222223,
      "avg_score": 98.81185185185186
    }
  }
}