{
  "scan_timestamp": "2026-04-20T01:36:20.590360+00:00",
  "duration_seconds": 856.04,
  "performance_metrics": {
    "total_processed": 481,
    "valid_configs": 210,
    "duplicates": 0,
    "failed_tests": 271,
    "success_rate": 43.66,
    "avg_latency_ms": 100.66,
    "avg_score": 99.33
  },
  "protocol_summary": {
    "vmess": {
      "count": 2,
      "avg_lat": 114.5,
      "avg_score": 99.23666666666666
    },
    "vless": {
      "count": 196,
      "avg_lat": 103.14285714285714,
      "avg_score": 99.31238095238095
    },
    "ss": {
      "count": 3,
      "avg_lat": 139.66666666666666,
      "avg_score": 99.0688888888889
    },
    "trojan": {
      "count": 9,
      "avg_lat": 30.555555555555557,
      "avg_score": 99.79629629629629
    }
  }
}