{
  "scan_timestamp": "2025-12-17T06:33:36.299197+00:00",
  "duration_seconds": 992.97,
  "performance_metrics": {
    "total_processed": 470,
    "valid_configs": 284,
    "duplicates": 0,
    "failed_tests": 186,
    "success_rate": 60.43,
    "avg_latency_ms": 94.22,
    "avg_score": 99.37
  },
  "protocol_summary": {
    "vmess": {
      "count": 33,
      "avg_lat": 216.03030303030303,
      "avg_score": 98.55979797979798
    },
    "vless": {
      "count": 206,
      "avg_lat": 73.7378640776699,
      "avg_score": 99.5084142394822
    },
    "ss": {
      "count": 0,
      "avg_lat": 0.0,
      "avg_score": 0.0
    },
    "trojan": {
      "count": 45,
      "avg_lat": 98.66666666666667,
      "avg_score": 99.34222222222222
    }
  }
}