{
  "scan_timestamp": "2026-03-09T17:41:53.373366+00:00",
  "duration_seconds": 186.38,
  "performance_metrics": {
    "total_processed": 381,
    "valid_configs": 30,
    "duplicates": 0,
    "failed_tests": 351,
    "success_rate": 7.87,
    "avg_latency_ms": 118.63,
    "avg_score": 99.21
  },
  "protocol_summary": {
    "vmess": {
      "count": 1,
      "avg_lat": 68.0,
      "avg_score": 99.54666666666667
    },
    "vless": {
      "count": 28,
      "avg_lat": 118.64285714285714,
      "avg_score": 99.20904761904762
    },
    "ss": {
      "count": 1,
      "avg_lat": 169.0,
      "avg_score": 98.87333333333333
    },
    "trojan": {
      "count": 0,
      "avg_lat": 0.0,
      "avg_score": 0.0
    }
  }
}