{
  "scan_timestamp": "2026-02-04T21:39:58.705841+00:00",
  "duration_seconds": 1037.61,
  "performance_metrics": {
    "total_processed": 479,
    "valid_configs": 284,
    "duplicates": 0,
    "failed_tests": 195,
    "success_rate": 59.29,
    "avg_latency_ms": 136.67,
    "avg_score": 99.09
  },
  "protocol_summary": {
    "vmess": {
      "count": 60,
      "avg_lat": 96.05,
      "avg_score": 99.35966666666667
    },
    "vless": {
      "count": 164,
      "avg_lat": 85.89024390243902,
      "avg_score": 99.42739837398373
    },
    "ss": {
      "count": 0,
      "avg_lat": 0.0,
      "avg_score": 0.0
    },
    "trojan": {
      "count": 60,
      "avg_lat": 316.1,
      "avg_score": 97.89266666666666
    }
  }
}