{
  "scan_timestamp": "2025-12-20T12:32:54.078273+00:00",
  "duration_seconds": 915.6,
  "performance_metrics": {
    "total_processed": 460,
    "valid_configs": 250,
    "duplicates": 0,
    "failed_tests": 210,
    "success_rate": 54.35,
    "avg_latency_ms": 91.88,
    "avg_score": 99.39
  },
  "protocol_summary": {
    "vmess": {
      "count": 84,
      "avg_lat": 109.25,
      "avg_score": 99.27166666666666
    },
    "vless": {
      "count": 128,
      "avg_lat": 68.1875,
      "avg_score": 99.54541666666667
    },
    "ss": {
      "count": 0,
      "avg_lat": 0.0,
      "avg_score": 0.0
    },
    "trojan": {
      "count": 38,
      "avg_lat": 133.28947368421052,
      "avg_score": 99.11140350877193
    }
  }
}