{
  "scan_timestamp": "2026-01-22T10:32:22.315429+00:00",
  "duration_seconds": 968.52,
  "performance_metrics": {
    "total_processed": 459,
    "valid_configs": 276,
    "duplicates": 0,
    "failed_tests": 183,
    "success_rate": 60.13,
    "avg_latency_ms": 82.76,
    "avg_score": 99.45
  },
  "protocol_summary": {
    "vmess": {
      "count": 110,
      "avg_lat": 74.85454545454546,
      "avg_score": 99.50096969696969
    },
    "vless": {
      "count": 133,
      "avg_lat": 72.25563909774436,
      "avg_score": 99.51829573934836
    },
    "ss": {
      "count": 0,
      "avg_lat": 0.0,
      "avg_score": 0.0
    },
    "trojan": {
      "count": 33,
      "avg_lat": 151.4848484848485,
      "avg_score": 98.990101010101
    }
  }
}