{
  "scan_timestamp": "2026-04-11T06:09:20.145306+00:00",
  "duration_seconds": 1012.74,
  "performance_metrics": {
    "total_processed": 487,
    "valid_configs": 225,
    "duplicates": 0,
    "failed_tests": 262,
    "success_rate": 46.2,
    "avg_latency_ms": 131.3,
    "avg_score": 99.12
  },
  "protocol_summary": {
    "vmess": {
      "count": 2,
      "avg_lat": 160.0,
      "avg_score": 98.93333333333334
    },
    "vless": {
      "count": 216,
      "avg_lat": 133.0648148148148,
      "avg_score": 99.1129012345679
    },
    "ss": {
      "count": 1,
      "avg_lat": 173.0,
      "avg_score": 98.84666666666666
    },
    "trojan": {
      "count": 6,
      "avg_lat": 51.333333333333336,
      "avg_score": 99.65777777777778
    }
  }
}