{
  "scan_timestamp": "2026-01-04T09:28:27.834080+00:00",
  "duration_seconds": 1099.86,
  "performance_metrics": {
    "total_processed": 481,
    "valid_configs": 316,
    "duplicates": 0,
    "failed_tests": 165,
    "success_rate": 65.7,
    "avg_latency_ms": 128.81,
    "avg_score": 99.14
  },
  "protocol_summary": {
    "vmess": {
      "count": 34,
      "avg_lat": 190.11764705882354,
      "avg_score": 98.73254901960784
    },
    "vless": {
      "count": 261,
      "avg_lat": 117.45977011494253,
      "avg_score": 99.21693486590038
    },
    "ss": {
      "count": 0,
      "avg_lat": 0.0,
      "avg_score": 0.0
    },
    "trojan": {
      "count": 21,
      "avg_lat": 170.57142857142858,
      "avg_score": 98.86285714285714
    }
  }
}