{
  "scan_timestamp": "2026-02-09T14:24:20.776973+00:00",
  "duration_seconds": 1094.59,
  "performance_metrics": {
    "total_processed": 477,
    "valid_configs": 346,
    "duplicates": 0,
    "failed_tests": 131,
    "success_rate": 72.54,
    "avg_latency_ms": 112.74,
    "avg_score": 99.25
  },
  "protocol_summary": {
    "vmess": {
      "count": 46,
      "avg_lat": 126.47826086956522,
      "avg_score": 99.15681159420289
    },
    "vless": {
      "count": 214,
      "avg_lat": 91.91588785046729,
      "avg_score": 99.38722741433021
    },
    "ss": {
      "count": 0,
      "avg_lat": 0.0,
      "avg_score": 0.0
    },
    "trojan": {
      "count": 86,
      "avg_lat": 157.19767441860466,
      "avg_score": 98.95201550387597
    }
  }
}