{
  "scan_timestamp": "2026-03-27T20:41:20.138918+00:00",
  "duration_seconds": 1034.21,
  "performance_metrics": {
    "total_processed": 466,
    "valid_configs": 290,
    "duplicates": 0,
    "failed_tests": 176,
    "success_rate": 62.23,
    "avg_latency_ms": 64.77,
    "avg_score": 99.57
  },
  "protocol_summary": {
    "vmess": {
      "count": 17,
      "avg_lat": 104.88235294117646,
      "avg_score": 99.30078431372549
    },
    "vless": {
      "count": 250,
      "avg_lat": 57.384,
      "avg_score": 99.61744
    },
    "ss": {
      "count": 8,
      "avg_lat": 194.875,
      "avg_score": 98.70083333333334
    },
    "trojan": {
      "count": 15,
      "avg_lat": 72.93333333333334,
      "avg_score": 99.51377777777778
    }
  }
}