{
  "scan_timestamp": "2026-02-10T22:46:54.723177+00:00",
  "duration_seconds": 1117.12,
  "performance_metrics": {
    "total_processed": 478,
    "valid_configs": 344,
    "duplicates": 0,
    "failed_tests": 134,
    "success_rate": 71.97,
    "avg_latency_ms": 125.27,
    "avg_score": 99.16
  },
  "protocol_summary": {
    "vmess": {
      "count": 44,
      "avg_lat": 116.70454545454545,
      "avg_score": 99.2219696969697
    },
    "vless": {
      "count": 211,
      "avg_lat": 134.32701421800948,
      "avg_score": 99.10448657187993
    },
    "ss": {
      "count": 0,
      "avg_lat": 0.0,
      "avg_score": 0.0
    },
    "trojan": {
      "count": 89,
      "avg_lat": 108.04494382022472,
      "avg_score": 99.27970037453184
    }
  }
}