{
  "scan_timestamp": "2025-12-16T05:31:05.543528+00:00",
  "duration_seconds": 1023.06,
  "performance_metrics": {
    "total_processed": 477,
    "valid_configs": 277,
    "duplicates": 0,
    "failed_tests": 200,
    "success_rate": 58.07,
    "avg_latency_ms": 110.81,
    "avg_score": 99.26
  },
  "protocol_summary": {
    "vmess": {
      "count": 48,
      "avg_lat": 181.85416666666666,
      "avg_score": 98.78763888888888
    },
    "vless": {
      "count": 196,
      "avg_lat": 96.83673469387755,
      "avg_score": 99.35442176870748
    },
    "ss": {
      "count": 0,
      "avg_lat": 0.0,
      "avg_score": 0.0
    },
    "trojan": {
      "count": 33,
      "avg_lat": 90.48484848484848,
      "avg_score": 99.39676767676768
    }
  }
}