{
  "scan_timestamp": "2025-12-24T15:25:42.915803+00:00",
  "duration_seconds": 876.02,
  "performance_metrics": {
    "total_processed": 429,
    "valid_configs": 234,
    "duplicates": 0,
    "failed_tests": 195,
    "success_rate": 54.55,
    "avg_latency_ms": 106.98,
    "avg_score": 99.29
  },
  "protocol_summary": {
    "vmess": {
      "count": 54,
      "avg_lat": 127.68518518518519,
      "avg_score": 99.14876543209876
    },
    "vless": {
      "count": 132,
      "avg_lat": 70.4090909090909,
      "avg_score": 99.53060606060605
    },
    "ss": {
      "count": 0,
      "avg_lat": 0.0,
      "avg_score": 0.0
    },
    "trojan": {
      "count": 48,
      "avg_lat": 184.27083333333334,
      "avg_score": 98.77152777777779
    }
  }
}