{
  "scan_timestamp": "2025-12-07T13:33:39.458959+00:00",
  "duration_seconds": 940.74,
  "performance_metrics": {
    "total_processed": 475,
    "valid_configs": 228,
    "duplicates": 0,
    "failed_tests": 247,
    "success_rate": 48.0,
    "avg_latency_ms": 187.98,
    "avg_score": 98.75
  },
  "protocol_summary": {
    "vmess": {
      "count": 46,
      "avg_lat": 249.6304347826087,
      "avg_score": 98.33579710144927
    },
    "vless": {
      "count": 127,
      "avg_lat": 152.01574803149606,
      "avg_score": 98.98656167979003
    },
    "ss": {
      "count": 0,
      "avg_lat": 0.0,
      "avg_score": 0.0
    },
    "trojan": {
      "count": 55,
      "avg_lat": 219.45454545454547,
      "avg_score": 98.5369696969697
    }
  }
}