{
  "scan_timestamp": "2026-03-14T20:20:44.546833+00:00",
  "duration_seconds": 364.44,
  "performance_metrics": {
    "total_processed": 364,
    "valid_configs": 93,
    "duplicates": 0,
    "failed_tests": 271,
    "success_rate": 25.55,
    "avg_latency_ms": 118.2,
    "avg_score": 99.21
  },
  "protocol_summary": {
    "vmess": {
      "count": 2,
      "avg_lat": 10.5,
      "avg_score": 99.93
    },
    "vless": {
      "count": 28,
      "avg_lat": 40.07142857142857,
      "avg_score": 99.73285714285714
    },
    "ss": {
      "count": 62,
      "avg_lat": 158.83870967741936,
      "avg_score": 98.9410752688172
    },
    "trojan": {
      "count": 1,
      "avg_lat": 2.0,
      "avg_score": 99.98666666666666
    }
  }
}