{
  "scan_timestamp": "2026-02-04T08:44:11.817128+00:00",
  "duration_seconds": 1025.94,
  "performance_metrics": {
    "total_processed": 480,
    "valid_configs": 289,
    "duplicates": 0,
    "failed_tests": 191,
    "success_rate": 60.21,
    "avg_latency_ms": 132.99,
    "avg_score": 99.11
  },
  "protocol_summary": {
    "vmess": {
      "count": 53,
      "avg_lat": 102.26415094339623,
      "avg_score": 99.3182389937107
    },
    "vless": {
      "count": 173,
      "avg_lat": 106.3121387283237,
      "avg_score": 99.29125240847783
    },
    "ss": {
      "count": 0,
      "avg_lat": 0.0,
      "avg_score": 0.0
    },
    "trojan": {
      "count": 63,
      "avg_lat": 232.0952380952381,
      "avg_score": 98.45269841269842
    }
  }
}