{
  "scan_timestamp": "2026-01-27T14:39:23.768949+00:00",
  "duration_seconds": 1134.05,
  "performance_metrics": {
    "total_processed": 481,
    "valid_configs": 343,
    "duplicates": 0,
    "failed_tests": 138,
    "success_rate": 71.31,
    "avg_latency_ms": 92.84,
    "avg_score": 99.38
  },
  "protocol_summary": {
    "vmess": {
      "count": 43,
      "avg_lat": 88.79069767441861,
      "avg_score": 99.40806201550389
    },
    "vless": {
      "count": 219,
      "avg_lat": 81.13698630136986,
      "avg_score": 99.45908675799087
    },
    "ss": {
      "count": 0,
      "avg_lat": 0.0,
      "avg_score": 0.0
    },
    "trojan": {
      "count": 81,
      "avg_lat": 126.64197530864197,
      "avg_score": 99.15572016460906
    }
  }
}