{
  "scan_timestamp": "2026-02-25T14:20:06.835919+00:00",
  "duration_seconds": 1102.16,
  "performance_metrics": {
    "total_processed": 474,
    "valid_configs": 336,
    "duplicates": 0,
    "failed_tests": 138,
    "success_rate": 70.89,
    "avg_latency_ms": 76.48,
    "avg_score": 99.49
  },
  "protocol_summary": {
    "vmess": {
      "count": 60,
      "avg_lat": 67.25,
      "avg_score": 99.55166666666668
    },
    "vless": {
      "count": 241,
      "avg_lat": 81.03734439834025,
      "avg_score": 99.45975103734439
    },
    "trojan": {
      "count": 35,
      "avg_lat": 60.885714285714286,
      "avg_score": 99.59409523809525
    }
  }
}