{
  "scan_timestamp": "2026-03-19T19:42:48.648335+00:00",
  "duration_seconds": 239.36,
  "performance_metrics": {
    "total_processed": 408,
    "valid_configs": 44,
    "duplicates": 0,
    "failed_tests": 364,
    "success_rate": 10.78,
    "avg_latency_ms": 96.14,
    "avg_score": 99.36
  },
  "protocol_summary": {
    "vmess": {
      "count": 1,
      "avg_lat": 1052.0,
      "avg_score": 92.98666666666666
    },
    "vless": {
      "count": 28,
      "avg_lat": 89.46428571428571,
      "avg_score": 99.40357142857144
    },
    "ss": {
      "count": 0,
      "avg_lat": 0.0,
      "avg_score": 0.0
    },
    "trojan": {
      "count": 15,
      "avg_lat": 44.86666666666667,
      "avg_score": 99.70088888888888
    }
  }
}