{
  "scan_timestamp": "2025-12-29T08:32:30.051733+00:00",
  "duration_seconds": 921.49,
  "performance_metrics": {
    "total_processed": 442,
    "valid_configs": 246,
    "duplicates": 0,
    "failed_tests": 196,
    "success_rate": 55.66,
    "avg_latency_ms": 112.74,
    "avg_score": 99.25
  },
  "protocol_summary": {
    "vmess": {
      "count": 51,
      "avg_lat": 114.2156862745098,
      "avg_score": 99.23856209150327
    },
    "vless": {
      "count": 165,
      "avg_lat": 106.04848484848485,
      "avg_score": 99.2930101010101
    },
    "ss": {
      "count": 0,
      "avg_lat": 0.0,
      "avg_score": 0.0
    },
    "trojan": {
      "count": 30,
      "avg_lat": 147.03333333333333,
      "avg_score": 99.01977777777778
    }
  }
}