{
  "scan_timestamp": "2026-01-16T12:34:38.243604+00:00",
  "duration_seconds": 819.46,
  "performance_metrics": {
    "total_processed": 419,
    "valid_configs": 220,
    "duplicates": 0,
    "failed_tests": 199,
    "success_rate": 52.51,
    "avg_latency_ms": 101.68,
    "avg_score": 99.32
  },
  "protocol_summary": {
    "vmess": {
      "count": 53,
      "avg_lat": 102.69811320754717,
      "avg_score": 99.31534591194968
    },
    "vless": {
      "count": 128,
      "avg_lat": 97.515625,
      "avg_score": 99.34989583333333
    },
    "ss": {
      "count": 0,
      "avg_lat": 0.0,
      "avg_score": 0.0
    },
    "trojan": {
      "count": 39,
      "avg_lat": 113.94871794871794,
      "avg_score": 99.24034188034189
    }
  }
}