{
  "scan_timestamp": "2026-02-16T20:34:51.571140+00:00",
  "duration_seconds": 1043.48,
  "performance_metrics": {
    "total_processed": 459,
    "valid_configs": 306,
    "duplicates": 0,
    "failed_tests": 153,
    "success_rate": 66.67,
    "avg_latency_ms": 134.51,
    "avg_score": 99.1
  },
  "protocol_summary": {
    "vmess": {
      "count": 71,
      "avg_lat": 195.8450704225352,
      "avg_score": 98.6943661971831
    },
    "vless": {
      "count": 204,
      "avg_lat": 119.86274509803921,
      "avg_score": 99.20091503267975
    },
    "ss": {
      "count": 0,
      "avg_lat": 0.0,
      "avg_score": 0.0
    },
    "trojan": {
      "count": 31,
      "avg_lat": 90.41935483870968,
      "avg_score": 99.39720430107528
    }
  }
}