{
  "scan_timestamp": "2026-07-20T00:01:52.153392+00:00",
  "duration_seconds": 361.74,
  "performance_metrics": {
    "total_processed": 415,
    "valid_configs": 100,
    "duplicates": 0,
    "failed_tests": 315,
    "success_rate": 24.1,
    "avg_latency_ms": 175.04,
    "avg_score": 98.83
  },
  "protocol_summary": {
    "vmess": {
      "count": 1,
      "avg_lat": 51.0,
      "avg_score": 99.66
    },
    "vless": {
      "count": 1,
      "avg_lat": 9.0,
      "avg_score": 99.94
    },
    "ss": {
      "count": 85,
      "avg_lat": 153.88235294117646,
      "avg_score": 98.97411764705882
    },
    "trojan": {
      "count": 13,
      "avg_lat": 335.6923076923077,
      "avg_score": 97.76205128205129
    }
  }
}