{
  "scan_timestamp": "2026-01-26T21:31:50.233643+00:00",
  "duration_seconds": 1098.69,
  "performance_metrics": {
    "total_processed": 479,
    "valid_configs": 325,
    "duplicates": 0,
    "failed_tests": 154,
    "success_rate": 67.85,
    "avg_latency_ms": 91.54,
    "avg_score": 99.39
  },
  "protocol_summary": {
    "vmess": {
      "count": 39,
      "avg_lat": 71.2051282051282,
      "avg_score": 99.52529914529914
    },
    "vless": {
      "count": 230,
      "avg_lat": 89.72608695652174,
      "avg_score": 99.40182608695652
    },
    "ss": {
      "count": 0,
      "avg_lat": 0.0,
      "avg_score": 0.0
    },
    "trojan": {
      "count": 56,
      "avg_lat": 113.125,
      "avg_score": 99.24583333333332
    }
  }
}