{
  "scan_timestamp": "2026-02-02T16:40:08.683250+00:00",
  "duration_seconds": 1015.88,
  "performance_metrics": {
    "total_processed": 482,
    "valid_configs": 277,
    "duplicates": 0,
    "failed_tests": 205,
    "success_rate": 57.47,
    "avg_latency_ms": 115.86,
    "avg_score": 99.23
  },
  "protocol_summary": {
    "vmess": {
      "count": 71,
      "avg_lat": 78.45070422535211,
      "avg_score": 99.47699530516432
    },
    "vless": {
      "count": 162,
      "avg_lat": 93.67901234567901,
      "avg_score": 99.37547325102881
    },
    "ss": {
      "count": 0,
      "avg_lat": 0.0,
      "avg_score": 0.0
    },
    "trojan": {
      "count": 44,
      "avg_lat": 257.90909090909093,
      "avg_score": 98.28060606060605
    }
  }
}