{
  "scan_timestamp": "2026-03-30T14:34:47.336818+00:00",
  "duration_seconds": 990.14,
  "performance_metrics": {
    "total_processed": 473,
    "valid_configs": 221,
    "duplicates": 0,
    "failed_tests": 252,
    "success_rate": 46.72,
    "avg_latency_ms": 83.76,
    "avg_score": 99.44
  },
  "protocol_summary": {
    "vmess": {
      "count": 15,
      "avg_lat": 113.86666666666666,
      "avg_score": 99.24088888888888
    },
    "vless": {
      "count": 200,
      "avg_lat": 80.27,
      "avg_score": 99.46486666666665
    },
    "ss": {
      "count": 3,
      "avg_lat": 75.66666666666667,
      "avg_score": 99.49555555555555
    },
    "trojan": {
      "count": 3,
      "avg_lat": 174.33333333333334,
      "avg_score": 98.83777777777777
    }
  }
}