{
  "scan_timestamp": "2026-03-29T08:43:44.344527+00:00",
  "duration_seconds": 980.17,
  "performance_metrics": {
    "total_processed": 476,
    "valid_configs": 202,
    "duplicates": 0,
    "failed_tests": 274,
    "success_rate": 42.44,
    "avg_latency_ms": 100.35,
    "avg_score": 99.33
  },
  "protocol_summary": {
    "vmess": {
      "count": 18,
      "avg_lat": 134.44444444444446,
      "avg_score": 99.1037037037037
    },
    "vless": {
      "count": 179,
      "avg_lat": 93.62569832402235,
      "avg_score": 99.37582867783986
    },
    "ss": {
      "count": 1,
      "avg_lat": 154.0,
      "avg_score": 98.97333333333333
    },
    "trojan": {
      "count": 4,
      "avg_lat": 234.5,
      "avg_score": 98.43666666666667
    }
  }
}