{
  "scan_timestamp": "2025-12-14T18:30:46.772041+00:00",
  "duration_seconds": 994.89,
  "performance_metrics": {
    "total_processed": 469,
    "valid_configs": 275,
    "duplicates": 0,
    "failed_tests": 194,
    "success_rate": 58.64,
    "avg_latency_ms": 90.55,
    "avg_score": 99.4
  },
  "protocol_summary": {
    "vmess": {
      "count": 37,
      "avg_lat": 155.94594594594594,
      "avg_score": 98.96036036036035
    },
    "vless": {
      "count": 197,
      "avg_lat": 68.55837563451777,
      "avg_score": 99.54294416243654
    },
    "ss": {
      "count": 0,
      "avg_lat": 0.0,
      "avg_score": 0.0
    },
    "trojan": {
      "count": 41,
      "avg_lat": 137.21951219512195,
      "avg_score": 99.08520325203251
    }
  }
}