{
  "scan_timestamp": "2025-12-23T15:26:10.224798+00:00",
  "duration_seconds": 901.06,
  "performance_metrics": {
    "total_processed": 465,
    "valid_configs": 252,
    "duplicates": 0,
    "failed_tests": 213,
    "success_rate": 54.19,
    "avg_latency_ms": 153.29,
    "avg_score": 98.98
  },
  "protocol_summary": {
    "vmess": {
      "count": 88,
      "avg_lat": 118.875,
      "avg_score": 99.2075
    },
    "vless": {
      "count": 89,
      "avg_lat": 132.6067415730337,
      "avg_score": 99.11595505617977
    },
    "ss": {
      "count": 0,
      "avg_lat": 0.0,
      "avg_score": 0.0
    },
    "trojan": {
      "count": 75,
      "avg_lat": 218.21333333333334,
      "avg_score": 98.54524444444445
    }
  }
}