{
  "scan_timestamp": "2026-04-15T13:12:42.331629+00:00",
  "duration_seconds": 1047.18,
  "performance_metrics": {
    "total_processed": 485,
    "valid_configs": 306,
    "duplicates": 0,
    "failed_tests": 179,
    "success_rate": 63.09,
    "avg_latency_ms": 77.22,
    "avg_score": 99.49
  },
  "protocol_summary": {
    "vmess": {
      "count": 2,
      "avg_lat": 141.0,
      "avg_score": 99.06
    },
    "vless": {
      "count": 287,
      "avg_lat": 71.50174216027875,
      "avg_score": 99.52332171893147
    },
    "ss": {
      "count": 0,
      "avg_lat": 0.0,
      "avg_score": 0.0
    },
    "trojan": {
      "count": 17,
      "avg_lat": 166.2941176470588,
      "avg_score": 98.89137254901961
    }
  }
}