{
  "scan_timestamp": "2025-12-31T17:25:36.926724+00:00",
  "duration_seconds": 980.4,
  "performance_metrics": {
    "total_processed": 446,
    "valid_configs": 288,
    "duplicates": 0,
    "failed_tests": 158,
    "success_rate": 64.57,
    "avg_latency_ms": 143.5,
    "avg_score": 99.04
  },
  "protocol_summary": {
    "vmess": {
      "count": 58,
      "avg_lat": 98.05172413793103,
      "avg_score": 99.34632183908046
    },
    "vless": {
      "count": 158,
      "avg_lat": 169.03164556962025,
      "avg_score": 98.8731223628692
    },
    "ss": {
      "count": 0,
      "avg_lat": 0.0,
      "avg_score": 0.0
    },
    "trojan": {
      "count": 72,
      "avg_lat": 124.06944444444444,
      "avg_score": 99.17287037037038
    }
  }
}