{
  "scan_timestamp": "2026-02-01T01:27:51.774893+00:00",
  "duration_seconds": 985.33,
  "performance_metrics": {
    "total_processed": 478,
    "valid_configs": 149,
    "duplicates": 0,
    "failed_tests": 329,
    "success_rate": 31.17,
    "avg_latency_ms": 93.03,
    "avg_score": 99.38
  },
  "protocol_summary": {
    "vmess": {
      "count": 75,
      "avg_lat": 61.053333333333335,
      "avg_score": 99.59297777777778
    },
    "vless": {
      "count": 46,
      "avg_lat": 83.58695652173913,
      "avg_score": 99.44275362318841
    },
    "ss": {
      "count": 0,
      "avg_lat": 0.0,
      "avg_score": 0.0
    },
    "trojan": {
      "count": 28,
      "avg_lat": 194.17857142857142,
      "avg_score": 98.70547619047618
    }
  }
}