{
  "scan_timestamp": "2026-01-12T15:30:33.103051+00:00",
  "duration_seconds": 928.36,
  "performance_metrics": {
    "total_processed": 472,
    "valid_configs": 276,
    "duplicates": 0,
    "failed_tests": 196,
    "success_rate": 58.47,
    "avg_latency_ms": 132.84,
    "avg_score": 99.11
  },
  "protocol_summary": {
    "vmess": {
      "count": 62,
      "avg_lat": 101.43548387096774,
      "avg_score": 99.32376344086022
    },
    "vless": {
      "count": 147,
      "avg_lat": 93.29251700680273,
      "avg_score": 99.37804988662131
    },
    "ss": {
      "count": 0,
      "avg_lat": 0.0,
      "avg_score": 0.0
    },
    "trojan": {
      "count": 67,
      "avg_lat": 248.6865671641791,
      "avg_score": 98.3420895522388
    }
  }
}