{
  "scan_timestamp": "2026-01-03T14:26:31.678380+00:00",
  "duration_seconds": 1031.35,
  "performance_metrics": {
    "total_processed": 471,
    "valid_configs": 284,
    "duplicates": 0,
    "failed_tests": 187,
    "success_rate": 60.3,
    "avg_latency_ms": 124.39,
    "avg_score": 99.17
  },
  "protocol_summary": {
    "vmess": {
      "count": 51,
      "avg_lat": 134.1764705882353,
      "avg_score": 99.10549019607843
    },
    "vless": {
      "count": 193,
      "avg_lat": 128.16062176165804,
      "avg_score": 99.14559585492228
    },
    "ss": {
      "count": 0,
      "avg_lat": 0.0,
      "avg_score": 0.0
    },
    "trojan": {
      "count": 40,
      "avg_lat": 93.725,
      "avg_score": 99.37516666666667
    }
  }
}