{
  "scan_timestamp": "2026-02-15T16:33:08.090415+00:00",
  "duration_seconds": 1049.61,
  "performance_metrics": {
    "total_processed": 462,
    "valid_configs": 316,
    "duplicates": 0,
    "failed_tests": 146,
    "success_rate": 68.4,
    "avg_latency_ms": 111.75,
    "avg_score": 99.26
  },
  "protocol_summary": {
    "vmess": {
      "count": 79,
      "avg_lat": 165.1012658227848,
      "avg_score": 98.89932489451478
    },
    "vless": {
      "count": 205,
      "avg_lat": 94.44390243902438,
      "avg_score": 99.37037398373984
    },
    "ss": {
      "count": 0,
      "avg_lat": 0.0,
      "avg_score": 0.0
    },
    "trojan": {
      "count": 32,
      "avg_lat": 90.875,
      "avg_score": 99.39416666666666
    }
  }
}