{
  "scan_timestamp": "2026-02-13T06:08:39.901645+00:00",
  "duration_seconds": 1020.72,
  "performance_metrics": {
    "total_processed": 465,
    "valid_configs": 298,
    "duplicates": 0,
    "failed_tests": 167,
    "success_rate": 64.09,
    "avg_latency_ms": 152.6,
    "avg_score": 98.98
  },
  "protocol_summary": {
    "vmess": {
      "count": 64,
      "avg_lat": 196.34375,
      "avg_score": 98.69104166666666
    },
    "vless": {
      "count": 190,
      "avg_lat": 143.65263157894736,
      "avg_score": 99.04231578947369
    },
    "ss": {
      "count": 0,
      "avg_lat": 0.0,
      "avg_score": 0.0
    },
    "trojan": {
      "count": 44,
      "avg_lat": 127.5909090909091,
      "avg_score": 99.14939393939395
    }
  }
}