{
  "scan_timestamp": "2026-02-10T10:06:35.045320+00:00",
  "duration_seconds": 1137.35,
  "performance_metrics": {
    "total_processed": 478,
    "valid_configs": 352,
    "duplicates": 0,
    "failed_tests": 126,
    "success_rate": 73.64,
    "avg_latency_ms": 137.59,
    "avg_score": 99.08
  },
  "protocol_summary": {
    "vmess": {
      "count": 46,
      "avg_lat": 152.95652173913044,
      "avg_score": 98.98028985507246
    },
    "vless": {
      "count": 229,
      "avg_lat": 144.29694323144105,
      "avg_score": 99.03802037845705
    },
    "ss": {
      "count": 0,
      "avg_lat": 0.0,
      "avg_score": 0.0
    },
    "trojan": {
      "count": 77,
      "avg_lat": 108.46753246753246,
      "avg_score": 99.27688311688311
    }
  }
}