{
  "scan_timestamp": "2026-03-31T16:12:11.951035+00:00",
  "duration_seconds": 938.54,
  "performance_metrics": {
    "total_processed": 485,
    "valid_configs": 220,
    "duplicates": 0,
    "failed_tests": 265,
    "success_rate": 45.36,
    "avg_latency_ms": 123.09,
    "avg_score": 99.18
  },
  "protocol_summary": {
    "vmess": {
      "count": 3,
      "avg_lat": 108.33333333333333,
      "avg_score": 99.27777777777777
    },
    "vless": {
      "count": 215,
      "avg_lat": 123.64651162790697,
      "avg_score": 99.17568992248063
    },
    "ss": {
      "count": 0,
      "avg_lat": 0.0,
      "avg_score": 0.0
    },
    "trojan": {
      "count": 2,
      "avg_lat": 85.0,
      "avg_score": 99.43333333333334
    }
  }
}