{
  "scan_timestamp": "2026-01-01T16:27:16.117328+00:00",
  "duration_seconds": 841.26,
  "performance_metrics": {
    "total_processed": 478,
    "valid_configs": 238,
    "duplicates": 0,
    "failed_tests": 240,
    "success_rate": 49.79,
    "avg_latency_ms": 136.29,
    "avg_score": 99.09
  },
  "protocol_summary": {
    "vmess": {
      "count": 61,
      "avg_lat": 138.13114754098362,
      "avg_score": 99.07912568306011
    },
    "vless": {
      "count": 153,
      "avg_lat": 140.3921568627451,
      "avg_score": 99.06405228758169
    },
    "ss": {
      "count": 0,
      "avg_lat": 0.0,
      "avg_score": 0.0
    },
    "trojan": {
      "count": 24,
      "avg_lat": 105.41666666666667,
      "avg_score": 99.29722222222222
    }
  }
}