{
  "scan_timestamp": "2026-03-27T09:53:38.616891+00:00",
  "duration_seconds": 679.34,
  "performance_metrics": {
    "total_processed": 460,
    "valid_configs": 126,
    "duplicates": 0,
    "failed_tests": 334,
    "success_rate": 27.39,
    "avg_latency_ms": 98.43,
    "avg_score": 99.34
  },
  "protocol_summary": {
    "vmess": {
      "count": 2,
      "avg_lat": 586.5,
      "avg_score": 96.09
    },
    "vless": {
      "count": 105,
      "avg_lat": 66.70476190476191,
      "avg_score": 99.5553015873016
    },
    "ss": {
      "count": 10,
      "avg_lat": 257.4,
      "avg_score": 98.284
    },
    "trojan": {
      "count": 9,
      "avg_lat": 183.44444444444446,
      "avg_score": 98.77703703703703
    }
  }
}