{
  "scan_timestamp": "2025-12-14T15:25:00.120518+00:00",
  "duration_seconds": 941.45,
  "performance_metrics": {
    "total_processed": 472,
    "valid_configs": 246,
    "duplicates": 0,
    "failed_tests": 226,
    "success_rate": 52.12,
    "avg_latency_ms": 82.45,
    "avg_score": 99.45
  },
  "protocol_summary": {
    "vmess": {
      "count": 36,
      "avg_lat": 161.41666666666666,
      "avg_score": 98.9238888888889
    },
    "vless": {
      "count": 177,
      "avg_lat": 57.779661016949156,
      "avg_score": 99.614802259887
    },
    "ss": {
      "count": 0,
      "avg_lat": 0.0,
      "avg_score": 0.0
    },
    "trojan": {
      "count": 33,
      "avg_lat": 128.63636363636363,
      "avg_score": 99.14242424242424
    }
  }
}