{
  "scan_timestamp": "2026-04-10T10:15:20.021398+00:00",
  "duration_seconds": 1003.28,
  "performance_metrics": {
    "total_processed": 487,
    "valid_configs": 220,
    "duplicates": 0,
    "failed_tests": 267,
    "success_rate": 45.17,
    "avg_latency_ms": 97.07,
    "avg_score": 99.35
  },
  "protocol_summary": {
    "vmess": {
      "count": 2,
      "avg_lat": 163.0,
      "avg_score": 98.91333333333333
    },
    "vless": {
      "count": 211,
      "avg_lat": 97.3175355450237,
      "avg_score": 99.35121642969985
    },
    "ss": {
      "count": 1,
      "avg_lat": 188.0,
      "avg_score": 98.74666666666667
    },
    "trojan": {
      "count": 6,
      "avg_lat": 51.333333333333336,
      "avg_score": 99.65777777777778
    }
  }
}