{
  "scan_timestamp": "2026-03-18T17:56:35.231069+00:00",
  "duration_seconds": 252.72,
  "performance_metrics": {
    "total_processed": 396,
    "valid_configs": 49,
    "duplicates": 0,
    "failed_tests": 347,
    "success_rate": 12.37,
    "avg_latency_ms": 76.2,
    "avg_score": 99.49
  },
  "protocol_summary": {
    "vmess": {
      "count": 1,
      "avg_lat": 48.0,
      "avg_score": 99.68
    },
    "vless": {
      "count": 29,
      "avg_lat": 72.72413793103448,
      "avg_score": 99.51517241379311
    },
    "ss": {
      "count": 3,
      "avg_lat": 174.66666666666666,
      "avg_score": 98.83555555555556
    },
    "trojan": {
      "count": 16,
      "avg_lat": 65.8125,
      "avg_score": 99.56125
    }
  }
}