{
  "scan_timestamp": "2025-12-16T15:29:25.226378+00:00",
  "duration_seconds": 955.62,
  "performance_metrics": {
    "total_processed": 473,
    "valid_configs": 250,
    "duplicates": 0,
    "failed_tests": 223,
    "success_rate": 52.85,
    "avg_latency_ms": 102.68,
    "avg_score": 99.32
  },
  "protocol_summary": {
    "vmess": {
      "count": 46,
      "avg_lat": 114.82608695652173,
      "avg_score": 99.23449275362319
    },
    "vless": {
      "count": 171,
      "avg_lat": 102.22222222222223,
      "avg_score": 99.31851851851852
    },
    "ss": {
      "count": 0,
      "avg_lat": 0.0,
      "avg_score": 0.0
    },
    "trojan": {
      "count": 33,
      "avg_lat": 88.15151515151516,
      "avg_score": 99.41232323232323
    }
  }
}