{
  "scan_timestamp": "2026-03-14T13:42:33.384523+00:00",
  "duration_seconds": 275.59,
  "performance_metrics": {
    "total_processed": 360,
    "valid_configs": 59,
    "duplicates": 0,
    "failed_tests": 301,
    "success_rate": 16.39,
    "avg_latency_ms": 130.54,
    "avg_score": 99.13
  },
  "protocol_summary": {
    "vmess": {
      "count": 2,
      "avg_lat": 67.0,
      "avg_score": 99.55333333333334
    },
    "vless": {
      "count": 27,
      "avg_lat": 70.22222222222223,
      "avg_score": 99.53185185185185
    },
    "ss": {
      "count": 29,
      "avg_lat": 195.55172413793105,
      "avg_score": 98.69632183908045
    },
    "trojan": {
      "count": 1,
      "avg_lat": 1.0,
      "avg_score": 99.99333333333334
    }
  }
}