{
  "scan_timestamp": "2026-04-09T19:00:58.169380+00:00",
  "duration_seconds": 994.96,
  "performance_metrics": {
    "total_processed": 486,
    "valid_configs": 217,
    "duplicates": 0,
    "failed_tests": 269,
    "success_rate": 44.65,
    "avg_latency_ms": 89.92,
    "avg_score": 99.4
  },
  "protocol_summary": {
    "vmess": {
      "count": 2,
      "avg_lat": 112.0,
      "avg_score": 99.25333333333333
    },
    "vless": {
      "count": 204,
      "avg_lat": 89.59803921568627,
      "avg_score": 99.4026797385621
    },
    "ss": {
      "count": 3,
      "avg_lat": 234.33333333333334,
      "avg_score": 98.43777777777778
    },
    "trojan": {
      "count": 8,
      "avg_lat": 38.375,
      "avg_score": 99.74416666666667
    }
  }
}