{
  "scan_timestamp": "2026-01-06T05:35:08.587647+00:00",
  "duration_seconds": 1144.16,
  "performance_metrics": {
    "total_processed": 484,
    "valid_configs": 365,
    "duplicates": 0,
    "failed_tests": 119,
    "success_rate": 75.41,
    "avg_latency_ms": 92.31,
    "avg_score": 99.38
  },
  "protocol_summary": {
    "vmess": {
      "count": 47,
      "avg_lat": 128.5531914893617,
      "avg_score": 99.14297872340425
    },
    "vless": {
      "count": 283,
      "avg_lat": 83.2756183745583,
      "avg_score": 99.44482921083628
    },
    "ss": {
      "count": 0,
      "avg_lat": 0.0,
      "avg_score": 0.0
    },
    "trojan": {
      "count": 35,
      "avg_lat": 116.65714285714286,
      "avg_score": 99.22228571428572
    }
  }
}