{
  "scan_timestamp": "2026-01-19T16:28:54.356810+00:00",
  "duration_seconds": 803.53,
  "performance_metrics": {
    "total_processed": 419,
    "valid_configs": 214,
    "duplicates": 0,
    "failed_tests": 205,
    "success_rate": 51.07,
    "avg_latency_ms": 126.02,
    "avg_score": 99.16
  },
  "protocol_summary": {
    "vmess": {
      "count": 60,
      "avg_lat": 102.78333333333333,
      "avg_score": 99.31477777777778
    },
    "vless": {
      "count": 111,
      "avg_lat": 131.8108108108108,
      "avg_score": 99.12126126126127
    },
    "ss": {
      "count": 0,
      "avg_lat": 0.0,
      "avg_score": 0.0
    },
    "trojan": {
      "count": 43,
      "avg_lat": 143.48837209302326,
      "avg_score": 99.04341085271318
    }
  }
}