{
  "scan_timestamp": "2026-02-17T08:49:30.230376+00:00",
  "duration_seconds": 1064.81,
  "performance_metrics": {
    "total_processed": 456,
    "valid_configs": 324,
    "duplicates": 0,
    "failed_tests": 132,
    "success_rate": 71.05,
    "avg_latency_ms": 124.01,
    "avg_score": 99.17
  },
  "protocol_summary": {
    "vmess": {
      "count": 46,
      "avg_lat": 161.06521739130434,
      "avg_score": 98.92623188405797
    },
    "vless": {
      "count": 238,
      "avg_lat": 117.10084033613445,
      "avg_score": 99.21932773109243
    },
    "ss": {
      "count": 0,
      "avg_lat": 0.0,
      "avg_score": 0.0
    },
    "trojan": {
      "count": 40,
      "avg_lat": 122.475,
      "avg_score": 99.18350000000001
    }
  }
}