{
  "scan_timestamp": "2025-12-25T19:24:35.304003+00:00",
  "duration_seconds": 973.07,
  "performance_metrics": {
    "total_processed": 475,
    "valid_configs": 271,
    "duplicates": 0,
    "failed_tests": 204,
    "success_rate": 57.05,
    "avg_latency_ms": 109.9,
    "avg_score": 99.27
  },
  "protocol_summary": {
    "vmess": {
      "count": 43,
      "avg_lat": 175.53488372093022,
      "avg_score": 98.82976744186047
    },
    "vless": {
      "count": 168,
      "avg_lat": 81.11309523809524,
      "avg_score": 99.45924603174602
    },
    "ss": {
      "count": 0,
      "avg_lat": 0.0,
      "avg_score": 0.0
    },
    "trojan": {
      "count": 60,
      "avg_lat": 143.46666666666667,
      "avg_score": 99.04355555555556
    }
  }
}