{
  "scan_timestamp": "2026-04-12T17:42:10.569201+00:00",
  "duration_seconds": 1033.96,
  "performance_metrics": {
    "total_processed": 482,
    "valid_configs": 249,
    "duplicates": 0,
    "failed_tests": 233,
    "success_rate": 51.66,
    "avg_latency_ms": 79.69,
    "avg_score": 99.47
  },
  "protocol_summary": {
    "vmess": {
      "count": 2,
      "avg_lat": 107.5,
      "avg_score": 99.28333333333333
    },
    "vless": {
      "count": 239,
      "avg_lat": 80.42677824267783,
      "avg_score": 99.46382147838214
    },
    "ss": {
      "count": 1,
      "avg_lat": 228.0,
      "avg_score": 98.48
    },
    "trojan": {
      "count": 7,
      "avg_lat": 25.285714285714285,
      "avg_score": 99.83142857142857
    }
  }
}