{
  "scan_timestamp": "2026-01-31T09:32:45.507327+00:00",
  "duration_seconds": 950.71,
  "performance_metrics": {
    "total_processed": 464,
    "valid_configs": 255,
    "duplicates": 0,
    "failed_tests": 209,
    "success_rate": 54.96,
    "avg_latency_ms": 98.43,
    "avg_score": 99.34
  },
  "protocol_summary": {
    "vmess": {
      "count": 115,
      "avg_lat": 54.36521739130435,
      "avg_score": 99.6375652173913
    },
    "vless": {
      "count": 75,
      "avg_lat": 104.48,
      "avg_score": 99.30346666666667
    },
    "ss": {
      "count": 0,
      "avg_lat": 0.0,
      "avg_score": 0.0
    },
    "trojan": {
      "count": 65,
      "avg_lat": 169.41538461538462,
      "avg_score": 98.8705641025641
    }
  }
}