{
  "scan_timestamp": "2026-01-29T14:45:22.458129+00:00",
  "duration_seconds": 897.31,
  "performance_metrics": {
    "total_processed": 471,
    "valid_configs": 226,
    "duplicates": 0,
    "failed_tests": 245,
    "success_rate": 47.98,
    "avg_latency_ms": 78.44,
    "avg_score": 99.48
  },
  "protocol_summary": {
    "vmess": {
      "count": 96,
      "avg_lat": 31.791666666666668,
      "avg_score": 99.78805555555556
    },
    "vless": {
      "count": 67,
      "avg_lat": 78.82089552238806,
      "avg_score": 99.47452736318408
    },
    "ss": {
      "count": 0,
      "avg_lat": 0.0,
      "avg_score": 0.0
    },
    "trojan": {
      "count": 63,
      "avg_lat": 149.12698412698413,
      "avg_score": 99.0058201058201
    }
  }
}