{
  "scan_timestamp": "2025-12-16T08:32:48.379318+00:00",
  "duration_seconds": 1005.11,
  "performance_metrics": {
    "total_processed": 477,
    "valid_configs": 268,
    "duplicates": 0,
    "failed_tests": 209,
    "success_rate": 56.18,
    "avg_latency_ms": 100.52,
    "avg_score": 99.33
  },
  "protocol_summary": {
    "vmess": {
      "count": 45,
      "avg_lat": 118.97777777777777,
      "avg_score": 99.2068148148148
    },
    "vless": {
      "count": 191,
      "avg_lat": 97.59162303664921,
      "avg_score": 99.34938917975568
    },
    "ss": {
      "count": 0,
      "avg_lat": 0.0,
      "avg_score": 0.0
    },
    "trojan": {
      "count": 32,
      "avg_lat": 92.03125,
      "avg_score": 99.38645833333334
    }
  }
}