{
  "scan_timestamp": "2026-04-17T08:36:47.477673+00:00",
  "duration_seconds": 1044.07,
  "performance_metrics": {
    "total_processed": 490,
    "valid_configs": 292,
    "duplicates": 0,
    "failed_tests": 198,
    "success_rate": 59.59,
    "avg_latency_ms": 74.67,
    "avg_score": 99.5
  },
  "protocol_summary": {
    "vmess": {
      "count": 2,
      "avg_lat": 137.5,
      "avg_score": 99.08333333333334
    },
    "vless": {
      "count": 282,
      "avg_lat": 68.65602836879432,
      "avg_score": 99.54229314420803
    },
    "ss": {
      "count": 0,
      "avg_lat": 0.0,
      "avg_score": 0.0
    },
    "trojan": {
      "count": 8,
      "avg_lat": 271.0,
      "avg_score": 98.19333333333333
    }
  }
}