{
  "scan_timestamp": "2026-01-23T20:27:39.027226+00:00",
  "duration_seconds": 864.42,
  "performance_metrics": {
    "total_processed": 432,
    "valid_configs": 230,
    "duplicates": 0,
    "failed_tests": 202,
    "success_rate": 53.24,
    "avg_latency_ms": 156.13,
    "avg_score": 98.96
  },
  "protocol_summary": {
    "vmess": {
      "count": 72,
      "avg_lat": 181.23611111111111,
      "avg_score": 98.79175925925925
    },
    "vless": {
      "count": 122,
      "avg_lat": 120.48360655737704,
      "avg_score": 99.19677595628414
    },
    "ss": {
      "count": 0,
      "avg_lat": 0.0,
      "avg_score": 0.0
    },
    "trojan": {
      "count": 36,
      "avg_lat": 226.72222222222223,
      "avg_score": 98.48851851851852
    }
  }
}