{
  "scan_timestamp": "2025-12-30T14:27:15.885294+00:00",
  "duration_seconds": 947.12,
  "performance_metrics": {
    "total_processed": 478,
    "valid_configs": 277,
    "duplicates": 0,
    "failed_tests": 201,
    "success_rate": 57.95,
    "avg_latency_ms": 124.43,
    "avg_score": 99.17
  },
  "protocol_summary": {
    "vmess": {
      "count": 45,
      "avg_lat": 186.62222222222223,
      "avg_score": 98.75585185185186
    },
    "vless": {
      "count": 172,
      "avg_lat": 108.05813953488372,
      "avg_score": 99.27961240310078
    },
    "ss": {
      "count": 0,
      "avg_lat": 0.0,
      "avg_score": 0.0
    },
    "trojan": {
      "count": 60,
      "avg_lat": 124.7,
      "avg_score": 99.16866666666667
    }
  }
}