{
  "scan_timestamp": "2025-12-31T11:25:35.303449+00:00",
  "duration_seconds": 913.28,
  "performance_metrics": {
    "total_processed": 441,
    "valid_configs": 264,
    "duplicates": 0,
    "failed_tests": 177,
    "success_rate": 59.86,
    "avg_latency_ms": 131.61,
    "avg_score": 99.12
  },
  "protocol_summary": {
    "vmess": {
      "count": 39,
      "avg_lat": 178.07692307692307,
      "avg_score": 98.81282051282051
    },
    "vless": {
      "count": 157,
      "avg_lat": 111.93630573248407,
      "avg_score": 99.25375796178344
    },
    "ss": {
      "count": 0,
      "avg_lat": 0.0,
      "avg_score": 0.0
    },
    "trojan": {
      "count": 68,
      "avg_lat": 150.36764705882354,
      "avg_score": 98.99754901960785
    }
  }
}