{
  "scan_timestamp": "2026-02-28T18:34:44.493032+00:00",
  "duration_seconds": 1098.47,
  "performance_metrics": {
    "total_processed": 473,
    "valid_configs": 329,
    "duplicates": 0,
    "failed_tests": 144,
    "success_rate": 69.56,
    "avg_latency_ms": 79.24,
    "avg_score": 99.47
  },
  "protocol_summary": {
    "vmess": {
      "count": 59,
      "avg_lat": 51.59322033898305,
      "avg_score": 99.65604519774011
    },
    "vless": {
      "count": 235,
      "avg_lat": 85.54893617021277,
      "avg_score": 99.42967375886525
    },
    "ss": {
      "count": 0,
      "avg_lat": 0.0,
      "avg_score": 0.0
    },
    "trojan": {
      "count": 35,
      "avg_lat": 83.51428571428572,
      "avg_score": 99.4432380952381
    }
  }
}