{
  "scan_timestamp": "2026-01-02T19:25:31.786919+00:00",
  "duration_seconds": 1109.03,
  "performance_metrics": {
    "total_processed": 479,
    "valid_configs": 313,
    "duplicates": 0,
    "failed_tests": 166,
    "success_rate": 65.34,
    "avg_latency_ms": 115.96,
    "avg_score": 99.23
  },
  "protocol_summary": {
    "vmess": {
      "count": 41,
      "avg_lat": 165.46341463414635,
      "avg_score": 98.8969105691057
    },
    "vless": {
      "count": 244,
      "avg_lat": 101.59836065573771,
      "avg_score": 99.32267759562842
    },
    "ss": {
      "count": 0,
      "avg_lat": 0.0,
      "avg_score": 0.0
    },
    "trojan": {
      "count": 28,
      "avg_lat": 168.60714285714286,
      "avg_score": 98.87595238095238
    }
  }
}