{
  "scan_timestamp": "2026-02-17T01:21:40.661846+00:00",
  "duration_seconds": 1056.06,
  "performance_metrics": {
    "total_processed": 462,
    "valid_configs": 324,
    "duplicates": 0,
    "failed_tests": 138,
    "success_rate": 70.13,
    "avg_latency_ms": 113.3,
    "avg_score": 99.24
  },
  "protocol_summary": {
    "vmess": {
      "count": 56,
      "avg_lat": 198.80357142857142,
      "avg_score": 98.67464285714286
    },
    "vless": {
      "count": 231,
      "avg_lat": 93.74025974025975,
      "avg_score": 99.37506493506493
    },
    "ss": {
      "count": 0,
      "avg_lat": 0.0,
      "avg_score": 0.0
    },
    "trojan": {
      "count": 37,
      "avg_lat": 106.0,
      "avg_score": 99.29333333333334
    }
  }
}