{
  "scan_timestamp": "2026-02-24T21:42:00.636931+00:00",
  "duration_seconds": 1090.04,
  "performance_metrics": {
    "total_processed": 473,
    "valid_configs": 333,
    "duplicates": 0,
    "failed_tests": 140,
    "success_rate": 70.4,
    "avg_latency_ms": 79.64,
    "avg_score": 99.47
  },
  "protocol_summary": {
    "vmess": {
      "count": 61,
      "avg_lat": 73.85245901639344,
      "avg_score": 99.50765027322403
    },
    "vless": {
      "count": 236,
      "avg_lat": 89.74152542372882,
      "avg_score": 99.40172316384181
    },
    "ss": {
      "count": 0,
      "avg_lat": 0.0,
      "avg_score": 0.0
    },
    "trojan": {
      "count": 36,
      "avg_lat": 23.194444444444443,
      "avg_score": 99.84537037037038
    }
  }
}