{
  "scan_timestamp": "2025-12-18T12:34:36.150400+00:00",
  "duration_seconds": 858.36,
  "performance_metrics": {
    "total_processed": 463,
    "valid_configs": 237,
    "duplicates": 0,
    "failed_tests": 226,
    "success_rate": 51.19,
    "avg_latency_ms": 106.96,
    "avg_score": 99.29
  },
  "protocol_summary": {
    "vmess": {
      "count": 63,
      "avg_lat": 120.12698412698413,
      "avg_score": 99.19915343915345
    },
    "vless": {
      "count": 142,
      "avg_lat": 98.73239436619718,
      "avg_score": 99.34178403755868
    },
    "ss": {
      "count": 0,
      "avg_lat": 0.0,
      "avg_score": 0.0
    },
    "trojan": {
      "count": 32,
      "avg_lat": 117.53125,
      "avg_score": 99.21645833333334
    }
  }
}