{
  "scan_timestamp": "2026-02-10T17:10:17.018549+00:00",
  "duration_seconds": 1126.28,
  "performance_metrics": {
    "total_processed": 474,
    "valid_configs": 341,
    "duplicates": 0,
    "failed_tests": 133,
    "success_rate": 71.94,
    "avg_latency_ms": 94.74,
    "avg_score": 99.37
  },
  "protocol_summary": {
    "vmess": {
      "count": 53,
      "avg_lat": 116.62264150943396,
      "avg_score": 99.22251572327043
    },
    "vless": {
      "count": 189,
      "avg_lat": 85.53968253968254,
      "avg_score": 99.42973544973546
    },
    "ss": {
      "count": 0,
      "avg_lat": 0.0,
      "avg_score": 0.0
    },
    "trojan": {
      "count": 99,
      "avg_lat": 100.5959595959596,
      "avg_score": 99.32936026936027
    }
  }
}