{
  "scan_timestamp": "2026-01-29T23:27:41.128751+00:00",
  "duration_seconds": 704.92,
  "performance_metrics": {
    "total_processed": 402,
    "valid_configs": 184,
    "duplicates": 0,
    "failed_tests": 218,
    "success_rate": 45.77,
    "avg_latency_ms": 83.81,
    "avg_score": 99.44
  },
  "protocol_summary": {
    "vmess": {
      "count": 61,
      "avg_lat": 59.83606557377049,
      "avg_score": 99.60109289617486
    },
    "vless": {
      "count": 74,
      "avg_lat": 76.0945945945946,
      "avg_score": 99.4927027027027
    },
    "ss": {
      "count": 0,
      "avg_lat": 0.0,
      "avg_score": 0.0
    },
    "trojan": {
      "count": 49,
      "avg_lat": 125.3061224489796,
      "avg_score": 99.16462585034013
    }
  }
}