{
  "scan_timestamp": "2026-03-26T20:36:03.659729+00:00",
  "duration_seconds": 648.87,
  "performance_metrics": {
    "total_processed": 462,
    "valid_configs": 125,
    "duplicates": 0,
    "failed_tests": 337,
    "success_rate": 27.06,
    "avg_latency_ms": 89.6,
    "avg_score": 99.4
  },
  "protocol_summary": {
    "vmess": {
      "count": 2,
      "avg_lat": 66.0,
      "avg_score": 99.56
    },
    "vless": {
      "count": 109,
      "avg_lat": 88.63302752293578,
      "avg_score": 99.4091131498471
    },
    "ss": {
      "count": 7,
      "avg_lat": 183.57142857142858,
      "avg_score": 98.77619047619048
    },
    "trojan": {
      "count": 7,
      "avg_lat": 17.428571428571427,
      "avg_score": 99.88380952380953
    }
  }
}