{
  "scan_timestamp": "2026-01-08T12:40:47.605663+00:00",
  "duration_seconds": 1113.26,
  "performance_metrics": {
    "total_processed": 479,
    "valid_configs": 342,
    "duplicates": 0,
    "failed_tests": 137,
    "success_rate": 71.4,
    "avg_latency_ms": 151.74,
    "avg_score": 98.99
  },
  "protocol_summary": {
    "vmess": {
      "count": 57,
      "avg_lat": 183.03508771929825,
      "avg_score": 98.77976608187134
    },
    "vless": {
      "count": 230,
      "avg_lat": 144.16521739130434,
      "avg_score": 99.03889855072464
    },
    "ss": {
      "count": 0,
      "avg_lat": 0.0,
      "avg_score": 0.0
    },
    "trojan": {
      "count": 55,
      "avg_lat": 150.96363636363637,
      "avg_score": 98.99357575757575
    }
  }
}