{
  "scan_timestamp": "2026-01-28T11:33:03.997435+00:00",
  "duration_seconds": 1104.98,
  "performance_metrics": {
    "total_processed": 485,
    "valid_configs": 348,
    "duplicates": 0,
    "failed_tests": 137,
    "success_rate": 71.75,
    "avg_latency_ms": 96.78,
    "avg_score": 99.35
  },
  "protocol_summary": {
    "vmess": {
      "count": 101,
      "avg_lat": 82.10891089108911,
      "avg_score": 99.45260726072607
    },
    "vless": {
      "count": 190,
      "avg_lat": 92.25263157894737,
      "avg_score": 99.38498245614035
    },
    "ss": {
      "count": 0,
      "avg_lat": 0.0,
      "avg_score": 0.0
    },
    "trojan": {
      "count": 57,
      "avg_lat": 137.87719298245614,
      "avg_score": 99.08081871345028
    }
  }
}