{
  "scan_timestamp": "2026-01-27T21:27:40.898286+00:00",
  "duration_seconds": 1137.23,
  "performance_metrics": {
    "total_processed": 481,
    "valid_configs": 338,
    "duplicates": 0,
    "failed_tests": 143,
    "success_rate": 70.27,
    "avg_latency_ms": 91.78,
    "avg_score": 99.39
  },
  "protocol_summary": {
    "vmess": {
      "count": 42,
      "avg_lat": 78.26190476190476,
      "avg_score": 99.47825396825398
    },
    "vless": {
      "count": 221,
      "avg_lat": 73.0,
      "avg_score": 99.51333333333334
    },
    "ss": {
      "count": 0,
      "avg_lat": 0.0,
      "avg_score": 0.0
    },
    "trojan": {
      "count": 75,
      "avg_lat": 154.69333333333333,
      "avg_score": 98.96871111111112
    }
  }
}