{
  "scan_timestamp": "2026-07-08T12:29:53.619609+00:00",
  "duration_seconds": 528.05,
  "performance_metrics": {
    "total_processed": 459,
    "valid_configs": 166,
    "duplicates": 0,
    "failed_tests": 293,
    "success_rate": 36.17,
    "avg_latency_ms": 150.35,
    "avg_score": 99.0
  },
  "protocol_summary": {
    "vmess": {
      "count": 1,
      "avg_lat": 64.0,
      "avg_score": 99.57333333333334
    },
    "ss": {
      "count": 163,
      "avg_lat": 149.8159509202454,
      "avg_score": 99.00122699386503
    },
    "trojan": {
      "count": 2,
      "avg_lat": 237.0,
      "avg_score": 98.42
    }
  }
}