{
  "scan_timestamp": "2025-12-07T05:26:19.743256+00:00",
  "duration_seconds": 988.89,
  "performance_metrics": {
    "total_processed": 478,
    "valid_configs": 248,
    "duplicates": 0,
    "failed_tests": 230,
    "success_rate": 51.88,
    "avg_latency_ms": 170.92,
    "avg_score": 98.86
  },
  "protocol_summary": {
    "vmess": {
      "count": 63,
      "avg_lat": 231.44444444444446,
      "avg_score": 98.45703703703704
    },
    "vless": {
      "count": 129,
      "avg_lat": 134.91472868217053,
      "avg_score": 99.10056847545219
    },
    "ss": {
      "count": 0,
      "avg_lat": 0.0,
      "avg_score": 0.0
    },
    "trojan": {
      "count": 56,
      "avg_lat": 185.76785714285714,
      "avg_score": 98.76154761904762
    }
  }
}