{
  "scan_timestamp": "2026-07-07T07:00:57.926367+00:00",
  "duration_seconds": 464.2,
  "performance_metrics": {
    "total_processed": 461,
    "valid_configs": 138,
    "duplicates": 0,
    "failed_tests": 323,
    "success_rate": 29.93,
    "avg_latency_ms": 112.84,
    "avg_score": 99.25
  },
  "protocol_summary": {
    "vmess": {
      "count": 1,
      "avg_lat": 2.0,
      "avg_score": 99.98666666666666
    },
    "vless": {
      "count": 1,
      "avg_lat": 96.0,
      "avg_score": 99.36
    },
    "ss": {
      "count": 127,
      "avg_lat": 121.7007874015748,
      "avg_score": 99.18866141732283
    },
    "trojan": {
      "count": 9,
      "avg_lat": 2.0,
      "avg_score": 99.98666666666666
    }
  }
}