{
  "scan_timestamp": "2025-12-24T18:29:37.673029+00:00",
  "duration_seconds": 837.14,
  "performance_metrics": {
    "total_processed": 413,
    "valid_configs": 214,
    "duplicates": 0,
    "failed_tests": 199,
    "success_rate": 51.82,
    "avg_latency_ms": 104.73,
    "avg_score": 99.3
  },
  "protocol_summary": {
    "vmess": {
      "count": 45,
      "avg_lat": 177.6888888888889,
      "avg_score": 98.81540740740742
    },
    "vless": {
      "count": 135,
      "avg_lat": 68.07407407407408,
      "avg_score": 99.54617283950617
    },
    "ss": {
      "count": 0,
      "avg_lat": 0.0,
      "avg_score": 0.0
    },
    "trojan": {
      "count": 34,
      "avg_lat": 153.73529411764707,
      "avg_score": 98.97509803921568
    }
  }
}