{
  "scan_timestamp": "2025-12-15T11:26:57.748611+00:00",
  "duration_seconds": 971.04,
  "performance_metrics": {
    "total_processed": 466,
    "valid_configs": 273,
    "duplicates": 0,
    "failed_tests": 193,
    "success_rate": 58.58,
    "avg_latency_ms": 103.03,
    "avg_score": 99.31
  },
  "protocol_summary": {
    "vmess": {
      "count": 59,
      "avg_lat": 123.94915254237289,
      "avg_score": 99.17367231638418
    },
    "vless": {
      "count": 176,
      "avg_lat": 93.4659090909091,
      "avg_score": 99.37689393939394
    },
    "ss": {
      "count": 0,
      "avg_lat": 0.0,
      "avg_score": 0.0
    },
    "trojan": {
      "count": 38,
      "avg_lat": 114.8157894736842,
      "avg_score": 99.23456140350878
    }
  }
}