{
  "scan_timestamp": "2026-01-04T07:31:16.450113+00:00",
  "duration_seconds": 1083.49,
  "performance_metrics": {
    "total_processed": 480,
    "valid_configs": 313,
    "duplicates": 0,
    "failed_tests": 167,
    "success_rate": 65.21,
    "avg_latency_ms": 107.92,
    "avg_score": 99.28
  },
  "protocol_summary": {
    "vmess": {
      "count": 30,
      "avg_lat": 113.96666666666667,
      "avg_score": 99.24022222222222
    },
    "vless": {
      "count": 256,
      "avg_lat": 97.82421875,
      "avg_score": 99.34783854166666
    },
    "ss": {
      "count": 0,
      "avg_lat": 0.0,
      "avg_score": 0.0
    },
    "trojan": {
      "count": 27,
      "avg_lat": 196.88888888888889,
      "avg_score": 98.6874074074074
    }
  }
}