{
  "scan_timestamp": "2026-01-15T13:48:14.608578+00:00",
  "duration_seconds": 927.16,
  "performance_metrics": {
    "total_processed": 457,
    "valid_configs": 279,
    "duplicates": 0,
    "failed_tests": 178,
    "success_rate": 61.05,
    "avg_latency_ms": 94.46,
    "avg_score": 99.37
  },
  "protocol_summary": {
    "vmess": {
      "count": 85,
      "avg_lat": 80.68235294117648,
      "avg_score": 99.46211764705883
    },
    "vless": {
      "count": 116,
      "avg_lat": 72.77586206896552,
      "avg_score": 99.51482758620689
    },
    "ss": {
      "count": 0,
      "avg_lat": 0.0,
      "avg_score": 0.0
    },
    "trojan": {
      "count": 78,
      "avg_lat": 141.7051282051282,
      "avg_score": 99.05529914529914
    }
  }
}