{
  "scan_timestamp": "2025-12-23T22:25:32.107951+00:00",
  "duration_seconds": 886.74,
  "performance_metrics": {
    "total_processed": 431,
    "valid_configs": 240,
    "duplicates": 0,
    "failed_tests": 191,
    "success_rate": 55.68,
    "avg_latency_ms": 96.31,
    "avg_score": 99.36
  },
  "protocol_summary": {
    "vmess": {
      "count": 59,
      "avg_lat": 101.03389830508475,
      "avg_score": 99.3264406779661
    },
    "vless": {
      "count": 130,
      "avg_lat": 69.06153846153846,
      "avg_score": 99.53958974358974
    },
    "ss": {
      "count": 0,
      "avg_lat": 0.0,
      "avg_score": 0.0
    },
    "trojan": {
      "count": 51,
      "avg_lat": 160.2941176470588,
      "avg_score": 98.93137254901961
    }
  }
}