{
  "scan_timestamp": "2026-01-14T15:31:17.254286+00:00",
  "duration_seconds": 973.06,
  "performance_metrics": {
    "total_processed": 467,
    "valid_configs": 293,
    "duplicates": 0,
    "failed_tests": 174,
    "success_rate": 62.74,
    "avg_latency_ms": 111.86,
    "avg_score": 99.25
  },
  "protocol_summary": {
    "vmess": {
      "count": 78,
      "avg_lat": 97.87179487179488,
      "avg_score": 99.34752136752137
    },
    "vless": {
      "count": 138,
      "avg_lat": 74.01449275362319,
      "avg_score": 99.50657004830917
    },
    "ss": {
      "count": 0,
      "avg_lat": 0.0,
      "avg_score": 0.0
    },
    "trojan": {
      "count": 77,
      "avg_lat": 193.87012987012986,
      "avg_score": 98.70753246753246
    }
  }
}