{
  "scan_timestamp": "2026-01-12T04:23:46.993651+00:00",
  "duration_seconds": 765.57,
  "performance_metrics": {
    "total_processed": 449,
    "valid_configs": 206,
    "duplicates": 0,
    "failed_tests": 243,
    "success_rate": 45.88,
    "avg_latency_ms": 131.85,
    "avg_score": 99.12
  },
  "protocol_summary": {
    "vmess": {
      "count": 58,
      "avg_lat": 158.08620689655172,
      "avg_score": 98.94609195402299
    },
    "vless": {
      "count": 74,
      "avg_lat": 62.62162162162162,
      "avg_score": 99.58252252252252
    },
    "ss": {
      "count": 0,
      "avg_lat": 0.0,
      "avg_score": 0.0
    },
    "trojan": {
      "count": 74,
      "avg_lat": 180.52702702702703,
      "avg_score": 98.79648648648649
    }
  }
}