{
  "scan_timestamp": "2025-12-14T08:29:43.268492+00:00",
  "duration_seconds": 980.3,
  "performance_metrics": {
    "total_processed": 471,
    "valid_configs": 262,
    "duplicates": 0,
    "failed_tests": 209,
    "success_rate": 55.63,
    "avg_latency_ms": 106.44,
    "avg_score": 99.29
  },
  "protocol_summary": {
    "vmess": {
      "count": 42,
      "avg_lat": 117.61904761904762,
      "avg_score": 99.21587301587302
    },
    "vless": {
      "count": 186,
      "avg_lat": 90.70967741935483,
      "avg_score": 99.3952688172043
    },
    "ss": {
      "count": 0,
      "avg_lat": 0.0,
      "avg_score": 0.0
    },
    "trojan": {
      "count": 34,
      "avg_lat": 178.6764705882353,
      "avg_score": 98.80882352941177
    }
  }
}