{
  "scan_timestamp": "2026-06-28T11:37:03.638065+00:00",
  "duration_seconds": 450.03,
  "performance_metrics": {
    "total_processed": 456,
    "valid_configs": 134,
    "duplicates": 0,
    "failed_tests": 322,
    "success_rate": 29.39,
    "avg_latency_ms": 150.01,
    "avg_score": 99.0
  },
  "protocol_summary": {
    "vmess": {
      "count": 2,
      "avg_lat": 5.0,
      "avg_score": 99.96666666666667
    },
    "vless": {
      "count": 9,
      "avg_lat": 151.11111111111111,
      "avg_score": 98.9925925925926
    },
    "ss": {
      "count": 110,
      "avg_lat": 129.25454545454545,
      "avg_score": 99.13830303030304
    },
    "trojan": {
      "count": 13,
      "avg_lat": 347.15384615384613,
      "avg_score": 97.68564102564103
    }
  }
}