{
  "scan_timestamp": "2026-04-08T21:49:31.028386+00:00",
  "duration_seconds": 1006.13,
  "performance_metrics": {
    "total_processed": 488,
    "valid_configs": 224,
    "duplicates": 0,
    "failed_tests": 264,
    "success_rate": 45.9,
    "avg_latency_ms": 136.75,
    "avg_score": 99.09
  },
  "protocol_summary": {
    "vmess": {
      "count": 2,
      "avg_lat": 677.5,
      "avg_score": 95.48333333333333
    },
    "vless": {
      "count": 219,
      "avg_lat": 132.0365296803653,
      "avg_score": 99.11975646879756
    },
    "ss": {
      "count": 2,
      "avg_lat": 175.0,
      "avg_score": 98.83333333333334
    },
    "trojan": {
      "count": 1,
      "avg_lat": 10.0,
      "avg_score": 99.93333333333334
    }
  }
}