{
  "scan_timestamp": "2025-12-11T01:06:14.323012+00:00",
  "duration_seconds": 873.64,
  "performance_metrics": {
    "total_processed": 469,
    "valid_configs": 193,
    "duplicates": 0,
    "failed_tests": 276,
    "success_rate": 41.15,
    "avg_latency_ms": 123.63,
    "avg_score": 99.18
  },
  "protocol_summary": {
    "vmess": {
      "count": 28,
      "avg_lat": 83.75,
      "avg_score": 99.44166666666668
    },
    "vless": {
      "count": 112,
      "avg_lat": 103.8125,
      "avg_score": 99.30791666666666
    },
    "ss": {
      "count": 0,
      "avg_lat": 0.0,
      "avg_score": 0.0
    },
    "trojan": {
      "count": 53,
      "avg_lat": 186.58490566037736,
      "avg_score": 98.75610062893082
    }
  }
}