{
  "scan_timestamp": "2025-12-08T16:28:54.359606+00:00",
  "duration_seconds": 906.92,
  "performance_metrics": {
    "total_processed": 476,
    "valid_configs": 210,
    "duplicates": 0,
    "failed_tests": 266,
    "success_rate": 44.12,
    "avg_latency_ms": 192.39,
    "avg_score": 98.72
  },
  "protocol_summary": {
    "vmess": {
      "count": 79,
      "avg_lat": 246.59493670886076,
      "avg_score": 98.35603375527427
    },
    "vless": {
      "count": 63,
      "avg_lat": 86.73015873015873,
      "avg_score": 99.42179894179895
    },
    "ss": {
      "count": 0,
      "avg_lat": 0.0,
      "avg_score": 0.0
    },
    "trojan": {
      "count": 68,
      "avg_lat": 227.30882352941177,
      "avg_score": 98.48460784313725
    }
  }
}