{
  "scan_timestamp": "2026-04-13T19:14:08.028174+00:00",
  "duration_seconds": 985.03,
  "performance_metrics": {
    "total_processed": 480,
    "valid_configs": 254,
    "duplicates": 0,
    "failed_tests": 226,
    "success_rate": 52.92,
    "avg_latency_ms": 82.72,
    "avg_score": 99.45
  },
  "protocol_summary": {
    "vmess": {
      "count": 2,
      "avg_lat": 126.5,
      "avg_score": 99.15666666666667
    },
    "vless": {
      "count": 243,
      "avg_lat": 82.46502057613169,
      "avg_score": 99.45023319615912
    },
    "ss": {
      "count": 2,
      "avg_lat": 145.0,
      "avg_score": 99.03333333333333
    },
    "trojan": {
      "count": 7,
      "avg_lat": 61.42857142857143,
      "avg_score": 99.5904761904762
    }
  }
}