{
  "scan_timestamp": "2026-02-23T23:44:00.045782+00:00",
  "duration_seconds": 1146.52,
  "performance_metrics": {
    "total_processed": 474,
    "valid_configs": 357,
    "duplicates": 0,
    "failed_tests": 117,
    "success_rate": 75.32,
    "avg_latency_ms": 60.52,
    "avg_score": 99.6
  },
  "protocol_summary": {
    "vmess": {
      "count": 72,
      "avg_lat": 65.81944444444444,
      "avg_score": 99.56120370370371
    },
    "vless": {
      "count": 250,
      "avg_lat": 63.94,
      "avg_score": 99.57373333333334
    },
    "trojan": {
      "count": 35,
      "avg_lat": 25.228571428571428,
      "avg_score": 99.83180952380953
    }
  }
}