{
  "scan_timestamp": "2026-01-17T12:29:16.351944+00:00",
  "duration_seconds": 676.78,
  "performance_metrics": {
    "total_processed": 403,
    "valid_configs": 161,
    "duplicates": 0,
    "failed_tests": 242,
    "success_rate": 39.95,
    "avg_latency_ms": 174.93,
    "avg_score": 98.83
  },
  "protocol_summary": {
    "vmess": {
      "count": 65,
      "avg_lat": 111.29230769230769,
      "avg_score": 99.25805128205128
    },
    "vless": {
      "count": 52,
      "avg_lat": 50.36538461538461,
      "avg_score": 99.66423076923077
    },
    "ss": {
      "count": 0,
      "avg_lat": 0.0,
      "avg_score": 0.0
    },
    "trojan": {
      "count": 44,
      "avg_lat": 416.1363636363636,
      "avg_score": 97.22575757575758
    }
  }
}