{
  "scan_timestamp": "2026-02-11T16:05:24.857779+00:00",
  "duration_seconds": 1048.98,
  "performance_metrics": {
    "total_processed": 476,
    "valid_configs": 293,
    "duplicates": 0,
    "failed_tests": 183,
    "success_rate": 61.55,
    "avg_latency_ms": 115.65,
    "avg_score": 99.23
  },
  "protocol_summary": {
    "vmess": {
      "count": 56,
      "avg_lat": 117.64285714285714,
      "avg_score": 99.21571428571428
    },
    "vless": {
      "count": 191,
      "avg_lat": 111.21989528795811,
      "avg_score": 99.25853403141362
    },
    "ss": {
      "count": 0,
      "avg_lat": 0.0,
      "avg_score": 0.0
    },
    "trojan": {
      "count": 46,
      "avg_lat": 131.6304347826087,
      "avg_score": 99.12246376811594
    }
  }
}