{
  "scan_timestamp": "2026-03-18T21:28:09.275135+00:00",
  "duration_seconds": 238.94,
  "performance_metrics": {
    "total_processed": 396,
    "valid_configs": 46,
    "duplicates": 0,
    "failed_tests": 350,
    "success_rate": 11.62,
    "avg_latency_ms": 83.3,
    "avg_score": 99.44
  },
  "protocol_summary": {
    "vmess": {
      "count": 1,
      "avg_lat": 72.0,
      "avg_score": 99.52
    },
    "vless": {
      "count": 29,
      "avg_lat": 76.55172413793103,
      "avg_score": 99.48965517241379
    },
    "ss": {
      "count": 3,
      "avg_lat": 220.33333333333334,
      "avg_score": 98.53111111111112
    },
    "trojan": {
      "count": 13,
      "avg_lat": 67.61538461538461,
      "avg_score": 99.54923076923076
    }
  }
}