{
  "scan_timestamp": "2026-07-01T18:01:07.365293+00:00",
  "duration_seconds": 383.9,
  "performance_metrics": {
    "total_processed": 449,
    "valid_configs": 123,
    "duplicates": 0,
    "failed_tests": 326,
    "success_rate": 27.39,
    "avg_latency_ms": 162.41,
    "avg_score": 98.92
  },
  "protocol_summary": {
    "vmess": {
      "count": 2,
      "avg_lat": 1102.0,
      "avg_score": 92.65333333333334
    },
    "vless": {
      "count": 11,
      "avg_lat": 161.9090909090909,
      "avg_score": 98.92060606060605
    },
    "ss": {
      "count": 102,
      "avg_lat": 151.55882352941177,
      "avg_score": 98.98960784313726
    },
    "trojan": {
      "count": 8,
      "avg_lat": 66.5,
      "avg_score": 99.55666666666667
    }
  }
}