{
  "scan_timestamp": "2025-12-11T17:33:39.860075+00:00",
  "duration_seconds": 951.31,
  "performance_metrics": {
    "total_processed": 478,
    "valid_configs": 229,
    "duplicates": 0,
    "failed_tests": 249,
    "success_rate": 47.91,
    "avg_latency_ms": 161.32,
    "avg_score": 98.92
  },
  "protocol_summary": {
    "vmess": {
      "count": 40,
      "avg_lat": 195.375,
      "avg_score": 98.6975
    },
    "vless": {
      "count": 123,
      "avg_lat": 112.11382113821138,
      "avg_score": 99.25257452574526
    },
    "ss": {
      "count": 0,
      "avg_lat": 0.0,
      "avg_score": 0.0
    },
    "trojan": {
      "count": 66,
      "avg_lat": 232.37878787878788,
      "avg_score": 98.45080808080807
    }
  }
}