{
  "scan_timestamp": "2026-01-01T03:19:39.281210+00:00",
  "duration_seconds": 879.65,
  "performance_metrics": {
    "total_processed": 467,
    "valid_configs": 252,
    "duplicates": 0,
    "failed_tests": 215,
    "success_rate": 53.96,
    "avg_latency_ms": 109.9,
    "avg_score": 99.27
  },
  "protocol_summary": {
    "vmess": {
      "count": 48,
      "avg_lat": 90.85416666666667,
      "avg_score": 99.39430555555555
    },
    "vless": {
      "count": 158,
      "avg_lat": 116.4493670886076,
      "avg_score": 99.22367088607595
    },
    "ss": {
      "count": 0,
      "avg_lat": 0.0,
      "avg_score": 0.0
    },
    "trojan": {
      "count": 46,
      "avg_lat": 107.28260869565217,
      "avg_score": 99.28478260869566
    }
  }
}