{
  "scan_timestamp": "2026-02-17T11:49:16.153906+00:00",
  "duration_seconds": 1076.37,
  "performance_metrics": {
    "total_processed": 455,
    "valid_configs": 331,
    "duplicates": 0,
    "failed_tests": 124,
    "success_rate": 72.75,
    "avg_latency_ms": 114.28,
    "avg_score": 99.24
  },
  "protocol_summary": {
    "vmess": {
      "count": 67,
      "avg_lat": 100.55223880597015,
      "avg_score": 99.32965174129353
    },
    "vless": {
      "count": 223,
      "avg_lat": 119.25112107623319,
      "avg_score": 99.20499252615845
    },
    "ss": {
      "count": 0,
      "avg_lat": 0.0,
      "avg_score": 0.0
    },
    "trojan": {
      "count": 41,
      "avg_lat": 109.65853658536585,
      "avg_score": 99.26894308943089
    }
  }
}