{
  "scan_timestamp": "2025-12-24T09:30:24.227937+00:00",
  "duration_seconds": 939.15,
  "performance_metrics": {
    "total_processed": 470,
    "valid_configs": 256,
    "duplicates": 0,
    "failed_tests": 214,
    "success_rate": 54.47,
    "avg_latency_ms": 108.64,
    "avg_score": 99.28
  },
  "protocol_summary": {
    "vmess": {
      "count": 59,
      "avg_lat": 126.72881355932203,
      "avg_score": 99.15514124293786
    },
    "vless": {
      "count": 131,
      "avg_lat": 73.0381679389313,
      "avg_score": 99.51307888040712
    },
    "ss": {
      "count": 0,
      "avg_lat": 0.0,
      "avg_score": 0.0
    },
    "trojan": {
      "count": 66,
      "avg_lat": 163.13636363636363,
      "avg_score": 98.91242424242425
    }
  }
}