{
  "scan_timestamp": "2026-01-18T16:27:29.025919+00:00",
  "duration_seconds": 942.06,
  "performance_metrics": {
    "total_processed": 459,
    "valid_configs": 266,
    "duplicates": 0,
    "failed_tests": 193,
    "success_rate": 57.95,
    "avg_latency_ms": 123.56,
    "avg_score": 99.18
  },
  "protocol_summary": {
    "vmess": {
      "count": 65,
      "avg_lat": 90.4,
      "avg_score": 99.39733333333334
    },
    "vless": {
      "count": 134,
      "avg_lat": 82.08208955223881,
      "avg_score": 99.45278606965174
    },
    "ss": {
      "count": 0,
      "avg_lat": 0.0,
      "avg_score": 0.0
    },
    "trojan": {
      "count": 67,
      "avg_lat": 238.6865671641791,
      "avg_score": 98.40875621890547
    }
  }
}