{
  "scan_timestamp": "2026-01-02T13:44:54.208276+00:00",
  "duration_seconds": 1137.55,
  "performance_metrics": {
    "total_processed": 483,
    "valid_configs": 332,
    "duplicates": 0,
    "failed_tests": 151,
    "success_rate": 68.74,
    "avg_latency_ms": 100.72,
    "avg_score": 99.33
  },
  "protocol_summary": {
    "vmess": {
      "count": 35,
      "avg_lat": 173.94285714285715,
      "avg_score": 98.84038095238095
    },
    "vless": {
      "count": 274,
      "avg_lat": 89.68613138686132,
      "avg_score": 99.40209245742092
    },
    "ss": {
      "count": 0,
      "avg_lat": 0.0,
      "avg_score": 0.0
    },
    "trojan": {
      "count": 23,
      "avg_lat": 120.73913043478261,
      "avg_score": 99.19507246376811
    }
  }
}