{
  "scan_timestamp": "2026-02-18T04:27:49.277757+00:00",
  "duration_seconds": 1099.89,
  "performance_metrics": {
    "total_processed": 459,
    "valid_configs": 344,
    "duplicates": 0,
    "failed_tests": 115,
    "success_rate": 74.95,
    "avg_latency_ms": 101.9,
    "avg_score": 99.32
  },
  "protocol_summary": {
    "vmess": {
      "count": 52,
      "avg_lat": 120.5576923076923,
      "avg_score": 99.19628205128205
    },
    "vless": {
      "count": 253,
      "avg_lat": 99.54150197628458,
      "avg_score": 99.33638998682477
    },
    "ss": {
      "count": 0,
      "avg_lat": 0.0,
      "avg_score": 0.0
    },
    "trojan": {
      "count": 39,
      "avg_lat": 92.3076923076923,
      "avg_score": 99.38461538461539
    }
  }
}