{
  "scan_timestamp": "2026-07-02T17:54:49.158628+00:00",
  "duration_seconds": 486.64,
  "performance_metrics": {
    "total_processed": 459,
    "valid_configs": 152,
    "duplicates": 0,
    "failed_tests": 307,
    "success_rate": 33.12,
    "avg_latency_ms": 168.03,
    "avg_score": 98.88
  },
  "protocol_summary": {
    "vmess": {
      "count": 2,
      "avg_lat": 72.0,
      "avg_score": 99.52000000000001
    },
    "vless": {
      "count": 4,
      "avg_lat": 392.75,
      "avg_score": 97.38166666666666
    },
    "ss": {
      "count": 130,
      "avg_lat": 181.04615384615386,
      "avg_score": 98.79302564102564
    },
    "trojan": {
      "count": 16,
      "avg_lat": 18.125,
      "avg_score": 99.87916666666666
    }
  }
}