{
  "scan_timestamp": "2026-01-12T17:30:21.834436+00:00",
  "duration_seconds": 906.27,
  "performance_metrics": {
    "total_processed": 471,
    "valid_configs": 272,
    "duplicates": 0,
    "failed_tests": 199,
    "success_rate": 57.75,
    "avg_latency_ms": 138.87,
    "avg_score": 99.07
  },
  "protocol_summary": {
    "vmess": {
      "count": 56,
      "avg_lat": 125.28571428571429,
      "avg_score": 99.1647619047619
    },
    "vless": {
      "count": 153,
      "avg_lat": 93.34640522875817,
      "avg_score": 99.37769063180828
    },
    "ss": {
      "count": 0,
      "avg_lat": 0.0,
      "avg_score": 0.0
    },
    "trojan": {
      "count": 63,
      "avg_lat": 261.5079365079365,
      "avg_score": 98.25661375661376
    }
  }
}