{
  "scan_timestamp": "2026-01-11T21:27:24.140196+00:00",
  "duration_seconds": 1093.73,
  "performance_metrics": {
    "total_processed": 479,
    "valid_configs": 322,
    "duplicates": 0,
    "failed_tests": 157,
    "success_rate": 67.22,
    "avg_latency_ms": 126.32,
    "avg_score": 99.16
  },
  "protocol_summary": {
    "vmess": {
      "count": 67,
      "avg_lat": 162.61194029850745,
      "avg_score": 98.91592039800996
    },
    "vless": {
      "count": 206,
      "avg_lat": 121.01456310679612,
      "avg_score": 99.1932362459547
    },
    "ss": {
      "count": 0,
      "avg_lat": 0.0,
      "avg_score": 0.0
    },
    "trojan": {
      "count": 49,
      "avg_lat": 99.0,
      "avg_score": 99.34
    }
  }
}