{
  "scan_timestamp": "2026-01-07T18:36:19.106150+00:00",
  "duration_seconds": 1147.29,
  "performance_metrics": {
    "total_processed": 484,
    "valid_configs": 348,
    "duplicates": 0,
    "failed_tests": 136,
    "success_rate": 71.9,
    "avg_latency_ms": 166.58,
    "avg_score": 98.89
  },
  "protocol_summary": {
    "vmess": {
      "count": 57,
      "avg_lat": 184.91228070175438,
      "avg_score": 98.76725146198831
    },
    "vless": {
      "count": 199,
      "avg_lat": 165.11557788944722,
      "avg_score": 98.89922948073702
    },
    "ss": {
      "count": 0,
      "avg_lat": 0.0,
      "avg_score": 0.0
    },
    "trojan": {
      "count": 92,
      "avg_lat": 158.3804347826087,
      "avg_score": 98.94413043478262
    }
  }
}