{
  "scan_timestamp": "2026-03-25T04:19:21.591231+00:00",
  "duration_seconds": 679.29,
  "performance_metrics": {
    "total_processed": 462,
    "valid_configs": 128,
    "duplicates": 0,
    "failed_tests": 334,
    "success_rate": 27.71,
    "avg_latency_ms": 69.91,
    "avg_score": 99.53
  },
  "protocol_summary": {
    "vmess": {
      "count": 2,
      "avg_lat": 58.0,
      "avg_score": 99.61333333333333
    },
    "vless": {
      "count": 114,
      "avg_lat": 71.47368421052632,
      "avg_score": 99.52350877192983
    },
    "ss": {
      "count": 4,
      "avg_lat": 124.25,
      "avg_score": 99.17166666666667
    },
    "trojan": {
      "count": 8,
      "avg_lat": 23.375,
      "avg_score": 99.84416666666667
    }
  }
}