{
  "scan_timestamp": "2026-03-15T08:27:23.634202+00:00",
  "duration_seconds": 208.49,
  "performance_metrics": {
    "total_processed": 354,
    "valid_configs": 37,
    "duplicates": 0,
    "failed_tests": 317,
    "success_rate": 10.45,
    "avg_latency_ms": 64.38,
    "avg_score": 99.57
  },
  "protocol_summary": {
    "vmess": {
      "count": 1,
      "avg_lat": 30.0,
      "avg_score": 99.8
    },
    "vless": {
      "count": 29,
      "avg_lat": 58.206896551724135,
      "avg_score": 99.6119540229885
    },
    "ss": {
      "count": 6,
      "avg_lat": 110.33333333333333,
      "avg_score": 99.26444444444445
    },
    "trojan": {
      "count": 1,
      "avg_lat": 2.0,
      "avg_score": 99.98666666666666
    }
  }
}