{
  "scan_timestamp": "2026-01-07T10:32:52.054579+00:00",
  "duration_seconds": 1174.67,
  "performance_metrics": {
    "total_processed": 483,
    "valid_configs": 356,
    "duplicates": 0,
    "failed_tests": 127,
    "success_rate": 73.71,
    "avg_latency_ms": 156.77,
    "avg_score": 98.95
  },
  "protocol_summary": {
    "vmess": {
      "count": 59,
      "avg_lat": 138.77966101694915,
      "avg_score": 99.074802259887
    },
    "vless": {
      "count": 176,
      "avg_lat": 132.45454545454547,
      "avg_score": 99.11696969696969
    },
    "ss": {
      "count": 0,
      "avg_lat": 0.0,
      "avg_score": 0.0
    },
    "trojan": {
      "count": 121,
      "avg_lat": 200.900826446281,
      "avg_score": 98.66066115702479
    }
  }
}