{
  "scan_timestamp": "2026-04-17T21:47:38.066549+00:00",
  "duration_seconds": 972.09,
  "performance_metrics": {
    "total_processed": 492,
    "valid_configs": 270,
    "duplicates": 0,
    "failed_tests": 222,
    "success_rate": 54.88,
    "avg_latency_ms": 83.03,
    "avg_score": 99.45
  },
  "protocol_summary": {
    "vmess": {
      "count": 2,
      "avg_lat": 146.0,
      "avg_score": 99.02666666666667
    },
    "vless": {
      "count": 255,
      "avg_lat": 85.14901960784314,
      "avg_score": 99.43233986928104
    },
    "ss": {
      "count": 0,
      "avg_lat": 0.0,
      "avg_score": 0.0
    },
    "trojan": {
      "count": 13,
      "avg_lat": 31.846153846153847,
      "avg_score": 99.78769230769231
    }
  }
}