{
  "scan_timestamp": "2026-03-06T12:46:11.864395+00:00",
  "duration_seconds": 1076.15,
  "performance_metrics": {
    "total_processed": 473,
    "valid_configs": 322,
    "duplicates": 0,
    "failed_tests": 151,
    "success_rate": 68.08,
    "avg_latency_ms": 67.53,
    "avg_score": 99.55
  },
  "protocol_summary": {
    "vmess": {
      "count": 59,
      "avg_lat": 49.94915254237288,
      "avg_score": 99.66700564971751
    },
    "vless": {
      "count": 228,
      "avg_lat": 71.74122807017544,
      "avg_score": 99.52172514619883
    },
    "ss": {
      "count": 0,
      "avg_lat": 0.0,
      "avg_score": 0.0
    },
    "trojan": {
      "count": 35,
      "avg_lat": 69.77142857142857,
      "avg_score": 99.53485714285713
    }
  }
}