{
  "scan_timestamp": "2026-01-11T23:25:40.482393+00:00",
  "duration_seconds": 933.0,
  "performance_metrics": {
    "total_processed": 457,
    "valid_configs": 261,
    "duplicates": 0,
    "failed_tests": 196,
    "success_rate": 57.11,
    "avg_latency_ms": 129.8,
    "avg_score": 99.13
  },
  "protocol_summary": {
    "vmess": {
      "count": 110,
      "avg_lat": 130.72727272727272,
      "avg_score": 99.12848484848485
    },
    "vless": {
      "count": 78,
      "avg_lat": 91.3974358974359,
      "avg_score": 99.39068376068376
    },
    "ss": {
      "count": 0,
      "avg_lat": 0.0,
      "avg_score": 0.0
    },
    "trojan": {
      "count": 73,
      "avg_lat": 169.45205479452054,
      "avg_score": 98.8703196347032
    }
  }
}