{
  "scan_timestamp": "2026-02-07T14:33:32.237365+00:00",
  "duration_seconds": 1094.36,
  "performance_metrics": {
    "total_processed": 481,
    "valid_configs": 309,
    "duplicates": 0,
    "failed_tests": 172,
    "success_rate": 64.24,
    "avg_latency_ms": 129.82,
    "avg_score": 99.13
  },
  "protocol_summary": {
    "vmess": {
      "count": 66,
      "avg_lat": 95.13636363636364,
      "avg_score": 99.36575757575758
    },
    "vless": {
      "count": 186,
      "avg_lat": 132.31720430107526,
      "avg_score": 99.1178853046595
    },
    "ss": {
      "count": 0,
      "avg_lat": 0.0,
      "avg_score": 0.0
    },
    "trojan": {
      "count": 57,
      "avg_lat": 161.82456140350877,
      "avg_score": 98.92116959064327
    }
  }
}