{
  "scan_timestamp": "2025-12-20T15:23:32.968594+00:00",
  "duration_seconds": 855.64,
  "performance_metrics": {
    "total_processed": 426,
    "valid_configs": 223,
    "duplicates": 0,
    "failed_tests": 203,
    "success_rate": 52.35,
    "avg_latency_ms": 108.26,
    "avg_score": 99.28
  },
  "protocol_summary": {
    "vmess": {
      "count": 46,
      "avg_lat": 135.06521739130434,
      "avg_score": 99.0995652173913
    },
    "vless": {
      "count": 142,
      "avg_lat": 90.45774647887323,
      "avg_score": 99.39694835680751
    },
    "ss": {
      "count": 0,
      "avg_lat": 0.0,
      "avg_score": 0.0
    },
    "trojan": {
      "count": 35,
      "avg_lat": 145.25714285714287,
      "avg_score": 99.03161904761905
    }
  }
}