{
  "scan_timestamp": "2026-07-03T19:28:28.313670+00:00",
  "duration_seconds": 464.94,
  "performance_metrics": {
    "total_processed": 463,
    "valid_configs": 144,
    "duplicates": 0,
    "failed_tests": 319,
    "success_rate": 31.1,
    "avg_latency_ms": 152.23,
    "avg_score": 98.99
  },
  "protocol_summary": {
    "vmess": {
      "count": 2,
      "avg_lat": 74.5,
      "avg_score": 99.50333333333333
    },
    "vless": {
      "count": 4,
      "avg_lat": 331.25,
      "avg_score": 97.79166666666667
    },
    "ss": {
      "count": 128,
      "avg_lat": 159.328125,
      "avg_score": 98.9378125
    },
    "trojan": {
      "count": 10,
      "avg_lat": 5.3,
      "avg_score": 99.96466666666666
    }
  }
}