{
  "scan_timestamp": "2026-02-09T04:32:39.642317+00:00",
  "duration_seconds": 1108.3,
  "performance_metrics": {
    "total_processed": 478,
    "valid_configs": 334,
    "duplicates": 0,
    "failed_tests": 144,
    "success_rate": 69.87,
    "avg_latency_ms": 124.11,
    "avg_score": 99.17
  },
  "protocol_summary": {
    "vmess": {
      "count": 43,
      "avg_lat": 104.93023255813954,
      "avg_score": 99.30046511627907
    },
    "vless": {
      "count": 241,
      "avg_lat": 139.85892116182572,
      "avg_score": 99.0676071922545
    },
    "ss": {
      "count": 0,
      "avg_lat": 0.0,
      "avg_score": 0.0
    },
    "trojan": {
      "count": 50,
      "avg_lat": 64.7,
      "avg_score": 99.56866666666667
    }
  }
}