{
  "scan_timestamp": "2025-12-12T14:27:31.538433+00:00",
  "duration_seconds": 957.17,
  "performance_metrics": {
    "total_processed": 478,
    "valid_configs": 225,
    "duplicates": 0,
    "failed_tests": 253,
    "success_rate": 47.07,
    "avg_latency_ms": 161.7,
    "avg_score": 98.92
  },
  "protocol_summary": {
    "vmess": {
      "count": 24,
      "avg_lat": 136.45833333333334,
      "avg_score": 99.09027777777777
    },
    "vless": {
      "count": 130,
      "avg_lat": 129.46153846153845,
      "avg_score": 99.13692307692307
    },
    "ss": {
      "count": 0,
      "avg_lat": 0.0,
      "avg_score": 0.0
    },
    "trojan": {
      "count": 71,
      "avg_lat": 229.26760563380282,
      "avg_score": 98.47154929577464
    }
  }
}