{
  "scan_timestamp": "2025-12-28T07:28:35.081644+00:00",
  "duration_seconds": 994.71,
  "performance_metrics": {
    "total_processed": 469,
    "valid_configs": 275,
    "duplicates": 0,
    "failed_tests": 194,
    "success_rate": 58.64,
    "avg_latency_ms": 122.35,
    "avg_score": 99.18
  },
  "protocol_summary": {
    "vmess": {
      "count": 48,
      "avg_lat": 106.20833333333333,
      "avg_score": 99.29194444444444
    },
    "vless": {
      "count": 165,
      "avg_lat": 85.39393939393939,
      "avg_score": 99.43070707070706
    },
    "ss": {
      "count": 0,
      "avg_lat": 0.0,
      "avg_score": 0.0
    },
    "trojan": {
      "count": 62,
      "avg_lat": 233.19354838709677,
      "avg_score": 98.44537634408603
    }
  }
}