{
  "scan_timestamp": "2026-03-19T07:42:44.149414+00:00",
  "duration_seconds": 246.18,
  "performance_metrics": {
    "total_processed": 407,
    "valid_configs": 47,
    "duplicates": 0,
    "failed_tests": 360,
    "success_rate": 11.55,
    "avg_latency_ms": 108.87,
    "avg_score": 99.27
  },
  "protocol_summary": {
    "vmess": {
      "count": 1,
      "avg_lat": 77.0,
      "avg_score": 99.48666666666666
    },
    "vless": {
      "count": 28,
      "avg_lat": 77.96428571428571,
      "avg_score": 99.4802380952381
    },
    "ss": {
      "count": 3,
      "avg_lat": 501.3333333333333,
      "avg_score": 96.65777777777778
    },
    "trojan": {
      "count": 15,
      "avg_lat": 90.2,
      "avg_score": 99.39866666666667
    }
  }
}