{
  "scan_timestamp": "2026-01-28T07:35:53.247215+00:00",
  "duration_seconds": 1111.18,
  "performance_metrics": {
    "total_processed": 485,
    "valid_configs": 352,
    "duplicates": 0,
    "failed_tests": 133,
    "success_rate": 72.58,
    "avg_latency_ms": 104.9,
    "avg_score": 99.3
  },
  "protocol_summary": {
    "vmess": {
      "count": 101,
      "avg_lat": 133.30693069306932,
      "avg_score": 99.11128712871287
    },
    "vless": {
      "count": 192,
      "avg_lat": 77.13020833333333,
      "avg_score": 99.48579861111112
    },
    "ss": {
      "count": 0,
      "avg_lat": 0.0,
      "avg_score": 0.0
    },
    "trojan": {
      "count": 59,
      "avg_lat": 146.64406779661016,
      "avg_score": 99.02237288135592
    }
  }
}