{
  "scan_timestamp": "2026-03-27T18:56:52.703765+00:00",
  "duration_seconds": 1000.54,
  "performance_metrics": {
    "total_processed": 455,
    "valid_configs": 277,
    "duplicates": 0,
    "failed_tests": 178,
    "success_rate": 60.88,
    "avg_latency_ms": 68.97,
    "avg_score": 99.54
  },
  "protocol_summary": {
    "vmess": {
      "count": 17,
      "avg_lat": 122.3529411764706,
      "avg_score": 99.18431372549018
    },
    "vless": {
      "count": 240,
      "avg_lat": 57.8,
      "avg_score": 99.61466666666666
    },
    "ss": {
      "count": 8,
      "avg_lat": 228.0,
      "avg_score": 98.48
    },
    "trojan": {
      "count": 12,
      "avg_lat": 110.75,
      "avg_score": 99.26166666666667
    }
  }
}