{
  "scan_timestamp": "2026-03-28T01:21:37.318316+00:00",
  "duration_seconds": 978.65,
  "performance_metrics": {
    "total_processed": 459,
    "valid_configs": 273,
    "duplicates": 0,
    "failed_tests": 186,
    "success_rate": 59.48,
    "avg_latency_ms": 66.67,
    "avg_score": 99.56
  },
  "protocol_summary": {
    "vmess": {
      "count": 17,
      "avg_lat": 103.88235294117646,
      "avg_score": 99.30745098039216
    },
    "vless": {
      "count": 238,
      "avg_lat": 57.07142857142857,
      "avg_score": 99.61952380952381
    },
    "ss": {
      "count": 8,
      "avg_lat": 242.875,
      "avg_score": 98.38083333333333
    },
    "trojan": {
      "count": 10,
      "avg_lat": 90.9,
      "avg_score": 99.394
    }
  }
}