{
  "scan_timestamp": "2026-01-11T01:13:09.241860+00:00",
  "duration_seconds": 921.09,
  "performance_metrics": {
    "total_processed": 459,
    "valid_configs": 290,
    "duplicates": 0,
    "failed_tests": 169,
    "success_rate": 63.18,
    "avg_latency_ms": 122.65,
    "avg_score": 99.18
  },
  "protocol_summary": {
    "vmess": {
      "count": 46,
      "avg_lat": 95.41304347826087,
      "avg_score": 99.36391304347826
    },
    "vless": {
      "count": 169,
      "avg_lat": 101.2603550295858,
      "avg_score": 99.32493096646944
    },
    "ss": {
      "count": 0,
      "avg_lat": 0.0,
      "avg_score": 0.0
    },
    "trojan": {
      "count": 75,
      "avg_lat": 187.54666666666665,
      "avg_score": 98.74968888888888
    }
  }
}