{
  "scan_timestamp": "2026-04-21T01:34:01.138183+00:00",
  "duration_seconds": 877.7,
  "performance_metrics": {
    "total_processed": 477,
    "valid_configs": 231,
    "duplicates": 0,
    "failed_tests": 246,
    "success_rate": 48.43,
    "avg_latency_ms": 80.89,
    "avg_score": 99.46
  },
  "protocol_summary": {
    "vmess": {
      "count": 4,
      "avg_lat": 158.25,
      "avg_score": 98.945
    },
    "vless": {
      "count": 219,
      "avg_lat": 78.93150684931507,
      "avg_score": 99.47378995433789
    },
    "ss": {
      "count": 3,
      "avg_lat": 175.0,
      "avg_score": 98.83333333333333
    },
    "trojan": {
      "count": 5,
      "avg_lat": 48.2,
      "avg_score": 99.67866666666666
    }
  }
}