{
  "scan_timestamp": "2026-03-26T18:01:20.206287+00:00",
  "duration_seconds": 661.94,
  "performance_metrics": {
    "total_processed": 462,
    "valid_configs": 131,
    "duplicates": 0,
    "failed_tests": 331,
    "success_rate": 28.35,
    "avg_latency_ms": 81.27,
    "avg_score": 99.46
  },
  "protocol_summary": {
    "vmess": {
      "count": 2,
      "avg_lat": 58.5,
      "avg_score": 99.61
    },
    "vless": {
      "count": 112,
      "avg_lat": 78.73214285714286,
      "avg_score": 99.47511904761905
    },
    "ss": {
      "count": 7,
      "avg_lat": 190.85714285714286,
      "avg_score": 98.72761904761906
    },
    "trojan": {
      "count": 10,
      "avg_lat": 37.5,
      "avg_score": 99.75
    }
  }
}