{
  "scan_timestamp": "2025-12-21T01:08:46.350181+00:00",
  "duration_seconds": 846.27,
  "performance_metrics": {
    "total_processed": 460,
    "valid_configs": 237,
    "duplicates": 0,
    "failed_tests": 223,
    "success_rate": 51.52,
    "avg_latency_ms": 114.37,
    "avg_score": 99.24
  },
  "protocol_summary": {
    "vmess": {
      "count": 106,
      "avg_lat": 120.43396226415095,
      "avg_score": 99.197106918239
    },
    "vless": {
      "count": 90,
      "avg_lat": 89.86666666666666,
      "avg_score": 99.40088888888889
    },
    "ss": {
      "count": 0,
      "avg_lat": 0.0,
      "avg_score": 0.0
    },
    "trojan": {
      "count": 41,
      "avg_lat": 152.4878048780488,
      "avg_score": 98.98341463414634
    }
  }
}