{
  "scan_timestamp": "2026-02-27T15:46:51.853252+00:00",
  "duration_seconds": 1107.89,
  "performance_metrics": {
    "total_processed": 473,
    "valid_configs": 337,
    "duplicates": 0,
    "failed_tests": 136,
    "success_rate": 71.25,
    "avg_latency_ms": 84.41,
    "avg_score": 99.44
  },
  "protocol_summary": {
    "vmess": {
      "count": 61,
      "avg_lat": 95.09836065573771,
      "avg_score": 99.36601092896176
    },
    "vless": {
      "count": 241,
      "avg_lat": 88.67634854771784,
      "avg_score": 99.40882434301523
    },
    "ss": {
      "count": 0,
      "avg_lat": 0.0,
      "avg_score": 0.0
    },
    "trojan": {
      "count": 35,
      "avg_lat": 36.4,
      "avg_score": 99.75733333333334
    }
  }
}