{
  "scan_timestamp": "2025-12-08T10:27:33.097861+00:00",
  "duration_seconds": 876.99,
  "performance_metrics": {
    "total_processed": 476,
    "valid_configs": 199,
    "duplicates": 0,
    "failed_tests": 277,
    "success_rate": 41.81,
    "avg_latency_ms": 221.49,
    "avg_score": 98.52
  },
  "protocol_summary": {
    "vmess": {
      "count": 67,
      "avg_lat": 371.8955223880597,
      "avg_score": 97.52069651741293
    },
    "vless": {
      "count": 63,
      "avg_lat": 92.04761904761905,
      "avg_score": 99.38634920634921
    },
    "ss": {
      "count": 0,
      "avg_lat": 0.0,
      "avg_score": 0.0
    },
    "trojan": {
      "count": 69,
      "avg_lat": 193.63768115942028,
      "avg_score": 98.70908212560386
    }
  }
}