{
  "scan_timestamp": "2026-07-10T11:58:41.265562+00:00",
  "duration_seconds": 420.19,
  "performance_metrics": {
    "total_processed": 455,
    "valid_configs": 132,
    "duplicates": 0,
    "failed_tests": 323,
    "success_rate": 29.01,
    "avg_latency_ms": 104.27,
    "avg_score": 99.3
  },
  "protocol_summary": {
    "vmess": {
      "count": 1,
      "avg_lat": 17.0,
      "avg_score": 99.88666666666667
    },
    "ss": {
      "count": 118,
      "avg_lat": 112.33898305084746,
      "avg_score": 99.25107344632768
    },
    "trojan": {
      "count": 13,
      "avg_lat": 37.76923076923077,
      "avg_score": 99.74820512820513
    }
  }
}