{
  "scan_timestamp": "2026-02-04T01:15:55.429125+00:00",
  "duration_seconds": 951.08,
  "performance_metrics": {
    "total_processed": 446,
    "valid_configs": 259,
    "duplicates": 0,
    "failed_tests": 187,
    "success_rate": 58.07,
    "avg_latency_ms": 121.37,
    "avg_score": 99.19
  },
  "protocol_summary": {
    "vmess": {
      "count": 43,
      "avg_lat": 89.97674418604652,
      "avg_score": 99.40015503875969
    },
    "vless": {
      "count": 171,
      "avg_lat": 89.41520467836257,
      "avg_score": 99.40389863547757
    },
    "ss": {
      "count": 0,
      "avg_lat": 0.0,
      "avg_score": 0.0
    },
    "trojan": {
      "count": 45,
      "avg_lat": 272.8,
      "avg_score": 98.18133333333333
    }
  }
}