{
  "scan_timestamp": "2026-01-02T16:31:03.299616+00:00",
  "duration_seconds": 1117.11,
  "performance_metrics": {
    "total_processed": 479,
    "valid_configs": 319,
    "duplicates": 0,
    "failed_tests": 160,
    "success_rate": 66.6,
    "avg_latency_ms": 123.76,
    "avg_score": 99.17
  },
  "protocol_summary": {
    "vmess": {
      "count": 38,
      "avg_lat": 183.31578947368422,
      "avg_score": 98.7778947368421
    },
    "vless": {
      "count": 262,
      "avg_lat": 105.3473282442748,
      "avg_score": 99.2976844783715
    },
    "ss": {
      "count": 0,
      "avg_lat": 0.0,
      "avg_score": 0.0
    },
    "trojan": {
      "count": 19,
      "avg_lat": 258.4736842105263,
      "avg_score": 98.27684210526316
    }
  }
}