{
  "scan_timestamp": "2026-01-03T11:25:38.136575+00:00",
  "duration_seconds": 1052.09,
  "performance_metrics": {
    "total_processed": 474,
    "valid_configs": 306,
    "duplicates": 0,
    "failed_tests": 168,
    "success_rate": 64.56,
    "avg_latency_ms": 120.72,
    "avg_score": 99.2
  },
  "protocol_summary": {
    "vmess": {
      "count": 56,
      "avg_lat": 225.80357142857142,
      "avg_score": 98.49464285714285
    },
    "vless": {
      "count": 201,
      "avg_lat": 92.3681592039801,
      "avg_score": 99.38421227197347
    },
    "ss": {
      "count": 0,
      "avg_lat": 0.0,
      "avg_score": 0.0
    },
    "trojan": {
      "count": 49,
      "avg_lat": 116.93877551020408,
      "avg_score": 99.2204081632653
    }
  }
}