{
  "scan_timestamp": "2026-01-17T01:04:29.839504+00:00",
  "duration_seconds": 838.3,
  "performance_metrics": {
    "total_processed": 420,
    "valid_configs": 217,
    "duplicates": 0,
    "failed_tests": 203,
    "success_rate": 51.67,
    "avg_latency_ms": 147.18,
    "avg_score": 99.02
  },
  "protocol_summary": {
    "vmess": {
      "count": 48,
      "avg_lat": 125.4375,
      "avg_score": 99.16375
    },
    "vless": {
      "count": 126,
      "avg_lat": 128.23015873015873,
      "avg_score": 99.14513227513228
    },
    "ss": {
      "count": 0,
      "avg_lat": 0.0,
      "avg_score": 0.0
    },
    "trojan": {
      "count": 43,
      "avg_lat": 227.0,
      "avg_score": 98.48666666666666
    }
  }
}