{
  "scan_timestamp": "2026-01-26T06:39:36.478619+00:00",
  "duration_seconds": 1091.12,
  "performance_metrics": {
    "total_processed": 477,
    "valid_configs": 332,
    "duplicates": 0,
    "failed_tests": 145,
    "success_rate": 69.6,
    "avg_latency_ms": 83.59,
    "avg_score": 99.44
  },
  "protocol_summary": {
    "vmess": {
      "count": 42,
      "avg_lat": 95.19047619047619,
      "avg_score": 99.36539682539681
    },
    "vless": {
      "count": 227,
      "avg_lat": 73.65198237885463,
      "avg_score": 99.50898678414097
    },
    "ss": {
      "count": 0,
      "avg_lat": 0.0,
      "avg_score": 0.0
    },
    "trojan": {
      "count": 63,
      "avg_lat": 111.65079365079364,
      "avg_score": 99.25566137566138
    }
  }
}