{
  "scan_timestamp": "2026-03-01T09:36:19.878576+00:00",
  "duration_seconds": 1099.47,
  "performance_metrics": {
    "total_processed": 473,
    "valid_configs": 329,
    "duplicates": 0,
    "failed_tests": 144,
    "success_rate": 69.56,
    "avg_latency_ms": 72.72,
    "avg_score": 99.52
  },
  "protocol_summary": {
    "vmess": {
      "count": 59,
      "avg_lat": 47.25423728813559,
      "avg_score": 99.68497175141242
    },
    "vless": {
      "count": 235,
      "avg_lat": 81.43404255319149,
      "avg_score": 99.45710638297872
    },
    "ss": {
      "count": 0,
      "avg_lat": 0.0,
      "avg_score": 0.0
    },
    "trojan": {
      "count": 35,
      "avg_lat": 57.17142857142857,
      "avg_score": 99.61885714285714
    }
  }
}