{
  "scan_timestamp": "2026-01-13T13:50:53.085944+00:00",
  "duration_seconds": 1026.33,
  "performance_metrics": {
    "total_processed": 474,
    "valid_configs": 318,
    "duplicates": 0,
    "failed_tests": 156,
    "success_rate": 67.09,
    "avg_latency_ms": 112.95,
    "avg_score": 99.25
  },
  "protocol_summary": {
    "vmess": {
      "count": 82,
      "avg_lat": 64.79268292682927,
      "avg_score": 99.5680487804878
    },
    "vless": {
      "count": 172,
      "avg_lat": 103.18023255813954,
      "avg_score": 99.31213178294574
    },
    "ss": {
      "count": 0,
      "avg_lat": 0.0,
      "avg_score": 0.0
    },
    "trojan": {
      "count": 64,
      "avg_lat": 200.890625,
      "avg_score": 98.66072916666667
    }
  }
}