{
  "scan_timestamp": "2026-01-31T13:50:11.648866+00:00",
  "duration_seconds": 944.76,
  "performance_metrics": {
    "total_processed": 464,
    "valid_configs": 251,
    "duplicates": 0,
    "failed_tests": 213,
    "success_rate": 54.09,
    "avg_latency_ms": 127.93,
    "avg_score": 99.15
  },
  "protocol_summary": {
    "vmess": {
      "count": 113,
      "avg_lat": 120.46017699115045,
      "avg_score": 99.19693215339234
    },
    "vless": {
      "count": 73,
      "avg_lat": 69.5068493150685,
      "avg_score": 99.53662100456621
    },
    "ss": {
      "count": 0,
      "avg_lat": 0.0,
      "avg_score": 0.0
    },
    "trojan": {
      "count": 65,
      "avg_lat": 206.53846153846155,
      "avg_score": 98.62307692307692
    }
  }
}