{
  "scan_timestamp": "2026-07-07T13:28:04.306935+00:00",
  "duration_seconds": 445.27,
  "performance_metrics": {
    "total_processed": 460,
    "valid_configs": 146,
    "duplicates": 0,
    "failed_tests": 314,
    "success_rate": 31.74,
    "avg_latency_ms": 145.08,
    "avg_score": 99.03
  },
  "protocol_summary": {
    "ss": {
      "count": 137,
      "avg_lat": 153.93430656934308,
      "avg_score": 98.97377128953771
    },
    "trojan": {
      "count": 9,
      "avg_lat": 10.222222222222221,
      "avg_score": 99.93185185185185
    }
  }
}