{
  "scan_timestamp": "2026-03-14T14:22:17.844136+00:00",
  "duration_seconds": 274.76,
  "performance_metrics": {
    "total_processed": 360,
    "valid_configs": 60,
    "duplicates": 0,
    "failed_tests": 300,
    "success_rate": 16.67,
    "avg_latency_ms": 103.18,
    "avg_score": 99.31
  },
  "protocol_summary": {
    "vmess": {
      "count": 2,
      "avg_lat": 18.5,
      "avg_score": 99.87666666666667
    },
    "vless": {
      "count": 28,
      "avg_lat": 52.357142857142854,
      "avg_score": 99.65095238095238
    },
    "ss": {
      "count": 29,
      "avg_lat": 161.58620689655172,
      "avg_score": 98.92275862068966
    },
    "trojan": {
      "count": 1,
      "avg_lat": 2.0,
      "avg_score": 99.98666666666666
    }
  }
}