{
  "scan_timestamp": "2026-01-09T12:39:51.332582+00:00",
  "duration_seconds": 1107.79,
  "performance_metrics": {
    "total_processed": 473,
    "valid_configs": 341,
    "duplicates": 0,
    "failed_tests": 132,
    "success_rate": 72.09,
    "avg_latency_ms": 124.2,
    "avg_score": 99.17
  },
  "protocol_summary": {
    "vmess": {
      "count": 51,
      "avg_lat": 114.90196078431373,
      "avg_score": 99.23398692810457
    },
    "vless": {
      "count": 235,
      "avg_lat": 135.2851063829787,
      "avg_score": 99.09809929078014
    },
    "ss": {
      "count": 0,
      "avg_lat": 0.0,
      "avg_score": 0.0
    },
    "trojan": {
      "count": 55,
      "avg_lat": 85.45454545454545,
      "avg_score": 99.43030303030304
    }
  }
}