{
  "scan_timestamp": "2026-03-27T19:51:38.555296+00:00",
  "duration_seconds": 1057.25,
  "performance_metrics": {
    "total_processed": 469,
    "valid_configs": 297,
    "duplicates": 0,
    "failed_tests": 172,
    "success_rate": 63.33,
    "avg_latency_ms": 63.57,
    "avg_score": 99.58
  },
  "protocol_summary": {
    "vmess": {
      "count": 17,
      "avg_lat": 112.11764705882354,
      "avg_score": 99.25254901960784
    },
    "vless": {
      "count": 253,
      "avg_lat": 53.798418972332016,
      "avg_score": 99.64134387351778
    },
    "ss": {
      "count": 8,
      "avg_lat": 212.25,
      "avg_score": 98.58500000000001
    },
    "trojan": {
      "count": 19,
      "avg_lat": 87.57894736842105,
      "avg_score": 99.4161403508772
    }
  }
}