{
  "scan_timestamp": "2026-02-21T21:31:25.060776+00:00",
  "duration_seconds": 1138.9,
  "performance_metrics": {
    "total_processed": 474,
    "valid_configs": 353,
    "duplicates": 0,
    "failed_tests": 121,
    "success_rate": 74.47,
    "avg_latency_ms": 93.2,
    "avg_score": 99.38
  },
  "protocol_summary": {
    "vmess": {
      "count": 60,
      "avg_lat": 99.1,
      "avg_score": 99.33933333333333
    },
    "vless": {
      "count": 257,
      "avg_lat": 99.66536964980544,
      "avg_score": 99.33556420233464
    },
    "trojan": {
      "count": 36,
      "avg_lat": 37.25,
      "avg_score": 99.75166666666667
    }
  }
}