{
  "scan_timestamp": "2026-01-09T19:30:46.828476+00:00",
  "duration_seconds": 1097.26,
  "performance_metrics": {
    "total_processed": 473,
    "valid_configs": 341,
    "duplicates": 0,
    "failed_tests": 132,
    "success_rate": 72.09,
    "avg_latency_ms": 109.24,
    "avg_score": 99.27
  },
  "protocol_summary": {
    "vmess": {
      "count": 52,
      "avg_lat": 139.03846153846155,
      "avg_score": 99.07307692307693
    },
    "vless": {
      "count": 235,
      "avg_lat": 88.76595744680851,
      "avg_score": 99.40822695035462
    },
    "ss": {
      "count": 0,
      "avg_lat": 0.0,
      "avg_score": 0.0
    },
    "trojan": {
      "count": 54,
      "avg_lat": 169.64814814814815,
      "avg_score": 98.86901234567901
    }
  }
}