{
  "scan_timestamp": "2026-02-27T16:45:44.610869+00:00",
  "duration_seconds": 1105.03,
  "performance_metrics": {
    "total_processed": 473,
    "valid_configs": 335,
    "duplicates": 0,
    "failed_tests": 138,
    "success_rate": 70.82,
    "avg_latency_ms": 115.95,
    "avg_score": 99.23
  },
  "protocol_summary": {
    "vmess": {
      "count": 62,
      "avg_lat": 91.66129032258064,
      "avg_score": 99.3889247311828
    },
    "vless": {
      "count": 239,
      "avg_lat": 126.61924686192468,
      "avg_score": 99.15587168758717
    },
    "ss": {
      "count": 0,
      "avg_lat": 0.0,
      "avg_score": 0.0
    },
    "trojan": {
      "count": 34,
      "avg_lat": 85.23529411764706,
      "avg_score": 99.43176470588234
    }
  }
}