{
  "scan_timestamp": "2026-03-12T22:17:44.886922+00:00",
  "duration_seconds": 208.44,
  "performance_metrics": {
    "total_processed": 367,
    "valid_configs": 35,
    "duplicates": 0,
    "failed_tests": 332,
    "success_rate": 9.54,
    "avg_latency_ms": 93.83,
    "avg_score": 99.37
  },
  "protocol_summary": {
    "vmess": {
      "count": 2,
      "avg_lat": 62.5,
      "avg_score": 99.58333333333333
    },
    "vless": {
      "count": 28,
      "avg_lat": 77.64285714285714,
      "avg_score": 99.48238095238095
    },
    "ss": {
      "count": 4,
      "avg_lat": 243.25,
      "avg_score": 98.37833333333333
    },
    "trojan": {
      "count": 1,
      "avg_lat": 12.0,
      "avg_score": 99.92
    }
  }
}