{
  "scan_timestamp": "2025-12-19T16:27:47.326491+00:00",
  "duration_seconds": 906.59,
  "performance_metrics": {
    "total_processed": 464,
    "valid_configs": 247,
    "duplicates": 0,
    "failed_tests": 217,
    "success_rate": 53.23,
    "avg_latency_ms": 102.19,
    "avg_score": 99.32
  },
  "protocol_summary": {
    "vmess": {
      "count": 85,
      "avg_lat": 125.24705882352941,
      "avg_score": 99.16501960784313
    },
    "vless": {
      "count": 127,
      "avg_lat": 86.71653543307086,
      "avg_score": 99.42188976377953
    },
    "ss": {
      "count": 0,
      "avg_lat": 0.0,
      "avg_score": 0.0
    },
    "trojan": {
      "count": 35,
      "avg_lat": 102.31428571428572,
      "avg_score": 99.31790476190476
    }
  }
}