{
  "scan_timestamp": "2026-04-22T17:16:14.647268+00:00",
  "duration_seconds": 828.61,
  "performance_metrics": {
    "total_processed": 475,
    "valid_configs": 203,
    "duplicates": 0,
    "failed_tests": 272,
    "success_rate": 42.74,
    "avg_latency_ms": 165.87,
    "avg_score": 98.89
  },
  "protocol_summary": {
    "vmess": {
      "count": 4,
      "avg_lat": 381.0,
      "avg_score": 97.46000000000001
    },
    "vless": {
      "count": 189,
      "avg_lat": 164.7037037037037,
      "avg_score": 98.90197530864197
    },
    "ss": {
      "count": 3,
      "avg_lat": 234.33333333333334,
      "avg_score": 98.43777777777778
    },
    "trojan": {
      "count": 7,
      "avg_lat": 45.142857142857146,
      "avg_score": 99.69904761904762
    }
  }
}