{
  "scan_timestamp": "2026-04-21T08:40:01.765910+00:00",
  "duration_seconds": 907.74,
  "performance_metrics": {
    "total_processed": 482,
    "valid_configs": 238,
    "duplicates": 0,
    "failed_tests": 244,
    "success_rate": 49.38,
    "avg_latency_ms": 108.25,
    "avg_score": 99.28
  },
  "protocol_summary": {
    "vmess": {
      "count": 4,
      "avg_lat": 400.75,
      "avg_score": 97.32833333333333
    },
    "vless": {
      "count": 224,
      "avg_lat": 104.29017857142857,
      "avg_score": 99.30473214285715
    },
    "ss": {
      "count": 4,
      "avg_lat": 196.75,
      "avg_score": 98.68833333333333
    },
    "trojan": {
      "count": 6,
      "avg_lat": 2.0,
      "avg_score": 99.98666666666668
    }
  }
}