{
  "scan_timestamp": "2026-04-19T17:40:01.598981+00:00",
  "duration_seconds": 832.26,
  "performance_metrics": {
    "total_processed": 481,
    "valid_configs": 210,
    "duplicates": 0,
    "failed_tests": 271,
    "success_rate": 43.66,
    "avg_latency_ms": 66.33,
    "avg_score": 99.56
  },
  "protocol_summary": {
    "vmess": {
      "count": 2,
      "avg_lat": 113.0,
      "avg_score": 99.24666666666667
    },
    "vless": {
      "count": 201,
      "avg_lat": 65.16915422885572,
      "avg_score": 99.56553897180763
    },
    "ss": {
      "count": 3,
      "avg_lat": 162.33333333333334,
      "avg_score": 98.91777777777777
    },
    "trojan": {
      "count": 4,
      "avg_lat": 29.5,
      "avg_score": 99.80333333333334
    }
  }
}