{
  "scan_timestamp": "2026-02-19T01:23:49.459791+00:00",
  "duration_seconds": 1081.24,
  "performance_metrics": {
    "total_processed": 458,
    "valid_configs": 331,
    "duplicates": 0,
    "failed_tests": 127,
    "success_rate": 72.27,
    "avg_latency_ms": 92.43,
    "avg_score": 99.38
  },
  "protocol_summary": {
    "vmess": {
      "count": 59,
      "avg_lat": 134.864406779661,
      "avg_score": 99.10090395480225
    },
    "vless": {
      "count": 241,
      "avg_lat": 84.62240663900415,
      "avg_score": 99.43585062240665
    },
    "ss": {
      "count": 0,
      "avg_lat": 0.0,
      "avg_score": 0.0
    },
    "trojan": {
      "count": 31,
      "avg_lat": 72.35483870967742,
      "avg_score": 99.51763440860215
    }
  }
}