{
  "scan_timestamp": "2026-07-20T03:03:17.197048+00:00",
  "duration_seconds": 404.74,
  "performance_metrics": {
    "total_processed": 420,
    "valid_configs": 112,
    "duplicates": 0,
    "failed_tests": 308,
    "success_rate": 26.67,
    "avg_latency_ms": 120.86,
    "avg_score": 99.19
  },
  "protocol_summary": {
    "vmess": {
      "count": 1,
      "avg_lat": 16.0,
      "avg_score": 99.89333333333333
    },
    "vless": {
      "count": 1,
      "avg_lat": 2.0,
      "avg_score": 99.98666666666666
    },
    "ss": {
      "count": 94,
      "avg_lat": 116.57446808510639,
      "avg_score": 99.22283687943262
    },
    "trojan": {
      "count": 16,
      "avg_lat": 160.0,
      "avg_score": 98.93333333333334
    }
  }
}