{
  "scan_timestamp": "2025-12-25T16:28:46.082309+00:00",
  "duration_seconds": 969.16,
  "performance_metrics": {
    "total_processed": 476,
    "valid_configs": 264,
    "duplicates": 0,
    "failed_tests": 212,
    "success_rate": 55.46,
    "avg_latency_ms": 137.93,
    "avg_score": 99.08
  },
  "protocol_summary": {
    "vmess": {
      "count": 48,
      "avg_lat": 191.27083333333334,
      "avg_score": 98.72486111111111
    },
    "vless": {
      "count": 168,
      "avg_lat": 117.5,
      "avg_score": 99.21666666666667
    },
    "ss": {
      "count": 0,
      "avg_lat": 0.0,
      "avg_score": 0.0
    },
    "trojan": {
      "count": 48,
      "avg_lat": 156.08333333333334,
      "avg_score": 98.95944444444444
    }
  }
}