{
  "scan_timestamp": "2026-02-22T06:52:26.484959+00:00",
  "duration_seconds": 1154.27,
  "performance_metrics": {
    "total_processed": 474,
    "valid_configs": 352,
    "duplicates": 0,
    "failed_tests": 122,
    "success_rate": 74.26,
    "avg_latency_ms": 89.36,
    "avg_score": 99.4
  },
  "protocol_summary": {
    "vmess": {
      "count": 63,
      "avg_lat": 67.92063492063492,
      "avg_score": 99.54719576719577
    },
    "vless": {
      "count": 254,
      "avg_lat": 95.77952755905511,
      "avg_score": 99.36146981627296
    },
    "trojan": {
      "count": 35,
      "avg_lat": 81.37142857142857,
      "avg_score": 99.4575238095238
    }
  }
}