{
  "scan_timestamp": "2025-12-09T04:37:11.502647+00:00",
  "duration_seconds": 1050.08,
  "performance_metrics": {
    "total_processed": 479,
    "valid_configs": 293,
    "duplicates": 0,
    "failed_tests": 186,
    "success_rate": 61.17,
    "avg_latency_ms": 162.43,
    "avg_score": 98.92
  },
  "protocol_summary": {
    "vmess": {
      "count": 69,
      "avg_lat": 183.85507246376812,
      "avg_score": 98.7742995169082
    },
    "vless": {
      "count": 166,
      "avg_lat": 139.2289156626506,
      "avg_score": 99.07180722891567
    },
    "ss": {
      "count": 0,
      "avg_lat": 0.0,
      "avg_score": 0.0
    },
    "trojan": {
      "count": 58,
      "avg_lat": 203.32758620689654,
      "avg_score": 98.6444827586207
    }
  }
}