{
  "scan_timestamp": "2025-12-20T05:26:14.535006+00:00",
  "duration_seconds": 934.52,
  "performance_metrics": {
    "total_processed": 463,
    "valid_configs": 269,
    "duplicates": 0,
    "failed_tests": 194,
    "success_rate": 58.1,
    "avg_latency_ms": 114.81,
    "avg_score": 99.23
  },
  "protocol_summary": {
    "vmess": {
      "count": 79,
      "avg_lat": 152.27848101265823,
      "avg_score": 98.98481012658227
    },
    "vless": {
      "count": 155,
      "avg_lat": 86.76129032258065,
      "avg_score": 99.42159139784945
    },
    "ss": {
      "count": 0,
      "avg_lat": 0.0,
      "avg_score": 0.0
    },
    "trojan": {
      "count": 35,
      "avg_lat": 154.45714285714286,
      "avg_score": 98.97028571428571
    }
  }
}