{
  "scan_timestamp": "2026-01-14T13:49:21.993124+00:00",
  "duration_seconds": 965.19,
  "performance_metrics": {
    "total_processed": 474,
    "valid_configs": 278,
    "duplicates": 0,
    "failed_tests": 196,
    "success_rate": 58.65,
    "avg_latency_ms": 119.59,
    "avg_score": 99.2
  },
  "protocol_summary": {
    "vmess": {
      "count": 81,
      "avg_lat": 90.20987654320987,
      "avg_score": 99.39860082304527
    },
    "vless": {
      "count": 142,
      "avg_lat": 74.16197183098592,
      "avg_score": 99.50558685446009
    },
    "ss": {
      "count": 0,
      "avg_lat": 0.0,
      "avg_score": 0.0
    },
    "trojan": {
      "count": 55,
      "avg_lat": 280.1636363636364,
      "avg_score": 98.13224242424243
    }
  }
}