{
  "scan_timestamp": "2026-02-18T19:57:21.303834+00:00",
  "duration_seconds": 1104.62,
  "performance_metrics": {
    "total_processed": 459,
    "valid_configs": 340,
    "duplicates": 0,
    "failed_tests": 119,
    "success_rate": 74.07,
    "avg_latency_ms": 106.19,
    "avg_score": 99.29
  },
  "protocol_summary": {
    "vmess": {
      "count": 57,
      "avg_lat": 115.94736842105263,
      "avg_score": 99.22701754385965
    },
    "vless": {
      "count": 242,
      "avg_lat": 98.64462809917356,
      "avg_score": 99.34236914600551
    },
    "ss": {
      "count": 0,
      "avg_lat": 0.0,
      "avg_score": 0.0
    },
    "trojan": {
      "count": 41,
      "avg_lat": 137.1219512195122,
      "avg_score": 99.08585365853658
    }
  }
}