{
  "scan_timestamp": "2026-01-20T07:33:12.427107+00:00",
  "duration_seconds": 828.23,
  "performance_metrics": {
    "total_processed": 457,
    "valid_configs": 225,
    "duplicates": 0,
    "failed_tests": 232,
    "success_rate": 49.23,
    "avg_latency_ms": 138.18,
    "avg_score": 99.08
  },
  "protocol_summary": {
    "vmess": {
      "count": 60,
      "avg_lat": 110.81666666666666,
      "avg_score": 99.26122222222222
    },
    "vless": {
      "count": 111,
      "avg_lat": 123.53153153153153,
      "avg_score": 99.17645645645645
    },
    "ss": {
      "count": 0,
      "avg_lat": 0.0,
      "avg_score": 0.0
    },
    "trojan": {
      "count": 54,
      "avg_lat": 198.7037037037037,
      "avg_score": 98.6753086419753
    }
  }
}