{
  "scan_timestamp": "2026-03-30T17:10:09.075839+00:00",
  "duration_seconds": 1031.55,
  "performance_metrics": {
    "total_processed": 474,
    "valid_configs": 242,
    "duplicates": 0,
    "failed_tests": 232,
    "success_rate": 51.05,
    "avg_latency_ms": 78.16,
    "avg_score": 99.48
  },
  "protocol_summary": {
    "vmess": {
      "count": 17,
      "avg_lat": 111.3529411764706,
      "avg_score": 99.25764705882354
    },
    "vless": {
      "count": 214,
      "avg_lat": 73.39719626168224,
      "avg_score": 99.51068535825546
    },
    "ss": {
      "count": 3,
      "avg_lat": 76.33333333333333,
      "avg_score": 99.49111111111112
    },
    "trojan": {
      "count": 8,
      "avg_lat": 135.625,
      "avg_score": 99.09583333333333
    }
  }
}