{
  "scan_timestamp": "2026-04-03T23:37:10.167853+00:00",
  "duration_seconds": 842.22,
  "performance_metrics": {
    "total_processed": 484,
    "valid_configs": 172,
    "duplicates": 0,
    "failed_tests": 312,
    "success_rate": 35.54,
    "avg_latency_ms": 113.97,
    "avg_score": 99.24
  },
  "protocol_summary": {
    "vmess": {
      "count": 2,
      "avg_lat": 108.0,
      "avg_score": 99.28
    },
    "vless": {
      "count": 166,
      "avg_lat": 113.90361445783132,
      "avg_score": 99.24064257028112
    },
    "ss": {
      "count": 3,
      "avg_lat": 123.33333333333333,
      "avg_score": 99.17777777777776
    },
    "trojan": {
      "count": 1,
      "avg_lat": 109.0,
      "avg_score": 99.27333333333333
    }
  }
}