{
  "scan_timestamp": "2026-01-05T14:34:01.988649+00:00",
  "duration_seconds": 1137.33,
  "performance_metrics": {
    "total_processed": 485,
    "valid_configs": 352,
    "duplicates": 0,
    "failed_tests": 133,
    "success_rate": 72.58,
    "avg_latency_ms": 136.94,
    "avg_score": 99.09
  },
  "protocol_summary": {
    "vmess": {
      "count": 28,
      "avg_lat": 200.5,
      "avg_score": 98.66333333333333
    },
    "vless": {
      "count": 263,
      "avg_lat": 133.7300380228137,
      "avg_score": 99.10846641318123
    },
    "ss": {
      "count": 0,
      "avg_lat": 0.0,
      "avg_score": 0.0
    },
    "trojan": {
      "count": 61,
      "avg_lat": 121.60655737704919,
      "avg_score": 99.18928961748635
    }
  }
}