{
  "scan_timestamp": "2026-03-05T20:44:51.547867+00:00",
  "duration_seconds": 1079.96,
  "performance_metrics": {
    "total_processed": 473,
    "valid_configs": 321,
    "duplicates": 0,
    "failed_tests": 152,
    "success_rate": 67.86,
    "avg_latency_ms": 59.01,
    "avg_score": 99.61
  },
  "protocol_summary": {
    "vmess": {
      "count": 60,
      "avg_lat": 42.516666666666666,
      "avg_score": 99.71655555555554
    },
    "vless": {
      "count": 226,
      "avg_lat": 63.915929203539825,
      "avg_score": 99.57389380530974
    },
    "ss": {
      "count": 0,
      "avg_lat": 0.0,
      "avg_score": 0.0
    },
    "trojan": {
      "count": 35,
      "avg_lat": 55.628571428571426,
      "avg_score": 99.62914285714285
    }
  }
}