{
  "scan_timestamp": "2026-01-17T18:30:14.414252+00:00",
  "duration_seconds": 927.69,
  "performance_metrics": {
    "total_processed": 473,
    "valid_configs": 233,
    "duplicates": 0,
    "failed_tests": 240,
    "success_rate": 49.26,
    "avg_latency_ms": 117.81,
    "avg_score": 99.21
  },
  "protocol_summary": {
    "vmess": {
      "count": 59,
      "avg_lat": 95.66101694915254,
      "avg_score": 99.36225988700565
    },
    "vless": {
      "count": 122,
      "avg_lat": 91.81967213114754,
      "avg_score": 99.38786885245901
    },
    "ss": {
      "count": 0,
      "avg_lat": 0.0,
      "avg_score": 0.0
    },
    "trojan": {
      "count": 52,
      "avg_lat": 203.90384615384616,
      "avg_score": 98.64064102564103
    }
  }
}