{
  "scan_timestamp": "2026-01-10T19:25:17.411989+00:00",
  "duration_seconds": 1056.61,
  "performance_metrics": {
    "total_processed": 477,
    "valid_configs": 319,
    "duplicates": 0,
    "failed_tests": 158,
    "success_rate": 66.88,
    "avg_latency_ms": 130.7,
    "avg_score": 99.13
  },
  "protocol_summary": {
    "vmess": {
      "count": 44,
      "avg_lat": 139.52272727272728,
      "avg_score": 99.06984848484849
    },
    "vless": {
      "count": 220,
      "avg_lat": 128.07272727272726,
      "avg_score": 99.14618181818182
    },
    "ss": {
      "count": 0,
      "avg_lat": 0.0,
      "avg_score": 0.0
    },
    "trojan": {
      "count": 55,
      "avg_lat": 134.14545454545456,
      "avg_score": 99.10569696969698
    }
  }
}