{
  "scan_timestamp": "2025-12-28T10:25:35.345298+00:00",
  "duration_seconds": 897.76,
  "performance_metrics": {
    "total_processed": 437,
    "valid_configs": 241,
    "duplicates": 0,
    "failed_tests": 196,
    "success_rate": 55.15,
    "avg_latency_ms": 88.12,
    "avg_score": 99.41
  },
  "protocol_summary": {
    "vmess": {
      "count": 46,
      "avg_lat": 132.45652173913044,
      "avg_score": 99.11695652173913
    },
    "vless": {
      "count": 163,
      "avg_lat": 64.97546012269939,
      "avg_score": 99.56683026584867
    },
    "ss": {
      "count": 0,
      "avg_lat": 0.0,
      "avg_score": 0.0
    },
    "trojan": {
      "count": 32,
      "avg_lat": 142.3125,
      "avg_score": 99.05125
    }
  }
}