{
  "scan_timestamp": "2026-01-15T19:29:32.656444+00:00",
  "duration_seconds": 789.19,
  "performance_metrics": {
    "total_processed": 414,
    "valid_configs": 216,
    "duplicates": 0,
    "failed_tests": 198,
    "success_rate": 52.17,
    "avg_latency_ms": 90.5,
    "avg_score": 99.4
  },
  "protocol_summary": {
    "vmess": {
      "count": 43,
      "avg_lat": 89.65116279069767,
      "avg_score": 99.40232558139536
    },
    "vless": {
      "count": 135,
      "avg_lat": 66.03703703703704,
      "avg_score": 99.55975308641975
    },
    "ss": {
      "count": 0,
      "avg_lat": 0.0,
      "avg_score": 0.0
    },
    "trojan": {
      "count": 38,
      "avg_lat": 178.39473684210526,
      "avg_score": 98.81070175438597
    }
  }
}