{
  "scan_timestamp": "2026-01-21T23:29:41.746980+00:00",
  "duration_seconds": 882.59,
  "performance_metrics": {
    "total_processed": 434,
    "valid_configs": 245,
    "duplicates": 0,
    "failed_tests": 189,
    "success_rate": 56.45,
    "avg_latency_ms": 111.15,
    "avg_score": 99.26
  },
  "protocol_summary": {
    "vmess": {
      "count": 63,
      "avg_lat": 109.88888888888889,
      "avg_score": 99.2674074074074
    },
    "vless": {
      "count": 139,
      "avg_lat": 101.31654676258992,
      "avg_score": 99.32455635491607
    },
    "ss": {
      "count": 0,
      "avg_lat": 0.0,
      "avg_score": 0.0
    },
    "trojan": {
      "count": 43,
      "avg_lat": 144.7674418604651,
      "avg_score": 99.03488372093024
    }
  }
}