{
  "scan_timestamp": "2026-01-23T19:31:03.760477+00:00",
  "duration_seconds": 871.73,
  "performance_metrics": {
    "total_processed": 432,
    "valid_configs": 232,
    "duplicates": 0,
    "failed_tests": 200,
    "success_rate": 53.7,
    "avg_latency_ms": 119.81,
    "avg_score": 99.2
  },
  "protocol_summary": {
    "vmess": {
      "count": 73,
      "avg_lat": 159.31506849315068,
      "avg_score": 98.93789954337899
    },
    "vless": {
      "count": 122,
      "avg_lat": 90.39344262295081,
      "avg_score": 99.39737704918032
    },
    "ss": {
      "count": 0,
      "avg_lat": 0.0,
      "avg_score": 0.0
    },
    "trojan": {
      "count": 37,
      "avg_lat": 138.8918918918919,
      "avg_score": 99.07405405405405
    }
  }
}