{
  "scan_timestamp": "2026-03-08T11:14:53.488684+00:00",
  "duration_seconds": 186.32,
  "performance_metrics": {
    "total_processed": 371,
    "valid_configs": 32,
    "duplicates": 0,
    "failed_tests": 339,
    "success_rate": 8.63,
    "avg_latency_ms": 52.59,
    "avg_score": 99.65
  },
  "protocol_summary": {
    "vmess": {
      "count": 2,
      "avg_lat": 115.5,
      "avg_score": 99.22999999999999
    },
    "vless": {
      "count": 29,
      "avg_lat": 46.41379310344828,
      "avg_score": 99.69057471264368
    },
    "ss": {
      "count": 1,
      "avg_lat": 106.0,
      "avg_score": 99.29333333333334
    },
    "trojan": {
      "count": 0,
      "avg_lat": 0.0,
      "avg_score": 0.0
    }
  }
}