{
  "scan_timestamp": "2025-12-31T22:25:37.903674+00:00",
  "duration_seconds": 890.61,
  "performance_metrics": {
    "total_processed": 467,
    "valid_configs": 249,
    "duplicates": 0,
    "failed_tests": 218,
    "success_rate": 53.32,
    "avg_latency_ms": 116.33,
    "avg_score": 99.22
  },
  "protocol_summary": {
    "vmess": {
      "count": 47,
      "avg_lat": 159.74468085106383,
      "avg_score": 98.9350354609929
    },
    "vless": {
      "count": 158,
      "avg_lat": 89.77848101265823,
      "avg_score": 99.40147679324895
    },
    "ss": {
      "count": 0,
      "avg_lat": 0.0,
      "avg_score": 0.0
    },
    "trojan": {
      "count": 44,
      "avg_lat": 165.27272727272728,
      "avg_score": 98.89818181818181
    }
  }
}