{
  "scan_timestamp": "2026-02-14T04:16:06.086570+00:00",
  "duration_seconds": 1046.08,
  "performance_metrics": {
    "total_processed": 467,
    "valid_configs": 324,
    "duplicates": 0,
    "failed_tests": 143,
    "success_rate": 69.38,
    "avg_latency_ms": 102.15,
    "avg_score": 99.32
  },
  "protocol_summary": {
    "vmess": {
      "count": 99,
      "avg_lat": 120.52525252525253,
      "avg_score": 99.1964983164983
    },
    "vless": {
      "count": 197,
      "avg_lat": 90.3756345177665,
      "avg_score": 99.39749576988156
    },
    "ss": {
      "count": 0,
      "avg_lat": 0.0,
      "avg_score": 0.0
    },
    "trojan": {
      "count": 28,
      "avg_lat": 120.03571428571429,
      "avg_score": 99.1997619047619
    }
  }
}