{
  "scan_timestamp": "2026-03-25T06:59:58.424355+00:00",
  "duration_seconds": 665.38,
  "performance_metrics": {
    "total_processed": 462,
    "valid_configs": 123,
    "duplicates": 0,
    "failed_tests": 339,
    "success_rate": 26.62,
    "avg_latency_ms": 104.48,
    "avg_score": 99.3
  },
  "protocol_summary": {
    "vmess": {
      "count": 2,
      "avg_lat": 107.5,
      "avg_score": 99.28333333333333
    },
    "vless": {
      "count": 110,
      "avg_lat": 107.5909090909091,
      "avg_score": 99.28272727272727
    },
    "ss": {
      "count": 4,
      "avg_lat": 153.5,
      "avg_score": 98.97666666666667
    },
    "trojan": {
      "count": 7,
      "avg_lat": 26.714285714285715,
      "avg_score": 99.82190476190476
    }
  }
}