{
  "scan_timestamp": "2026-02-03T14:54:08.146276+00:00",
  "duration_seconds": 1017.45,
  "performance_metrics": {
    "total_processed": 466,
    "valid_configs": 293,
    "duplicates": 0,
    "failed_tests": 173,
    "success_rate": 62.88,
    "avg_latency_ms": 118.2,
    "avg_score": 99.21
  },
  "protocol_summary": {
    "vmess": {
      "count": 81,
      "avg_lat": 66.85185185185185,
      "avg_score": 99.55432098765432
    },
    "vless": {
      "count": 165,
      "avg_lat": 106.24242424242425,
      "avg_score": 99.29171717171717
    },
    "ss": {
      "count": 0,
      "avg_lat": 0.0,
      "avg_score": 0.0
    },
    "trojan": {
      "count": 47,
      "avg_lat": 248.70212765957447,
      "avg_score": 98.34198581560284
    }
  }
}