{
  "scan_timestamp": "2026-04-23T23:48:44.532727+00:00",
  "duration_seconds": 834.2,
  "performance_metrics": {
    "total_processed": 483,
    "valid_configs": 194,
    "duplicates": 0,
    "failed_tests": 289,
    "success_rate": 40.17,
    "avg_latency_ms": 184.16,
    "avg_score": 98.77
  },
  "protocol_summary": {
    "vmess": {
      "count": 4,
      "avg_lat": 93.75,
      "avg_score": 99.375
    },
    "vless": {
      "count": 184,
      "avg_lat": 188.90217391304347,
      "avg_score": 98.74065217391303
    },
    "ss": {
      "count": 2,
      "avg_lat": 151.0,
      "avg_score": 98.99333333333334
    },
    "trojan": {
      "count": 4,
      "avg_lat": 73.25,
      "avg_score": 99.51166666666667
    }
  }
}