{
  "scan_timestamp": "2026-01-18T11:20:19.755759+00:00",
  "duration_seconds": 715.39,
  "performance_metrics": {
    "total_processed": 412,
    "valid_configs": 192,
    "duplicates": 0,
    "failed_tests": 220,
    "success_rate": 46.6,
    "avg_latency_ms": 112.52,
    "avg_score": 99.25
  },
  "protocol_summary": {
    "vmess": {
      "count": 56,
      "avg_lat": 108.05357142857143,
      "avg_score": 99.27964285714286
    },
    "vless": {
      "count": 76,
      "avg_lat": 43.06578947368421,
      "avg_score": 99.7128947368421
    },
    "ss": {
      "count": 0,
      "avg_lat": 0.0,
      "avg_score": 0.0
    },
    "trojan": {
      "count": 60,
      "avg_lat": 204.65,
      "avg_score": 98.63566666666667
    }
  }
}