{
  "scan_timestamp": "2026-03-01T20:31:53.829830+00:00",
  "duration_seconds": 1096.45,
  "performance_metrics": {
    "total_processed": 473,
    "valid_configs": 330,
    "duplicates": 0,
    "failed_tests": 143,
    "success_rate": 69.77,
    "avg_latency_ms": 82.52,
    "avg_score": 99.45
  },
  "protocol_summary": {
    "vmess": {
      "count": 59,
      "avg_lat": 60.16949152542373,
      "avg_score": 99.59887005649718
    },
    "vless": {
      "count": 236,
      "avg_lat": 95.14830508474576,
      "avg_score": 99.36567796610169
    },
    "ss": {
      "count": 0,
      "avg_lat": 0.0,
      "avg_score": 0.0
    },
    "trojan": {
      "count": 35,
      "avg_lat": 35.0,
      "avg_score": 99.76666666666667
    }
  }
}