{
  "scan_timestamp": "2026-07-01T21:36:08.947882+00:00",
  "duration_seconds": 508.91,
  "performance_metrics": {
    "total_processed": 460,
    "valid_configs": 158,
    "duplicates": 0,
    "failed_tests": 302,
    "success_rate": 34.35,
    "avg_latency_ms": 146.96,
    "avg_score": 99.02
  },
  "protocol_summary": {
    "vmess": {
      "count": 1,
      "avg_lat": 56.0,
      "avg_score": 99.62666666666667
    },
    "vless": {
      "count": 9,
      "avg_lat": 237.0,
      "avg_score": 98.42
    },
    "ss": {
      "count": 136,
      "avg_lat": 151.8014705882353,
      "avg_score": 98.98799019607843
    },
    "trojan": {
      "count": 12,
      "avg_lat": 32.166666666666664,
      "avg_score": 99.78555555555556
    }
  }
}