{
  "scan_timestamp": "2026-02-12T14:19:18.550909+00:00",
  "duration_seconds": 1042.99,
  "performance_metrics": {
    "total_processed": 474,
    "valid_configs": 318,
    "duplicates": 0,
    "failed_tests": 156,
    "success_rate": 67.09,
    "avg_latency_ms": 150.3,
    "avg_score": 99.0
  },
  "protocol_summary": {
    "vmess": {
      "count": 55,
      "avg_lat": 138.8181818181818,
      "avg_score": 99.07454545454546
    },
    "vless": {
      "count": 214,
      "avg_lat": 148.78971962616822,
      "avg_score": 99.00806853582554
    },
    "ss": {
      "count": 0,
      "avg_lat": 0.0,
      "avg_score": 0.0
    },
    "trojan": {
      "count": 49,
      "avg_lat": 169.75510204081633,
      "avg_score": 98.8682993197279
    }
  }
}