{
  "scan_timestamp": "2026-02-03T22:34:06.018112+00:00",
  "duration_seconds": 949.35,
  "performance_metrics": {
    "total_processed": 445,
    "valid_configs": 266,
    "duplicates": 0,
    "failed_tests": 179,
    "success_rate": 59.78,
    "avg_latency_ms": 150.41,
    "avg_score": 99.0
  },
  "protocol_summary": {
    "vmess": {
      "count": 47,
      "avg_lat": 101.70212765957447,
      "avg_score": 99.32198581560283
    },
    "vless": {
      "count": 170,
      "avg_lat": 140.73529411764707,
      "avg_score": 99.06176470588235
    },
    "ss": {
      "count": 0,
      "avg_lat": 0.0,
      "avg_score": 0.0
    },
    "trojan": {
      "count": 49,
      "avg_lat": 230.69387755102042,
      "avg_score": 98.46204081632654
    }
  }
}