{
  "scan_timestamp": "2026-01-21T16:39:08.196456+00:00",
  "duration_seconds": 992.72,
  "performance_metrics": {
    "total_processed": 482,
    "valid_configs": 238,
    "duplicates": 0,
    "failed_tests": 244,
    "success_rate": 49.38,
    "avg_latency_ms": 85.62,
    "avg_score": 99.43
  },
  "protocol_summary": {
    "vmess": {
      "count": 57,
      "avg_lat": 71.66666666666667,
      "avg_score": 99.52222222222221
    },
    "vless": {
      "count": 135,
      "avg_lat": 72.65925925925926,
      "avg_score": 99.51560493827161
    },
    "ss": {
      "count": 0,
      "avg_lat": 0.0,
      "avg_score": 0.0
    },
    "trojan": {
      "count": 46,
      "avg_lat": 140.93478260869566,
      "avg_score": 99.0604347826087
    }
  }
}