{
  "scan_timestamp": "2025-12-24T01:05:35.515506+00:00",
  "duration_seconds": 885.44,
  "performance_metrics": {
    "total_processed": 432,
    "valid_configs": 240,
    "duplicates": 0,
    "failed_tests": 192,
    "success_rate": 55.56,
    "avg_latency_ms": 105.85,
    "avg_score": 99.29
  },
  "protocol_summary": {
    "vmess": {
      "count": 57,
      "avg_lat": 103.47368421052632,
      "avg_score": 99.3101754385965
    },
    "vless": {
      "count": 132,
      "avg_lat": 81.28030303030303,
      "avg_score": 99.45813131313132
    },
    "ss": {
      "count": 0,
      "avg_lat": 0.0,
      "avg_score": 0.0
    },
    "trojan": {
      "count": 51,
      "avg_lat": 172.07843137254903,
      "avg_score": 98.85281045751633
    }
  }
}