{
  "scan_timestamp": "2026-02-06T12:48:55.953170+00:00",
  "duration_seconds": 1070.72,
  "performance_metrics": {
    "total_processed": 481,
    "valid_configs": 301,
    "duplicates": 0,
    "failed_tests": 180,
    "success_rate": 62.58,
    "avg_latency_ms": 128.56,
    "avg_score": 99.14
  },
  "protocol_summary": {
    "vmess": {
      "count": 55,
      "avg_lat": 121.05454545454545,
      "avg_score": 99.1929696969697
    },
    "vless": {
      "count": 178,
      "avg_lat": 110.73033707865169,
      "avg_score": 99.26179775280897
    },
    "ss": {
      "count": 0,
      "avg_lat": 0.0,
      "avg_score": 0.0
    },
    "trojan": {
      "count": 68,
      "avg_lat": 181.3235294117647,
      "avg_score": 98.79117647058824
    }
  }
}