{
  "scan_timestamp": "2026-02-04T05:20:20.641714+00:00",
  "duration_seconds": 976.49,
  "performance_metrics": {
    "total_processed": 450,
    "valid_configs": 269,
    "duplicates": 0,
    "failed_tests": 181,
    "success_rate": 59.78,
    "avg_latency_ms": 127.92,
    "avg_score": 99.15
  },
  "protocol_summary": {
    "vmess": {
      "count": 47,
      "avg_lat": 100.7872340425532,
      "avg_score": 99.32808510638299
    },
    "vless": {
      "count": 172,
      "avg_lat": 123.50581395348837,
      "avg_score": 99.17662790697675
    },
    "ss": {
      "count": 1,
      "avg_lat": 218.0,
      "avg_score": 98.54666666666667
    },
    "trojan": {
      "count": 49,
      "avg_lat": 167.59183673469389,
      "avg_score": 98.88272108843537
    }
  }
}