{
  "scan_timestamp": "2025-12-09T16:28:31.910341+00:00",
  "duration_seconds": 868.22,
  "performance_metrics": {
    "total_processed": 477,
    "valid_configs": 220,
    "duplicates": 0,
    "failed_tests": 257,
    "success_rate": 46.12,
    "avg_latency_ms": 147.15,
    "avg_score": 99.02
  },
  "protocol_summary": {
    "vmess": {
      "count": 45,
      "avg_lat": 302.15555555555557,
      "avg_score": 97.98562962962963
    },
    "vless": {
      "count": 134,
      "avg_lat": 94.80597014925372,
      "avg_score": 99.36796019900498
    },
    "ss": {
      "count": 0,
      "avg_lat": 0.0,
      "avg_score": 0.0
    },
    "trojan": {
      "count": 41,
      "avg_lat": 148.1219512195122,
      "avg_score": 99.01252032520325
    }
  }
}