{
  "scan_timestamp": "2026-01-04T05:35:31.876798+00:00",
  "duration_seconds": 1060.87,
  "performance_metrics": {
    "total_processed": 477,
    "valid_configs": 312,
    "duplicates": 0,
    "failed_tests": 165,
    "success_rate": 65.41,
    "avg_latency_ms": 105.27,
    "avg_score": 99.3
  },
  "protocol_summary": {
    "vmess": {
      "count": 44,
      "avg_lat": 134.9318181818182,
      "avg_score": 99.10045454545455
    },
    "vless": {
      "count": 236,
      "avg_lat": 94.30084745762711,
      "avg_score": 99.37132768361583
    },
    "ss": {
      "count": 0,
      "avg_lat": 0.0,
      "avg_score": 0.0
    },
    "trojan": {
      "count": 32,
      "avg_lat": 145.34375,
      "avg_score": 99.03104166666667
    }
  }
}