{
  "scan_timestamp": "2026-02-06T21:37:55.455571+00:00",
  "duration_seconds": 1062.84,
  "performance_metrics": {
    "total_processed": 482,
    "valid_configs": 297,
    "duplicates": 0,
    "failed_tests": 185,
    "success_rate": 61.62,
    "avg_latency_ms": 120.63,
    "avg_score": 99.2
  },
  "protocol_summary": {
    "vmess": {
      "count": 57,
      "avg_lat": 105.54385964912281,
      "avg_score": 99.29637426900585
    },
    "vless": {
      "count": 168,
      "avg_lat": 101.66071428571429,
      "avg_score": 99.3222619047619
    },
    "ss": {
      "count": 0,
      "avg_lat": 0.0,
      "avg_score": 0.0
    },
    "trojan": {
      "count": 72,
      "avg_lat": 176.83333333333334,
      "avg_score": 98.82111111111111
    }
  }
}