{
  "scan_timestamp": "2026-02-28T05:42:50.790455+00:00",
  "duration_seconds": 1105.59,
  "performance_metrics": {
    "total_processed": 473,
    "valid_configs": 335,
    "duplicates": 0,
    "failed_tests": 138,
    "success_rate": 70.82,
    "avg_latency_ms": 84.69,
    "avg_score": 99.44
  },
  "protocol_summary": {
    "vmess": {
      "count": 62,
      "avg_lat": 73.48387096774194,
      "avg_score": 99.51010752688173
    },
    "vless": {
      "count": 238,
      "avg_lat": 91.98319327731092,
      "avg_score": 99.3867787114846
    },
    "ss": {
      "count": 0,
      "avg_lat": 0.0,
      "avg_score": 0.0
    },
    "trojan": {
      "count": 35,
      "avg_lat": 54.94285714285714,
      "avg_score": 99.63371428571429
    }
  }
}