{
  "scan_timestamp": "2026-01-13T19:28:56.292001+00:00",
  "duration_seconds": 988.74,
  "performance_metrics": {
    "total_processed": 441,
    "valid_configs": 283,
    "duplicates": 0,
    "failed_tests": 158,
    "success_rate": 64.17,
    "avg_latency_ms": 109.08,
    "avg_score": 99.27
  },
  "protocol_summary": {
    "vmess": {
      "count": 64,
      "avg_lat": 105.890625,
      "avg_score": 99.2940625
    },
    "vless": {
      "count": 175,
      "avg_lat": 94.39428571428572,
      "avg_score": 99.37070476190476
    },
    "ss": {
      "count": 0,
      "avg_lat": 0.0,
      "avg_score": 0.0
    },
    "trojan": {
      "count": 44,
      "avg_lat": 172.11363636363637,
      "avg_score": 98.85257575757576
    }
  }
}