{
  "scan_timestamp": "2026-03-02T01:21:24.721539+00:00",
  "duration_seconds": 1096.28,
  "performance_metrics": {
    "total_processed": 473,
    "valid_configs": 328,
    "duplicates": 0,
    "failed_tests": 145,
    "success_rate": 69.34,
    "avg_latency_ms": 63.55,
    "avg_score": 99.58
  },
  "protocol_summary": {
    "vmess": {
      "count": 59,
      "avg_lat": 43.83050847457627,
      "avg_score": 99.7077966101695
    },
    "vless": {
      "count": 234,
      "avg_lat": 72.33760683760684,
      "avg_score": 99.51774928774928
    },
    "ss": {
      "count": 0,
      "avg_lat": 0.0,
      "avg_score": 0.0
    },
    "trojan": {
      "count": 35,
      "avg_lat": 38.0,
      "avg_score": 99.74666666666667
    }
  }
}