{
  "scan_timestamp": "2026-07-02T19:30:22.429292+00:00",
  "duration_seconds": 427.03,
  "performance_metrics": {
    "total_processed": 457,
    "valid_configs": 131,
    "duplicates": 0,
    "failed_tests": 326,
    "success_rate": 28.67,
    "avg_latency_ms": 164.62,
    "avg_score": 98.9
  },
  "protocol_summary": {
    "vmess": {
      "count": 2,
      "avg_lat": 70.0,
      "avg_score": 99.53333333333333
    },
    "vless": {
      "count": 4,
      "avg_lat": 313.0,
      "avg_score": 97.91333333333333
    },
    "ss": {
      "count": 116,
      "avg_lat": 173.52586206896552,
      "avg_score": 98.84316091954024
    },
    "trojan": {
      "count": 9,
      "avg_lat": 4.888888888888889,
      "avg_score": 99.9674074074074
    }
  }
}