{
  "scan_timestamp": "2026-01-09T20:31:00.141624+00:00",
  "duration_seconds": 1096.35,
  "performance_metrics": {
    "total_processed": 473,
    "valid_configs": 343,
    "duplicates": 0,
    "failed_tests": 130,
    "success_rate": 72.52,
    "avg_latency_ms": 104.84,
    "avg_score": 99.3
  },
  "protocol_summary": {
    "vmess": {
      "count": 52,
      "avg_lat": 127.96153846153847,
      "avg_score": 99.14692307692309
    },
    "vless": {
      "count": 237,
      "avg_lat": 96.36708860759494,
      "avg_score": 99.35755274261604
    },
    "ss": {
      "count": 0,
      "avg_lat": 0.0,
      "avg_score": 0.0
    },
    "trojan": {
      "count": 54,
      "avg_lat": 119.77777777777777,
      "avg_score": 99.20148148148148
    }
  }
}