{
  "scan_timestamp": "2026-04-18T10:46:13.681438+00:00",
  "duration_seconds": 977.53,
  "performance_metrics": {
    "total_processed": 487,
    "valid_configs": 272,
    "duplicates": 0,
    "failed_tests": 215,
    "success_rate": 55.85,
    "avg_latency_ms": 80.92,
    "avg_score": 99.46
  },
  "protocol_summary": {
    "vmess": {
      "count": 2,
      "avg_lat": 146.5,
      "avg_score": 99.02333333333334
    },
    "vless": {
      "count": 263,
      "avg_lat": 81.65019011406844,
      "avg_score": 99.45566539923955
    },
    "ss": {
      "count": 0,
      "avg_lat": 0.0,
      "avg_score": 0.0
    },
    "trojan": {
      "count": 7,
      "avg_lat": 34.857142857142854,
      "avg_score": 99.76761904761905
    }
  }
}