{
  "scan_timestamp": "2026-02-21T15:33:59.230051+00:00",
  "duration_seconds": 1185.5,
  "performance_metrics": {
    "total_processed": 474,
    "valid_configs": 367,
    "duplicates": 0,
    "failed_tests": 107,
    "success_rate": 77.43,
    "avg_latency_ms": 93.35,
    "avg_score": 99.38
  },
  "protocol_summary": {
    "vmess": {
      "count": 64,
      "avg_lat": 73.71875,
      "avg_score": 99.50854166666666
    },
    "vless": {
      "count": 268,
      "avg_lat": 101.26865671641791,
      "avg_score": 99.32487562189054
    },
    "trojan": {
      "count": 35,
      "avg_lat": 68.65714285714286,
      "avg_score": 99.54228571428571
    }
  }
}