{
  "scan_timestamp": "2026-01-31T07:36:01.141101+00:00",
  "duration_seconds": 928.62,
  "performance_metrics": {
    "total_processed": 459,
    "valid_configs": 250,
    "duplicates": 0,
    "failed_tests": 209,
    "success_rate": 54.47,
    "avg_latency_ms": 98.6,
    "avg_score": 99.34
  },
  "protocol_summary": {
    "vmess": {
      "count": 113,
      "avg_lat": 67.3716814159292,
      "avg_score": 99.55085545722713
    },
    "vless": {
      "count": 75,
      "avg_lat": 70.33333333333333,
      "avg_score": 99.5311111111111
    },
    "ss": {
      "count": 0,
      "avg_lat": 0.0,
      "avg_score": 0.0
    },
    "trojan": {
      "count": 62,
      "avg_lat": 189.69354838709677,
      "avg_score": 98.73537634408602
    }
  }
}