{
  "scan_timestamp": "2026-04-09T18:07:41.710930+00:00",
  "duration_seconds": 982.61,
  "performance_metrics": {
    "total_processed": 486,
    "valid_configs": 220,
    "duplicates": 0,
    "failed_tests": 266,
    "success_rate": 45.27,
    "avg_latency_ms": 128.47,
    "avg_score": 99.14
  },
  "protocol_summary": {
    "vmess": {
      "count": 2,
      "avg_lat": 145.5,
      "avg_score": 99.03
    },
    "vless": {
      "count": 209,
      "avg_lat": 125.98086124401914,
      "avg_score": 99.16012759170654
    },
    "ss": {
      "count": 3,
      "avg_lat": 437.3333333333333,
      "avg_score": 97.08444444444444
    },
    "trojan": {
      "count": 6,
      "avg_lat": 55.0,
      "avg_score": 99.63333333333333
    }
  }
}