{
  "scan_timestamp": "2026-02-14T15:32:15.936125+00:00",
  "duration_seconds": 1056.09,
  "performance_metrics": {
    "total_processed": 463,
    "valid_configs": 309,
    "duplicates": 0,
    "failed_tests": 154,
    "success_rate": 66.74,
    "avg_latency_ms": 118.94,
    "avg_score": 99.21
  },
  "protocol_summary": {
    "vmess": {
      "count": 59,
      "avg_lat": 150.33898305084745,
      "avg_score": 98.99774011299435
    },
    "vless": {
      "count": 201,
      "avg_lat": 114.18407960199005,
      "avg_score": 99.23877280265339
    },
    "ss": {
      "count": 0,
      "avg_lat": 0.0,
      "avg_score": 0.0
    },
    "trojan": {
      "count": 49,
      "avg_lat": 100.63265306122449,
      "avg_score": 99.32911564625851
    }
  }
}