{
  "scan_timestamp": "2026-01-10T21:26:36.984865+00:00",
  "duration_seconds": 1060.22,
  "performance_metrics": {
    "total_processed": 477,
    "valid_configs": 317,
    "duplicates": 0,
    "failed_tests": 160,
    "success_rate": 66.46,
    "avg_latency_ms": 115.94,
    "avg_score": 99.23
  },
  "protocol_summary": {
    "vmess": {
      "count": 41,
      "avg_lat": 109.60975609756098,
      "avg_score": 99.26926829268292
    },
    "vless": {
      "count": 221,
      "avg_lat": 121.29411764705883,
      "avg_score": 99.19137254901962
    },
    "ss": {
      "count": 0,
      "avg_lat": 0.0,
      "avg_score": 0.0
    },
    "trojan": {
      "count": 55,
      "avg_lat": 99.14545454545454,
      "avg_score": 99.3390303030303
    }
  }
}