{
  "scan_timestamp": "2025-12-31T09:31:00.388640+00:00",
  "duration_seconds": 967.15,
  "performance_metrics": {
    "total_processed": 441,
    "valid_configs": 280,
    "duplicates": 0,
    "failed_tests": 161,
    "success_rate": 63.49,
    "avg_latency_ms": 116.5,
    "avg_score": 99.22
  },
  "protocol_summary": {
    "vmess": {
      "count": 56,
      "avg_lat": 93.17857142857143,
      "avg_score": 99.37880952380952
    },
    "vless": {
      "count": 154,
      "avg_lat": 116.16233766233766,
      "avg_score": 99.22558441558441
    },
    "ss": {
      "count": 0,
      "avg_lat": 0.0,
      "avg_score": 0.0
    },
    "trojan": {
      "count": 70,
      "avg_lat": 135.88571428571427,
      "avg_score": 99.09409523809525
    }
  }
}