{
  "scan_timestamp": "2026-03-14T16:21:23.026932+00:00",
  "duration_seconds": 275.18,
  "performance_metrics": {
    "total_processed": 360,
    "valid_configs": 60,
    "duplicates": 0,
    "failed_tests": 300,
    "success_rate": 16.67,
    "avg_latency_ms": 127.88,
    "avg_score": 99.15
  },
  "protocol_summary": {
    "vmess": {
      "count": 2,
      "avg_lat": 17.5,
      "avg_score": 99.88333333333333
    },
    "vless": {
      "count": 28,
      "avg_lat": 46.57142857142857,
      "avg_score": 99.68952380952382
    },
    "ss": {
      "count": 29,
      "avg_lat": 218.3448275862069,
      "avg_score": 98.54436781609196
    },
    "trojan": {
      "count": 1,
      "avg_lat": 2.0,
      "avg_score": 99.98666666666666
    }
  }
}