{
  "scan_timestamp": "2026-04-09T06:29:41.288163+00:00",
  "duration_seconds": 979.56,
  "performance_metrics": {
    "total_processed": 488,
    "valid_configs": 215,
    "duplicates": 0,
    "failed_tests": 273,
    "success_rate": 44.06,
    "avg_latency_ms": 125.86,
    "avg_score": 99.16
  },
  "protocol_summary": {
    "vmess": {
      "count": 2,
      "avg_lat": 150.0,
      "avg_score": 99.0
    },
    "vless": {
      "count": 209,
      "avg_lat": 125.69377990430623,
      "avg_score": 99.16204146730462
    },
    "ss": {
      "count": 3,
      "avg_lat": 159.33333333333334,
      "avg_score": 98.93777777777778
    },
    "trojan": {
      "count": 1,
      "avg_lat": 11.0,
      "avg_score": 99.92666666666666
    }
  }
}