{
  "scan_timestamp": "2026-02-16T09:58:21.232226+00:00",
  "duration_seconds": 1107.47,
  "performance_metrics": {
    "total_processed": 459,
    "valid_configs": 332,
    "duplicates": 0,
    "failed_tests": 127,
    "success_rate": 72.33,
    "avg_latency_ms": 106.71,
    "avg_score": 99.29
  },
  "protocol_summary": {
    "vmess": {
      "count": 70,
      "avg_lat": 130.9857142857143,
      "avg_score": 99.1267619047619
    },
    "vless": {
      "count": 215,
      "avg_lat": 94.0093023255814,
      "avg_score": 99.37327131782946
    },
    "ss": {
      "count": 0,
      "avg_lat": 0.0,
      "avg_score": 0.0
    },
    "trojan": {
      "count": 47,
      "avg_lat": 128.68085106382978,
      "avg_score": 99.14212765957447
    }
  }
}