{
  "scan_timestamp": "2026-07-16T05:46:17.803730+00:00",
  "duration_seconds": 397.31,
  "performance_metrics": {
    "total_processed": 401,
    "valid_configs": 118,
    "duplicates": 0,
    "failed_tests": 283,
    "success_rate": 29.43,
    "avg_latency_ms": 156.15,
    "avg_score": 98.96
  },
  "protocol_summary": {
    "vmess": {
      "count": 1,
      "avg_lat": 76.0,
      "avg_score": 99.49333333333334
    },
    "vless": {
      "count": 1,
      "avg_lat": 1.0,
      "avg_score": 99.99333333333334
    },
    "ss": {
      "count": 111,
      "avg_lat": 154.14414414414415,
      "avg_score": 98.97237237237238
    },
    "trojan": {
      "count": 5,
      "avg_lat": 247.8,
      "avg_score": 98.348
    }
  }
}