{
  "scan_timestamp": "2026-01-05T19:32:07.151977+00:00",
  "duration_seconds": 1148.11,
  "performance_metrics": {
    "total_processed": 479,
    "valid_configs": 346,
    "duplicates": 0,
    "failed_tests": 133,
    "success_rate": 72.23,
    "avg_latency_ms": 145.43,
    "avg_score": 99.03
  },
  "protocol_summary": {
    "vmess": {
      "count": 31,
      "avg_lat": 120.93548387096774,
      "avg_score": 99.19376344086021
    },
    "vless": {
      "count": 230,
      "avg_lat": 158.7478260869565,
      "avg_score": 98.94168115942028
    },
    "ss": {
      "count": 0,
      "avg_lat": 0.0,
      "avg_score": 0.0
    },
    "trojan": {
      "count": 85,
      "avg_lat": 118.31764705882352,
      "avg_score": 99.2112156862745
    }
  }
}