{
  "scan_timestamp": "2025-12-30T04:13:16.341297+00:00",
  "duration_seconds": 1032.73,
  "performance_metrics": {
    "total_processed": 477,
    "valid_configs": 296,
    "duplicates": 0,
    "failed_tests": 181,
    "success_rate": 62.05,
    "avg_latency_ms": 120.64,
    "avg_score": 99.2
  },
  "protocol_summary": {
    "vmess": {
      "count": 44,
      "avg_lat": 112.93181818181819,
      "avg_score": 99.2471212121212
    },
    "vless": {
      "count": 216,
      "avg_lat": 108.90277777777777,
      "avg_score": 99.27398148148148
    },
    "ss": {
      "count": 0,
      "avg_lat": 0.0,
      "avg_score": 0.0
    },
    "trojan": {
      "count": 36,
      "avg_lat": 200.47222222222223,
      "avg_score": 98.66351851851852
    }
  }
}