{
  "scan_timestamp": "2025-12-25T06:32:15.922486+00:00",
  "duration_seconds": 911.35,
  "performance_metrics": {
    "total_processed": 427,
    "valid_configs": 247,
    "duplicates": 0,
    "failed_tests": 180,
    "success_rate": 57.85,
    "avg_latency_ms": 120.31,
    "avg_score": 99.2
  },
  "protocol_summary": {
    "vmess": {
      "count": 47,
      "avg_lat": 133.74468085106383,
      "avg_score": 99.10836879432624
    },
    "vless": {
      "count": 167,
      "avg_lat": 111.54491017964072,
      "avg_score": 99.25636726546905
    },
    "ss": {
      "count": 0,
      "avg_lat": 0.0,
      "avg_score": 0.0
    },
    "trojan": {
      "count": 33,
      "avg_lat": 145.5151515151515,
      "avg_score": 99.029898989899
    }
  }
}