{
  "scan_timestamp": "2026-04-19T14:07:37.167992+00:00",
  "duration_seconds": 936.15,
  "performance_metrics": {
    "total_processed": 487,
    "valid_configs": 237,
    "duplicates": 0,
    "failed_tests": 250,
    "success_rate": 48.67,
    "avg_latency_ms": 81.03,
    "avg_score": 99.46
  },
  "protocol_summary": {
    "vmess": {
      "count": 2,
      "avg_lat": 112.5,
      "avg_score": 99.25
    },
    "vless": {
      "count": 227,
      "avg_lat": 81.431718061674,
      "avg_score": 99.45712187958884
    },
    "ss": {
      "count": 1,
      "avg_lat": 185.0,
      "avg_score": 98.76666666666667
    },
    "trojan": {
      "count": 7,
      "avg_lat": 44.142857142857146,
      "avg_score": 99.70571428571428
    }
  }
}