{
  "scan_timestamp": "2026-02-04T16:45:19.333597+00:00",
  "duration_seconds": 787.5,
  "performance_metrics": {
    "total_processed": 435,
    "valid_configs": 188,
    "duplicates": 0,
    "failed_tests": 247,
    "success_rate": 43.22,
    "avg_latency_ms": 161.24,
    "avg_score": 98.93
  },
  "protocol_summary": {
    "vmess": {
      "count": 76,
      "avg_lat": 102.76315789473684,
      "avg_score": 99.31491228070176
    },
    "vless": {
      "count": 52,
      "avg_lat": 134.23076923076923,
      "avg_score": 99.1051282051282
    },
    "ss": {
      "count": 2,
      "avg_lat": 160.0,
      "avg_score": 98.93333333333334
    },
    "trojan": {
      "count": 58,
      "avg_lat": 262.12068965517244,
      "avg_score": 98.25252873563218
    }
  }
}