{
  "scan_timestamp": "2026-01-09T10:30:28.999436+00:00",
  "duration_seconds": 1089.39,
  "performance_metrics": {
    "total_processed": 473,
    "valid_configs": 334,
    "duplicates": 0,
    "failed_tests": 139,
    "success_rate": 70.61,
    "avg_latency_ms": 105.68,
    "avg_score": 99.3
  },
  "protocol_summary": {
    "vmess": {
      "count": 52,
      "avg_lat": 114.57692307692308,
      "avg_score": 99.23615384615384
    },
    "vless": {
      "count": 227,
      "avg_lat": 101.09691629955947,
      "avg_score": 99.32602055800294
    },
    "ss": {
      "count": 0,
      "avg_lat": 0.0,
      "avg_score": 0.0
    },
    "trojan": {
      "count": 55,
      "avg_lat": 116.16363636363636,
      "avg_score": 99.22557575757575
    }
  }
}