{
  "scan_timestamp": "2026-03-18T11:40:09.508877+00:00",
  "duration_seconds": 234.74,
  "performance_metrics": {
    "total_processed": 395,
    "valid_configs": 43,
    "duplicates": 0,
    "failed_tests": 352,
    "success_rate": 10.89,
    "avg_latency_ms": 69.23,
    "avg_score": 99.54
  },
  "protocol_summary": {
    "vmess": {
      "count": 1,
      "avg_lat": 36.0,
      "avg_score": 99.76
    },
    "vless": {
      "count": 27,
      "avg_lat": 84.18518518518519,
      "avg_score": 99.43876543209875
    },
    "ss": {
      "count": 3,
      "avg_lat": 114.0,
      "avg_score": 99.24000000000001
    },
    "trojan": {
      "count": 12,
      "avg_lat": 27.166666666666668,
      "avg_score": 99.81888888888888
    }
  }
}