{
  "scan_timestamp": "2026-02-19T07:04:48.377045+00:00",
  "duration_seconds": 1180.94,
  "performance_metrics": {
    "total_processed": 472,
    "valid_configs": 379,
    "duplicates": 0,
    "failed_tests": 93,
    "success_rate": 80.3,
    "avg_latency_ms": 92.15,
    "avg_score": 99.39
  },
  "protocol_summary": {
    "vmess": {
      "count": 66,
      "avg_lat": 109.60606060606061,
      "avg_score": 99.26929292929293
    },
    "vless": {
      "count": 281,
      "avg_lat": 94.20284697508897,
      "avg_score": 99.37198102016607
    },
    "ss": {
      "count": 0,
      "avg_lat": 0.0,
      "avg_score": 0.0
    },
    "trojan": {
      "count": 32,
      "avg_lat": 38.15625,
      "avg_score": 99.745625
    }
  }
}