{
  "scan_timestamp": "2025-12-09T15:28:11.051115+00:00",
  "duration_seconds": 926.67,
  "performance_metrics": {
    "total_processed": 477,
    "valid_configs": 239,
    "duplicates": 0,
    "failed_tests": 238,
    "success_rate": 50.1,
    "avg_latency_ms": 158.1,
    "avg_score": 98.95
  },
  "protocol_summary": {
    "vmess": {
      "count": 59,
      "avg_lat": 226.5593220338983,
      "avg_score": 98.489604519774
    },
    "vless": {
      "count": 139,
      "avg_lat": 132.44604316546761,
      "avg_score": 99.11702637889688
    },
    "ss": {
      "count": 0,
      "avg_lat": 0.0,
      "avg_score": 0.0
    },
    "trojan": {
      "count": 41,
      "avg_lat": 146.53658536585365,
      "avg_score": 99.02308943089432
    }
  }
}