{
  "scan_timestamp": "2026-02-12T08:49:19.180107+00:00",
  "duration_seconds": 1007.15,
  "performance_metrics": {
    "total_processed": 477,
    "valid_configs": 295,
    "duplicates": 0,
    "failed_tests": 182,
    "success_rate": 61.84,
    "avg_latency_ms": 147.34,
    "avg_score": 99.02
  },
  "protocol_summary": {
    "vmess": {
      "count": 51,
      "avg_lat": 142.5686274509804,
      "avg_score": 99.04954248366013
    },
    "vless": {
      "count": 196,
      "avg_lat": 120.68877551020408,
      "avg_score": 99.1954081632653
    },
    "ss": {
      "count": 0,
      "avg_lat": 0.0,
      "avg_score": 0.0
    },
    "trojan": {
      "count": 48,
      "avg_lat": 261.2291666666667,
      "avg_score": 98.25847222222222
    }
  }
}