{
  "scan_timestamp": "2026-02-23T06:17:37.858205+00:00",
  "duration_seconds": 1165.84,
  "performance_metrics": {
    "total_processed": 474,
    "valid_configs": 365,
    "duplicates": 0,
    "failed_tests": 109,
    "success_rate": 77.0,
    "avg_latency_ms": 78.82,
    "avg_score": 99.47
  },
  "protocol_summary": {
    "vmess": {
      "count": 64,
      "avg_lat": 62.1875,
      "avg_score": 99.58541666666666
    },
    "vless": {
      "count": 266,
      "avg_lat": 86.8796992481203,
      "avg_score": 99.42080200501253
    },
    "trojan": {
      "count": 35,
      "avg_lat": 48.0,
      "avg_score": 99.68
    }
  }
}