{
  "scan_timestamp": "2026-03-26T21:31:39.694128+00:00",
  "duration_seconds": 633.12,
  "performance_metrics": {
    "total_processed": 462,
    "valid_configs": 123,
    "duplicates": 0,
    "failed_tests": 339,
    "success_rate": 26.62,
    "avg_latency_ms": 95.59,
    "avg_score": 99.36
  },
  "protocol_summary": {
    "vmess": {
      "count": 2,
      "avg_lat": 69.0,
      "avg_score": 99.53999999999999
    },
    "vless": {
      "count": 108,
      "avg_lat": 93.61111111111111,
      "avg_score": 99.37592592592593
    },
    "ss": {
      "count": 7,
      "avg_lat": 213.85714285714286,
      "avg_score": 98.57428571428571
    },
    "trojan": {
      "count": 6,
      "avg_lat": 2.1666666666666665,
      "avg_score": 99.98555555555555
    }
  }
}