{
  "scan_timestamp": "2026-02-16T15:48:31.942001+00:00",
  "duration_seconds": 1052.87,
  "performance_metrics": {
    "total_processed": 460,
    "valid_configs": 303,
    "duplicates": 0,
    "failed_tests": 157,
    "success_rate": 65.87,
    "avg_latency_ms": 121.1,
    "avg_score": 99.19
  },
  "protocol_summary": {
    "vmess": {
      "count": 72,
      "avg_lat": 197.33333333333334,
      "avg_score": 98.68444444444444
    },
    "vless": {
      "count": 200,
      "avg_lat": 95.25,
      "avg_score": 99.365
    },
    "ss": {
      "count": 0,
      "avg_lat": 0.0,
      "avg_score": 0.0
    },
    "trojan": {
      "count": 31,
      "avg_lat": 110.7741935483871,
      "avg_score": 99.26150537634409
    }
  }
}