{
  "scan_timestamp": "2025-12-17T12:36:08.818971+00:00",
  "duration_seconds": 945.39,
  "performance_metrics": {
    "total_processed": 476,
    "valid_configs": 269,
    "duplicates": 0,
    "failed_tests": 207,
    "success_rate": 56.51,
    "avg_latency_ms": 94.65,
    "avg_score": 99.37
  },
  "protocol_summary": {
    "vmess": {
      "count": 39,
      "avg_lat": 155.66666666666666,
      "avg_score": 98.96222222222222
    },
    "vless": {
      "count": 182,
      "avg_lat": 84.97252747252747,
      "avg_score": 99.43351648351648
    },
    "ss": {
      "count": 0,
      "avg_lat": 0.0,
      "avg_score": 0.0
    },
    "trojan": {
      "count": 48,
      "avg_lat": 81.77083333333333,
      "avg_score": 99.4548611111111
    }
  }
}