{
  "scan_timestamp": "2026-02-01T08:35:52.019043+00:00",
  "duration_seconds": 1013.76,
  "performance_metrics": {
    "total_processed": 463,
    "valid_configs": 279,
    "duplicates": 0,
    "failed_tests": 184,
    "success_rate": 60.26,
    "avg_latency_ms": 124.95,
    "avg_score": 99.17
  },
  "protocol_summary": {
    "vmess": {
      "count": 54,
      "avg_lat": 113.0,
      "avg_score": 99.24666666666666
    },
    "vless": {
      "count": 174,
      "avg_lat": 118.51724137931035,
      "avg_score": 99.20988505747127
    },
    "ss": {
      "count": 0,
      "avg_lat": 0.0,
      "avg_score": 0.0
    },
    "trojan": {
      "count": 51,
      "avg_lat": 159.54901960784315,
      "avg_score": 98.93633986928104
    }
  }
}