{
  "scan_timestamp": "2026-01-11T14:22:38.987965+00:00",
  "duration_seconds": 788.88,
  "performance_metrics": {
    "total_processed": 425,
    "valid_configs": 221,
    "duplicates": 0,
    "failed_tests": 204,
    "success_rate": 52.0,
    "avg_latency_ms": 109.62,
    "avg_score": 99.27
  },
  "protocol_summary": {
    "vmess": {
      "count": 34,
      "avg_lat": 147.02941176470588,
      "avg_score": 99.01980392156862
    },
    "vless": {
      "count": 146,
      "avg_lat": 84.94520547945206,
      "avg_score": 99.43369863013699
    },
    "ss": {
      "count": 0,
      "avg_lat": 0.0,
      "avg_score": 0.0
    },
    "trojan": {
      "count": 41,
      "avg_lat": 166.4878048780488,
      "avg_score": 98.89008130081301
    }
  }
}