{
  "scan_timestamp": "2026-01-20T17:34:00.760227+00:00",
  "duration_seconds": 855.25,
  "performance_metrics": {
    "total_processed": 471,
    "valid_configs": 235,
    "duplicates": 0,
    "failed_tests": 236,
    "success_rate": 49.89,
    "avg_latency_ms": 103.11,
    "avg_score": 99.31
  },
  "protocol_summary": {
    "vmess": {
      "count": 63,
      "avg_lat": 102.52380952380952,
      "avg_score": 99.31650793650793
    },
    "vless": {
      "count": 123,
      "avg_lat": 70.3739837398374,
      "avg_score": 99.53084010840108
    },
    "ss": {
      "count": 0,
      "avg_lat": 0.0,
      "avg_score": 0.0
    },
    "trojan": {
      "count": 49,
      "avg_lat": 186.0408163265306,
      "avg_score": 98.75972789115646
    }
  }
}