{
  "scan_timestamp": "2026-03-29T01:30:51.193352+00:00",
  "duration_seconds": 975.09,
  "performance_metrics": {
    "total_processed": 475,
    "valid_configs": 209,
    "duplicates": 0,
    "failed_tests": 266,
    "success_rate": 44.0,
    "avg_latency_ms": 106.89,
    "avg_score": 99.29
  },
  "protocol_summary": {
    "vmess": {
      "count": 18,
      "avg_lat": 149.38888888888889,
      "avg_score": 99.00407407407407
    },
    "vless": {
      "count": 181,
      "avg_lat": 98.29834254143647,
      "avg_score": 99.34467771639042
    },
    "ss": {
      "count": 7,
      "avg_lat": 206.14285714285714,
      "avg_score": 98.62571428571428
    },
    "trojan": {
      "count": 3,
      "avg_lat": 138.33333333333334,
      "avg_score": 99.07777777777778
    }
  }
}