{
  "scan_timestamp": "2026-02-13T18:47:18.463452+00:00",
  "duration_seconds": 1037.26,
  "performance_metrics": {
    "total_processed": 466,
    "valid_configs": 318,
    "duplicates": 0,
    "failed_tests": 148,
    "success_rate": 68.24,
    "avg_latency_ms": 163.4,
    "avg_score": 98.91
  },
  "protocol_summary": {
    "vmess": {
      "count": 97,
      "avg_lat": 129.659793814433,
      "avg_score": 99.13560137457046
    },
    "vless": {
      "count": 182,
      "avg_lat": 182.3021978021978,
      "avg_score": 98.78465201465202
    },
    "ss": {
      "count": 0,
      "avg_lat": 0.0,
      "avg_score": 0.0
    },
    "trojan": {
      "count": 39,
      "avg_lat": 159.10256410256412,
      "avg_score": 98.93931623931624
    }
  }
}