{
  "scan_timestamp": "2026-01-13T01:02:44.527580+00:00",
  "duration_seconds": 954.58,
  "performance_metrics": {
    "total_processed": 471,
    "valid_configs": 288,
    "duplicates": 0,
    "failed_tests": 183,
    "success_rate": 61.15,
    "avg_latency_ms": 120.29,
    "avg_score": 99.2
  },
  "protocol_summary": {
    "vmess": {
      "count": 74,
      "avg_lat": 110.5,
      "avg_score": 99.26333333333334
    },
    "vless": {
      "count": 150,
      "avg_lat": 110.29333333333334,
      "avg_score": 99.26471111111111
    },
    "ss": {
      "count": 0,
      "avg_lat": 0.0,
      "avg_score": 0.0
    },
    "trojan": {
      "count": 64,
      "avg_lat": 155.046875,
      "avg_score": 98.96635416666666
    }
  }
}