{
  "scan_timestamp": "2026-01-03T12:35:42.203917+00:00",
  "duration_seconds": 1040.5,
  "performance_metrics": {
    "total_processed": 470,
    "valid_configs": 297,
    "duplicates": 0,
    "failed_tests": 173,
    "success_rate": 63.19,
    "avg_latency_ms": 141.24,
    "avg_score": 99.06
  },
  "protocol_summary": {
    "vmess": {
      "count": 59,
      "avg_lat": 163.79661016949152,
      "avg_score": 98.90802259887006
    },
    "vless": {
      "count": 189,
      "avg_lat": 139.4814814814815,
      "avg_score": 99.07012345679013
    },
    "ss": {
      "count": 0,
      "avg_lat": 0.0,
      "avg_score": 0.0
    },
    "trojan": {
      "count": 49,
      "avg_lat": 120.85714285714286,
      "avg_score": 99.19428571428573
    }
  }
}