{
  "scan_timestamp": "2025-12-27T14:25:30.085691+00:00",
  "duration_seconds": 981.72,
  "performance_metrics": {
    "total_processed": 470,
    "valid_configs": 276,
    "duplicates": 0,
    "failed_tests": 194,
    "success_rate": 58.72,
    "avg_latency_ms": 105.53,
    "avg_score": 99.3
  },
  "protocol_summary": {
    "vmess": {
      "count": 41,
      "avg_lat": 81.95121951219512,
      "avg_score": 99.45365853658537
    },
    "vless": {
      "count": 166,
      "avg_lat": 72.76506024096386,
      "avg_score": 99.51489959839357
    },
    "ss": {
      "count": 0,
      "avg_lat": 0.0,
      "avg_score": 0.0
    },
    "trojan": {
      "count": 69,
      "avg_lat": 198.36231884057972,
      "avg_score": 98.6775845410628
    }
  }
}