{
  "scan_timestamp": "2026-03-19T08:32:56.274203+00:00",
  "duration_seconds": 245.53,
  "performance_metrics": {
    "total_processed": 407,
    "valid_configs": 46,
    "duplicates": 0,
    "failed_tests": 361,
    "success_rate": 11.3,
    "avg_latency_ms": 81.72,
    "avg_score": 99.46
  },
  "protocol_summary": {
    "vmess": {
      "count": 1,
      "avg_lat": 49.0,
      "avg_score": 99.67333333333333
    },
    "vless": {
      "count": 27,
      "avg_lat": 72.03703703703704,
      "avg_score": 99.51975308641975
    },
    "ss": {
      "count": 3,
      "avg_lat": 148.0,
      "avg_score": 99.01333333333334
    },
    "trojan": {
      "count": 15,
      "avg_lat": 88.06666666666666,
      "avg_score": 99.41288888888889
    }
  }
}