{
  "scan_timestamp": "2026-03-11T05:09:13.668817+00:00",
  "duration_seconds": 216.59,
  "performance_metrics": {
    "total_processed": 379,
    "valid_configs": 36,
    "duplicates": 0,
    "failed_tests": 343,
    "success_rate": 9.5,
    "avg_latency_ms": 91.94,
    "avg_score": 99.39
  },
  "protocol_summary": {
    "vmess": {
      "count": 3,
      "avg_lat": 134.33333333333334,
      "avg_score": 99.10444444444444
    },
    "vless": {
      "count": 30,
      "avg_lat": 81.86666666666666,
      "avg_score": 99.45422222222221
    },
    "ss": {
      "count": 2,
      "avg_lat": 221.0,
      "avg_score": 98.52666666666667
    },
    "trojan": {
      "count": 1,
      "avg_lat": 9.0,
      "avg_score": 99.94
    }
  }
}