{
  "scan_timestamp": "2026-02-16T04:29:38.723867+00:00",
  "duration_seconds": 1065.37,
  "performance_metrics": {
    "total_processed": 461,
    "valid_configs": 324,
    "duplicates": 0,
    "failed_tests": 137,
    "success_rate": 70.28,
    "avg_latency_ms": 120.84,
    "avg_score": 99.19
  },
  "protocol_summary": {
    "vmess": {
      "count": 85,
      "avg_lat": 159.49411764705883,
      "avg_score": 98.93670588235295
    },
    "vless": {
      "count": 211,
      "avg_lat": 109.82938388625593,
      "avg_score": 99.26780410742496
    },
    "ss": {
      "count": 0,
      "avg_lat": 0.0,
      "avg_score": 0.0
    },
    "trojan": {
      "count": 28,
      "avg_lat": 86.46428571428571,
      "avg_score": 99.42357142857144
    }
  }
}