{
  "scan_timestamp": "2026-01-03T20:27:49.234836+00:00",
  "duration_seconds": 993.98,
  "performance_metrics": {
    "total_processed": 472,
    "valid_configs": 282,
    "duplicates": 0,
    "failed_tests": 190,
    "success_rate": 59.75,
    "avg_latency_ms": 133.98,
    "avg_score": 99.11
  },
  "protocol_summary": {
    "vmess": {
      "count": 43,
      "avg_lat": 218.3953488372093,
      "avg_score": 98.54403100775194
    },
    "vless": {
      "count": 198,
      "avg_lat": 114.93434343434343,
      "avg_score": 99.23377104377104
    },
    "ss": {
      "count": 0,
      "avg_lat": 0.0,
      "avg_score": 0.0
    },
    "trojan": {
      "count": 41,
      "avg_lat": 137.390243902439,
      "avg_score": 99.0840650406504
    }
  }
}