{
  "scan_timestamp": "2026-01-07T06:37:05.038163+00:00",
  "duration_seconds": 1147.92,
  "performance_metrics": {
    "total_processed": 480,
    "valid_configs": 360,
    "duplicates": 0,
    "failed_tests": 120,
    "success_rate": 75.0,
    "avg_latency_ms": 152.17,
    "avg_score": 98.99
  },
  "protocol_summary": {
    "vmess": {
      "count": 61,
      "avg_lat": 123.14754098360656,
      "avg_score": 99.17901639344262
    },
    "vless": {
      "count": 186,
      "avg_lat": 165.0215053763441,
      "avg_score": 98.89985663082437
    },
    "ss": {
      "count": 0,
      "avg_lat": 0.0,
      "avg_score": 0.0
    },
    "trojan": {
      "count": 113,
      "avg_lat": 146.69026548672565,
      "avg_score": 99.02206489675517
    }
  }
}