{
  "scan_timestamp": "2026-04-20T21:51:13.314560+00:00",
  "duration_seconds": 902.56,
  "performance_metrics": {
    "total_processed": 477,
    "valid_configs": 236,
    "duplicates": 0,
    "failed_tests": 241,
    "success_rate": 49.48,
    "avg_latency_ms": 128.89,
    "avg_score": 99.14
  },
  "protocol_summary": {
    "vmess": {
      "count": 4,
      "avg_lat": 154.25,
      "avg_score": 98.97166666666666
    },
    "vless": {
      "count": 222,
      "avg_lat": 129.74774774774775,
      "avg_score": 99.13501501501503
    },
    "ss": {
      "count": 3,
      "avg_lat": 203.0,
      "avg_score": 98.64666666666666
    },
    "trojan": {
      "count": 7,
      "avg_lat": 55.285714285714285,
      "avg_score": 99.63142857142859
    }
  }
}