{
  "scan_timestamp": "2026-07-03T06:39:41.037893+00:00",
  "duration_seconds": 450.23,
  "performance_metrics": {
    "total_processed": 464,
    "valid_configs": 138,
    "duplicates": 0,
    "failed_tests": 326,
    "success_rate": 29.74,
    "avg_latency_ms": 161.39,
    "avg_score": 98.92
  },
  "protocol_summary": {
    "vmess": {
      "count": 2,
      "avg_lat": 70.0,
      "avg_score": 99.53333333333333
    },
    "vless": {
      "count": 5,
      "avg_lat": 436.8,
      "avg_score": 97.088
    },
    "ss": {
      "count": 122,
      "avg_lat": 163.36885245901638,
      "avg_score": 98.9108743169399
    },
    "trojan": {
      "count": 9,
      "avg_lat": 1.8888888888888888,
      "avg_score": 99.9874074074074
    }
  }
}