{
  "scan_timestamp": "2025-12-23T13:44:09.051768+00:00",
  "duration_seconds": 904.8,
  "performance_metrics": {
    "total_processed": 465,
    "valid_configs": 261,
    "duplicates": 0,
    "failed_tests": 204,
    "success_rate": 56.13,
    "avg_latency_ms": 138.38,
    "avg_score": 99.08
  },
  "protocol_summary": {
    "vmess": {
      "count": 91,
      "avg_lat": 81.17582417582418,
      "avg_score": 99.45882783882784
    },
    "vless": {
      "count": 86,
      "avg_lat": 134.5581395348837,
      "avg_score": 99.1029457364341
    },
    "ss": {
      "count": 0,
      "avg_lat": 0.0,
      "avg_score": 0.0
    },
    "trojan": {
      "count": 84,
      "avg_lat": 204.27380952380952,
      "avg_score": 98.6381746031746
    }
  }
}