{
  "scan_timestamp": "2025-12-27T03:01:01.231095+00:00",
  "duration_seconds": 988.41,
  "performance_metrics": {
    "total_processed": 471,
    "valid_configs": 291,
    "duplicates": 0,
    "failed_tests": 180,
    "success_rate": 61.78,
    "avg_latency_ms": 108.2,
    "avg_score": 99.28
  },
  "protocol_summary": {
    "vmess": {
      "count": 85,
      "avg_lat": 71.21176470588236,
      "avg_score": 99.52525490196079
    },
    "vless": {
      "count": 118,
      "avg_lat": 81.30508474576271,
      "avg_score": 99.45796610169491
    },
    "ss": {
      "count": 0,
      "avg_lat": 0.0,
      "avg_score": 0.0
    },
    "trojan": {
      "count": 88,
      "avg_lat": 180.0,
      "avg_score": 98.8
    }
  }
}