{
  "scan_timestamp": "2025-12-23T04:10:17.323251+00:00",
  "duration_seconds": 925.79,
  "performance_metrics": {
    "total_processed": 470,
    "valid_configs": 267,
    "duplicates": 0,
    "failed_tests": 203,
    "success_rate": 56.81,
    "avg_latency_ms": 134.64,
    "avg_score": 99.1
  },
  "protocol_summary": {
    "vmess": {
      "count": 59,
      "avg_lat": 109.88135593220339,
      "avg_score": 99.26745762711865
    },
    "vless": {
      "count": 118,
      "avg_lat": 64.65254237288136,
      "avg_score": 99.56898305084745
    },
    "ss": {
      "count": 3,
      "avg_lat": 449.6666666666667,
      "avg_score": 97.00222222222222
    },
    "trojan": {
      "count": 87,
      "avg_lat": 235.48275862068965,
      "avg_score": 98.43011494252873
    }
  }
}