{
  "scan_timestamp": "2026-04-08T11:08:07.928610+00:00",
  "duration_seconds": 1013.36,
  "performance_metrics": {
    "total_processed": 491,
    "valid_configs": 214,
    "duplicates": 0,
    "failed_tests": 277,
    "success_rate": 43.58,
    "avg_latency_ms": 93.1,
    "avg_score": 99.38
  },
  "protocol_summary": {
    "vmess": {
      "count": 2,
      "avg_lat": 661.0,
      "avg_score": 95.59333333333333
    },
    "vless": {
      "count": 207,
      "avg_lat": 87.3768115942029,
      "avg_score": 99.4174879227053
    },
    "ss": {
      "count": 2,
      "avg_lat": 122.0,
      "avg_score": 99.18666666666667
    },
    "trojan": {
      "count": 3,
      "avg_lat": 90.33333333333333,
      "avg_score": 99.39777777777778
    }
  }
}