{
  "scan_timestamp": "2026-01-28T09:41:44.583571+00:00",
  "duration_seconds": 1110.99,
  "performance_metrics": {
    "total_processed": 485,
    "valid_configs": 349,
    "duplicates": 0,
    "failed_tests": 136,
    "success_rate": 71.96,
    "avg_latency_ms": 89.46,
    "avg_score": 99.4
  },
  "protocol_summary": {
    "vmess": {
      "count": 100,
      "avg_lat": 61.41,
      "avg_score": 99.5906
    },
    "vless": {
      "count": 192,
      "avg_lat": 88.09375,
      "avg_score": 99.41270833333334
    },
    "ss": {
      "count": 0,
      "avg_lat": 0.0,
      "avg_score": 0.0
    },
    "trojan": {
      "count": 57,
      "avg_lat": 143.24561403508773,
      "avg_score": 99.04502923976608
    }
  }
}