{
  "scan_timestamp": "2026-04-22T20:12:42.604590+00:00",
  "duration_seconds": 812.77,
  "performance_metrics": {
    "total_processed": 482,
    "valid_configs": 203,
    "duplicates": 0,
    "failed_tests": 279,
    "success_rate": 42.12,
    "avg_latency_ms": 168.54,
    "avg_score": 98.88
  },
  "protocol_summary": {
    "vmess": {
      "count": 3,
      "avg_lat": 161.33333333333334,
      "avg_score": 98.92444444444443
    },
    "vless": {
      "count": 192,
      "avg_lat": 171.67708333333334,
      "avg_score": 98.85548611111112
    },
    "ss": {
      "count": 2,
      "avg_lat": 207.0,
      "avg_score": 98.62
    },
    "trojan": {
      "count": 6,
      "avg_lat": 59.0,
      "avg_score": 99.60666666666667
    }
  }
}