{
  "scan_timestamp": "2026-01-07T20:31:23.657064+00:00",
  "duration_seconds": 1142.26,
  "performance_metrics": {
    "total_processed": 480,
    "valid_configs": 350,
    "duplicates": 0,
    "failed_tests": 130,
    "success_rate": 72.92,
    "avg_latency_ms": 203.39,
    "avg_score": 98.64
  },
  "protocol_summary": {
    "vmess": {
      "count": 61,
      "avg_lat": 244.0327868852459,
      "avg_score": 98.37311475409837
    },
    "vless": {
      "count": 177,
      "avg_lat": 216.11864406779662,
      "avg_score": 98.55920903954802
    },
    "ss": {
      "count": 0,
      "avg_lat": 0.0,
      "avg_score": 0.0
    },
    "trojan": {
      "count": 112,
      "avg_lat": 161.125,
      "avg_score": 98.92583333333333
    }
  }
}