{
  "scan_timestamp": "2025-12-29T03:16:30.794805+00:00",
  "duration_seconds": 928.79,
  "performance_metrics": {
    "total_processed": 439,
    "valid_configs": 249,
    "duplicates": 0,
    "failed_tests": 190,
    "success_rate": 56.72,
    "avg_latency_ms": 119.91,
    "avg_score": 99.2
  },
  "protocol_summary": {
    "vmess": {
      "count": 52,
      "avg_lat": 198.75,
      "avg_score": 98.67500000000001
    },
    "vless": {
      "count": 164,
      "avg_lat": 83.54268292682927,
      "avg_score": 99.4430487804878
    },
    "ss": {
      "count": 0,
      "avg_lat": 0.0,
      "avg_score": 0.0
    },
    "trojan": {
      "count": 33,
      "avg_lat": 176.42424242424244,
      "avg_score": 98.82383838383838
    }
  }
}