{
  "scan_timestamp": "2026-07-22T15:47:02.758225+00:00",
  "duration_seconds": 360.64,
  "performance_metrics": {
    "total_processed": 439,
    "valid_configs": 108,
    "duplicates": 0,
    "failed_tests": 331,
    "success_rate": 24.6,
    "avg_latency_ms": 161.31,
    "avg_score": 98.92
  },
  "protocol_summary": {
    "vmess": {
      "count": 1,
      "avg_lat": 160.0,
      "avg_score": 98.93333333333334
    },
    "vless": {
      "count": 3,
      "avg_lat": 53.333333333333336,
      "avg_score": 99.64444444444445
    },
    "ss": {
      "count": 99,
      "avg_lat": 157.3838383838384,
      "avg_score": 98.95077441077441
    },
    "trojan": {
      "count": 5,
      "avg_lat": 304.2,
      "avg_score": 97.97200000000001
    }
  }
}