{
  "scan_timestamp": "2026-02-22T18:37:36.608055+00:00",
  "duration_seconds": 1122.13,
  "performance_metrics": {
    "total_processed": 473,
    "valid_configs": 339,
    "duplicates": 0,
    "failed_tests": 134,
    "success_rate": 71.67,
    "avg_latency_ms": 118.32,
    "avg_score": 99.21
  },
  "protocol_summary": {
    "vmess": {
      "count": 62,
      "avg_lat": 72.38709677419355,
      "avg_score": 99.51741935483871
    },
    "vless": {
      "count": 242,
      "avg_lat": 135.86363636363637,
      "avg_score": 99.09424242424242
    },
    "ss": {
      "count": 0,
      "avg_lat": 0.0,
      "avg_score": 0.0
    },
    "trojan": {
      "count": 35,
      "avg_lat": 78.34285714285714,
      "avg_score": 99.47771428571428
    }
  }
}