{
  "scan_timestamp": "2026-02-17T23:34:56.908702+00:00",
  "duration_seconds": 999.91,
  "performance_metrics": {
    "total_processed": 451,
    "valid_configs": 289,
    "duplicates": 0,
    "failed_tests": 162,
    "success_rate": 64.08,
    "avg_latency_ms": 101.29,
    "avg_score": 99.32
  },
  "protocol_summary": {
    "vmess": {
      "count": 43,
      "avg_lat": 139.37209302325581,
      "avg_score": 99.0708527131783
    },
    "vless": {
      "count": 210,
      "avg_lat": 94.15238095238095,
      "avg_score": 99.37231746031745
    },
    "ss": {
      "count": 0,
      "avg_lat": 0.0,
      "avg_score": 0.0
    },
    "trojan": {
      "count": 36,
      "avg_lat": 97.44444444444444,
      "avg_score": 99.35037037037037
    }
  }
}