{
  "scan_timestamp": "2025-12-12T18:31:53.569342+00:00",
  "duration_seconds": 928.86,
  "performance_metrics": {
    "total_processed": 478,
    "valid_configs": 205,
    "duplicates": 0,
    "failed_tests": 273,
    "success_rate": 42.89,
    "avg_latency_ms": 178.35,
    "avg_score": 98.81
  },
  "protocol_summary": {
    "vmess": {
      "count": 24,
      "avg_lat": 128.04166666666666,
      "avg_score": 99.1463888888889
    },
    "vless": {
      "count": 115,
      "avg_lat": 179.9217391304348,
      "avg_score": 98.80052173913043
    },
    "ss": {
      "count": 0,
      "avg_lat": 0.0,
      "avg_score": 0.0
    },
    "trojan": {
      "count": 66,
      "avg_lat": 193.8939393939394,
      "avg_score": 98.70737373737373
    }
  }
}