{
  "scan_timestamp": "2026-01-24T18:29:38.927357+00:00",
  "duration_seconds": 863.04,
  "performance_metrics": {
    "total_processed": 428,
    "valid_configs": 224,
    "duplicates": 0,
    "failed_tests": 204,
    "success_rate": 52.34,
    "avg_latency_ms": 102.0,
    "avg_score": 99.32
  },
  "protocol_summary": {
    "vmess": {
      "count": 55,
      "avg_lat": 120.67272727272727,
      "avg_score": 99.19551515151515
    },
    "vless": {
      "count": 133,
      "avg_lat": 80.35338345864662,
      "avg_score": 99.46431077694236
    },
    "ss": {
      "count": 2,
      "avg_lat": 71.0,
      "avg_score": 99.52666666666667
    },
    "trojan": {
      "count": 34,
      "avg_lat": 158.26470588235293,
      "avg_score": 98.9449019607843
    }
  }
}