{
  "scan_timestamp": "2025-12-15T08:33:32.330367+00:00",
  "duration_seconds": 958.72,
  "performance_metrics": {
    "total_processed": 469,
    "valid_configs": 265,
    "duplicates": 0,
    "failed_tests": 204,
    "success_rate": 56.5,
    "avg_latency_ms": 104.86,
    "avg_score": 99.3
  },
  "protocol_summary": {
    "vmess": {
      "count": 50,
      "avg_lat": 186.16,
      "avg_score": 98.75893333333333
    },
    "vless": {
      "count": 173,
      "avg_lat": 66.02312138728324,
      "avg_score": 99.55984585741811
    },
    "ss": {
      "count": 0,
      "avg_lat": 0.0,
      "avg_score": 0.0
    },
    "trojan": {
      "count": 42,
      "avg_lat": 168.02380952380952,
      "avg_score": 98.87984126984126
    }
  }
}