{
  "scan_timestamp": "2026-01-25T14:24:17.734496+00:00",
  "duration_seconds": 890.58,
  "performance_metrics": {
    "total_processed": 458,
    "valid_configs": 242,
    "duplicates": 0,
    "failed_tests": 216,
    "success_rate": 52.84,
    "avg_latency_ms": 142.4,
    "avg_score": 99.05
  },
  "protocol_summary": {
    "vmess": {
      "count": 58,
      "avg_lat": 106.15517241379311,
      "avg_score": 99.29229885057471
    },
    "vless": {
      "count": 146,
      "avg_lat": 149.63013698630138,
      "avg_score": 99.00246575342466
    },
    "ss": {
      "count": 0,
      "avg_lat": 0.0,
      "avg_score": 0.0
    },
    "trojan": {
      "count": 38,
      "avg_lat": 169.97368421052633,
      "avg_score": 98.86684210526316
    }
  }
}