{
  "scan_timestamp": "2026-01-06T19:27:40.231812+00:00",
  "duration_seconds": 1162.54,
  "performance_metrics": {
    "total_processed": 485,
    "valid_configs": 362,
    "duplicates": 0,
    "failed_tests": 123,
    "success_rate": 74.64,
    "avg_latency_ms": 137.77,
    "avg_score": 99.08
  },
  "protocol_summary": {
    "vmess": {
      "count": 31,
      "avg_lat": 126.93548387096774,
      "avg_score": 99.15376344086022
    },
    "vless": {
      "count": 274,
      "avg_lat": 131.45620437956205,
      "avg_score": 99.12362530413625
    },
    "ss": {
      "count": 0,
      "avg_lat": 0.0,
      "avg_score": 0.0
    },
    "trojan": {
      "count": 57,
      "avg_lat": 173.98245614035088,
      "avg_score": 98.84011695906432
    }
  }
}