{
  "scan_timestamp": "2025-12-09T18:29:31.975683+00:00",
  "duration_seconds": 938.67,
  "performance_metrics": {
    "total_processed": 475,
    "valid_configs": 216,
    "duplicates": 0,
    "failed_tests": 259,
    "success_rate": 45.47,
    "avg_latency_ms": 177.04,
    "avg_score": 98.82
  },
  "protocol_summary": {
    "vmess": {
      "count": 60,
      "avg_lat": 218.71666666666667,
      "avg_score": 98.54188888888889
    },
    "vless": {
      "count": 95,
      "avg_lat": 167.0,
      "avg_score": 98.88666666666667
    },
    "ss": {
      "count": 0,
      "avg_lat": 0.0,
      "avg_score": 0.0
    },
    "trojan": {
      "count": 61,
      "avg_lat": 151.672131147541,
      "avg_score": 98.98885245901639
    }
  }
}