{
  "scan_timestamp": "2026-01-14T16:32:04.650399+00:00",
  "duration_seconds": 972.18,
  "performance_metrics": {
    "total_processed": 467,
    "valid_configs": 296,
    "duplicates": 0,
    "failed_tests": 171,
    "success_rate": 63.38,
    "avg_latency_ms": 131.62,
    "avg_score": 99.12
  },
  "protocol_summary": {
    "vmess": {
      "count": 79,
      "avg_lat": 119.26582278481013,
      "avg_score": 99.20489451476793
    },
    "vless": {
      "count": 140,
      "avg_lat": 109.5,
      "avg_score": 99.27
    },
    "ss": {
      "count": 0,
      "avg_lat": 0.0,
      "avg_score": 0.0
    },
    "trojan": {
      "count": 77,
      "avg_lat": 184.53246753246754,
      "avg_score": 98.76978354978355
    }
  }
}