{
  "scan_timestamp": "2026-01-03T17:25:13.452864+00:00",
  "duration_seconds": 982.54,
  "performance_metrics": {
    "total_processed": 475,
    "valid_configs": 279,
    "duplicates": 0,
    "failed_tests": 196,
    "success_rate": 58.74,
    "avg_latency_ms": 127.0,
    "avg_score": 99.15
  },
  "protocol_summary": {
    "vmess": {
      "count": 35,
      "avg_lat": 253.37142857142857,
      "avg_score": 98.31085714285715
    },
    "vless": {
      "count": 207,
      "avg_lat": 110.56038647342996,
      "avg_score": 99.2629307568438
    },
    "ss": {
      "count": 0,
      "avg_lat": 0.0,
      "avg_score": 0.0
    },
    "trojan": {
      "count": 37,
      "avg_lat": 99.45945945945945,
      "avg_score": 99.33693693693694
    }
  }
}