{
  "scan_timestamp": "2026-04-13T18:06:43.254817+00:00",
  "duration_seconds": 994.07,
  "performance_metrics": {
    "total_processed": 481,
    "valid_configs": 256,
    "duplicates": 0,
    "failed_tests": 225,
    "success_rate": 53.22,
    "avg_latency_ms": 64.36,
    "avg_score": 99.57
  },
  "protocol_summary": {
    "vmess": {
      "count": 2,
      "avg_lat": 130.0,
      "avg_score": 99.13333333333333
    },
    "vless": {
      "count": 246,
      "avg_lat": 64.15853658536585,
      "avg_score": 99.57227642276422
    },
    "ss": {
      "count": 2,
      "avg_lat": 116.0,
      "avg_score": 99.22666666666666
    },
    "trojan": {
      "count": 6,
      "avg_lat": 33.5,
      "avg_score": 99.77666666666666
    }
  }
}