{
  "scan_timestamp": "2026-01-09T16:31:59.268864+00:00",
  "duration_seconds": 1091.92,
  "performance_metrics": {
    "total_processed": 473,
    "valid_configs": 336,
    "duplicates": 0,
    "failed_tests": 137,
    "success_rate": 71.04,
    "avg_latency_ms": 105.9,
    "avg_score": 99.29
  },
  "protocol_summary": {
    "vmess": {
      "count": 44,
      "avg_lat": 125.38636363636364,
      "avg_score": 99.16409090909092
    },
    "vless": {
      "count": 237,
      "avg_lat": 98.79324894514768,
      "avg_score": 99.34137834036568
    },
    "ss": {
      "count": 0,
      "avg_lat": 0.0,
      "avg_score": 0.0
    },
    "trojan": {
      "count": 55,
      "avg_lat": 120.94545454545455,
      "avg_score": 99.19369696969697
    }
  }
}