{
  "scan_timestamp": "2025-12-23T10:26:24.224883+00:00",
  "duration_seconds": 830.37,
  "performance_metrics": {
    "total_processed": 467,
    "valid_configs": 233,
    "duplicates": 0,
    "failed_tests": 234,
    "success_rate": 49.89,
    "avg_latency_ms": 143.09,
    "avg_score": 99.05
  },
  "protocol_summary": {
    "vmess": {
      "count": 57,
      "avg_lat": 156.2982456140351,
      "avg_score": 98.95801169590644
    },
    "vless": {
      "count": 98,
      "avg_lat": 122.84693877551021,
      "avg_score": 99.18102040816326
    },
    "ss": {
      "count": 0,
      "avg_lat": 0.0,
      "avg_score": 0.0
    },
    "trojan": {
      "count": 78,
      "avg_lat": 158.87179487179486,
      "avg_score": 98.9408547008547
    }
  }
}