{
  "scan_timestamp": "2026-02-20T19:49:26.740461+00:00",
  "duration_seconds": 1193.25,
  "performance_metrics": {
    "total_processed": 474,
    "valid_configs": 377,
    "duplicates": 0,
    "failed_tests": 97,
    "success_rate": 79.54,
    "avg_latency_ms": 125.16,
    "avg_score": 99.17
  },
  "protocol_summary": {
    "vmess": {
      "count": 67,
      "avg_lat": 112.67164179104478,
      "avg_score": 99.24885572139303
    },
    "vless": {
      "count": 275,
      "avg_lat": 134.8909090909091,
      "avg_score": 99.10072727272727
    },
    "trojan": {
      "count": 35,
      "avg_lat": 72.62857142857143,
      "avg_score": 99.51580952380952
    }
  }
}