{
  "scan_timestamp": "2026-02-08T04:43:01.498527+00:00",
  "duration_seconds": 1123.58,
  "performance_metrics": {
    "total_processed": 486,
    "valid_configs": 344,
    "duplicates": 0,
    "failed_tests": 142,
    "success_rate": 70.78,
    "avg_latency_ms": 161.95,
    "avg_score": 98.92
  },
  "protocol_summary": {
    "vmess": {
      "count": 69,
      "avg_lat": 165.4927536231884,
      "avg_score": 98.89671497584541
    },
    "vless": {
      "count": 233,
      "avg_lat": 137.99570815450645,
      "avg_score": 99.0800286123033
    },
    "ss": {
      "count": 0,
      "avg_lat": 0.0,
      "avg_score": 0.0
    },
    "trojan": {
      "count": 42,
      "avg_lat": 289.0238095238095,
      "avg_score": 98.0731746031746
    }
  }
}