{
  "scan_timestamp": "2026-04-22T22:50:05.171079+00:00",
  "duration_seconds": 797.81,
  "performance_metrics": {
    "total_processed": 478,
    "valid_configs": 196,
    "duplicates": 0,
    "failed_tests": 282,
    "success_rate": 41.0,
    "avg_latency_ms": 230.12,
    "avg_score": 98.47
  },
  "protocol_summary": {
    "vmess": {
      "count": 3,
      "avg_lat": 160.33333333333334,
      "avg_score": 98.93111111111112
    },
    "vless": {
      "count": 183,
      "avg_lat": 238.68852459016392,
      "avg_score": 98.4087431693989
    },
    "ss": {
      "count": 2,
      "avg_lat": 220.0,
      "avg_score": 98.53333333333333
    },
    "trojan": {
      "count": 8,
      "avg_lat": 62.875,
      "avg_score": 99.58083333333333
    }
  }
}