{
  "scan_timestamp": "2026-03-01T07:43:46.967168+00:00",
  "duration_seconds": 1100.33,
  "performance_metrics": {
    "total_processed": 473,
    "valid_configs": 329,
    "duplicates": 0,
    "failed_tests": 144,
    "success_rate": 69.56,
    "avg_latency_ms": 95.62,
    "avg_score": 99.36
  },
  "protocol_summary": {
    "vmess": {
      "count": 59,
      "avg_lat": 61.23728813559322,
      "avg_score": 99.59175141242937
    },
    "vless": {
      "count": 235,
      "avg_lat": 105.19148936170212,
      "avg_score": 99.29872340425533
    },
    "ss": {
      "count": 0,
      "avg_lat": 0.0,
      "avg_score": 0.0
    },
    "trojan": {
      "count": 35,
      "avg_lat": 89.34285714285714,
      "avg_score": 99.40438095238095
    }
  }
}