{
  "scan_timestamp": "2025-12-20T03:58:11.881613+00:00",
  "duration_seconds": 934.41,
  "performance_metrics": {
    "total_processed": 463,
    "valid_configs": 270,
    "duplicates": 0,
    "failed_tests": 193,
    "success_rate": 58.32,
    "avg_latency_ms": 103.71,
    "avg_score": 99.31
  },
  "protocol_summary": {
    "vmess": {
      "count": 80,
      "avg_lat": 139.9875,
      "avg_score": 99.06675
    },
    "vless": {
      "count": 155,
      "avg_lat": 81.35483870967742,
      "avg_score": 99.45763440860215
    },
    "ss": {
      "count": 0,
      "avg_lat": 0.0,
      "avg_score": 0.0
    },
    "trojan": {
      "count": 35,
      "avg_lat": 119.77142857142857,
      "avg_score": 99.2015238095238
    }
  }
}