{
  "scan_timestamp": "2025-12-23T17:26:46.585337+00:00",
  "duration_seconds": 892.45,
  "performance_metrics": {
    "total_processed": 466,
    "valid_configs": 253,
    "duplicates": 0,
    "failed_tests": 213,
    "success_rate": 54.29,
    "avg_latency_ms": 156.38,
    "avg_score": 98.96
  },
  "protocol_summary": {
    "vmess": {
      "count": 86,
      "avg_lat": 125.51162790697674,
      "avg_score": 99.1632558139535
    },
    "vless": {
      "count": 101,
      "avg_lat": 155.55445544554456,
      "avg_score": 98.9629702970297
    },
    "ss": {
      "count": 0,
      "avg_lat": 0.0,
      "avg_score": 0.0
    },
    "trojan": {
      "count": 66,
      "avg_lat": 197.86363636363637,
      "avg_score": 98.68090909090908
    }
  }
}