{
  "scan_timestamp": "2026-01-03T06:32:53.206461+00:00",
  "duration_seconds": 1027.89,
  "performance_metrics": {
    "total_processed": 476,
    "valid_configs": 298,
    "duplicates": 0,
    "failed_tests": 178,
    "success_rate": 62.61,
    "avg_latency_ms": 126.13,
    "avg_score": 99.16
  },
  "protocol_summary": {
    "vmess": {
      "count": 38,
      "avg_lat": 243.0,
      "avg_score": 98.38
    },
    "vless": {
      "count": 227,
      "avg_lat": 102.41850220264317,
      "avg_score": 99.31720998531571
    },
    "ss": {
      "count": 0,
      "avg_lat": 0.0,
      "avg_score": 0.0
    },
    "trojan": {
      "count": 33,
      "avg_lat": 154.63636363636363,
      "avg_score": 98.96909090909091
    }
  }
}