{
  "scan_timestamp": "2026-03-14T09:26:10.706481+00:00",
  "duration_seconds": 290.32,
  "performance_metrics": {
    "total_processed": 368,
    "valid_configs": 63,
    "duplicates": 0,
    "failed_tests": 305,
    "success_rate": 17.12,
    "avg_latency_ms": 127.63,
    "avg_score": 99.15
  },
  "protocol_summary": {
    "vmess": {
      "count": 2,
      "avg_lat": 67.0,
      "avg_score": 99.55333333333334
    },
    "vless": {
      "count": 28,
      "avg_lat": 76.32142857142857,
      "avg_score": 99.49119047619048
    },
    "ss": {
      "count": 32,
      "avg_lat": 180.28125,
      "avg_score": 98.798125
    },
    "trojan": {
      "count": 1,
      "avg_lat": 1.0,
      "avg_score": 99.99333333333334
    }
  }
}