{
  "scan_timestamp": "2026-02-14T17:34:38.323499+00:00",
  "duration_seconds": 1064.35,
  "performance_metrics": {
    "total_processed": 463,
    "valid_configs": 307,
    "duplicates": 0,
    "failed_tests": 156,
    "success_rate": 66.31,
    "avg_latency_ms": 162.54,
    "avg_score": 98.92
  },
  "protocol_summary": {
    "vmess": {
      "count": 60,
      "avg_lat": 171.53333333333333,
      "avg_score": 98.85644444444443
    },
    "vless": {
      "count": 198,
      "avg_lat": 161.21212121212122,
      "avg_score": 98.92525252525253
    },
    "ss": {
      "count": 0,
      "avg_lat": 0.0,
      "avg_score": 0.0
    },
    "trojan": {
      "count": 49,
      "avg_lat": 156.91836734693877,
      "avg_score": 98.9538775510204
    }
  }
}