{
  "scan_timestamp": "2026-01-18T04:46:28.820327+00:00",
  "duration_seconds": 789.9,
  "performance_metrics": {
    "total_processed": 431,
    "valid_configs": 185,
    "duplicates": 0,
    "failed_tests": 246,
    "success_rate": 42.92,
    "avg_latency_ms": 106.2,
    "avg_score": 99.29
  },
  "protocol_summary": {
    "vmess": {
      "count": 66,
      "avg_lat": 92.93939393939394,
      "avg_score": 99.38040404040404
    },
    "vless": {
      "count": 74,
      "avg_lat": 41.67567567567568,
      "avg_score": 99.72216216216216
    },
    "ss": {
      "count": 0,
      "avg_lat": 0.0,
      "avg_score": 0.0
    },
    "trojan": {
      "count": 45,
      "avg_lat": 231.75555555555556,
      "avg_score": 98.45496296296297
    }
  }
}