{
  "scan_timestamp": "2026-02-23T22:48:58.291312+00:00",
  "duration_seconds": 1164.35,
  "performance_metrics": {
    "total_processed": 474,
    "valid_configs": 365,
    "duplicates": 0,
    "failed_tests": 109,
    "success_rate": 77.0,
    "avg_latency_ms": 93.47,
    "avg_score": 99.38
  },
  "protocol_summary": {
    "vmess": {
      "count": 72,
      "avg_lat": 90.45833333333333,
      "avg_score": 99.39694444444444
    },
    "vless": {
      "count": 258,
      "avg_lat": 103.05813953488372,
      "avg_score": 99.31294573643412
    },
    "trojan": {
      "count": 35,
      "avg_lat": 29.0,
      "avg_score": 99.80666666666666
    }
  }
}