{
  "scan_timestamp": "2026-02-28T09:33:18.199011+00:00",
  "duration_seconds": 1098.39,
  "performance_metrics": {
    "total_processed": 473,
    "valid_configs": 331,
    "duplicates": 0,
    "failed_tests": 142,
    "success_rate": 69.98,
    "avg_latency_ms": 70.53,
    "avg_score": 99.53
  },
  "protocol_summary": {
    "vmess": {
      "count": 59,
      "avg_lat": 46.101694915254235,
      "avg_score": 99.69265536723164
    },
    "vless": {
      "count": 237,
      "avg_lat": 80.32911392405063,
      "avg_score": 99.46447257383966
    },
    "ss": {
      "count": 0,
      "avg_lat": 0.0,
      "avg_score": 0.0
    },
    "trojan": {
      "count": 35,
      "avg_lat": 45.31428571428572,
      "avg_score": 99.69790476190477
    }
  }
}