{
  "scan_timestamp": "2026-07-11T17:04:13.598080+00:00",
  "duration_seconds": 417.38,
  "performance_metrics": {
    "total_processed": 443,
    "valid_configs": 128,
    "duplicates": 0,
    "failed_tests": 315,
    "success_rate": 28.89,
    "avg_latency_ms": 89.39,
    "avg_score": 99.4
  },
  "protocol_summary": {
    "vmess": {
      "count": 1,
      "avg_lat": 2.0,
      "avg_score": 99.98666666666666
    },
    "ss": {
      "count": 115,
      "avg_lat": 92.1304347826087,
      "avg_score": 99.38579710144927
    },
    "trojan": {
      "count": 12,
      "avg_lat": 70.41666666666667,
      "avg_score": 99.53055555555557
    }
  }
}