{
  "scan_timestamp": "2026-02-02T15:45:19.397346+00:00",
  "duration_seconds": 996.1,
  "performance_metrics": {
    "total_processed": 481,
    "valid_configs": 270,
    "duplicates": 0,
    "failed_tests": 211,
    "success_rate": 56.13,
    "avg_latency_ms": 109.88,
    "avg_score": 99.27
  },
  "protocol_summary": {
    "vmess": {
      "count": 73,
      "avg_lat": 63.04109589041096,
      "avg_score": 99.57972602739726
    },
    "vless": {
      "count": 142,
      "avg_lat": 96.48591549295774,
      "avg_score": 99.35676056338028
    },
    "ss": {
      "count": 0,
      "avg_lat": 0.0,
      "avg_score": 0.0
    },
    "trojan": {
      "count": 55,
      "avg_lat": 206.61818181818182,
      "avg_score": 98.62254545454545
    }
  }
}