{
  "scan_timestamp": "2026-02-05T04:20:04.719656+00:00",
  "duration_seconds": 1002.05,
  "performance_metrics": {
    "total_processed": 465,
    "valid_configs": 276,
    "duplicates": 0,
    "failed_tests": 189,
    "success_rate": 59.35,
    "avg_latency_ms": 131.93,
    "avg_score": 99.12
  },
  "protocol_summary": {
    "vmess": {
      "count": 55,
      "avg_lat": 132.8181818181818,
      "avg_score": 99.11454545454546
    },
    "vless": {
      "count": 164,
      "avg_lat": 129.92073170731706,
      "avg_score": 99.13386178861788
    },
    "ss": {
      "count": 0,
      "avg_lat": 0.0,
      "avg_score": 0.0
    },
    "trojan": {
      "count": 57,
      "avg_lat": 136.859649122807,
      "avg_score": 99.08760233918127
    }
  }
}