{
  "scan_timestamp": "2025-12-23T16:27:51.509758+00:00",
  "duration_seconds": 883.24,
  "performance_metrics": {
    "total_processed": 465,
    "valid_configs": 251,
    "duplicates": 0,
    "failed_tests": 214,
    "success_rate": 53.98,
    "avg_latency_ms": 135.12,
    "avg_score": 99.1
  },
  "protocol_summary": {
    "vmess": {
      "count": 85,
      "avg_lat": 120.29411764705883,
      "avg_score": 99.19803921568628
    },
    "vless": {
      "count": 90,
      "avg_lat": 120.88888888888889,
      "avg_score": 99.19407407407408
    },
    "ss": {
      "count": 0,
      "avg_lat": 0.0,
      "avg_score": 0.0
    },
    "trojan": {
      "count": 76,
      "avg_lat": 168.53947368421052,
      "avg_score": 98.87640350877193
    }
  }
}