{
  "scan_timestamp": "2025-12-16T22:26:23.371454+00:00",
  "duration_seconds": 929.84,
  "performance_metrics": {
    "total_processed": 473,
    "valid_configs": 251,
    "duplicates": 0,
    "failed_tests": 222,
    "success_rate": 53.07,
    "avg_latency_ms": 93.92,
    "avg_score": 99.37
  },
  "protocol_summary": {
    "vmess": {
      "count": 38,
      "avg_lat": 146.81578947368422,
      "avg_score": 99.02122807017544
    },
    "vless": {
      "count": 172,
      "avg_lat": 87.59883720930233,
      "avg_score": 99.41600775193798
    },
    "ss": {
      "count": 0,
      "avg_lat": 0.0,
      "avg_score": 0.0
    },
    "trojan": {
      "count": 41,
      "avg_lat": 71.4390243902439,
      "avg_score": 99.52373983739838
    }
  }
}