{
  "scan_timestamp": "2026-01-21T03:08:13.556041+00:00",
  "duration_seconds": 861.54,
  "performance_metrics": {
    "total_processed": 426,
    "valid_configs": 234,
    "duplicates": 0,
    "failed_tests": 192,
    "success_rate": 54.93,
    "avg_latency_ms": 109.24,
    "avg_score": 99.27
  },
  "protocol_summary": {
    "vmess": {
      "count": 60,
      "avg_lat": 108.86666666666666,
      "avg_score": 99.27422222222222
    },
    "vless": {
      "count": 134,
      "avg_lat": 95.73134328358209,
      "avg_score": 99.36179104477611
    },
    "ss": {
      "count": 0,
      "avg_lat": 0.0,
      "avg_score": 0.0
    },
    "trojan": {
      "count": 40,
      "avg_lat": 155.05,
      "avg_score": 98.96633333333332
    }
  }
}