{
  "scan_timestamp": "2026-02-15T01:25:38.755361+00:00",
  "duration_seconds": 1086.71,
  "performance_metrics": {
    "total_processed": 464,
    "valid_configs": 331,
    "duplicates": 0,
    "failed_tests": 133,
    "success_rate": 71.34,
    "avg_latency_ms": 99.08,
    "avg_score": 99.34
  },
  "protocol_summary": {
    "vmess": {
      "count": 68,
      "avg_lat": 147.22058823529412,
      "avg_score": 99.0185294117647
    },
    "vless": {
      "count": 212,
      "avg_lat": 84.41981132075472,
      "avg_score": 99.43720125786163
    },
    "ss": {
      "count": 0,
      "avg_lat": 0.0,
      "avg_score": 0.0
    },
    "trojan": {
      "count": 51,
      "avg_lat": 95.82352941176471,
      "avg_score": 99.36117647058823
    }
  }
}