{
  "scan_timestamp": "2026-02-21T06:01:30.747939+00:00",
  "duration_seconds": 1199.3,
  "performance_metrics": {
    "total_processed": 474,
    "valid_configs": 376,
    "duplicates": 0,
    "failed_tests": 98,
    "success_rate": 79.32,
    "avg_latency_ms": 111.55,
    "avg_score": 99.26
  },
  "protocol_summary": {
    "vmess": {
      "count": 69,
      "avg_lat": 120.30434782608695,
      "avg_score": 99.19797101449275
    },
    "vless": {
      "count": 272,
      "avg_lat": 115.70220588235294,
      "avg_score": 99.2286519607843
    },
    "trojan": {
      "count": 35,
      "avg_lat": 61.97142857142857,
      "avg_score": 99.58685714285714
    }
  }
}