{
  "scan_timestamp": "2026-04-22T13:09:52.082787+00:00",
  "duration_seconds": 824.63,
  "performance_metrics": {
    "total_processed": 477,
    "valid_configs": 206,
    "duplicates": 0,
    "failed_tests": 271,
    "success_rate": 43.19,
    "avg_latency_ms": 81.81,
    "avg_score": 99.45
  },
  "protocol_summary": {
    "vmess": {
      "count": 2,
      "avg_lat": 127.0,
      "avg_score": 99.15333333333334
    },
    "vless": {
      "count": 194,
      "avg_lat": 81.70618556701031,
      "avg_score": 99.45529209621994
    },
    "ss": {
      "count": 3,
      "avg_lat": 185.33333333333334,
      "avg_score": 98.76444444444445
    },
    "trojan": {
      "count": 7,
      "avg_lat": 27.285714285714285,
      "avg_score": 99.81809523809524
    }
  }
}