{
  "scan_timestamp": "2026-01-28T01:12:07.345450+00:00",
  "duration_seconds": 1128.69,
  "performance_metrics": {
    "total_processed": 483,
    "valid_configs": 341,
    "duplicates": 0,
    "failed_tests": 142,
    "success_rate": 70.6,
    "avg_latency_ms": 93.44,
    "avg_score": 99.38
  },
  "protocol_summary": {
    "vmess": {
      "count": 51,
      "avg_lat": 88.17647058823529,
      "avg_score": 99.4121568627451
    },
    "vless": {
      "count": 220,
      "avg_lat": 92.00909090909092,
      "avg_score": 99.38660606060606
    },
    "ss": {
      "count": 0,
      "avg_lat": 0.0,
      "avg_score": 0.0
    },
    "trojan": {
      "count": 70,
      "avg_lat": 101.78571428571429,
      "avg_score": 99.32142857142857
    }
  }
}