{
  "scan_timestamp": "2026-01-19T22:27:26.444283+00:00",
  "duration_seconds": 968.99,
  "performance_metrics": {
    "total_processed": 465,
    "valid_configs": 272,
    "duplicates": 0,
    "failed_tests": 193,
    "success_rate": 58.49,
    "avg_latency_ms": 114.09,
    "avg_score": 99.24
  },
  "protocol_summary": {
    "vmess": {
      "count": 114,
      "avg_lat": 103.13157894736842,
      "avg_score": 99.31245614035089
    },
    "vless": {
      "count": 109,
      "avg_lat": 78.89908256880734,
      "avg_score": 99.47400611620795
    },
    "ss": {
      "count": 0,
      "avg_lat": 0.0,
      "avg_score": 0.0
    },
    "trojan": {
      "count": 49,
      "avg_lat": 217.87755102040816,
      "avg_score": 98.54748299319728
    }
  }
}