{
  "scan_timestamp": "2026-01-16T07:30:58.221812+00:00",
  "duration_seconds": 868.46,
  "performance_metrics": {
    "total_processed": 420,
    "valid_configs": 237,
    "duplicates": 0,
    "failed_tests": 183,
    "success_rate": 56.43,
    "avg_latency_ms": 107.85,
    "avg_score": 99.28
  },
  "protocol_summary": {
    "vmess": {
      "count": 54,
      "avg_lat": 110.70370370370371,
      "avg_score": 99.26197530864198
    },
    "vless": {
      "count": 133,
      "avg_lat": 97.16541353383458,
      "avg_score": 99.3522305764411
    },
    "ss": {
      "count": 0,
      "avg_lat": 0.0,
      "avg_score": 0.0
    },
    "trojan": {
      "count": 50,
      "avg_lat": 133.18,
      "avg_score": 99.11213333333333
    }
  }
}