{
  "scan_timestamp": "2026-01-25T04:57:36.545859+00:00",
  "duration_seconds": 864.2,
  "performance_metrics": {
    "total_processed": 430,
    "valid_configs": 232,
    "duplicates": 0,
    "failed_tests": 198,
    "success_rate": 53.95,
    "avg_latency_ms": 102.16,
    "avg_score": 99.32
  },
  "protocol_summary": {
    "vmess": {
      "count": 63,
      "avg_lat": 129.5079365079365,
      "avg_score": 99.13661375661376
    },
    "vless": {
      "count": 136,
      "avg_lat": 71.08088235294117,
      "avg_score": 99.5261274509804
    },
    "ss": {
      "count": 0,
      "avg_lat": 0.0,
      "avg_score": 0.0
    },
    "trojan": {
      "count": 33,
      "avg_lat": 178.03030303030303,
      "avg_score": 98.81313131313132
    }
  }
}