{
  "scan_timestamp": "2025-12-13T13:36:19.343762+00:00",
  "duration_seconds": 970.37,
  "performance_metrics": {
    "total_processed": 477,
    "valid_configs": 222,
    "duplicates": 0,
    "failed_tests": 255,
    "success_rate": 46.54,
    "avg_latency_ms": 152.09,
    "avg_score": 98.99
  },
  "protocol_summary": {
    "vmess": {
      "count": 39,
      "avg_lat": 238.48717948717947,
      "avg_score": 98.41008547008548
    },
    "vless": {
      "count": 115,
      "avg_lat": 97.28695652173913,
      "avg_score": 99.35142028985507
    },
    "ss": {
      "count": 0,
      "avg_lat": 0.0,
      "avg_score": 0.0
    },
    "trojan": {
      "count": 68,
      "avg_lat": 195.2058823529412,
      "avg_score": 98.6986274509804
    }
  }
}