{
  "scan_timestamp": "2025-12-21T14:25:18.325773+00:00",
  "duration_seconds": 955.6,
  "performance_metrics": {
    "total_processed": 471,
    "valid_configs": 259,
    "duplicates": 0,
    "failed_tests": 212,
    "success_rate": 54.99,
    "avg_latency_ms": 131.41,
    "avg_score": 99.12
  },
  "protocol_summary": {
    "vmess": {
      "count": 75,
      "avg_lat": 132.46666666666667,
      "avg_score": 99.11688888888888
    },
    "vless": {
      "count": 136,
      "avg_lat": 104.13235294117646,
      "avg_score": 99.30578431372548
    },
    "ss": {
      "count": 0,
      "avg_lat": 0.0,
      "avg_score": 0.0
    },
    "trojan": {
      "count": 48,
      "avg_lat": 207.0625,
      "avg_score": 98.61958333333332
    }
  }
}