{
  "scan_timestamp": "2026-02-28T07:36:31.196406+00:00",
  "duration_seconds": 1104.62,
  "performance_metrics": {
    "total_processed": 473,
    "valid_configs": 334,
    "duplicates": 0,
    "failed_tests": 139,
    "success_rate": 70.61,
    "avg_latency_ms": 76.73,
    "avg_score": 99.49
  },
  "protocol_summary": {
    "vmess": {
      "count": 61,
      "avg_lat": 81.81967213114754,
      "avg_score": 99.45453551912568
    },
    "vless": {
      "count": 238,
      "avg_lat": 76.80672268907563,
      "avg_score": 99.48795518207284
    },
    "ss": {
      "count": 0,
      "avg_lat": 0.0,
      "avg_score": 0.0
    },
    "trojan": {
      "count": 35,
      "avg_lat": 67.34285714285714,
      "avg_score": 99.55104761904762
    }
  }
}