{
  "scan_timestamp": "2026-03-04T01:19:27.991453+00:00",
  "duration_seconds": 1084.53,
  "performance_metrics": {
    "total_processed": 473,
    "valid_configs": 325,
    "duplicates": 0,
    "failed_tests": 148,
    "success_rate": 68.71,
    "avg_latency_ms": 79.54,
    "avg_score": 99.47
  },
  "protocol_summary": {
    "vmess": {
      "count": 60,
      "avg_lat": 51.11666666666667,
      "avg_score": 99.65922222222223
    },
    "vless": {
      "count": 230,
      "avg_lat": 90.51739130434783,
      "avg_score": 99.39655072463768
    },
    "ss": {
      "count": 0,
      "avg_lat": 0.0,
      "avg_score": 0.0
    },
    "trojan": {
      "count": 35,
      "avg_lat": 56.17142857142857,
      "avg_score": 99.62552380952381
    }
  }
}