{
  "scan_timestamp": "2025-12-15T01:09:34.751095+00:00",
  "duration_seconds": 972.28,
  "performance_metrics": {
    "total_processed": 470,
    "valid_configs": 264,
    "duplicates": 0,
    "failed_tests": 206,
    "success_rate": 56.17,
    "avg_latency_ms": 90.86,
    "avg_score": 99.39
  },
  "protocol_summary": {
    "vmess": {
      "count": 36,
      "avg_lat": 154.38888888888889,
      "avg_score": 98.97074074074074
    },
    "vless": {
      "count": 191,
      "avg_lat": 71.82198952879581,
      "avg_score": 99.52118673647469
    },
    "ss": {
      "count": 0,
      "avg_lat": 0.0,
      "avg_score": 0.0
    },
    "trojan": {
      "count": 37,
      "avg_lat": 127.32432432432432,
      "avg_score": 99.15117117117117
    }
  }
}