{
  "scan_timestamp": "2026-04-23T10:25:52.186482+00:00",
  "duration_seconds": 833.02,
  "performance_metrics": {
    "total_processed": 484,
    "valid_configs": 208,
    "duplicates": 0,
    "failed_tests": 276,
    "success_rate": 42.98,
    "avg_latency_ms": 145.43,
    "avg_score": 99.03
  },
  "protocol_summary": {
    "vmess": {
      "count": 5,
      "avg_lat": 173.2,
      "avg_score": 98.84533333333334
    },
    "vless": {
      "count": 196,
      "avg_lat": 147.1326530612245,
      "avg_score": 99.0191156462585
    },
    "ss": {
      "count": 1,
      "avg_lat": 248.0,
      "avg_score": 98.34666666666666
    },
    "trojan": {
      "count": 6,
      "avg_lat": 49.5,
      "avg_score": 99.67
    }
  }
}