{
  "scan_timestamp": "2025-12-30T20:29:36.357501+00:00",
  "duration_seconds": 1047.27,
  "performance_metrics": {
    "total_processed": 478,
    "valid_configs": 312,
    "duplicates": 0,
    "failed_tests": 166,
    "success_rate": 65.27,
    "avg_latency_ms": 134.26,
    "avg_score": 99.1
  },
  "protocol_summary": {
    "vmess": {
      "count": 78,
      "avg_lat": 105.83333333333333,
      "avg_score": 99.29444444444445
    },
    "vless": {
      "count": 157,
      "avg_lat": 137.29936305732485,
      "avg_score": 99.08467091295117
    },
    "ss": {
      "count": 0,
      "avg_lat": 0.0,
      "avg_score": 0.0
    },
    "trojan": {
      "count": 77,
      "avg_lat": 156.85714285714286,
      "avg_score": 98.9542857142857
    }
  }
}