{
  "scan_timestamp": "2026-04-23T15:20:12.821619+00:00",
  "duration_seconds": 819.38,
  "performance_metrics": {
    "total_processed": 485,
    "valid_configs": 196,
    "duplicates": 0,
    "failed_tests": 289,
    "success_rate": 40.41,
    "avg_latency_ms": 142.4,
    "avg_score": 99.05
  },
  "protocol_summary": {
    "vmess": {
      "count": 3,
      "avg_lat": 149.33333333333334,
      "avg_score": 99.00444444444445
    },
    "vless": {
      "count": 184,
      "avg_lat": 145.19021739130434,
      "avg_score": 99.0320652173913
    },
    "ss": {
      "count": 1,
      "avg_lat": 267.0,
      "avg_score": 98.22
    },
    "trojan": {
      "count": 8,
      "avg_lat": 60.125,
      "avg_score": 99.59916666666666
    }
  }
}