{
  "scan_timestamp": "2025-12-31T04:13:27.554634+00:00",
  "duration_seconds": 1063.84,
  "performance_metrics": {
    "total_processed": 479,
    "valid_configs": 292,
    "duplicates": 0,
    "failed_tests": 187,
    "success_rate": 60.96,
    "avg_latency_ms": 109.47,
    "avg_score": 99.27
  },
  "protocol_summary": {
    "vmess": {
      "count": 52,
      "avg_lat": 116.63461538461539,
      "avg_score": 99.2224358974359
    },
    "vless": {
      "count": 210,
      "avg_lat": 103.94285714285714,
      "avg_score": 99.30704761904762
    },
    "ss": {
      "count": 0,
      "avg_lat": 0.0,
      "avg_score": 0.0
    },
    "trojan": {
      "count": 30,
      "avg_lat": 135.7,
      "avg_score": 99.09533333333334
    }
  }
}