{
  "scan_timestamp": "2026-01-27T19:38:03.585460+00:00",
  "duration_seconds": 1145.8,
  "performance_metrics": {
    "total_processed": 481,
    "valid_configs": 337,
    "duplicates": 0,
    "failed_tests": 144,
    "success_rate": 70.06,
    "avg_latency_ms": 98.15,
    "avg_score": 99.35
  },
  "protocol_summary": {
    "vmess": {
      "count": 43,
      "avg_lat": 92.67441860465117,
      "avg_score": 99.38217054263566
    },
    "vless": {
      "count": 219,
      "avg_lat": 76.44292237442923,
      "avg_score": 99.49038051750381
    },
    "ss": {
      "count": 0,
      "avg_lat": 0.0,
      "avg_score": 0.0
    },
    "trojan": {
      "count": 75,
      "avg_lat": 164.69333333333333,
      "avg_score": 98.90204444444444
    }
  }
}