{
  "scan_timestamp": "2025-12-08T02:59:35.824826+00:00",
  "duration_seconds": 913.98,
  "performance_metrics": {
    "total_processed": 476,
    "valid_configs": 213,
    "duplicates": 0,
    "failed_tests": 263,
    "success_rate": 44.75,
    "avg_latency_ms": 162.47,
    "avg_score": 98.92
  },
  "protocol_summary": {
    "vmess": {
      "count": 43,
      "avg_lat": 319.30232558139534,
      "avg_score": 97.87131782945735
    },
    "vless": {
      "count": 106,
      "avg_lat": 97.35849056603773,
      "avg_score": 99.35094339622643
    },
    "ss": {
      "count": 0,
      "avg_lat": 0.0,
      "avg_score": 0.0
    },
    "trojan": {
      "count": 64,
      "avg_lat": 164.9375,
      "avg_score": 98.90041666666667
    }
  }
}