{
  "scan_timestamp": "2025-12-27T13:38:47.183394+00:00",
  "duration_seconds": 1019.67,
  "performance_metrics": {
    "total_processed": 473,
    "valid_configs": 309,
    "duplicates": 0,
    "failed_tests": 164,
    "success_rate": 65.33,
    "avg_latency_ms": 121.57,
    "avg_score": 99.19
  },
  "protocol_summary": {
    "vmess": {
      "count": 86,
      "avg_lat": 75.45348837209302,
      "avg_score": 99.49697674418604
    },
    "vless": {
      "count": 117,
      "avg_lat": 114.05128205128206,
      "avg_score": 99.23965811965813
    },
    "ss": {
      "count": 0,
      "avg_lat": 0.0,
      "avg_score": 0.0
    },
    "trojan": {
      "count": 106,
      "avg_lat": 167.28301886792454,
      "avg_score": 98.88477987421383
    }
  }
}