{
  "scan_timestamp": "2026-01-15T06:33:38.746425+00:00",
  "duration_seconds": 945.76,
  "performance_metrics": {
    "total_processed": 460,
    "valid_configs": 291,
    "duplicates": 0,
    "failed_tests": 169,
    "success_rate": 63.26,
    "avg_latency_ms": 108.36,
    "avg_score": 99.28
  },
  "protocol_summary": {
    "vmess": {
      "count": 90,
      "avg_lat": 67.95555555555555,
      "avg_score": 99.54696296296297
    },
    "vless": {
      "count": 136,
      "avg_lat": 125.63235294117646,
      "avg_score": 99.16245098039217
    },
    "ss": {
      "count": 0,
      "avg_lat": 0.0,
      "avg_score": 0.0
    },
    "trojan": {
      "count": 65,
      "avg_lat": 128.1846153846154,
      "avg_score": 99.14543589743589
    }
  }
}