{
  "scan_timestamp": "2026-01-07T19:31:32.600336+00:00",
  "duration_seconds": 1128.17,
  "performance_metrics": {
    "total_processed": 481,
    "valid_configs": 342,
    "duplicates": 0,
    "failed_tests": 139,
    "success_rate": 71.1,
    "avg_latency_ms": 156.63,
    "avg_score": 98.96
  },
  "protocol_summary": {
    "vmess": {
      "count": 56,
      "avg_lat": 229.26785714285714,
      "avg_score": 98.47154761904763
    },
    "vless": {
      "count": 197,
      "avg_lat": 130.26903553299493,
      "avg_score": 99.13153976311337
    },
    "ss": {
      "count": 0,
      "avg_lat": 0.0,
      "avg_score": 0.0
    },
    "trojan": {
      "count": 89,
      "avg_lat": 169.26966292134833,
      "avg_score": 98.87153558052435
    }
  }
}