{
  "scan_timestamp": "2026-03-31T23:39:21.770870+00:00",
  "duration_seconds": 954.8,
  "performance_metrics": {
    "total_processed": 489,
    "valid_configs": 228,
    "duplicates": 0,
    "failed_tests": 261,
    "success_rate": 46.63,
    "avg_latency_ms": 120.27,
    "avg_score": 99.2
  },
  "protocol_summary": {
    "vmess": {
      "count": 3,
      "avg_lat": 113.66666666666667,
      "avg_score": 99.24222222222222
    },
    "vless": {
      "count": 224,
      "avg_lat": 120.42857142857143,
      "avg_score": 99.19714285714285
    },
    "ss": {
      "count": 0,
      "avg_lat": 0.0,
      "avg_score": 0.0
    },
    "trojan": {
      "count": 1,
      "avg_lat": 104.0,
      "avg_score": 99.30666666666667
    }
  }
}