{
  "scan_timestamp": "2026-04-20T09:44:48.131917+00:00",
  "duration_seconds": 868.01,
  "performance_metrics": {
    "total_processed": 486,
    "valid_configs": 218,
    "duplicates": 0,
    "failed_tests": 268,
    "success_rate": 44.86,
    "avg_latency_ms": 71.67,
    "avg_score": 99.52
  },
  "protocol_summary": {
    "vmess": {
      "count": 3,
      "avg_lat": 115.66666666666667,
      "avg_score": 99.22888888888889
    },
    "vless": {
      "count": 207,
      "avg_lat": 70.79227053140097,
      "avg_score": 99.52805152979066
    },
    "ss": {
      "count": 3,
      "avg_lat": 137.66666666666666,
      "avg_score": 99.08222222222223
    },
    "trojan": {
      "count": 5,
      "avg_lat": 42.0,
      "avg_score": 99.72
    }
  }
}