{
  "scan_timestamp": "2026-04-13T20:17:43.170649+00:00",
  "duration_seconds": 984.43,
  "performance_metrics": {
    "total_processed": 480,
    "valid_configs": 253,
    "duplicates": 0,
    "failed_tests": 227,
    "success_rate": 52.71,
    "avg_latency_ms": 62.54,
    "avg_score": 99.58
  },
  "protocol_summary": {
    "vmess": {
      "count": 2,
      "avg_lat": 111.0,
      "avg_score": 99.25999999999999
    },
    "vless": {
      "count": 243,
      "avg_lat": 62.39506172839506,
      "avg_score": 99.58403292181069
    },
    "ss": {
      "count": 2,
      "avg_lat": 117.5,
      "avg_score": 99.21666666666667
    },
    "trojan": {
      "count": 6,
      "avg_lat": 34.0,
      "avg_score": 99.77333333333333
    }
  }
}