{
  "scan_timestamp": "2026-07-11T19:15:23.280243+00:00",
  "duration_seconds": 420.91,
  "performance_metrics": {
    "total_processed": 443,
    "valid_configs": 133,
    "duplicates": 0,
    "failed_tests": 310,
    "success_rate": 30.02,
    "avg_latency_ms": 110.8,
    "avg_score": 99.26
  },
  "protocol_summary": {
    "vmess": {
      "count": 0,
      "avg_lat": 0.0,
      "avg_score": 0.0
    },
    "ss": {
      "count": 118,
      "avg_lat": 109.5677966101695,
      "avg_score": 99.26954802259887
    },
    "trojan": {
      "count": 15,
      "avg_lat": 120.53333333333333,
      "avg_score": 99.19644444444445
    }
  }
}