{
  "scan_timestamp": "2026-01-20T04:17:49.593938+00:00",
  "duration_seconds": 955.81,
  "performance_metrics": {
    "total_processed": 461,
    "valid_configs": 271,
    "duplicates": 0,
    "failed_tests": 190,
    "success_rate": 58.79,
    "avg_latency_ms": 107.94,
    "avg_score": 99.28
  },
  "protocol_summary": {
    "vmess": {
      "count": 112,
      "avg_lat": 94.08928571428571,
      "avg_score": 99.37273809523809
    },
    "vless": {
      "count": 111,
      "avg_lat": 113.96396396396396,
      "avg_score": 99.24024024024024
    },
    "ss": {
      "count": 0,
      "avg_lat": 0.0,
      "avg_score": 0.0
    },
    "trojan": {
      "count": 48,
      "avg_lat": 126.33333333333333,
      "avg_score": 99.15777777777778
    }
  }
}