{
  "scan_timestamp": "2026-04-20T18:02:18.435621+00:00",
  "duration_seconds": 869.77,
  "performance_metrics": {
    "total_processed": 483,
    "valid_configs": 226,
    "duplicates": 0,
    "failed_tests": 257,
    "success_rate": 46.79,
    "avg_latency_ms": 92.88,
    "avg_score": 99.38
  },
  "protocol_summary": {
    "vmess": {
      "count": 5,
      "avg_lat": 209.0,
      "avg_score": 98.60666666666665
    },
    "vless": {
      "count": 213,
      "avg_lat": 91.7605633802817,
      "avg_score": 99.38826291079812
    },
    "ss": {
      "count": 2,
      "avg_lat": 165.0,
      "avg_score": 98.9
    },
    "trojan": {
      "count": 6,
      "avg_lat": 11.666666666666666,
      "avg_score": 99.92222222222222
    }
  }
}