{
  "scan_timestamp": "2026-02-17T18:57:53.934579+00:00",
  "duration_seconds": 1055.87,
  "performance_metrics": {
    "total_processed": 456,
    "valid_configs": 313,
    "duplicates": 0,
    "failed_tests": 143,
    "success_rate": 68.64,
    "avg_latency_ms": 107.55,
    "avg_score": 99.28
  },
  "protocol_summary": {
    "vmess": {
      "count": 68,
      "avg_lat": 132.11764705882354,
      "avg_score": 99.11921568627452
    },
    "vless": {
      "count": 202,
      "avg_lat": 92.63366336633663,
      "avg_score": 99.38244224422442
    },
    "ss": {
      "count": 0,
      "avg_lat": 0.0,
      "avg_score": 0.0
    },
    "trojan": {
      "count": 43,
      "avg_lat": 138.7674418604651,
      "avg_score": 99.07488372093025
    }
  }
}