{
  "scan_timestamp": "2026-02-28T06:40:45.174168+00:00",
  "duration_seconds": 1109.62,
  "performance_metrics": {
    "total_processed": 473,
    "valid_configs": 333,
    "duplicates": 0,
    "failed_tests": 140,
    "success_rate": 70.4,
    "avg_latency_ms": 105.0,
    "avg_score": 99.3
  },
  "protocol_summary": {
    "vmess": {
      "count": 61,
      "avg_lat": 78.73770491803279,
      "avg_score": 99.47508196721311
    },
    "vless": {
      "count": 237,
      "avg_lat": 115.20253164556962,
      "avg_score": 99.23198312236286
    },
    "ss": {
      "count": 0,
      "avg_lat": 0.0,
      "avg_score": 0.0
    },
    "trojan": {
      "count": 35,
      "avg_lat": 81.68571428571428,
      "avg_score": 99.45542857142857
    }
  }
}