{
  "scan_timestamp": "2025-12-27T17:23:23.862889+00:00",
  "duration_seconds": 917.36,
  "performance_metrics": {
    "total_processed": 443,
    "valid_configs": 251,
    "duplicates": 0,
    "failed_tests": 192,
    "success_rate": 56.66,
    "avg_latency_ms": 122.29,
    "avg_score": 99.18
  },
  "protocol_summary": {
    "vmess": {
      "count": 42,
      "avg_lat": 193.66666666666666,
      "avg_score": 98.7088888888889
    },
    "vless": {
      "count": 165,
      "avg_lat": 85.83030303030303,
      "avg_score": 99.42779797979797
    },
    "ss": {
      "count": 0,
      "avg_lat": 0.0,
      "avg_score": 0.0
    },
    "trojan": {
      "count": 44,
      "avg_lat": 190.86363636363637,
      "avg_score": 98.72757575757576
    }
  }
}