{
  "scan_timestamp": "2026-02-11T21:41:45.597582+00:00",
  "duration_seconds": 1046.14,
  "performance_metrics": {
    "total_processed": 479,
    "valid_configs": 289,
    "duplicates": 0,
    "failed_tests": 190,
    "success_rate": 60.33,
    "avg_latency_ms": 122.71,
    "avg_score": 99.18
  },
  "protocol_summary": {
    "vmess": {
      "count": 46,
      "avg_lat": 105.15217391304348,
      "avg_score": 99.29898550724637
    },
    "vless": {
      "count": 202,
      "avg_lat": 121.51485148514851,
      "avg_score": 99.18990099009902
    },
    "ss": {
      "count": 0,
      "avg_lat": 0.0,
      "avg_score": 0.0
    },
    "trojan": {
      "count": 41,
      "avg_lat": 148.26829268292684,
      "avg_score": 99.01154471544716
    }
  }
}