{
  "scan_timestamp": "2026-06-28T17:17:44.895649+00:00",
  "duration_seconds": 429.12,
  "performance_metrics": {
    "total_processed": 454,
    "valid_configs": 140,
    "duplicates": 0,
    "failed_tests": 314,
    "success_rate": 30.84,
    "avg_latency_ms": 207.23,
    "avg_score": 98.62
  },
  "protocol_summary": {
    "vmess": {
      "count": 2,
      "avg_lat": 59.0,
      "avg_score": 99.60666666666667
    },
    "vless": {
      "count": 8,
      "avg_lat": 387.75,
      "avg_score": 97.415
    },
    "ss": {
      "count": 115,
      "avg_lat": 189.43478260869566,
      "avg_score": 98.73710144927536
    },
    "trojan": {
      "count": 15,
      "avg_lat": 267.1333333333333,
      "avg_score": 98.2191111111111
    }
  }
}