{
  "scan_timestamp": "2026-02-14T22:29:46.581403+00:00",
  "duration_seconds": 1097.34,
  "performance_metrics": {
    "total_processed": 464,
    "valid_configs": 338,
    "duplicates": 0,
    "failed_tests": 126,
    "success_rate": 72.84,
    "avg_latency_ms": 117.31,
    "avg_score": 99.22
  },
  "protocol_summary": {
    "vmess": {
      "count": 71,
      "avg_lat": 164.73239436619718,
      "avg_score": 98.90178403755868
    },
    "vless": {
      "count": 217,
      "avg_lat": 107.28571428571429,
      "avg_score": 99.28476190476191
    },
    "ss": {
      "count": 0,
      "avg_lat": 0.0,
      "avg_score": 0.0
    },
    "trojan": {
      "count": 50,
      "avg_lat": 93.5,
      "avg_score": 99.37666666666667
    }
  }
}