{
  "scan_timestamp": "2026-01-25T13:42:12.852599+00:00",
  "duration_seconds": 983.28,
  "performance_metrics": {
    "total_processed": 466,
    "valid_configs": 275,
    "duplicates": 0,
    "failed_tests": 191,
    "success_rate": 59.01,
    "avg_latency_ms": 99.6,
    "avg_score": 99.34
  },
  "protocol_summary": {
    "vmess": {
      "count": 86,
      "avg_lat": 71.56976744186046,
      "avg_score": 99.52286821705427
    },
    "vless": {
      "count": 152,
      "avg_lat": 102.625,
      "avg_score": 99.31583333333333
    },
    "ss": {
      "count": 0,
      "avg_lat": 0.0,
      "avg_score": 0.0
    },
    "trojan": {
      "count": 37,
      "avg_lat": 152.32432432432432,
      "avg_score": 98.9845045045045
    }
  }
}