{
  "scan_timestamp": "2025-12-30T09:32:59.721958+00:00",
  "duration_seconds": 1068.83,
  "performance_metrics": {
    "total_processed": 480,
    "valid_configs": 293,
    "duplicates": 0,
    "failed_tests": 187,
    "success_rate": 61.04,
    "avg_latency_ms": 108.46,
    "avg_score": 99.28
  },
  "protocol_summary": {
    "vmess": {
      "count": 43,
      "avg_lat": 110.97674418604652,
      "avg_score": 99.26015503875969
    },
    "vless": {
      "count": 214,
      "avg_lat": 92.43457943925233,
      "avg_score": 99.38376947040499
    },
    "ss": {
      "count": 0,
      "avg_lat": 0.0,
      "avg_score": 0.0
    },
    "trojan": {
      "count": 36,
      "avg_lat": 200.72222222222223,
      "avg_score": 98.66185185185185
    }
  }
}