{
  "scan_timestamp": "2026-01-05T15:32:26.046754+00:00",
  "duration_seconds": 1131.91,
  "performance_metrics": {
    "total_processed": 482,
    "valid_configs": 342,
    "duplicates": 0,
    "failed_tests": 140,
    "success_rate": 70.95,
    "avg_latency_ms": 146.09,
    "avg_score": 99.03
  },
  "protocol_summary": {
    "vmess": {
      "count": 25,
      "avg_lat": 136.56,
      "avg_score": 99.08959999999999
    },
    "vless": {
      "count": 256,
      "avg_lat": 131.3125,
      "avg_score": 99.12458333333333
    },
    "ss": {
      "count": 0,
      "avg_lat": 0.0,
      "avg_score": 0.0
    },
    "trojan": {
      "count": 61,
      "avg_lat": 212.0327868852459,
      "avg_score": 98.58644808743169
    }
  }
}