{
  "scan_timestamp": "2026-01-16T04:50:44.020664+00:00",
  "duration_seconds": 907.83,
  "performance_metrics": {
    "total_processed": 457,
    "valid_configs": 273,
    "duplicates": 0,
    "failed_tests": 184,
    "success_rate": 59.74,
    "avg_latency_ms": 111.45,
    "avg_score": 99.26
  },
  "protocol_summary": {
    "vmess": {
      "count": 84,
      "avg_lat": 117.25,
      "avg_score": 99.21833333333333
    },
    "vless": {
      "count": 117,
      "avg_lat": 69.37606837606837,
      "avg_score": 99.53749287749288
    },
    "ss": {
      "count": 0,
      "avg_lat": 0.0,
      "avg_score": 0.0
    },
    "trojan": {
      "count": 72,
      "avg_lat": 173.06944444444446,
      "avg_score": 98.8462037037037
    }
  }
}