{
  "scan_timestamp": "2026-03-29T21:37:13.359909+00:00",
  "duration_seconds": 990.56,
  "performance_metrics": {
    "total_processed": 477,
    "valid_configs": 224,
    "duplicates": 0,
    "failed_tests": 253,
    "success_rate": 46.96,
    "avg_latency_ms": 112.61,
    "avg_score": 99.25
  },
  "protocol_summary": {
    "vmess": {
      "count": 20,
      "avg_lat": 134.85,
      "avg_score": 99.101
    },
    "vless": {
      "count": 199,
      "avg_lat": 108.20100502512562,
      "avg_score": 99.27865996649916
    },
    "ss": {
      "count": 1,
      "avg_lat": 130.0,
      "avg_score": 99.13333333333334
    },
    "trojan": {
      "count": 4,
      "avg_lat": 216.25,
      "avg_score": 98.55833333333334
    }
  }
}