{
  "scan_timestamp": "2026-07-21T23:00:54.204011+00:00",
  "duration_seconds": 309.95,
  "performance_metrics": {
    "total_processed": 430,
    "valid_configs": 84,
    "duplicates": 0,
    "failed_tests": 346,
    "success_rate": 19.53,
    "avg_latency_ms": 142.26,
    "avg_score": 99.05
  },
  "protocol_summary": {
    "vmess": {
      "count": 1,
      "avg_lat": 140.0,
      "avg_score": 99.06666666666666
    },
    "vless": {
      "count": 3,
      "avg_lat": 52.0,
      "avg_score": 99.65333333333332
    },
    "ss": {
      "count": 77,
      "avg_lat": 136.84415584415584,
      "avg_score": 99.08770562770563
    },
    "trojan": {
      "count": 3,
      "avg_lat": 372.3333333333333,
      "avg_score": 97.51777777777778
    }
  }
}