{
  "scan_timestamp": "2026-02-04T20:37:33.892276+00:00",
  "duration_seconds": 1005.33,
  "performance_metrics": {
    "total_processed": 479,
    "valid_configs": 256,
    "duplicates": 0,
    "failed_tests": 223,
    "success_rate": 53.44,
    "avg_latency_ms": 171.67,
    "avg_score": 98.86
  },
  "protocol_summary": {
    "vmess": {
      "count": 62,
      "avg_lat": 118.43548387096774,
      "avg_score": 99.21043010752688
    },
    "vless": {
      "count": 139,
      "avg_lat": 132.20863309352518,
      "avg_score": 99.11860911270982
    },
    "ss": {
      "count": 0,
      "avg_lat": 0.0,
      "avg_score": 0.0
    },
    "trojan": {
      "count": 55,
      "avg_lat": 331.41818181818184,
      "avg_score": 97.79054545454545
    }
  }
}