{
  "scan_timestamp": "2026-07-01T12:40:11.903867+00:00",
  "duration_seconds": 427.01,
  "performance_metrics": {
    "total_processed": 453,
    "valid_configs": 135,
    "duplicates": 0,
    "failed_tests": 318,
    "success_rate": 29.8,
    "avg_latency_ms": 138.16,
    "avg_score": 99.08
  },
  "protocol_summary": {
    "vmess": {
      "count": 1,
      "avg_lat": 33.0,
      "avg_score": 99.78
    },
    "vless": {
      "count": 11,
      "avg_lat": 253.54545454545453,
      "avg_score": 98.30969696969697
    },
    "ss": {
      "count": 115,
      "avg_lat": 133.47826086956522,
      "avg_score": 99.11014492753623
    },
    "trojan": {
      "count": 8,
      "avg_lat": 59.875,
      "avg_score": 99.60083333333334
    }
  }
}