{
  "scan_timestamp": "2025-12-24T08:30:18.354939+00:00",
  "duration_seconds": 884.22,
  "performance_metrics": {
    "total_processed": 444,
    "valid_configs": 237,
    "duplicates": 0,
    "failed_tests": 207,
    "success_rate": 53.38,
    "avg_latency_ms": 108.03,
    "avg_score": 99.28
  },
  "protocol_summary": {
    "vmess": {
      "count": 59,
      "avg_lat": 121.71186440677967,
      "avg_score": 99.18858757062148
    },
    "vless": {
      "count": 128,
      "avg_lat": 80.4140625,
      "avg_score": 99.46390625000001
    },
    "ss": {
      "count": 0,
      "avg_lat": 0.0,
      "avg_score": 0.0
    },
    "trojan": {
      "count": 50,
      "avg_lat": 162.6,
      "avg_score": 98.916
    }
  }
}