{
  "scan_timestamp": "2026-03-27T17:57:33.627077+00:00",
  "duration_seconds": 1022.86,
  "performance_metrics": {
    "total_processed": 461,
    "valid_configs": 291,
    "duplicates": 0,
    "failed_tests": 170,
    "success_rate": 63.12,
    "avg_latency_ms": 84.31,
    "avg_score": 99.44
  },
  "protocol_summary": {
    "vmess": {
      "count": 17,
      "avg_lat": 109.70588235294117,
      "avg_score": 99.26862745098039
    },
    "vless": {
      "count": 248,
      "avg_lat": 68.6008064516129,
      "avg_score": 99.54266129032257
    },
    "ss": {
      "count": 8,
      "avg_lat": 422.5,
      "avg_score": 97.18333333333334
    },
    "trojan": {
      "count": 18,
      "avg_lat": 126.38888888888889,
      "avg_score": 99.1574074074074
    }
  }
}