{
  "scan_timestamp": "2026-02-12T21:40:04.555743+00:00",
  "duration_seconds": 1018.34,
  "performance_metrics": {
    "total_processed": 467,
    "valid_configs": 310,
    "duplicates": 0,
    "failed_tests": 157,
    "success_rate": 66.38,
    "avg_latency_ms": 158.59,
    "avg_score": 98.94
  },
  "protocol_summary": {
    "vmess": {
      "count": 62,
      "avg_lat": 206.3548387096774,
      "avg_score": 98.62430107526882
    },
    "vless": {
      "count": 208,
      "avg_lat": 151.78365384615384,
      "avg_score": 98.98810897435898
    },
    "ss": {
      "count": 0,
      "avg_lat": 0.0,
      "avg_score": 0.0
    },
    "trojan": {
      "count": 40,
      "avg_lat": 119.95,
      "avg_score": 99.20033333333333
    }
  }
}