{
  "scan_timestamp": "2026-01-30T20:28:24.999435+00:00",
  "duration_seconds": 717.07,
  "performance_metrics": {
    "total_processed": 418,
    "valid_configs": 185,
    "duplicates": 0,
    "failed_tests": 233,
    "success_rate": 44.26,
    "avg_latency_ms": 95.57,
    "avg_score": 99.36
  },
  "protocol_summary": {
    "vmess": {
      "count": 65,
      "avg_lat": 81.01538461538462,
      "avg_score": 99.45989743589743
    },
    "vless": {
      "count": 75,
      "avg_lat": 88.09333333333333,
      "avg_score": 99.41271111111111
    },
    "ss": {
      "count": 1,
      "avg_lat": 130.0,
      "avg_score": 99.13333333333334
    },
    "trojan": {
      "count": 44,
      "avg_lat": 129.04545454545453,
      "avg_score": 99.13969696969697
    }
  }
}