{
  "scan_timestamp": "2025-12-26T21:25:18.177344+00:00",
  "duration_seconds": 975.64,
  "performance_metrics": {
    "total_processed": 465,
    "valid_configs": 283,
    "duplicates": 0,
    "failed_tests": 182,
    "success_rate": 60.86,
    "avg_latency_ms": 130.42,
    "avg_score": 99.13
  },
  "protocol_summary": {
    "vmess": {
      "count": 72,
      "avg_lat": 128.09722222222223,
      "avg_score": 99.14601851851852
    },
    "vless": {
      "count": 117,
      "avg_lat": 91.34188034188034,
      "avg_score": 99.39105413105413
    },
    "ss": {
      "count": 0,
      "avg_lat": 0.0,
      "avg_score": 0.0
    },
    "trojan": {
      "count": 94,
      "avg_lat": 180.8404255319149,
      "avg_score": 98.79439716312058
    }
  }
}