{
  "scan_timestamp": "2026-03-15T01:18:38.149157+00:00",
  "duration_seconds": 364.48,
  "performance_metrics": {
    "total_processed": 363,
    "valid_configs": 93,
    "duplicates": 0,
    "failed_tests": 270,
    "success_rate": 25.62,
    "avg_latency_ms": 125.03,
    "avg_score": 99.17
  },
  "protocol_summary": {
    "vmess": {
      "count": 1,
      "avg_lat": 81.0,
      "avg_score": 99.46
    },
    "vless": {
      "count": 29,
      "avg_lat": 87.37931034482759,
      "avg_score": 99.41747126436782
    },
    "ss": {
      "count": 62,
      "avg_lat": 145.20967741935485,
      "avg_score": 99.03193548387097
    },
    "trojan": {
      "count": 1,
      "avg_lat": 10.0,
      "avg_score": 99.93333333333334
    }
  }
}