{
  "scan_timestamp": "2025-12-31T13:42:13.419810+00:00",
  "duration_seconds": 972.87,
  "performance_metrics": {
    "total_processed": 441,
    "valid_configs": 287,
    "duplicates": 0,
    "failed_tests": 154,
    "success_rate": 65.08,
    "avg_latency_ms": 108.92,
    "avg_score": 99.27
  },
  "protocol_summary": {
    "vmess": {
      "count": 60,
      "avg_lat": 111.38333333333334,
      "avg_score": 99.25744444444445
    },
    "vless": {
      "count": 159,
      "avg_lat": 101.74213836477988,
      "avg_score": 99.32171907756813
    },
    "ss": {
      "count": 0,
      "avg_lat": 0.0,
      "avg_score": 0.0
    },
    "trojan": {
      "count": 68,
      "avg_lat": 123.54411764705883,
      "avg_score": 99.17637254901962
    }
  }
}