{
  "scan_timestamp": "2025-12-27T11:24:49.323161+00:00",
  "duration_seconds": 1013.32,
  "performance_metrics": {
    "total_processed": 473,
    "valid_configs": 304,
    "duplicates": 0,
    "failed_tests": 169,
    "success_rate": 64.27,
    "avg_latency_ms": 108.89,
    "avg_score": 99.27
  },
  "protocol_summary": {
    "vmess": {
      "count": 80,
      "avg_lat": 95.825,
      "avg_score": 99.36116666666666
    },
    "vless": {
      "count": 116,
      "avg_lat": 81.98275862068965,
      "avg_score": 99.45344827586207
    },
    "ss": {
      "count": 0,
      "avg_lat": 0.0,
      "avg_score": 0.0
    },
    "trojan": {
      "count": 108,
      "avg_lat": 147.4814814814815,
      "avg_score": 99.01679012345679
    }
  }
}