{
  "scan_timestamp": "2026-02-07T18:36:53.547127+00:00",
  "duration_seconds": 1102.76,
  "performance_metrics": {
    "total_processed": 483,
    "valid_configs": 316,
    "duplicates": 0,
    "failed_tests": 167,
    "success_rate": 65.42,
    "avg_latency_ms": 123.05,
    "avg_score": 99.18
  },
  "protocol_summary": {
    "vmess": {
      "count": 71,
      "avg_lat": 85.15492957746478,
      "avg_score": 99.43230046948358
    },
    "vless": {
      "count": 186,
      "avg_lat": 112.73118279569893,
      "avg_score": 99.248458781362
    },
    "ss": {
      "count": 0,
      "avg_lat": 0.0,
      "avg_score": 0.0
    },
    "trojan": {
      "count": 59,
      "avg_lat": 201.16949152542372,
      "avg_score": 98.65887005649716
    }
  }
}