{
  "scan_timestamp": "2026-01-30T21:29:00.740896+00:00",
  "duration_seconds": 713.94,
  "performance_metrics": {
    "total_processed": 418,
    "valid_configs": 184,
    "duplicates": 0,
    "failed_tests": 234,
    "success_rate": 44.02,
    "avg_latency_ms": 101.3,
    "avg_score": 99.32
  },
  "protocol_summary": {
    "vmess": {
      "count": 66,
      "avg_lat": 76.39393939393939,
      "avg_score": 99.49070707070706
    },
    "vless": {
      "count": 74,
      "avg_lat": 74.27027027027027,
      "avg_score": 99.50486486486486
    },
    "ss": {
      "count": 1,
      "avg_lat": 97.0,
      "avg_score": 99.35333333333334
    },
    "trojan": {
      "count": 43,
      "avg_lat": 186.1627906976744,
      "avg_score": 98.75891472868217
    }
  }
}