{
  "scan_timestamp": "2026-03-05T11:42:54.874732+00:00",
  "duration_seconds": 1081.56,
  "performance_metrics": {
    "total_processed": 473,
    "valid_configs": 324,
    "duplicates": 0,
    "failed_tests": 149,
    "success_rate": 68.5,
    "avg_latency_ms": 89.5,
    "avg_score": 99.4
  },
  "protocol_summary": {
    "vmess": {
      "count": 60,
      "avg_lat": 58.6,
      "avg_score": 99.60933333333332
    },
    "vless": {
      "count": 229,
      "avg_lat": 97.28384279475982,
      "avg_score": 99.35144104803493
    },
    "ss": {
      "count": 0,
      "avg_lat": 0.0,
      "avg_score": 0.0
    },
    "trojan": {
      "count": 35,
      "avg_lat": 91.57142857142857,
      "avg_score": 99.38952380952381
    }
  }
}