{
  "scan_timestamp": "2026-02-05T23:32:03.938065+00:00",
  "duration_seconds": 1048.01,
  "performance_metrics": {
    "total_processed": 478,
    "valid_configs": 287,
    "duplicates": 0,
    "failed_tests": 191,
    "success_rate": 60.04,
    "avg_latency_ms": 108.86,
    "avg_score": 99.27
  },
  "protocol_summary": {
    "vmess": {
      "count": 71,
      "avg_lat": 104.35211267605634,
      "avg_score": 99.30431924882629
    },
    "vless": {
      "count": 152,
      "avg_lat": 71.42763157894737,
      "avg_score": 99.52381578947367
    },
    "ss": {
      "count": 0,
      "avg_lat": 0.0,
      "avg_score": 0.0
    },
    "trojan": {
      "count": 64,
      "avg_lat": 202.78125,
      "avg_score": 98.648125
    }
  }
}