{
  "scan_timestamp": "2026-03-14T19:24:40.357851+00:00",
  "duration_seconds": 363.7,
  "performance_metrics": {
    "total_processed": 364,
    "valid_configs": 93,
    "duplicates": 0,
    "failed_tests": 271,
    "success_rate": 25.55,
    "avg_latency_ms": 88.87,
    "avg_score": 99.41
  },
  "protocol_summary": {
    "vmess": {
      "count": 2,
      "avg_lat": 13.5,
      "avg_score": 99.91
    },
    "vless": {
      "count": 28,
      "avg_lat": 49.92857142857143,
      "avg_score": 99.66714285714285
    },
    "ss": {
      "count": 62,
      "avg_lat": 110.2258064516129,
      "avg_score": 99.26516129032258
    },
    "trojan": {
      "count": 1,
      "avg_lat": 6.0,
      "avg_score": 99.96
    }
  }
}