{
  "scan_timestamp": "2026-01-24T15:24:16.521886+00:00",
  "duration_seconds": 845.3,
  "performance_metrics": {
    "total_processed": 426,
    "valid_configs": 226,
    "duplicates": 0,
    "failed_tests": 200,
    "success_rate": 53.05,
    "avg_latency_ms": 117.23,
    "avg_score": 99.22
  },
  "protocol_summary": {
    "vmess": {
      "count": 55,
      "avg_lat": 116.07272727272728,
      "avg_score": 99.22618181818181
    },
    "vless": {
      "count": 134,
      "avg_lat": 109.04477611940298,
      "avg_score": 99.27303482587064
    },
    "ss": {
      "count": 0,
      "avg_lat": 0.0,
      "avg_score": 0.0
    },
    "trojan": {
      "count": 37,
      "avg_lat": 148.56756756756758,
      "avg_score": 99.00954954954955
    }
  }
}