{
  "scan_timestamp": "2026-01-17T07:26:34.689467+00:00",
  "duration_seconds": 934.07,
  "performance_metrics": {
    "total_processed": 472,
    "valid_configs": 241,
    "duplicates": 0,
    "failed_tests": 231,
    "success_rate": 51.06,
    "avg_latency_ms": 120.45,
    "avg_score": 99.2
  },
  "protocol_summary": {
    "vmess": {
      "count": 62,
      "avg_lat": 87.85483870967742,
      "avg_score": 99.41430107526881
    },
    "vless": {
      "count": 130,
      "avg_lat": 81.0923076923077,
      "avg_score": 99.45938461538461
    },
    "ss": {
      "count": 0,
      "avg_lat": 0.0,
      "avg_score": 0.0
    },
    "trojan": {
      "count": 49,
      "avg_lat": 266.1020408163265,
      "avg_score": 98.22598639455784
    }
  }
}