{
  "scan_timestamp": "2026-01-19T06:37:58.543904+00:00",
  "duration_seconds": 935.9,
  "performance_metrics": {
    "total_processed": 451,
    "valid_configs": 264,
    "duplicates": 0,
    "failed_tests": 187,
    "success_rate": 58.54,
    "avg_latency_ms": 115.01,
    "avg_score": 99.23
  },
  "protocol_summary": {
    "vmess": {
      "count": 114,
      "avg_lat": 92.64912280701755,
      "avg_score": 99.38233918128654
    },
    "vless": {
      "count": 105,
      "avg_lat": 113.05714285714286,
      "avg_score": 99.24628571428572
    },
    "ss": {
      "count": 0,
      "avg_lat": 0.0,
      "avg_score": 0.0
    },
    "trojan": {
      "count": 45,
      "avg_lat": 176.2,
      "avg_score": 98.82533333333335
    }
  }
}