{
  "scan_timestamp": "2026-03-18T05:59:24.122713+00:00",
  "duration_seconds": 209.67,
  "performance_metrics": {
    "total_processed": 391,
    "valid_configs": 38,
    "duplicates": 0,
    "failed_tests": 353,
    "success_rate": 9.72,
    "avg_latency_ms": 116.16,
    "avg_score": 99.23
  },
  "protocol_summary": {
    "vmess": {
      "count": 1,
      "avg_lat": 64.0,
      "avg_score": 99.57333333333334
    },
    "vless": {
      "count": 28,
      "avg_lat": 73.10714285714286,
      "avg_score": 99.51261904761905
    },
    "ss": {
      "count": 6,
      "avg_lat": 378.0,
      "avg_score": 97.48
    },
    "trojan": {
      "count": 3,
      "avg_lat": 11.666666666666666,
      "avg_score": 99.92222222222222
    }
  }
}