{
  "scan_timestamp": "2025-12-18T17:29:00.505473+00:00",
  "duration_seconds": 846.94,
  "performance_metrics": {
    "total_processed": 428,
    "valid_configs": 223,
    "duplicates": 0,
    "failed_tests": 205,
    "success_rate": 52.1,
    "avg_latency_ms": 110.99,
    "avg_score": 99.26
  },
  "protocol_summary": {
    "vmess": {
      "count": 47,
      "avg_lat": 149.87234042553192,
      "avg_score": 99.00085106382978
    },
    "vless": {
      "count": 144,
      "avg_lat": 96.85416666666667,
      "avg_score": 99.35430555555556
    },
    "ss": {
      "count": 0,
      "avg_lat": 0.0,
      "avg_score": 0.0
    },
    "trojan": {
      "count": 32,
      "avg_lat": 117.5,
      "avg_score": 99.21666666666667
    }
  }
}