{
  "scan_timestamp": "2026-01-04T19:26:05.443646+00:00",
  "duration_seconds": 1103.14,
  "performance_metrics": {
    "total_processed": 485,
    "valid_configs": 328,
    "duplicates": 0,
    "failed_tests": 157,
    "success_rate": 67.63,
    "avg_latency_ms": 148.45,
    "avg_score": 99.01
  },
  "protocol_summary": {
    "vmess": {
      "count": 35,
      "avg_lat": 105.25714285714285,
      "avg_score": 99.29828571428571
    },
    "vless": {
      "count": 273,
      "avg_lat": 149.9084249084249,
      "avg_score": 99.0006105006105
    },
    "ss": {
      "count": 0,
      "avg_lat": 0.0,
      "avg_score": 0.0
    },
    "trojan": {
      "count": 20,
      "avg_lat": 204.15,
      "avg_score": 98.639
    }
  }
}