{
  "scan_timestamp": "2026-01-26T12:41:13.065151+00:00",
  "duration_seconds": 1097.13,
  "performance_metrics": {
    "total_processed": 477,
    "valid_configs": 333,
    "duplicates": 0,
    "failed_tests": 144,
    "success_rate": 69.81,
    "avg_latency_ms": 87.29,
    "avg_score": 99.42
  },
  "protocol_summary": {
    "vmess": {
      "count": 43,
      "avg_lat": 93.76744186046511,
      "avg_score": 99.37488372093023
    },
    "vless": {
      "count": 226,
      "avg_lat": 75.85840707964601,
      "avg_score": 99.49427728613568
    },
    "ss": {
      "count": 0,
      "avg_lat": 0.0,
      "avg_score": 0.0
    },
    "trojan": {
      "count": 64,
      "avg_lat": 123.28125,
      "avg_score": 99.178125
    }
  }
}