{
  "scan_timestamp": "2026-01-12T01:13:13.364082+00:00",
  "duration_seconds": 1071.13,
  "performance_metrics": {
    "total_processed": 478,
    "valid_configs": 335,
    "duplicates": 0,
    "failed_tests": 143,
    "success_rate": 70.08,
    "avg_latency_ms": 129.68,
    "avg_score": 99.14
  },
  "protocol_summary": {
    "vmess": {
      "count": 101,
      "avg_lat": 116.79207920792079,
      "avg_score": 99.22138613861387
    },
    "vless": {
      "count": 151,
      "avg_lat": 123.33112582781457,
      "avg_score": 99.17779249448124
    },
    "ss": {
      "count": 0,
      "avg_lat": 0.0,
      "avg_score": 0.0
    },
    "trojan": {
      "count": 83,
      "avg_lat": 156.9277108433735,
      "avg_score": 98.95381526104417
    }
  }
}