{
  "scan_timestamp": "2026-02-19T14:20:29.046635+00:00",
  "duration_seconds": 1184.2,
  "performance_metrics": {
    "total_processed": 474,
    "valid_configs": 379,
    "duplicates": 0,
    "failed_tests": 95,
    "success_rate": 79.96,
    "avg_latency_ms": 90.55,
    "avg_score": 99.4
  },
  "protocol_summary": {
    "vmess": {
      "count": 65,
      "avg_lat": 85.64615384615385,
      "avg_score": 99.42902564102563
    },
    "vless": {
      "count": 282,
      "avg_lat": 96.68439716312056,
      "avg_score": 99.35543735224586
    },
    "trojan": {
      "count": 32,
      "avg_lat": 46.4375,
      "avg_score": 99.69041666666666
    }
  }
}