{
  "scan_timestamp": "2026-07-05T22:08:49.206510+00:00",
  "duration_seconds": 464.46,
  "performance_metrics": {
    "total_processed": 465,
    "valid_configs": 143,
    "duplicates": 0,
    "failed_tests": 322,
    "success_rate": 30.75,
    "avg_latency_ms": 149.37,
    "avg_score": 99.0
  },
  "protocol_summary": {
    "vmess": {
      "count": 1,
      "avg_lat": 69.0,
      "avg_score": 99.54
    },
    "vless": {
      "count": 2,
      "avg_lat": 632.5,
      "avg_score": 95.78333333333333
    },
    "ss": {
      "count": 127,
      "avg_lat": 156.09448818897638,
      "avg_score": 98.95937007874016
    },
    "trojan": {
      "count": 13,
      "avg_lat": 15.538461538461538,
      "avg_score": 99.89641025641026
    }
  }
}