{
  "scan_timestamp": "2026-04-19T19:47:31.754731+00:00",
  "duration_seconds": 859.35,
  "performance_metrics": {
    "total_processed": 486,
    "valid_configs": 215,
    "duplicates": 0,
    "failed_tests": 271,
    "success_rate": 44.24,
    "avg_latency_ms": 70.5,
    "avg_score": 99.53
  },
  "protocol_summary": {
    "vmess": {
      "count": 2,
      "avg_lat": 108.5,
      "avg_score": 99.27666666666667
    },
    "vless": {
      "count": 206,
      "avg_lat": 70.0,
      "avg_score": 99.53333333333333
    },
    "ss": {
      "count": 3,
      "avg_lat": 138.33333333333334,
      "avg_score": 99.07777777777778
    },
    "trojan": {
      "count": 4,
      "avg_lat": 26.5,
      "avg_score": 99.82333333333334
    }
  }
}