{
  "scan_timestamp": "2025-12-31T12:35:22.223474+00:00",
  "duration_seconds": 918.7,
  "performance_metrics": {
    "total_processed": 441,
    "valid_configs": 268,
    "duplicates": 0,
    "failed_tests": 173,
    "success_rate": 60.77,
    "avg_latency_ms": 163.94,
    "avg_score": 98.91
  },
  "protocol_summary": {
    "vmess": {
      "count": 39,
      "avg_lat": 171.51282051282053,
      "avg_score": 98.8565811965812
    },
    "vless": {
      "count": 159,
      "avg_lat": 163.67924528301887,
      "avg_score": 98.90880503144655
    },
    "ss": {
      "count": 0,
      "avg_lat": 0.0,
      "avg_score": 0.0
    },
    "trojan": {
      "count": 70,
      "avg_lat": 160.31428571428572,
      "avg_score": 98.93123809523809
    }
  }
}