{
  "scan_timestamp": "2026-03-02T22:35:13.300366+00:00",
  "duration_seconds": 1087.36,
  "performance_metrics": {
    "total_processed": 473,
    "valid_configs": 326,
    "duplicates": 0,
    "failed_tests": 147,
    "success_rate": 68.92,
    "avg_latency_ms": 78.23,
    "avg_score": 99.48
  },
  "protocol_summary": {
    "vmess": {
      "count": 60,
      "avg_lat": 48.61666666666667,
      "avg_score": 99.67588888888889
    },
    "vless": {
      "count": 231,
      "avg_lat": 86.71428571428571,
      "avg_score": 99.42190476190476
    },
    "ss": {
      "count": 0,
      "avg_lat": 0.0,
      "avg_score": 0.0
    },
    "trojan": {
      "count": 35,
      "avg_lat": 73.0,
      "avg_score": 99.51333333333334
    }
  }
}