{
  "scan_timestamp": "2025-12-22T13:41:53.763760+00:00",
  "duration_seconds": 864.49,
  "performance_metrics": {
    "total_processed": 432,
    "valid_configs": 231,
    "duplicates": 0,
    "failed_tests": 201,
    "success_rate": 53.47,
    "avg_latency_ms": 97.92,
    "avg_score": 99.35
  },
  "protocol_summary": {
    "vmess": {
      "count": 49,
      "avg_lat": 106.42857142857143,
      "avg_score": 99.2904761904762
    },
    "vless": {
      "count": 137,
      "avg_lat": 65.26277372262774,
      "avg_score": 99.56491484184914
    },
    "ss": {
      "count": 0,
      "avg_lat": 0.0,
      "avg_score": 0.0
    },
    "trojan": {
      "count": 45,
      "avg_lat": 188.06666666666666,
      "avg_score": 98.74622222222222
    }
  }
}