{
  "scan_timestamp": "2026-03-19T10:32:25.940706+00:00",
  "duration_seconds": 230.26,
  "performance_metrics": {
    "total_processed": 406,
    "valid_configs": 43,
    "duplicates": 0,
    "failed_tests": 363,
    "success_rate": 10.59,
    "avg_latency_ms": 31.6,
    "avg_score": 99.79
  },
  "protocol_summary": {
    "vmess": {
      "count": 1,
      "avg_lat": 21.0,
      "avg_score": 99.86
    },
    "vless": {
      "count": 28,
      "avg_lat": 41.964285714285715,
      "avg_score": 99.72023809523809
    },
    "ss": {
      "count": 1,
      "avg_lat": 123.0,
      "avg_score": 99.18
    },
    "trojan": {
      "count": 13,
      "avg_lat": 3.076923076923077,
      "avg_score": 99.97948717948718
    }
  }
}