{
  "scan_timestamp": "2026-01-05T01:14:24.790740+00:00",
  "duration_seconds": 1056.51,
  "performance_metrics": {
    "total_processed": 479,
    "valid_configs": 315,
    "duplicates": 0,
    "failed_tests": 164,
    "success_rate": 65.76,
    "avg_latency_ms": 104.87,
    "avg_score": 99.3
  },
  "protocol_summary": {
    "vmess": {
      "count": 54,
      "avg_lat": 153.27777777777777,
      "avg_score": 98.97814814814814
    },
    "vless": {
      "count": 232,
      "avg_lat": 87.52586206896552,
      "avg_score": 99.41649425287356
    },
    "ss": {
      "count": 0,
      "avg_lat": 0.0,
      "avg_score": 0.0
    },
    "trojan": {
      "count": 29,
      "avg_lat": 153.51724137931035,
      "avg_score": 98.97655172413792
    }
  }
}