{
  "scan_timestamp": "2026-03-03T09:48:21.626167+00:00",
  "duration_seconds": 1084.2,
  "performance_metrics": {
    "total_processed": 473,
    "valid_configs": 325,
    "duplicates": 0,
    "failed_tests": 148,
    "success_rate": 68.71,
    "avg_latency_ms": 85.23,
    "avg_score": 99.43
  },
  "protocol_summary": {
    "vmess": {
      "count": 60,
      "avg_lat": 59.06666666666667,
      "avg_score": 99.60622222222221
    },
    "vless": {
      "count": 230,
      "avg_lat": 97.12173913043478,
      "avg_score": 99.35252173913044
    },
    "ss": {
      "count": 0,
      "avg_lat": 0.0,
      "avg_score": 0.0
    },
    "trojan": {
      "count": 35,
      "avg_lat": 51.91428571428571,
      "avg_score": 99.65390476190477
    }
  }
}