{
  "scan_timestamp": "2026-01-13T15:30:57.344276+00:00",
  "duration_seconds": 962.4,
  "performance_metrics": {
    "total_processed": 434,
    "valid_configs": 273,
    "duplicates": 0,
    "failed_tests": 161,
    "success_rate": 62.9,
    "avg_latency_ms": 123.98,
    "avg_score": 99.17
  },
  "protocol_summary": {
    "vmess": {
      "count": 47,
      "avg_lat": 150.29787234042553,
      "avg_score": 98.99801418439716
    },
    "vless": {
      "count": 178,
      "avg_lat": 75.08988764044943,
      "avg_score": 99.49940074906367
    },
    "ss": {
      "count": 0,
      "avg_lat": 0.0,
      "avg_score": 0.0
    },
    "trojan": {
      "count": 48,
      "avg_lat": 279.5,
      "avg_score": 98.13666666666667
    }
  }
}