{
  "scan_timestamp": "2026-01-24T20:25:09.208213+00:00",
  "duration_seconds": 874.53,
  "performance_metrics": {
    "total_processed": 428,
    "valid_configs": 233,
    "duplicates": 0,
    "failed_tests": 195,
    "success_rate": 54.44,
    "avg_latency_ms": 140.72,
    "avg_score": 99.06
  },
  "protocol_summary": {
    "vmess": {
      "count": 58,
      "avg_lat": 95.55172413793103,
      "avg_score": 99.36298850574713
    },
    "vless": {
      "count": 137,
      "avg_lat": 162.4963503649635,
      "avg_score": 98.9166909975669
    },
    "ss": {
      "count": 2,
      "avg_lat": 52.0,
      "avg_score": 99.65333333333334
    },
    "trojan": {
      "count": 36,
      "avg_lat": 135.55555555555554,
      "avg_score": 99.0962962962963
    }
  }
}