{
  "scan_timestamp": "2026-03-01T18:35:47.153904+00:00",
  "duration_seconds": 1095.38,
  "performance_metrics": {
    "total_processed": 473,
    "valid_configs": 330,
    "duplicates": 0,
    "failed_tests": 143,
    "success_rate": 69.77,
    "avg_latency_ms": 70.28,
    "avg_score": 99.53
  },
  "protocol_summary": {
    "vmess": {
      "count": 59,
      "avg_lat": 48.59322033898305,
      "avg_score": 99.67604519774011
    },
    "vless": {
      "count": 236,
      "avg_lat": 75.45338983050847,
      "avg_score": 99.49697740112994
    },
    "ss": {
      "count": 0,
      "avg_lat": 0.0,
      "avg_score": 0.0
    },
    "trojan": {
      "count": 35,
      "avg_lat": 71.94285714285714,
      "avg_score": 99.52038095238095
    }
  }
}