{
  "scan_timestamp": "2026-01-14T20:23:23.813237+00:00",
  "duration_seconds": 767.75,
  "performance_metrics": {
    "total_processed": 408,
    "valid_configs": 226,
    "duplicates": 0,
    "failed_tests": 182,
    "success_rate": 55.39,
    "avg_latency_ms": 88.15,
    "avg_score": 99.41
  },
  "protocol_summary": {
    "vmess": {
      "count": 93,
      "avg_lat": 77.26881720430107,
      "avg_score": 99.48487455197133
    },
    "vless": {
      "count": 51,
      "avg_lat": 36.470588235294116,
      "avg_score": 99.75686274509805
    },
    "ss": {
      "count": 0,
      "avg_lat": 0.0,
      "avg_score": 0.0
    },
    "trojan": {
      "count": 82,
      "avg_lat": 132.6341463414634,
      "avg_score": 99.11577235772357
    }
  }
}