{
  "scan_timestamp": "2026-04-04T15:35:01.331198+00:00",
  "duration_seconds": 889.29,
  "performance_metrics": {
    "total_processed": 481,
    "valid_configs": 189,
    "duplicates": 0,
    "failed_tests": 292,
    "success_rate": 39.29,
    "avg_latency_ms": 97.5,
    "avg_score": 99.35
  },
  "protocol_summary": {
    "vmess": {
      "count": 1,
      "avg_lat": 22.0,
      "avg_score": 99.85333333333334
    },
    "vless": {
      "count": 183,
      "avg_lat": 98.17486338797814,
      "avg_score": 99.34550091074681
    },
    "ss": {
      "count": 1,
      "avg_lat": 99.0,
      "avg_score": 99.34
    },
    "trojan": {
      "count": 4,
      "avg_lat": 85.0,
      "avg_score": 99.43333333333334
    }
  }
}