{
  "scan_timestamp": "2026-03-01T12:41:09.757366+00:00",
  "duration_seconds": 1091.73,
  "performance_metrics": {
    "total_processed": 473,
    "valid_configs": 328,
    "duplicates": 0,
    "failed_tests": 145,
    "success_rate": 69.34,
    "avg_latency_ms": 73.58,
    "avg_score": 99.51
  },
  "protocol_summary": {
    "vmess": {
      "count": 59,
      "avg_lat": 48.779661016949156,
      "avg_score": 99.674802259887
    },
    "vless": {
      "count": 234,
      "avg_lat": 83.73931623931624,
      "avg_score": 99.44173789173789
    },
    "ss": {
      "count": 0,
      "avg_lat": 0.0,
      "avg_score": 0.0
    },
    "trojan": {
      "count": 35,
      "avg_lat": 47.48571428571429,
      "avg_score": 99.68342857142858
    }
  }
}