{
  "scan_timestamp": "2026-01-31T12:37:17.621254+00:00",
  "duration_seconds": 946.85,
  "performance_metrics": {
    "total_processed": 464,
    "valid_configs": 255,
    "duplicates": 0,
    "failed_tests": 209,
    "success_rate": 54.96,
    "avg_latency_ms": 87.4,
    "avg_score": 99.42
  },
  "protocol_summary": {
    "vmess": {
      "count": 114,
      "avg_lat": 42.3859649122807,
      "avg_score": 99.7174269005848
    },
    "vless": {
      "count": 76,
      "avg_lat": 99.17105263157895,
      "avg_score": 99.33885964912281
    },
    "ss": {
      "count": 0,
      "avg_lat": 0.0,
      "avg_score": 0.0
    },
    "trojan": {
      "count": 65,
      "avg_lat": 152.56923076923076,
      "avg_score": 98.98287179487178
    }
  }
}