{
  "scan_timestamp": "2026-02-20T11:42:30.910383+00:00",
  "duration_seconds": 1186.65,
  "performance_metrics": {
    "total_processed": 474,
    "valid_configs": 379,
    "duplicates": 0,
    "failed_tests": 95,
    "success_rate": 79.96,
    "avg_latency_ms": 102.76,
    "avg_score": 99.31
  },
  "protocol_summary": {
    "vmess": {
      "count": 60,
      "avg_lat": 62.916666666666664,
      "avg_score": 99.58055555555555
    },
    "vless": {
      "count": 284,
      "avg_lat": 116.76408450704226,
      "avg_score": 99.22157276995306
    },
    "trojan": {
      "count": 35,
      "avg_lat": 57.4,
      "avg_score": 99.61733333333333
    }
  }
}