{
  "scan_timestamp": "2026-04-06T10:15:33.038081+00:00",
  "duration_seconds": 1033.61,
  "performance_metrics": {
    "total_processed": 491,
    "valid_configs": 231,
    "duplicates": 0,
    "failed_tests": 260,
    "success_rate": 47.05,
    "avg_latency_ms": 152.03,
    "avg_score": 98.99
  },
  "protocol_summary": {
    "vmess": {
      "count": 2,
      "avg_lat": 153.0,
      "avg_score": 98.98
    },
    "vless": {
      "count": 225,
      "avg_lat": 152.17777777777778,
      "avg_score": 98.98548148148149
    },
    "ss": {
      "count": 1,
      "avg_lat": 177.0,
      "avg_score": 98.82
    },
    "trojan": {
      "count": 3,
      "avg_lat": 132.33333333333334,
      "avg_score": 99.11777777777779
    }
  }
}