{
  "scan_timestamp": "2026-03-19T05:53:40.292903+00:00",
  "duration_seconds": 245.2,
  "performance_metrics": {
    "total_processed": 407,
    "valid_configs": 46,
    "duplicates": 0,
    "failed_tests": 361,
    "success_rate": 11.3,
    "avg_latency_ms": 48.98,
    "avg_score": 99.67
  },
  "protocol_summary": {
    "vmess": {
      "count": 1,
      "avg_lat": 23.0,
      "avg_score": 99.84666666666666
    },
    "vless": {
      "count": 28,
      "avg_lat": 38.285714285714285,
      "avg_score": 99.74476190476192
    },
    "ss": {
      "count": 3,
      "avg_lat": 112.0,
      "avg_score": 99.25333333333333
    },
    "trojan": {
      "count": 14,
      "avg_lat": 58.714285714285715,
      "avg_score": 99.60857142857142
    }
  }
}