{
  "scan_timestamp": "2026-04-04T06:02:09.472617+00:00",
  "duration_seconds": 869.78,
  "performance_metrics": {
    "total_processed": 482,
    "valid_configs": 173,
    "duplicates": 0,
    "failed_tests": 309,
    "success_rate": 35.89,
    "avg_latency_ms": 223.04,
    "avg_score": 98.51
  },
  "protocol_summary": {
    "vmess": {
      "count": 2,
      "avg_lat": 1183.5,
      "avg_score": 92.11
    },
    "vless": {
      "count": 168,
      "avg_lat": 206.82142857142858,
      "avg_score": 98.62119047619048
    },
    "ss": {
      "count": 2,
      "avg_lat": 662.0,
      "avg_score": 95.58666666666667
    },
    "trojan": {
      "count": 1,
      "avg_lat": 149.0,
      "avg_score": 99.00666666666666
    }
  }
}