{
  "scan_timestamp": "2026-07-05T00:08:58.309283+00:00",
  "duration_seconds": 506.89,
  "performance_metrics": {
    "total_processed": 464,
    "valid_configs": 162,
    "duplicates": 0,
    "failed_tests": 302,
    "success_rate": 34.91,
    "avg_latency_ms": 177.5,
    "avg_score": 98.82
  },
  "protocol_summary": {
    "vless": {
      "count": 3,
      "avg_lat": 456.6666666666667,
      "avg_score": 96.95555555555556
    },
    "ss": {
      "count": 157,
      "avg_lat": 174.40127388535032,
      "avg_score": 98.83732484076432
    },
    "trojan": {
      "count": 2,
      "avg_lat": 2.0,
      "avg_score": 99.98666666666666
    }
  }
}