{
  "scan_timestamp": "2026-04-23T04:54:59.289264+00:00",
  "duration_seconds": 820.93,
  "performance_metrics": {
    "total_processed": 483,
    "valid_configs": 198,
    "duplicates": 0,
    "failed_tests": 285,
    "success_rate": 40.99,
    "avg_latency_ms": 202.28,
    "avg_score": 98.65
  },
  "protocol_summary": {
    "vmess": {
      "count": 2,
      "avg_lat": 145.0,
      "avg_score": 99.03333333333333
    },
    "vless": {
      "count": 191,
      "avg_lat": 205.13089005235602,
      "avg_score": 98.63246073298428
    },
    "ss": {
      "count": 1,
      "avg_lat": 273.0,
      "avg_score": 98.18
    },
    "trojan": {
      "count": 4,
      "avg_lat": 77.0,
      "avg_score": 99.48666666666666
    }
  }
}