{
  "scan_timestamp": "2026-07-11T18:03:51.151692+00:00",
  "duration_seconds": 418.2,
  "performance_metrics": {
    "total_processed": 444,
    "valid_configs": 133,
    "duplicates": 0,
    "failed_tests": 311,
    "success_rate": 29.95,
    "avg_latency_ms": 162.51,
    "avg_score": 98.92
  },
  "protocol_summary": {
    "vmess": {
      "count": 1,
      "avg_lat": 68.0,
      "avg_score": 99.54666666666667
    },
    "ss": {
      "count": 117,
      "avg_lat": 163.31623931623932,
      "avg_score": 98.91122507122506
    },
    "trojan": {
      "count": 15,
      "avg_lat": 162.53333333333333,
      "avg_score": 98.91644444444445
    }
  }
}