{
  "scan_timestamp": "2026-02-23T12:54:21.722558+00:00",
  "duration_seconds": 1142.45,
  "performance_metrics": {
    "total_processed": 474,
    "valid_configs": 352,
    "duplicates": 0,
    "failed_tests": 122,
    "success_rate": 74.26,
    "avg_latency_ms": 117.13,
    "avg_score": 99.22
  },
  "protocol_summary": {
    "vmess": {
      "count": 63,
      "avg_lat": 88.26984126984127,
      "avg_score": 99.41153439153439
    },
    "vless": {
      "count": 254,
      "avg_lat": 129.7755905511811,
      "avg_score": 99.13482939632546
    },
    "trojan": {
      "count": 35,
      "avg_lat": 77.28571428571429,
      "avg_score": 99.48476190476191
    }
  }
}