{
  "scan_timestamp": "2025-12-22T03:09:45.137290+00:00",
  "duration_seconds": 907.19,
  "performance_metrics": {
    "total_processed": 466,
    "valid_configs": 260,
    "duplicates": 0,
    "failed_tests": 206,
    "success_rate": 55.79,
    "avg_latency_ms": 125.1,
    "avg_score": 99.17
  },
  "protocol_summary": {
    "vmess": {
      "count": 110,
      "avg_lat": 81.17272727272727,
      "avg_score": 99.45884848484849
    },
    "vless": {
      "count": 91,
      "avg_lat": 110.48351648351648,
      "avg_score": 99.26344322344322
    },
    "ss": {
      "count": 0,
      "avg_lat": 0.0,
      "avg_score": 0.0
    },
    "trojan": {
      "count": 59,
      "avg_lat": 229.52542372881356,
      "avg_score": 98.46983050847459
    }
  }
}