{
  "scan_timestamp": "2026-01-08T04:52:06.599620+00:00",
  "duration_seconds": 1100.59,
  "performance_metrics": {
    "total_processed": 479,
    "valid_configs": 335,
    "duplicates": 0,
    "failed_tests": 144,
    "success_rate": 69.94,
    "avg_latency_ms": 118.54,
    "avg_score": 99.21
  },
  "protocol_summary": {
    "vmess": {
      "count": 45,
      "avg_lat": 118.24444444444444,
      "avg_score": 99.2117037037037
    },
    "vless": {
      "count": 241,
      "avg_lat": 103.86721991701245,
      "avg_score": 99.30755186721991
    },
    "ss": {
      "count": 0,
      "avg_lat": 0.0,
      "avg_score": 0.0
    },
    "trojan": {
      "count": 49,
      "avg_lat": 191.0,
      "avg_score": 98.72666666666666
    }
  }
}