{
  "scan_timestamp": "2026-01-17T10:25:44.322200+00:00",
  "duration_seconds": 920.45,
  "performance_metrics": {
    "total_processed": 469,
    "valid_configs": 237,
    "duplicates": 0,
    "failed_tests": 232,
    "success_rate": 50.53,
    "avg_latency_ms": 124.33,
    "avg_score": 99.17
  },
  "protocol_summary": {
    "vmess": {
      "count": 58,
      "avg_lat": 101.29310344827586,
      "avg_score": 99.32471264367815
    },
    "vless": {
      "count": 126,
      "avg_lat": 65.07142857142857,
      "avg_score": 99.56619047619047
    },
    "ss": {
      "count": 0,
      "avg_lat": 0.0,
      "avg_score": 0.0
    },
    "trojan": {
      "count": 53,
      "avg_lat": 290.41509433962267,
      "avg_score": 98.06389937106917
    }
  }
}