{
  "scan_timestamp": "2026-03-16T10:08:12.842408+00:00",
  "duration_seconds": 208.88,
  "performance_metrics": {
    "total_processed": 381,
    "valid_configs": 36,
    "duplicates": 0,
    "failed_tests": 345,
    "success_rate": 9.45,
    "avg_latency_ms": 88.14,
    "avg_score": 99.41
  },
  "protocol_summary": {
    "vmess": {
      "count": 1,
      "avg_lat": 65.0,
      "avg_score": 99.56666666666666
    },
    "vless": {
      "count": 29,
      "avg_lat": 79.51724137931035,
      "avg_score": 99.46988505747126
    },
    "ss": {
      "count": 5,
      "avg_lat": 158.4,
      "avg_score": 98.944
    },
    "trojan": {
      "count": 1,
      "avg_lat": 10.0,
      "avg_score": 99.93333333333334
    }
  }
}