{
  "scan_timestamp": "2026-02-15T09:37:30.107490+00:00",
  "duration_seconds": 1052.39,
  "performance_metrics": {
    "total_processed": 462,
    "valid_configs": 319,
    "duplicates": 0,
    "failed_tests": 143,
    "success_rate": 69.05,
    "avg_latency_ms": 121.45,
    "avg_score": 99.19
  },
  "protocol_summary": {
    "vmess": {
      "count": 75,
      "avg_lat": 166.10666666666665,
      "avg_score": 98.89262222222223
    },
    "vless": {
      "count": 207,
      "avg_lat": 106.5072463768116,
      "avg_score": 99.28995169082125
    },
    "ss": {
      "count": 0,
      "avg_lat": 0.0,
      "avg_score": 0.0
    },
    "trojan": {
      "count": 37,
      "avg_lat": 114.54054054054055,
      "avg_score": 99.23639639639639
    }
  }
}