{
  "scan_timestamp": "2025-12-14T19:24:25.550187+00:00",
  "duration_seconds": 987.79,
  "performance_metrics": {
    "total_processed": 469,
    "valid_configs": 271,
    "duplicates": 0,
    "failed_tests": 198,
    "success_rate": 57.78,
    "avg_latency_ms": 137.86,
    "avg_score": 99.08
  },
  "protocol_summary": {
    "vmess": {
      "count": 37,
      "avg_lat": 235.9189189189189,
      "avg_score": 98.42720720720722
    },
    "vless": {
      "count": 196,
      "avg_lat": 123.81632653061224,
      "avg_score": 99.17455782312925
    },
    "ss": {
      "count": 0,
      "avg_lat": 0.0,
      "avg_score": 0.0
    },
    "trojan": {
      "count": 38,
      "avg_lat": 114.8157894736842,
      "avg_score": 99.23456140350878
    }
  }
}