{
  "scan_timestamp": "2025-12-27T01:05:34.302316+00:00",
  "duration_seconds": 994.36,
  "performance_metrics": {
    "total_processed": 471,
    "valid_configs": 295,
    "duplicates": 0,
    "failed_tests": 176,
    "success_rate": 62.63,
    "avg_latency_ms": 107.59,
    "avg_score": 99.28
  },
  "protocol_summary": {
    "vmess": {
      "count": 87,
      "avg_lat": 87.9080459770115,
      "avg_score": 99.41394636015325
    },
    "vless": {
      "count": 118,
      "avg_lat": 85.29661016949153,
      "avg_score": 99.43135593220339
    },
    "ss": {
      "count": 0,
      "avg_lat": 0.0,
      "avg_score": 0.0
    },
    "trojan": {
      "count": 90,
      "avg_lat": 155.84444444444443,
      "avg_score": 98.96103703703704
    }
  }
}