{
  "scan_timestamp": "2026-01-04T03:24:03.611586+00:00",
  "duration_seconds": 1072.6,
  "performance_metrics": {
    "total_processed": 477,
    "valid_configs": 318,
    "duplicates": 0,
    "failed_tests": 159,
    "success_rate": 66.67,
    "avg_latency_ms": 94.81,
    "avg_score": 99.37
  },
  "protocol_summary": {
    "vmess": {
      "count": 44,
      "avg_lat": 151.11363636363637,
      "avg_score": 98.99257575757575
    },
    "vless": {
      "count": 242,
      "avg_lat": 83.18181818181819,
      "avg_score": 99.44545454545454
    },
    "ss": {
      "count": 0,
      "avg_lat": 0.0,
      "avg_score": 0.0
    },
    "trojan": {
      "count": 32,
      "avg_lat": 105.34375,
      "avg_score": 99.29770833333333
    }
  }
}