{
  "scan_timestamp": "2026-01-09T09:35:45.556387+00:00",
  "duration_seconds": 1094.25,
  "performance_metrics": {
    "total_processed": 473,
    "valid_configs": 344,
    "duplicates": 0,
    "failed_tests": 129,
    "success_rate": 72.73,
    "avg_latency_ms": 106.59,
    "avg_score": 99.29
  },
  "protocol_summary": {
    "vmess": {
      "count": 49,
      "avg_lat": 117.18367346938776,
      "avg_score": 99.21877551020408
    },
    "vless": {
      "count": 240,
      "avg_lat": 103.9125,
      "avg_score": 99.30725000000001
    },
    "ss": {
      "count": 0,
      "avg_lat": 0.0,
      "avg_score": 0.0
    },
    "trojan": {
      "count": 55,
      "avg_lat": 108.85454545454546,
      "avg_score": 99.27430303030303
    }
  }
}