{
  "scan_timestamp": "2026-03-01T01:28:30.498222+00:00",
  "duration_seconds": 1101.56,
  "performance_metrics": {
    "total_processed": 473,
    "valid_configs": 329,
    "duplicates": 0,
    "failed_tests": 144,
    "success_rate": 69.56,
    "avg_latency_ms": 92.75,
    "avg_score": 99.38
  },
  "protocol_summary": {
    "vmess": {
      "count": 59,
      "avg_lat": 61.54237288135593,
      "avg_score": 99.58971751412429
    },
    "vless": {
      "count": 235,
      "avg_lat": 103.84255319148936,
      "avg_score": 99.30771631205673
    },
    "ss": {
      "count": 0,
      "avg_lat": 0.0,
      "avg_score": 0.0
    },
    "trojan": {
      "count": 35,
      "avg_lat": 70.85714285714286,
      "avg_score": 99.52761904761905
    }
  }
}