{
  "scan_timestamp": "2026-03-01T10:31:38.093946+00:00",
  "duration_seconds": 1091.48,
  "performance_metrics": {
    "total_processed": 473,
    "valid_configs": 328,
    "duplicates": 0,
    "failed_tests": 145,
    "success_rate": 69.34,
    "avg_latency_ms": 71.41,
    "avg_score": 99.52
  },
  "protocol_summary": {
    "vmess": {
      "count": 59,
      "avg_lat": 45.610169491525426,
      "avg_score": 99.69593220338983
    },
    "vless": {
      "count": 234,
      "avg_lat": 80.55128205128206,
      "avg_score": 99.46299145299146
    },
    "ss": {
      "count": 0,
      "avg_lat": 0.0,
      "avg_score": 0.0
    },
    "trojan": {
      "count": 35,
      "avg_lat": 53.8,
      "avg_score": 99.64133333333334
    }
  }
}