{
  "scan_timestamp": "2026-01-06T17:34:07.249116+00:00",
  "duration_seconds": 1162.46,
  "performance_metrics": {
    "total_processed": 482,
    "valid_configs": 361,
    "duplicates": 0,
    "failed_tests": 121,
    "success_rate": 74.9,
    "avg_latency_ms": 118.46,
    "avg_score": 99.21
  },
  "protocol_summary": {
    "vmess": {
      "count": 34,
      "avg_lat": 194.76470588235293,
      "avg_score": 98.70156862745098
    },
    "vless": {
      "count": 274,
      "avg_lat": 102.60583941605839,
      "avg_score": 99.31596107055961
    },
    "ss": {
      "count": 0,
      "avg_lat": 0.0,
      "avg_score": 0.0
    },
    "trojan": {
      "count": 53,
      "avg_lat": 151.45283018867926,
      "avg_score": 98.9903144654088
    }
  }
}