{
  "scan_timestamp": "2026-01-08T10:32:10.789228+00:00",
  "duration_seconds": 1134.64,
  "performance_metrics": {
    "total_processed": 481,
    "valid_configs": 354,
    "duplicates": 0,
    "failed_tests": 127,
    "success_rate": 73.6,
    "avg_latency_ms": 133.65,
    "avg_score": 99.11
  },
  "protocol_summary": {
    "vmess": {
      "count": 58,
      "avg_lat": 179.60344827586206,
      "avg_score": 98.80264367816092
    },
    "vless": {
      "count": 230,
      "avg_lat": 124.68260869565218,
      "avg_score": 99.16878260869565
    },
    "ss": {
      "count": 0,
      "avg_lat": 0.0,
      "avg_score": 0.0
    },
    "trojan": {
      "count": 66,
      "avg_lat": 124.5,
      "avg_score": 99.17
    }
  }
}