{
  "scan_timestamp": "2026-03-16T17:55:26.955034+00:00",
  "duration_seconds": 223.78,
  "performance_metrics": {
    "total_processed": 383,
    "valid_configs": 38,
    "duplicates": 0,
    "failed_tests": 345,
    "success_rate": 9.92,
    "avg_latency_ms": 87.26,
    "avg_score": 99.42
  },
  "protocol_summary": {
    "vmess": {
      "count": 1,
      "avg_lat": 63.0,
      "avg_score": 99.58
    },
    "vless": {
      "count": 29,
      "avg_lat": 72.96551724137932,
      "avg_score": 99.51356321839081
    },
    "ss": {
      "count": 7,
      "avg_lat": 162.14285714285714,
      "avg_score": 98.91904761904762
    },
    "trojan": {
      "count": 1,
      "avg_lat": 2.0,
      "avg_score": 99.98666666666666
    }
  }
}