{
  "scan_timestamp": "2026-02-15T06:54:13.265977+00:00",
  "duration_seconds": 1051.99,
  "performance_metrics": {
    "total_processed": 462,
    "valid_configs": 319,
    "duplicates": 0,
    "failed_tests": 143,
    "success_rate": 69.05,
    "avg_latency_ms": 121.06,
    "avg_score": 99.19
  },
  "protocol_summary": {
    "vmess": {
      "count": 74,
      "avg_lat": 204.27027027027026,
      "avg_score": 98.6381981981982
    },
    "vless": {
      "count": 211,
      "avg_lat": 93.82464454976304,
      "avg_score": 99.37450236966825
    },
    "ss": {
      "count": 0,
      "avg_lat": 0.0,
      "avg_score": 0.0
    },
    "trojan": {
      "count": 34,
      "avg_lat": 108.94117647058823,
      "avg_score": 99.27372549019609
    }
  }
}