{
  "scan_timestamp": "2026-07-12T12:06:09.237226+00:00",
  "duration_seconds": 441.15,
  "performance_metrics": {
    "total_processed": 438,
    "valid_configs": 127,
    "duplicates": 0,
    "failed_tests": 311,
    "success_rate": 29.0,
    "avg_latency_ms": 119.17,
    "avg_score": 99.21
  },
  "protocol_summary": {
    "vmess": {
      "count": 1,
      "avg_lat": 17.0,
      "avg_score": 99.88666666666667
    },
    "vless": {
      "count": 1,
      "avg_lat": 3.0,
      "avg_score": 99.98
    },
    "ss": {
      "count": 123,
      "avg_lat": 118.4308943089431,
      "avg_score": 99.21046070460704
    },
    "trojan": {
      "count": 2,
      "avg_lat": 273.5,
      "avg_score": 98.17666666666666
    }
  }
}