{
  "scan_timestamp": "2026-02-09T23:46:19.708443+00:00",
  "duration_seconds": 1128.44,
  "performance_metrics": {
    "total_processed": 478,
    "valid_configs": 354,
    "duplicates": 0,
    "failed_tests": 124,
    "success_rate": 74.06,
    "avg_latency_ms": 115.81,
    "avg_score": 99.23
  },
  "protocol_summary": {
    "vmess": {
      "count": 40,
      "avg_lat": 151.625,
      "avg_score": 98.98916666666666
    },
    "vless": {
      "count": 228,
      "avg_lat": 110.14912280701755,
      "avg_score": 99.26567251461988
    },
    "ss": {
      "count": 0,
      "avg_lat": 0.0,
      "avg_score": 0.0
    },
    "trojan": {
      "count": 86,
      "avg_lat": 114.13953488372093,
      "avg_score": 99.23906976744185
    }
  }
}