{
  "scan_timestamp": "2026-01-20T06:35:25.225286+00:00",
  "duration_seconds": 935.25,
  "performance_metrics": {
    "total_processed": 456,
    "valid_configs": 267,
    "duplicates": 0,
    "failed_tests": 189,
    "success_rate": 58.55,
    "avg_latency_ms": 132.13,
    "avg_score": 99.12
  },
  "protocol_summary": {
    "vmess": {
      "count": 101,
      "avg_lat": 91.02970297029702,
      "avg_score": 99.39313531353136
    },
    "vless": {
      "count": 110,
      "avg_lat": 148.1818181818182,
      "avg_score": 99.01212121212122
    },
    "ss": {
      "count": 0,
      "avg_lat": 0.0,
      "avg_score": 0.0
    },
    "trojan": {
      "count": 56,
      "avg_lat": 174.71428571428572,
      "avg_score": 98.8352380952381
    }
  }
}