{
  "scan_timestamp": "2025-12-26T18:31:41.396287+00:00",
  "duration_seconds": 980.93,
  "performance_metrics": {
    "total_processed": 465,
    "valid_configs": 282,
    "duplicates": 0,
    "failed_tests": 183,
    "success_rate": 60.65,
    "avg_latency_ms": 112.15,
    "avg_score": 99.25
  },
  "protocol_summary": {
    "vmess": {
      "count": 73,
      "avg_lat": 94.45205479452055,
      "avg_score": 99.3703196347032
    },
    "vless": {
      "count": 115,
      "avg_lat": 106.64347826086957,
      "avg_score": 99.28904347826087
    },
    "ss": {
      "count": 0,
      "avg_lat": 0.0,
      "avg_score": 0.0
    },
    "trojan": {
      "count": 94,
      "avg_lat": 132.61702127659575,
      "avg_score": 99.1158865248227
    }
  }
}