{
  "scan_timestamp": "2026-04-10T14:25:29.131488+00:00",
  "duration_seconds": 1019.3,
  "performance_metrics": {
    "total_processed": 485,
    "valid_configs": 228,
    "duplicates": 0,
    "failed_tests": 257,
    "success_rate": 47.01,
    "avg_latency_ms": 87.92,
    "avg_score": 99.41
  },
  "protocol_summary": {
    "vmess": {
      "count": 2,
      "avg_lat": 1162.0,
      "avg_score": 92.25333333333333
    },
    "vless": {
      "count": 218,
      "avg_lat": 78.26605504587155,
      "avg_score": 99.4782262996942
    },
    "ss": {
      "count": 1,
      "avg_lat": 324.0,
      "avg_score": 97.84
    },
    "trojan": {
      "count": 7,
      "avg_lat": 48.0,
      "avg_score": 99.67999999999999
    }
  }
}