{
  "scan_timestamp": "2026-07-07T03:07:04.571522+00:00",
  "duration_seconds": 470.13,
  "performance_metrics": {
    "total_processed": 462,
    "valid_configs": 141,
    "duplicates": 0,
    "failed_tests": 321,
    "success_rate": 30.52,
    "avg_latency_ms": 106.51,
    "avg_score": 99.29
  },
  "protocol_summary": {
    "vmess": {
      "count": 1,
      "avg_lat": 21.0,
      "avg_score": 99.86
    },
    "vless": {
      "count": 1,
      "avg_lat": 118.0,
      "avg_score": 99.21333333333334
    },
    "ss": {
      "count": 129,
      "avg_lat": 115.02325581395348,
      "avg_score": 99.23317829457365
    },
    "trojan": {
      "count": 10,
      "avg_lat": 4.1,
      "avg_score": 99.97266666666667
    }
  }
}