{
  "scan_timestamp": "2026-06-30T08:00:25.035624+00:00",
  "duration_seconds": 427.22,
  "performance_metrics": {
    "total_processed": 444,
    "valid_configs": 131,
    "duplicates": 0,
    "failed_tests": 313,
    "success_rate": 29.5,
    "avg_latency_ms": 192.22,
    "avg_score": 98.72
  },
  "protocol_summary": {
    "vmess": {
      "count": 2,
      "avg_lat": 67.5,
      "avg_score": 99.55000000000001
    },
    "vless": {
      "count": 6,
      "avg_lat": 422.1666666666667,
      "avg_score": 97.18555555555555
    },
    "ss": {
      "count": 105,
      "avg_lat": 175.2952380952381,
      "avg_score": 98.83136507936507
    },
    "trojan": {
      "count": 18,
      "avg_lat": 228.16666666666666,
      "avg_score": 98.47888888888889
    }
  }
}