{
  "scan_timestamp": "2025-12-08T12:34:47.580439+00:00",
  "duration_seconds": 882.66,
  "performance_metrics": {
    "total_processed": 476,
    "valid_configs": 185,
    "duplicates": 0,
    "failed_tests": 291,
    "success_rate": 38.87,
    "avg_latency_ms": 177.68,
    "avg_score": 98.82
  },
  "protocol_summary": {
    "vmess": {
      "count": 57,
      "avg_lat": 231.31578947368422,
      "avg_score": 98.4578947368421
    },
    "vless": {
      "count": 63,
      "avg_lat": 112.93650793650794,
      "avg_score": 99.24708994708995
    },
    "ss": {
      "count": 0,
      "avg_lat": 0.0,
      "avg_score": 0.0
    },
    "trojan": {
      "count": 65,
      "avg_lat": 193.4,
      "avg_score": 98.71066666666667
    }
  }
}