{
  "scan_timestamp": "2026-03-15T23:21:33.007764+00:00",
  "duration_seconds": 230.49,
  "performance_metrics": {
    "total_processed": 353,
    "valid_configs": 41,
    "duplicates": 0,
    "failed_tests": 312,
    "success_rate": 11.61,
    "avg_latency_ms": 75.15,
    "avg_score": 99.5
  },
  "protocol_summary": {
    "vmess": {
      "count": 1,
      "avg_lat": 24.0,
      "avg_score": 99.84
    },
    "vless": {
      "count": 28,
      "avg_lat": 51.5,
      "avg_score": 99.65666666666667
    },
    "ss": {
      "count": 11,
      "avg_lat": 146.36363636363637,
      "avg_score": 99.02424242424242
    },
    "trojan": {
      "count": 1,
      "avg_lat": 5.0,
      "avg_score": 99.96666666666667
    }
  }
}