{
  "scan_timestamp": "2026-03-29T17:37:22.369385+00:00",
  "duration_seconds": 996.94,
  "performance_metrics": {
    "total_processed": 478,
    "valid_configs": 225,
    "duplicates": 0,
    "failed_tests": 253,
    "success_rate": 47.07,
    "avg_latency_ms": 93.39,
    "avg_score": 99.38
  },
  "protocol_summary": {
    "vmess": {
      "count": 18,
      "avg_lat": 114.16666666666667,
      "avg_score": 99.23888888888888
    },
    "vless": {
      "count": 197,
      "avg_lat": 89.21319796954315,
      "avg_score": 99.4052453468697
    },
    "ss": {
      "count": 1,
      "avg_lat": 138.0,
      "avg_score": 99.08
    },
    "trojan": {
      "count": 9,
      "avg_lat": 138.33333333333334,
      "avg_score": 99.07777777777778
    }
  }
}