{
  "scan_timestamp": "2025-12-18T06:31:43.913797+00:00",
  "duration_seconds": 882.37,
  "performance_metrics": {
    "total_processed": 464,
    "valid_configs": 243,
    "duplicates": 0,
    "failed_tests": 221,
    "success_rate": 52.37,
    "avg_latency_ms": 89.0,
    "avg_score": 99.41
  },
  "protocol_summary": {
    "vmess": {
      "count": 55,
      "avg_lat": 92.56363636363636,
      "avg_score": 99.3829090909091
    },
    "vless": {
      "count": 151,
      "avg_lat": 83.16556291390728,
      "avg_score": 99.4455629139073
    },
    "ss": {
      "count": 0,
      "avg_lat": 0.0,
      "avg_score": 0.0
    },
    "trojan": {
      "count": 37,
      "avg_lat": 107.51351351351352,
      "avg_score": 99.28324324324325
    }
  }
}