{
  "scan_timestamp": "2026-07-05T20:20:55.232024+00:00",
  "duration_seconds": 469.14,
  "performance_metrics": {
    "total_processed": 464,
    "valid_configs": 141,
    "duplicates": 0,
    "failed_tests": 323,
    "success_rate": 30.39,
    "avg_latency_ms": 154.77,
    "avg_score": 98.97
  },
  "protocol_summary": {
    "vmess": {
      "count": 1,
      "avg_lat": 68.0,
      "avg_score": 99.54666666666667
    },
    "vless": {
      "count": 2,
      "avg_lat": 768.0,
      "avg_score": 94.88
    },
    "ss": {
      "count": 124,
      "avg_lat": 162.7983870967742,
      "avg_score": 98.91467741935485
    },
    "trojan": {
      "count": 14,
      "avg_lat": 2.2857142857142856,
      "avg_score": 99.9847619047619
    }
  }
}