{
  "scan_timestamp": "2026-01-22T18:32:24.797761+00:00",
  "duration_seconds": 936.2,
  "performance_metrics": {
    "total_processed": 454,
    "valid_configs": 269,
    "duplicates": 0,
    "failed_tests": 185,
    "success_rate": 59.25,
    "avg_latency_ms": 87.64,
    "avg_score": 99.42
  },
  "protocol_summary": {
    "vmess": {
      "count": 100,
      "avg_lat": 77.14,
      "avg_score": 99.48573333333334
    },
    "vless": {
      "count": 135,
      "avg_lat": 82.86666666666666,
      "avg_score": 99.44755555555555
    },
    "ss": {
      "count": 0,
      "avg_lat": 0.0,
      "avg_score": 0.0
    },
    "trojan": {
      "count": 34,
      "avg_lat": 137.47058823529412,
      "avg_score": 99.08352941176472
    }
  }
}