{
  "scan_timestamp": "2026-01-22T13:52:09.572567+00:00",
  "duration_seconds": 822.22,
  "performance_metrics": {
    "total_processed": 439,
    "valid_configs": 226,
    "duplicates": 0,
    "failed_tests": 213,
    "success_rate": 51.48,
    "avg_latency_ms": 101.9,
    "avg_score": 99.32
  },
  "protocol_summary": {
    "vmess": {
      "count": 69,
      "avg_lat": 97.46376811594203,
      "avg_score": 99.35024154589372
    },
    "vless": {
      "count": 129,
      "avg_lat": 93.02325581395348,
      "avg_score": 99.37984496124031
    },
    "ss": {
      "count": 0,
      "avg_lat": 0.0,
      "avg_score": 0.0
    },
    "trojan": {
      "count": 28,
      "avg_lat": 153.75,
      "avg_score": 98.97500000000001
    }
  }
}