{
  "scan_timestamp": "2025-12-17T11:26:38.878823+00:00",
  "duration_seconds": 957.66,
  "performance_metrics": {
    "total_processed": 476,
    "valid_configs": 265,
    "duplicates": 0,
    "failed_tests": 211,
    "success_rate": 55.67,
    "avg_latency_ms": 97.67,
    "avg_score": 99.35
  },
  "protocol_summary": {
    "vmess": {
      "count": 36,
      "avg_lat": 130.55555555555554,
      "avg_score": 99.12962962962962
    },
    "vless": {
      "count": 181,
      "avg_lat": 90.58011049723757,
      "avg_score": 99.39613259668509
    },
    "ss": {
      "count": 0,
      "avg_lat": 0.0,
      "avg_score": 0.0
    },
    "trojan": {
      "count": 48,
      "avg_lat": 99.75,
      "avg_score": 99.335
    }
  }
}