{
  "scan_timestamp": "2026-01-18T23:25:16.468129+00:00",
  "duration_seconds": 884.38,
  "performance_metrics": {
    "total_processed": 424,
    "valid_configs": 247,
    "duplicates": 0,
    "failed_tests": 177,
    "success_rate": 58.25,
    "avg_latency_ms": 117.29,
    "avg_score": 99.22
  },
  "protocol_summary": {
    "vmess": {
      "count": 56,
      "avg_lat": 114.51785714285714,
      "avg_score": 99.23654761904763
    },
    "vless": {
      "count": 136,
      "avg_lat": 74.46323529411765,
      "avg_score": 99.50357843137255
    },
    "ss": {
      "count": 0,
      "avg_lat": 0.0,
      "avg_score": 0.0
    },
    "trojan": {
      "count": 55,
      "avg_lat": 226.01818181818183,
      "avg_score": 98.49321212121212
    }
  }
}