{
  "scan_timestamp": "2026-01-20T21:27:52.085098+00:00",
  "duration_seconds": 957.5,
  "performance_metrics": {
    "total_processed": 475,
    "valid_configs": 264,
    "duplicates": 0,
    "failed_tests": 211,
    "success_rate": 55.58,
    "avg_latency_ms": 101.58,
    "avg_score": 99.32
  },
  "protocol_summary": {
    "vmess": {
      "count": 90,
      "avg_lat": 113.06666666666666,
      "avg_score": 99.24622222222222
    },
    "vless": {
      "count": 127,
      "avg_lat": 76.8267716535433,
      "avg_score": 99.4878215223097
    },
    "ss": {
      "count": 0,
      "avg_lat": 0.0,
      "avg_score": 0.0
    },
    "trojan": {
      "count": 47,
      "avg_lat": 146.46808510638297,
      "avg_score": 99.02354609929078
    }
  }
}