{
  "scan_timestamp": "2026-03-04T14:05:38.625073+00:00",
  "duration_seconds": 1082.87,
  "performance_metrics": {
    "total_processed": 473,
    "valid_configs": 325,
    "duplicates": 0,
    "failed_tests": 148,
    "success_rate": 68.71,
    "avg_latency_ms": 90.76,
    "avg_score": 99.39
  },
  "protocol_summary": {
    "vmess": {
      "count": 60,
      "avg_lat": 56.75,
      "avg_score": 99.62166666666667
    },
    "vless": {
      "count": 230,
      "avg_lat": 106.0695652173913,
      "avg_score": 99.29286956521739
    },
    "ss": {
      "count": 0,
      "avg_lat": 0.0,
      "avg_score": 0.0
    },
    "trojan": {
      "count": 35,
      "avg_lat": 48.457142857142856,
      "avg_score": 99.67695238095237
    }
  }
}