{
  "scan_timestamp": "2025-12-07T04:40:59.166516+00:00",
  "duration_seconds": 982.2,
  "performance_metrics": {
    "total_processed": 478,
    "valid_configs": 246,
    "duplicates": 0,
    "failed_tests": 232,
    "success_rate": 51.46,
    "avg_latency_ms": 206.13,
    "avg_score": 98.63
  },
  "protocol_summary": {
    "vmess": {
      "count": 62,
      "avg_lat": 352.4193548387097,
      "avg_score": 97.6505376344086
    },
    "vless": {
      "count": 130,
      "avg_lat": 138.1076923076923,
      "avg_score": 99.07928205128205
    },
    "ss": {
      "count": 0,
      "avg_lat": 0.0,
      "avg_score": 0.0
    },
    "trojan": {
      "count": 54,
      "avg_lat": 201.90740740740742,
      "avg_score": 98.65395061728395
    }
  }
}