{
  "scan_timestamp": "2026-01-16T23:24:33.842599+00:00",
  "duration_seconds": 844.25,
  "performance_metrics": {
    "total_processed": 416,
    "valid_configs": 223,
    "duplicates": 0,
    "failed_tests": 193,
    "success_rate": 53.61,
    "avg_latency_ms": 106.92,
    "avg_score": 99.29
  },
  "protocol_summary": {
    "vmess": {
      "count": 53,
      "avg_lat": 101.13207547169812,
      "avg_score": 99.32578616352201
    },
    "vless": {
      "count": 127,
      "avg_lat": 97.66141732283465,
      "avg_score": 99.34892388451443
    },
    "ss": {
      "count": 0,
      "avg_lat": 0.0,
      "avg_score": 0.0
    },
    "trojan": {
      "count": 43,
      "avg_lat": 141.41860465116278,
      "avg_score": 99.05720930232559
    }
  }
}