{
  "scan_timestamp": "2025-12-31T05:41:37.691361+00:00",
  "duration_seconds": 1054.5,
  "performance_metrics": {
    "total_processed": 479,
    "valid_configs": 287,
    "duplicates": 0,
    "failed_tests": 192,
    "success_rate": 59.92,
    "avg_latency_ms": 108.04,
    "avg_score": 99.28
  },
  "protocol_summary": {
    "vmess": {
      "count": 46,
      "avg_lat": 115.67391304347827,
      "avg_score": 99.22884057971014
    },
    "vless": {
      "count": 209,
      "avg_lat": 98.13875598086125,
      "avg_score": 99.34574162679425
    },
    "ss": {
      "count": 0,
      "avg_lat": 0.0,
      "avg_score": 0.0
    },
    "trojan": {
      "count": 32,
      "avg_lat": 161.75,
      "avg_score": 98.92166666666667
    }
  }
}