{
  "scan_timestamp": "2026-04-17T20:49:06.095040+00:00",
  "duration_seconds": 949.94,
  "performance_metrics": {
    "total_processed": 488,
    "valid_configs": 260,
    "duplicates": 0,
    "failed_tests": 228,
    "success_rate": 53.28,
    "avg_latency_ms": 70.01,
    "avg_score": 99.53
  },
  "protocol_summary": {
    "vmess": {
      "count": 2,
      "avg_lat": 148.5,
      "avg_score": 99.01
    },
    "vless": {
      "count": 251,
      "avg_lat": 69.94422310756973,
      "avg_score": 99.53370517928286
    },
    "ss": {
      "count": 0,
      "avg_lat": 0.0,
      "avg_score": 0.0
    },
    "trojan": {
      "count": 7,
      "avg_lat": 49.857142857142854,
      "avg_score": 99.66761904761906
    }
  }
}