{
  "scan_timestamp": "2026-02-12T01:23:05.129198+00:00",
  "duration_seconds": 1055.13,
  "performance_metrics": {
    "total_processed": 479,
    "valid_configs": 301,
    "duplicates": 0,
    "failed_tests": 178,
    "success_rate": 62.84,
    "avg_latency_ms": 115.35,
    "avg_score": 99.23
  },
  "protocol_summary": {
    "vmess": {
      "count": 47,
      "avg_lat": 112.40425531914893,
      "avg_score": 99.25063829787233
    },
    "vless": {
      "count": 211,
      "avg_lat": 114.42654028436019,
      "avg_score": 99.23715639810428
    },
    "ss": {
      "count": 0,
      "avg_lat": 0.0,
      "avg_score": 0.0
    },
    "trojan": {
      "count": 43,
      "avg_lat": 123.11627906976744,
      "avg_score": 99.17922480620156
    }
  }
}