{
  "scan_timestamp": "2025-12-17T07:30:44.132976+00:00",
  "duration_seconds": 970.38,
  "performance_metrics": {
    "total_processed": 470,
    "valid_configs": 272,
    "duplicates": 0,
    "failed_tests": 198,
    "success_rate": 57.87,
    "avg_latency_ms": 92.56,
    "avg_score": 99.38
  },
  "protocol_summary": {
    "vmess": {
      "count": 35,
      "avg_lat": 186.4857142857143,
      "avg_score": 98.7567619047619
    },
    "vless": {
      "count": 191,
      "avg_lat": 79.47643979057591,
      "avg_score": 99.47015706806282
    },
    "ss": {
      "count": 0,
      "avg_lat": 0.0,
      "avg_score": 0.0
    },
    "trojan": {
      "count": 46,
      "avg_lat": 75.43478260869566,
      "avg_score": 99.49710144927536
    }
  }
}