{
  "scan_timestamp": "2026-01-24T14:23:32.190505+00:00",
  "duration_seconds": 835.22,
  "performance_metrics": {
    "total_processed": 426,
    "valid_configs": 222,
    "duplicates": 0,
    "failed_tests": 204,
    "success_rate": 52.11,
    "avg_latency_ms": 124.81,
    "avg_score": 99.17
  },
  "protocol_summary": {
    "vmess": {
      "count": 52,
      "avg_lat": 154.8846153846154,
      "avg_score": 98.96743589743589
    },
    "vless": {
      "count": 133,
      "avg_lat": 112.40601503759399,
      "avg_score": 99.25062656641605
    },
    "ss": {
      "count": 0,
      "avg_lat": 0.0,
      "avg_score": 0.0
    },
    "trojan": {
      "count": 37,
      "avg_lat": 127.10810810810811,
      "avg_score": 99.15261261261261
    }
  }
}