{
  "scan_timestamp": "2026-01-28T16:35:57.107917+00:00",
  "duration_seconds": 811.16,
  "performance_metrics": {
    "total_processed": 439,
    "valid_configs": 208,
    "duplicates": 0,
    "failed_tests": 231,
    "success_rate": 47.38,
    "avg_latency_ms": 114.92,
    "avg_score": 99.23
  },
  "protocol_summary": {
    "vmess": {
      "count": 53,
      "avg_lat": 62.075471698113205,
      "avg_score": 99.58616352201258
    },
    "vless": {
      "count": 107,
      "avg_lat": 114.72897196261682,
      "avg_score": 99.23514018691588
    },
    "ss": {
      "count": 3,
      "avg_lat": 109.66666666666667,
      "avg_score": 99.2688888888889
    },
    "trojan": {
      "count": 45,
      "avg_lat": 177.9777777777778,
      "avg_score": 98.81348148148147
    }
  }
}