{
  "scan_timestamp": "2025-12-09T01:06:13.299496+00:00",
  "duration_seconds": 1059.64,
  "performance_metrics": {
    "total_processed": 480,
    "valid_configs": 286,
    "duplicates": 0,
    "failed_tests": 194,
    "success_rate": 59.58,
    "avg_latency_ms": 187.44,
    "avg_score": 98.75
  },
  "protocol_summary": {
    "vmess": {
      "count": 72,
      "avg_lat": 283.625,
      "avg_score": 98.10916666666667
    },
    "vless": {
      "count": 167,
      "avg_lat": 139.98203592814372,
      "avg_score": 99.0667864271457
    },
    "ss": {
      "count": 0,
      "avg_lat": 0.0,
      "avg_score": 0.0
    },
    "trojan": {
      "count": 47,
      "avg_lat": 208.70212765957447,
      "avg_score": 98.6086524822695
    }
  }
}