{
  "scan_timestamp": "2025-12-17T01:01:28.129246+00:00",
  "duration_seconds": 935.9,
  "performance_metrics": {
    "total_processed": 473,
    "valid_configs": 244,
    "duplicates": 0,
    "failed_tests": 229,
    "success_rate": 51.59,
    "avg_latency_ms": 108.79,
    "avg_score": 99.27
  },
  "protocol_summary": {
    "vmess": {
      "count": 37,
      "avg_lat": 184.59459459459458,
      "avg_score": 98.76936936936937
    },
    "vless": {
      "count": 168,
      "avg_lat": 94.68452380952381,
      "avg_score": 99.36876984126985
    },
    "ss": {
      "count": 0,
      "avg_lat": 0.0,
      "avg_score": 0.0
    },
    "trojan": {
      "count": 39,
      "avg_lat": 97.64102564102564,
      "avg_score": 99.34905982905983
    }
  }
}