{
  "scan_timestamp": "2026-03-05T01:22:01.734226+00:00",
  "duration_seconds": 1083.86,
  "performance_metrics": {
    "total_processed": 473,
    "valid_configs": 325,
    "duplicates": 0,
    "failed_tests": 148,
    "success_rate": 68.71,
    "avg_latency_ms": 64.73,
    "avg_score": 99.57
  },
  "protocol_summary": {
    "vmess": {
      "count": 60,
      "avg_lat": 62.71666666666667,
      "avg_score": 99.58188888888888
    },
    "vless": {
      "count": 230,
      "avg_lat": 69.66956521739131,
      "avg_score": 99.53553623188405
    },
    "ss": {
      "count": 0,
      "avg_lat": 0.0,
      "avg_score": 0.0
    },
    "trojan": {
      "count": 35,
      "avg_lat": 35.68571428571428,
      "avg_score": 99.76209523809523
    }
  }
}