{
  "scan_timestamp": "2025-12-13T21:24:21.619248+00:00",
  "duration_seconds": 938.97,
  "performance_metrics": {
    "total_processed": 475,
    "valid_configs": 228,
    "duplicates": 0,
    "failed_tests": 247,
    "success_rate": 48.0,
    "avg_latency_ms": 156.51,
    "avg_score": 98.96
  },
  "protocol_summary": {
    "vmess": {
      "count": 26,
      "avg_lat": 134.92307692307693,
      "avg_score": 99.10051282051282
    },
    "vless": {
      "count": 141,
      "avg_lat": 125.1418439716312,
      "avg_score": 99.16572104018913
    },
    "ss": {
      "count": 0,
      "avg_lat": 0.0,
      "avg_score": 0.0
    },
    "trojan": {
      "count": 61,
      "avg_lat": 238.2295081967213,
      "avg_score": 98.41180327868852
    }
  }
}