{
  "scan_timestamp": "2026-01-03T09:27:59.982815+00:00",
  "duration_seconds": 1029.32,
  "performance_metrics": {
    "total_processed": 475,
    "valid_configs": 296,
    "duplicates": 0,
    "failed_tests": 179,
    "success_rate": 62.32,
    "avg_latency_ms": 153.76,
    "avg_score": 98.97
  },
  "protocol_summary": {
    "vmess": {
      "count": 37,
      "avg_lat": 207.51351351351352,
      "avg_score": 98.61657657657658
    },
    "vless": {
      "count": 228,
      "avg_lat": 149.7719298245614,
      "avg_score": 99.00152046783626
    },
    "ss": {
      "count": 0,
      "avg_lat": 0.0,
      "avg_score": 0.0
    },
    "trojan": {
      "count": 31,
      "avg_lat": 118.93548387096774,
      "avg_score": 99.20709677419354
    }
  }
}