{
  "scan_timestamp": "2026-02-26T01:19:47.828872+00:00",
  "duration_seconds": 1091.67,
  "performance_metrics": {
    "total_processed": 473,
    "valid_configs": 333,
    "duplicates": 0,
    "failed_tests": 140,
    "success_rate": 70.4,
    "avg_latency_ms": 69.47,
    "avg_score": 99.54
  },
  "protocol_summary": {
    "vmess": {
      "count": 62,
      "avg_lat": 69.95161290322581,
      "avg_score": 99.5336559139785
    },
    "vless": {
      "count": 236,
      "avg_lat": 72.66525423728814,
      "avg_score": 99.5155649717514
    },
    "ss": {
      "count": 0,
      "avg_lat": 0.0,
      "avg_score": 0.0
    },
    "trojan": {
      "count": 35,
      "avg_lat": 47.114285714285714,
      "avg_score": 99.68590476190477
    }
  }
}