{
  "scan_timestamp": "2026-04-15T20:53:41.071592+00:00",
  "duration_seconds": 1045.75,
  "performance_metrics": {
    "total_processed": 486,
    "valid_configs": 301,
    "duplicates": 0,
    "failed_tests": 185,
    "success_rate": 61.93,
    "avg_latency_ms": 57.38,
    "avg_score": 99.62
  },
  "protocol_summary": {
    "vmess": {
      "count": 2,
      "avg_lat": 111.0,
      "avg_score": 99.26
    },
    "vless": {
      "count": 281,
      "avg_lat": 54.170818505338076,
      "avg_score": 99.63886120996442
    },
    "ss": {
      "count": 0,
      "avg_lat": 0.0,
      "avg_score": 0.0
    },
    "trojan": {
      "count": 18,
      "avg_lat": 101.44444444444444,
      "avg_score": 99.3237037037037
    }
  }
}