{
  "scan_timestamp": "2026-02-22T09:38:32.773765+00:00",
  "duration_seconds": 1160.43,
  "performance_metrics": {
    "total_processed": 474,
    "valid_configs": 354,
    "duplicates": 0,
    "failed_tests": 120,
    "success_rate": 74.68,
    "avg_latency_ms": 93.61,
    "avg_score": 99.38
  },
  "protocol_summary": {
    "vmess": {
      "count": 61,
      "avg_lat": 77.49180327868852,
      "avg_score": 99.48338797814208
    },
    "vless": {
      "count": 258,
      "avg_lat": 101.86821705426357,
      "avg_score": 99.32087855297158
    },
    "trojan": {
      "count": 35,
      "avg_lat": 60.8,
      "avg_score": 99.59466666666665
    }
  }
}