{
  "scan_timestamp": "2026-04-11T07:58:24.067131+00:00",
  "duration_seconds": 998.47,
  "performance_metrics": {
    "total_processed": 487,
    "valid_configs": 221,
    "duplicates": 0,
    "failed_tests": 266,
    "success_rate": 45.38,
    "avg_latency_ms": 110.93,
    "avg_score": 99.26
  },
  "protocol_summary": {
    "vmess": {
      "count": 2,
      "avg_lat": 140.0,
      "avg_score": 99.06666666666666
    },
    "vless": {
      "count": 214,
      "avg_lat": 112.33177570093459,
      "avg_score": 99.25112149532711
    },
    "ss": {
      "count": 1,
      "avg_lat": 190.0,
      "avg_score": 98.73333333333333
    },
    "trojan": {
      "count": 4,
      "avg_lat": 1.75,
      "avg_score": 99.98833333333333
    }
  }
}