{
  "scan_timestamp": "2026-04-18T11:41:25.295642+00:00",
  "duration_seconds": 979.31,
  "performance_metrics": {
    "total_processed": 490,
    "valid_configs": 272,
    "duplicates": 0,
    "failed_tests": 218,
    "success_rate": 55.51,
    "avg_latency_ms": 87.07,
    "avg_score": 99.42
  },
  "protocol_summary": {
    "vmess": {
      "count": 2,
      "avg_lat": 148.5,
      "avg_score": 99.00999999999999
    },
    "vless": {
      "count": 263,
      "avg_lat": 87.67680608365019,
      "avg_score": 99.41548795944233
    },
    "ss": {
      "count": 0,
      "avg_lat": 0.0,
      "avg_score": 0.0
    },
    "trojan": {
      "count": 7,
      "avg_lat": 46.714285714285715,
      "avg_score": 99.68857142857142
    }
  }
}