{
  "scan_timestamp": "2025-12-24T04:06:20.779185+00:00",
  "duration_seconds": 836.45,
  "performance_metrics": {
    "total_processed": 414,
    "valid_configs": 224,
    "duplicates": 0,
    "failed_tests": 190,
    "success_rate": 54.11,
    "avg_latency_ms": 92.67,
    "avg_score": 99.38
  },
  "protocol_summary": {
    "vmess": {
      "count": 54,
      "avg_lat": 126.12962962962963,
      "avg_score": 99.15913580246914
    },
    "vless": {
      "count": 141,
      "avg_lat": 72.69503546099291,
      "avg_score": 99.51536643026004
    },
    "ss": {
      "count": 0,
      "avg_lat": 0.0,
      "avg_score": 0.0
    },
    "trojan": {
      "count": 29,
      "avg_lat": 127.48275862068965,
      "avg_score": 99.15011494252875
    }
  }
}