{
  "scan_timestamp": "2025-12-30T12:38:24.021582+00:00",
  "duration_seconds": 1063.81,
  "performance_metrics": {
    "total_processed": 480,
    "valid_configs": 294,
    "duplicates": 0,
    "failed_tests": 186,
    "success_rate": 61.25,
    "avg_latency_ms": 129.19,
    "avg_score": 99.14
  },
  "protocol_summary": {
    "vmess": {
      "count": 45,
      "avg_lat": 142.82222222222222,
      "avg_score": 99.04785185185186
    },
    "vless": {
      "count": 213,
      "avg_lat": 125.59154929577464,
      "avg_score": 99.16272300469484
    },
    "ss": {
      "count": 0,
      "avg_lat": 0.0,
      "avg_score": 0.0
    },
    "trojan": {
      "count": 36,
      "avg_lat": 133.44444444444446,
      "avg_score": 99.11037037037038
    }
  }
}