{
  "scan_timestamp": "2026-02-26T09:55:02.402852+00:00",
  "duration_seconds": 1095.83,
  "performance_metrics": {
    "total_processed": 473,
    "valid_configs": 332,
    "duplicates": 0,
    "failed_tests": 141,
    "success_rate": 70.19,
    "avg_latency_ms": 87.7,
    "avg_score": 99.42
  },
  "protocol_summary": {
    "vmess": {
      "count": 60,
      "avg_lat": 89.76666666666667,
      "avg_score": 99.40155555555556
    },
    "vless": {
      "count": 237,
      "avg_lat": 88.33333333333333,
      "avg_score": 99.41111111111111
    },
    "ss": {
      "count": 0,
      "avg_lat": 0.0,
      "avg_score": 0.0
    },
    "trojan": {
      "count": 35,
      "avg_lat": 79.91428571428571,
      "avg_score": 99.4672380952381
    }
  }
}