{
  "scan_timestamp": "2025-12-13T19:23:36.500714+00:00",
  "duration_seconds": 967.05,
  "performance_metrics": {
    "total_processed": 475,
    "valid_configs": 237,
    "duplicates": 0,
    "failed_tests": 238,
    "success_rate": 49.89,
    "avg_latency_ms": 135.33,
    "avg_score": 99.1
  },
  "protocol_summary": {
    "vmess": {
      "count": 25,
      "avg_lat": 86.0,
      "avg_score": 99.42666666666666
    },
    "vless": {
      "count": 153,
      "avg_lat": 109.37908496732027,
      "avg_score": 99.27080610021785
    },
    "ss": {
      "count": 0,
      "avg_lat": 0.0,
      "avg_score": 0.0
    },
    "trojan": {
      "count": 59,
      "avg_lat": 223.52542372881356,
      "avg_score": 98.50983050847458
    }
  }
}