{
  "scan_timestamp": "2026-02-24T17:10:58.903354+00:00",
  "duration_seconds": 1108.0,
  "performance_metrics": {
    "total_processed": 474,
    "valid_configs": 337,
    "duplicates": 0,
    "failed_tests": 137,
    "success_rate": 71.1,
    "avg_latency_ms": 88.64,
    "avg_score": 99.41
  },
  "protocol_summary": {
    "vmess": {
      "count": 62,
      "avg_lat": 109.1774193548387,
      "avg_score": 99.2721505376344
    },
    "vless": {
      "count": 240,
      "avg_lat": 84.13333333333334,
      "avg_score": 99.4391111111111
    },
    "trojan": {
      "count": 35,
      "avg_lat": 83.17142857142858,
      "avg_score": 99.4455238095238
    }
  }
}