{
  "scan_timestamp": "2026-02-10T14:33:13.967385+00:00",
  "duration_seconds": 1095.24,
  "performance_metrics": {
    "total_processed": 473,
    "valid_configs": 346,
    "duplicates": 0,
    "failed_tests": 127,
    "success_rate": 73.15,
    "avg_latency_ms": 115.8,
    "avg_score": 99.23
  },
  "protocol_summary": {
    "vmess": {
      "count": 54,
      "avg_lat": 111.81481481481481,
      "avg_score": 99.25456790123457
    },
    "vless": {
      "count": 195,
      "avg_lat": 131.76410256410256,
      "avg_score": 99.12157264957264
    },
    "ss": {
      "count": 0,
      "avg_lat": 0.0,
      "avg_score": 0.0
    },
    "trojan": {
      "count": 97,
      "avg_lat": 85.9381443298969,
      "avg_score": 99.42707903780068
    }
  }
}