{
  "scan_timestamp": "2026-01-02T22:28:42.455966+00:00",
  "duration_seconds": 1097.59,
  "performance_metrics": {
    "total_processed": 479,
    "valid_configs": 311,
    "duplicates": 0,
    "failed_tests": 168,
    "success_rate": 64.93,
    "avg_latency_ms": 112.1,
    "avg_score": 99.25
  },
  "protocol_summary": {
    "vmess": {
      "count": 41,
      "avg_lat": 137.17073170731706,
      "avg_score": 99.08552845528455
    },
    "vless": {
      "count": 244,
      "avg_lat": 99.07786885245902,
      "avg_score": 99.33948087431693
    },
    "ss": {
      "count": 0,
      "avg_lat": 0.0,
      "avg_score": 0.0
    },
    "trojan": {
      "count": 26,
      "avg_lat": 194.80769230769232,
      "avg_score": 98.70128205128206
    }
  }
}