{
  "scan_timestamp": "2026-01-04T12:36:51.265878+00:00",
  "duration_seconds": 1096.91,
  "performance_metrics": {
    "total_processed": 481,
    "valid_configs": 321,
    "duplicates": 0,
    "failed_tests": 160,
    "success_rate": 66.74,
    "avg_latency_ms": 103.21,
    "avg_score": 99.31
  },
  "protocol_summary": {
    "vmess": {
      "count": 38,
      "avg_lat": 110.6842105263158,
      "avg_score": 99.26210526315789
    },
    "vless": {
      "count": 262,
      "avg_lat": 93.87786259541984,
      "avg_score": 99.37414758269719
    },
    "ss": {
      "count": 0,
      "avg_lat": 0.0,
      "avg_score": 0.0
    },
    "trojan": {
      "count": 21,
      "avg_lat": 206.14285714285714,
      "avg_score": 98.62571428571428
    }
  }
}