{
  "scan_timestamp": "2026-02-17T19:56:05.229198+00:00",
  "duration_seconds": 1022.37,
  "performance_metrics": {
    "total_processed": 456,
    "valid_configs": 307,
    "duplicates": 0,
    "failed_tests": 149,
    "success_rate": 67.32,
    "avg_latency_ms": 126.78,
    "avg_score": 99.15
  },
  "protocol_summary": {
    "vmess": {
      "count": 56,
      "avg_lat": 132.46428571428572,
      "avg_score": 99.11690476190476
    },
    "vless": {
      "count": 205,
      "avg_lat": 124.70731707317073,
      "avg_score": 99.16861788617885
    },
    "ss": {
      "count": 0,
      "avg_lat": 0.0,
      "avg_score": 0.0
    },
    "trojan": {
      "count": 46,
      "avg_lat": 129.1086956521739,
      "avg_score": 99.13927536231884
    }
  }
}