{
  "scan_timestamp": "2026-02-10T16:13:54.547268+00:00",
  "duration_seconds": 1128.21,
  "performance_metrics": {
    "total_processed": 474,
    "valid_configs": 339,
    "duplicates": 0,
    "failed_tests": 135,
    "success_rate": 71.52,
    "avg_latency_ms": 122.17,
    "avg_score": 99.19
  },
  "protocol_summary": {
    "vmess": {
      "count": 55,
      "avg_lat": 126.9090909090909,
      "avg_score": 99.15393939393938
    },
    "vless": {
      "count": 185,
      "avg_lat": 109.42702702702702,
      "avg_score": 99.27048648648649
    },
    "ss": {
      "count": 0,
      "avg_lat": 0.0,
      "avg_score": 0.0
    },
    "trojan": {
      "count": 99,
      "avg_lat": 143.36363636363637,
      "avg_score": 99.04424242424241
    }
  }
}