{
  "scan_timestamp": "2026-04-09T21:53:08.043187+00:00",
  "duration_seconds": 1002.98,
  "performance_metrics": {
    "total_processed": 486,
    "valid_configs": 227,
    "duplicates": 0,
    "failed_tests": 259,
    "success_rate": 46.71,
    "avg_latency_ms": 79.52,
    "avg_score": 99.47
  },
  "protocol_summary": {
    "vmess": {
      "count": 2,
      "avg_lat": 104.5,
      "avg_score": 99.30333333333333
    },
    "vless": {
      "count": 214,
      "avg_lat": 80.68691588785046,
      "avg_score": 99.46208722741433
    },
    "ss": {
      "count": 3,
      "avg_lat": 129.33333333333334,
      "avg_score": 99.13777777777777
    },
    "trojan": {
      "count": 8,
      "avg_lat": 23.375,
      "avg_score": 99.84416666666667
    }
  }
}