{
  "scan_timestamp": "2026-01-03T05:30:46.131180+00:00",
  "duration_seconds": 1109.21,
  "performance_metrics": {
    "total_processed": 480,
    "valid_configs": 328,
    "duplicates": 0,
    "failed_tests": 152,
    "success_rate": 68.33,
    "avg_latency_ms": 102.38,
    "avg_score": 99.32
  },
  "protocol_summary": {
    "vmess": {
      "count": 41,
      "avg_lat": 163.3170731707317,
      "avg_score": 98.91121951219513
    },
    "vless": {
      "count": 262,
      "avg_lat": 86.73282442748092,
      "avg_score": 99.42178117048347
    },
    "ss": {
      "count": 0,
      "avg_lat": 0.0,
      "avg_score": 0.0
    },
    "trojan": {
      "count": 25,
      "avg_lat": 166.44,
      "avg_score": 98.89040000000001
    }
  }
}