{
  "scan_timestamp": "2026-02-24T18:07:14.344407+00:00",
  "duration_seconds": 1093.51,
  "performance_metrics": {
    "total_processed": 474,
    "valid_configs": 336,
    "duplicates": 0,
    "failed_tests": 138,
    "success_rate": 70.89,
    "avg_latency_ms": 89.73,
    "avg_score": 99.4
  },
  "protocol_summary": {
    "vmess": {
      "count": 59,
      "avg_lat": 95.64406779661017,
      "avg_score": 99.36237288135594
    },
    "vless": {
      "count": 242,
      "avg_lat": 91.34297520661157,
      "avg_score": 99.39104683195593
    },
    "trojan": {
      "count": 35,
      "avg_lat": 68.6,
      "avg_score": 99.54266666666666
    }
  }
}