{
  "scan_timestamp": "2026-04-18T14:10:04.755633+00:00",
  "duration_seconds": 979.22,
  "performance_metrics": {
    "total_processed": 490,
    "valid_configs": 272,
    "duplicates": 0,
    "failed_tests": 218,
    "success_rate": 55.51,
    "avg_latency_ms": 77.16,
    "avg_score": 99.49
  },
  "protocol_summary": {
    "vmess": {
      "count": 2,
      "avg_lat": 154.0,
      "avg_score": 98.97333333333333
    },
    "vless": {
      "count": 263,
      "avg_lat": 77.06844106463879,
      "avg_score": 99.48621039290241
    },
    "ss": {
      "count": 0,
      "avg_lat": 0.0,
      "avg_score": 0.0
    },
    "trojan": {
      "count": 7,
      "avg_lat": 58.57142857142857,
      "avg_score": 99.60952380952381
    }
  }
}