{
  "scan_timestamp": "2025-12-18T22:25:22.268014+00:00",
  "duration_seconds": 890.17,
  "performance_metrics": {
    "total_processed": 461,
    "valid_configs": 246,
    "duplicates": 0,
    "failed_tests": 215,
    "success_rate": 53.36,
    "avg_latency_ms": 113.36,
    "avg_score": 99.24
  },
  "protocol_summary": {
    "vmess": {
      "count": 80,
      "avg_lat": 190.4375,
      "avg_score": 98.73041666666667
    },
    "vless": {
      "count": 132,
      "avg_lat": 59.46969696969697,
      "avg_score": 99.60353535353535
    },
    "ss": {
      "count": 0,
      "avg_lat": 0.0,
      "avg_score": 0.0
    },
    "trojan": {
      "count": 34,
      "avg_lat": 141.2058823529412,
      "avg_score": 99.0586274509804
    }
  }
}