{
  "scan_timestamp": "2026-03-20T18:41:16.101702+00:00",
  "duration_seconds": 603.06,
  "performance_metrics": {
    "total_processed": 436,
    "valid_configs": 85,
    "duplicates": 0,
    "failed_tests": 351,
    "success_rate": 19.5,
    "avg_latency_ms": 99.59,
    "avg_score": 99.34
  },
  "protocol_summary": {
    "vmess": {
      "count": 1,
      "avg_lat": 24.0,
      "avg_score": 99.84
    },
    "vless": {
      "count": 62,
      "avg_lat": 85.2258064516129,
      "avg_score": 99.43182795698925
    },
    "ss": {
      "count": 14,
      "avg_lat": 192.78571428571428,
      "avg_score": 98.7147619047619
    },
    "trojan": {
      "count": 8,
      "avg_lat": 57.25,
      "avg_score": 99.61833333333333
    }
  }
}