{
  "scan_timestamp": "2025-12-26T05:29:34.658397+00:00",
  "duration_seconds": 971.17,
  "performance_metrics": {
    "total_processed": 461,
    "valid_configs": 279,
    "duplicates": 0,
    "failed_tests": 182,
    "success_rate": 60.52,
    "avg_latency_ms": 140.62,
    "avg_score": 99.06
  },
  "protocol_summary": {
    "vmess": {
      "count": 76,
      "avg_lat": 137.14473684210526,
      "avg_score": 99.08570175438597
    },
    "vless": {
      "count": 112,
      "avg_lat": 125.3125,
      "avg_score": 99.16458333333333
    },
    "ss": {
      "count": 0,
      "avg_lat": 0.0,
      "avg_score": 0.0
    },
    "trojan": {
      "count": 91,
      "avg_lat": 162.36263736263737,
      "avg_score": 98.91758241758242
    }
  }
}