{
  "scan_timestamp": "2026-02-14T13:54:16.572070+00:00",
  "duration_seconds": 1066.02,
  "performance_metrics": {
    "total_processed": 461,
    "valid_configs": 317,
    "duplicates": 0,
    "failed_tests": 144,
    "success_rate": 68.76,
    "avg_latency_ms": 149.2,
    "avg_score": 99.01
  },
  "protocol_summary": {
    "vmess": {
      "count": 67,
      "avg_lat": 130.16417910447763,
      "avg_score": 99.13223880597015
    },
    "vless": {
      "count": 201,
      "avg_lat": 158.8407960199005,
      "avg_score": 98.94106135986732
    },
    "ss": {
      "count": 0,
      "avg_lat": 0.0,
      "avg_score": 0.0
    },
    "trojan": {
      "count": 49,
      "avg_lat": 135.6530612244898,
      "avg_score": 99.0956462585034
    }
  }
}