{
  "scan_timestamp": "2026-04-18T12:50:11.062264+00:00",
  "duration_seconds": 978.2,
  "performance_metrics": {
    "total_processed": 490,
    "valid_configs": 272,
    "duplicates": 0,
    "failed_tests": 218,
    "success_rate": 55.51,
    "avg_latency_ms": 66.86,
    "avg_score": 99.55
  },
  "protocol_summary": {
    "vmess": {
      "count": 2,
      "avg_lat": 119.0,
      "avg_score": 99.20666666666666
    },
    "vless": {
      "count": 263,
      "avg_lat": 67.38783269961978,
      "avg_score": 99.55074778200253
    },
    "ss": {
      "count": 0,
      "avg_lat": 0.0,
      "avg_score": 0.0
    },
    "trojan": {
      "count": 7,
      "avg_lat": 32.142857142857146,
      "avg_score": 99.78571428571429
    }
  }
}