{
  "scan_timestamp": "2026-04-07T19:00:25.259877+00:00",
  "duration_seconds": 980.58,
  "performance_metrics": {
    "total_processed": 480,
    "valid_configs": 207,
    "duplicates": 0,
    "failed_tests": 273,
    "success_rate": 43.12,
    "avg_latency_ms": 127.33,
    "avg_score": 99.15
  },
  "protocol_summary": {
    "vmess": {
      "count": 1,
      "avg_lat": 226.0,
      "avg_score": 98.49333333333334
    },
    "vless": {
      "count": 199,
      "avg_lat": 125.61809045226131,
      "avg_score": 99.1625460636516
    },
    "ss": {
      "count": 1,
      "avg_lat": 193.0,
      "avg_score": 98.71333333333334
    },
    "trojan": {
      "count": 6,
      "avg_lat": 156.83333333333334,
      "avg_score": 98.95444444444445
    }
  }
}