{
  "scan_timestamp": "2026-03-30T01:32:05.194800+00:00",
  "duration_seconds": 987.51,
  "performance_metrics": {
    "total_processed": 478,
    "valid_configs": 223,
    "duplicates": 0,
    "failed_tests": 255,
    "success_rate": 46.65,
    "avg_latency_ms": 80.64,
    "avg_score": 99.46
  },
  "protocol_summary": {
    "vmess": {
      "count": 19,
      "avg_lat": 116.57894736842105,
      "avg_score": 99.22280701754386
    },
    "vless": {
      "count": 199,
      "avg_lat": 74.97989949748744,
      "avg_score": 99.50013400335007
    },
    "ss": {
      "count": 1,
      "avg_lat": 111.0,
      "avg_score": 99.26
    },
    "trojan": {
      "count": 4,
      "avg_lat": 184.0,
      "avg_score": 98.77333333333334
    }
  }
}