{
  "scan_timestamp": "2026-03-30T10:21:32.127942+00:00",
  "duration_seconds": 1002.38,
  "performance_metrics": {
    "total_processed": 476,
    "valid_configs": 230,
    "duplicates": 0,
    "failed_tests": 246,
    "success_rate": 48.32,
    "avg_latency_ms": 86.33,
    "avg_score": 99.42
  },
  "protocol_summary": {
    "vmess": {
      "count": 15,
      "avg_lat": 245.26666666666668,
      "avg_score": 98.36488888888888
    },
    "vless": {
      "count": 205,
      "avg_lat": 74.13170731707316,
      "avg_score": 99.50578861788618
    },
    "ss": {
      "count": 3,
      "avg_lat": 73.66666666666667,
      "avg_score": 99.50888888888888
    },
    "trojan": {
      "count": 7,
      "avg_lat": 108.28571428571429,
      "avg_score": 99.27809523809525
    }
  }
}