{
  "scan_timestamp": "2026-02-23T10:57:07.968842+00:00",
  "duration_seconds": 1142.59,
  "performance_metrics": {
    "total_processed": 484,
    "valid_configs": 352,
    "duplicates": 0,
    "failed_tests": 132,
    "success_rate": 72.73,
    "avg_latency_ms": 85.25,
    "avg_score": 99.43
  },
  "protocol_summary": {
    "vmess": {
      "count": 65,
      "avg_lat": 86.98461538461538,
      "avg_score": 99.42010256410256
    },
    "vless": {
      "count": 255,
      "avg_lat": 82.8,
      "avg_score": 99.44800000000001
    },
    "trojan": {
      "count": 32,
      "avg_lat": 101.25,
      "avg_score": 99.325
    }
  }
}