{
  "scan_timestamp": "2026-04-01T18:59:23.617005+00:00",
  "duration_seconds": 990.78,
  "performance_metrics": {
    "total_processed": 492,
    "valid_configs": 241,
    "duplicates": 0,
    "failed_tests": 251,
    "success_rate": 48.98,
    "avg_latency_ms": 113.84,
    "avg_score": 99.24
  },
  "protocol_summary": {
    "vmess": {
      "count": 2,
      "avg_lat": 112.0,
      "avg_score": 99.25333333333333
    },
    "vless": {
      "count": 236,
      "avg_lat": 114.21186440677967,
      "avg_score": 99.23858757062148
    },
    "ss": {
      "count": 0,
      "avg_lat": 0.0,
      "avg_score": 0.0
    },
    "trojan": {
      "count": 3,
      "avg_lat": 85.66666666666667,
      "avg_score": 99.42888888888888
    }
  }
}