{
  "scan_timestamp": "2026-02-06T06:56:14.118013+00:00",
  "duration_seconds": 1074.17,
  "performance_metrics": {
    "total_processed": 481,
    "valid_configs": 303,
    "duplicates": 0,
    "failed_tests": 178,
    "success_rate": 62.99,
    "avg_latency_ms": 177.06,
    "avg_score": 98.82
  },
  "protocol_summary": {
    "vmess": {
      "count": 59,
      "avg_lat": 126.22033898305085,
      "avg_score": 99.15853107344633
    },
    "vless": {
      "count": 152,
      "avg_lat": 137.1184210526316,
      "avg_score": 99.08587719298245
    },
    "ss": {
      "count": 0,
      "avg_lat": 0.0,
      "avg_score": 0.0
    },
    "trojan": {
      "count": 92,
      "avg_lat": 275.6630434782609,
      "avg_score": 98.1622463768116
    }
  }
}