{
  "scan_timestamp": "2026-01-08T19:29:52.201026+00:00",
  "duration_seconds": 1098.61,
  "performance_metrics": {
    "total_processed": 474,
    "valid_configs": 346,
    "duplicates": 0,
    "failed_tests": 128,
    "success_rate": 73.0,
    "avg_latency_ms": 110.24,
    "avg_score": 99.27
  },
  "protocol_summary": {
    "vmess": {
      "count": 61,
      "avg_lat": 128.37704918032787,
      "avg_score": 99.14415300546447
    },
    "vless": {
      "count": 218,
      "avg_lat": 95.38532110091744,
      "avg_score": 99.36409785932722
    },
    "ss": {
      "count": 0,
      "avg_lat": 0.0,
      "avg_score": 0.0
    },
    "trojan": {
      "count": 67,
      "avg_lat": 142.0597014925373,
      "avg_score": 99.05293532338308
    }
  }
}