{
  "scan_timestamp": "2026-01-24T08:27:56.977831+00:00",
  "duration_seconds": 859.54,
  "performance_metrics": {
    "total_processed": 427,
    "valid_configs": 226,
    "duplicates": 0,
    "failed_tests": 201,
    "success_rate": 52.93,
    "avg_latency_ms": 103.28,
    "avg_score": 99.31
  },
  "protocol_summary": {
    "vmess": {
      "count": 58,
      "avg_lat": 106.63793103448276,
      "avg_score": 99.2890804597701
    },
    "vless": {
      "count": 133,
      "avg_lat": 93.89473684210526,
      "avg_score": 99.37403508771929
    },
    "ss": {
      "count": 0,
      "avg_lat": 0.0,
      "avg_score": 0.0
    },
    "trojan": {
      "count": 35,
      "avg_lat": 133.4,
      "avg_score": 99.11066666666667
    }
  }
}