{
  "scan_timestamp": "2026-01-30T08:38:50.262356+00:00",
  "duration_seconds": 884.64,
  "performance_metrics": {
    "total_processed": 460,
    "valid_configs": 247,
    "duplicates": 0,
    "failed_tests": 213,
    "success_rate": 53.7,
    "avg_latency_ms": 94.42,
    "avg_score": 99.37
  },
  "protocol_summary": {
    "vmess": {
      "count": 110,
      "avg_lat": 63.82727272727273,
      "avg_score": 99.57448484848484
    },
    "vless": {
      "count": 76,
      "avg_lat": 87.85526315789474,
      "avg_score": 99.41429824561403
    },
    "ss": {
      "count": 0,
      "avg_lat": 0.0,
      "avg_score": 0.0
    },
    "trojan": {
      "count": 61,
      "avg_lat": 157.75409836065575,
      "avg_score": 98.94830601092896
    }
  }
}