{
  "scan_timestamp": "2026-01-27T15:38:48.433409+00:00",
  "duration_seconds": 1131.52,
  "performance_metrics": {
    "total_processed": 481,
    "valid_configs": 341,
    "duplicates": 0,
    "failed_tests": 140,
    "success_rate": 70.89,
    "avg_latency_ms": 90.91,
    "avg_score": 99.39
  },
  "protocol_summary": {
    "vmess": {
      "count": 42,
      "avg_lat": 69.73809523809524,
      "avg_score": 99.53507936507937
    },
    "vless": {
      "count": 218,
      "avg_lat": 75.79816513761467,
      "avg_score": 99.49467889908257
    },
    "ss": {
      "count": 0,
      "avg_lat": 0.0,
      "avg_score": 0.0
    },
    "trojan": {
      "count": 81,
      "avg_lat": 142.5679012345679,
      "avg_score": 99.04954732510288
    }
  }
}