{
  "scan_timestamp": "2026-02-05T14:16:15.871089+00:00",
  "duration_seconds": 1106.44,
  "performance_metrics": {
    "total_processed": 484,
    "valid_configs": 324,
    "duplicates": 0,
    "failed_tests": 160,
    "success_rate": 66.94,
    "avg_latency_ms": 135.62,
    "avg_score": 99.1
  },
  "protocol_summary": {
    "vmess": {
      "count": 63,
      "avg_lat": 85.15873015873017,
      "avg_score": 99.43227513227514
    },
    "vless": {
      "count": 180,
      "avg_lat": 123.57777777777778,
      "avg_score": 99.17614814814814
    },
    "ss": {
      "count": 0,
      "avg_lat": 0.0,
      "avg_score": 0.0
    },
    "trojan": {
      "count": 81,
      "avg_lat": 201.64197530864197,
      "avg_score": 98.65572016460905
    }
  }
}