{
  "scan_timestamp": "2026-03-20T06:43:06.494805+00:00",
  "duration_seconds": 223.3,
  "performance_metrics": {
    "total_processed": 394,
    "valid_configs": 42,
    "duplicates": 0,
    "failed_tests": 352,
    "success_rate": 10.66,
    "avg_latency_ms": 43.57,
    "avg_score": 99.71
  },
  "protocol_summary": {
    "vmess": {
      "count": 1,
      "avg_lat": 23.0,
      "avg_score": 99.84666666666666
    },
    "vless": {
      "count": 28,
      "avg_lat": 52.535714285714285,
      "avg_score": 99.6497619047619
    },
    "ss": {
      "count": 0,
      "avg_lat": 0.0,
      "avg_score": 0.0
    },
    "trojan": {
      "count": 13,
      "avg_lat": 25.846153846153847,
      "avg_score": 99.8276923076923
    }
  }
}