{
  "scan_timestamp": "2025-12-30T13:47:17.624201+00:00",
  "duration_seconds": 1069.24,
  "performance_metrics": {
    "total_processed": 480,
    "valid_configs": 297,
    "duplicates": 0,
    "failed_tests": 183,
    "success_rate": 61.88,
    "avg_latency_ms": 94.55,
    "avg_score": 99.37
  },
  "protocol_summary": {
    "vmess": {
      "count": 51,
      "avg_lat": 103.15686274509804,
      "avg_score": 99.31228758169934
    },
    "vless": {
      "count": 212,
      "avg_lat": 81.08490566037736,
      "avg_score": 99.45943396226414
    },
    "ss": {
      "count": 0,
      "avg_lat": 0.0,
      "avg_score": 0.0
    },
    "trojan": {
      "count": 34,
      "avg_lat": 165.55882352941177,
      "avg_score": 98.89627450980392
    }
  }
}