{
  "scan_timestamp": "2026-02-12T18:06:11.395262+00:00",
  "duration_seconds": 1043.02,
  "performance_metrics": {
    "total_processed": 480,
    "valid_configs": 319,
    "duplicates": 0,
    "failed_tests": 161,
    "success_rate": 66.46,
    "avg_latency_ms": 134.06,
    "avg_score": 99.11
  },
  "protocol_summary": {
    "vmess": {
      "count": 66,
      "avg_lat": 193.95454545454547,
      "avg_score": 98.7069696969697
    },
    "vless": {
      "count": 212,
      "avg_lat": 108.87264150943396,
      "avg_score": 99.27418238993711
    },
    "ss": {
      "count": 0,
      "avg_lat": 0.0,
      "avg_score": 0.0
    },
    "trojan": {
      "count": 41,
      "avg_lat": 167.85365853658536,
      "avg_score": 98.88097560975609
    }
  }
}