{
  "scan_timestamp": "2025-12-19T04:07:11.205357+00:00",
  "duration_seconds": 891.61,
  "performance_metrics": {
    "total_processed": 462,
    "valid_configs": 254,
    "duplicates": 0,
    "failed_tests": 208,
    "success_rate": 54.98,
    "avg_latency_ms": 105.69,
    "avg_score": 99.3
  },
  "protocol_summary": {
    "vmess": {
      "count": 81,
      "avg_lat": 185.07407407407408,
      "avg_score": 98.76617283950618
    },
    "vless": {
      "count": 138,
      "avg_lat": 50.833333333333336,
      "avg_score": 99.66111111111111
    },
    "ss": {
      "count": 0,
      "avg_lat": 0.0,
      "avg_score": 0.0
    },
    "trojan": {
      "count": 35,
      "avg_lat": 138.22857142857143,
      "avg_score": 99.0784761904762
    }
  }
}