{
  "scan_timestamp": "2026-01-08T18:33:26.096726+00:00",
  "duration_seconds": 1102.9,
  "performance_metrics": {
    "total_processed": 474,
    "valid_configs": 340,
    "duplicates": 0,
    "failed_tests": 134,
    "success_rate": 71.73,
    "avg_latency_ms": 132.48,
    "avg_score": 99.12
  },
  "protocol_summary": {
    "vmess": {
      "count": 58,
      "avg_lat": 142.5,
      "avg_score": 99.05
    },
    "vless": {
      "count": 215,
      "avg_lat": 136.71162790697673,
      "avg_score": 99.08858914728681
    },
    "ss": {
      "count": 0,
      "avg_lat": 0.0,
      "avg_score": 0.0
    },
    "trojan": {
      "count": 67,
      "avg_lat": 110.23880597014926,
      "avg_score": 99.26507462686567
    }
  }
}