{
  "scan_timestamp": "2026-01-09T17:32:59.944775+00:00",
  "duration_seconds": 1081.11,
  "performance_metrics": {
    "total_processed": 473,
    "valid_configs": 338,
    "duplicates": 0,
    "failed_tests": 135,
    "success_rate": 71.46,
    "avg_latency_ms": 107.0,
    "avg_score": 99.29
  },
  "protocol_summary": {
    "vmess": {
      "count": 48,
      "avg_lat": 103.33333333333333,
      "avg_score": 99.31111111111112
    },
    "vless": {
      "count": 236,
      "avg_lat": 103.54237288135593,
      "avg_score": 99.3097175141243
    },
    "ss": {
      "count": 0,
      "avg_lat": 0.0,
      "avg_score": 0.0
    },
    "trojan": {
      "count": 54,
      "avg_lat": 125.37037037037037,
      "avg_score": 99.1641975308642
    }
  }
}