{
  "scan_timestamp": "2025-12-16T20:27:59.217200+00:00",
  "duration_seconds": 938.9,
  "performance_metrics": {
    "total_processed": 472,
    "valid_configs": 237,
    "duplicates": 0,
    "failed_tests": 235,
    "success_rate": 50.21,
    "avg_latency_ms": 87.93,
    "avg_score": 99.41
  },
  "protocol_summary": {
    "vmess": {
      "count": 52,
      "avg_lat": 112.84615384615384,
      "avg_score": 99.2476923076923
    },
    "vless": {
      "count": 149,
      "avg_lat": 73.67114093959732,
      "avg_score": 99.50885906040268
    },
    "ss": {
      "count": 0,
      "avg_lat": 0.0,
      "avg_score": 0.0
    },
    "trojan": {
      "count": 36,
      "avg_lat": 110.97222222222223,
      "avg_score": 99.2601851851852
    }
  }
}