{
  "scan_timestamp": "2026-02-15T18:36:34.736294+00:00",
  "duration_seconds": 1056.64,
  "performance_metrics": {
    "total_processed": 462,
    "valid_configs": 320,
    "duplicates": 0,
    "failed_tests": 142,
    "success_rate": 69.26,
    "avg_latency_ms": 107.65,
    "avg_score": 99.28
  },
  "protocol_summary": {
    "vmess": {
      "count": 83,
      "avg_lat": 164.3012048192771,
      "avg_score": 98.90465863453815
    },
    "vless": {
      "count": 207,
      "avg_lat": 85.80676328502416,
      "avg_score": 99.42795491143318
    },
    "ss": {
      "count": 0,
      "avg_lat": 0.0,
      "avg_score": 0.0
    },
    "trojan": {
      "count": 30,
      "avg_lat": 101.63333333333334,
      "avg_score": 99.32244444444444
    }
  }
}