{
  "scan_timestamp": "2025-12-25T18:31:35.541159+00:00",
  "duration_seconds": 979.07,
  "performance_metrics": {
    "total_processed": 475,
    "valid_configs": 273,
    "duplicates": 0,
    "failed_tests": 202,
    "success_rate": 57.47,
    "avg_latency_ms": 109.95,
    "avg_score": 99.27
  },
  "protocol_summary": {
    "vmess": {
      "count": 45,
      "avg_lat": 150.4,
      "avg_score": 98.99733333333333
    },
    "vless": {
      "count": 167,
      "avg_lat": 88.38323353293413,
      "avg_score": 99.41077844311377
    },
    "ss": {
      "count": 0,
      "avg_lat": 0.0,
      "avg_score": 0.0
    },
    "trojan": {
      "count": 61,
      "avg_lat": 139.1639344262295,
      "avg_score": 99.07224043715847
    }
  }
}