{
  "scan_timestamp": "2026-02-20T14:11:46.302617+00:00",
  "duration_seconds": 1172.46,
  "performance_metrics": {
    "total_processed": 473,
    "valid_configs": 371,
    "duplicates": 0,
    "failed_tests": 102,
    "success_rate": 78.44,
    "avg_latency_ms": 97.07,
    "avg_score": 99.35
  },
  "protocol_summary": {
    "vmess": {
      "count": 62,
      "avg_lat": 85.33870967741936,
      "avg_score": 99.4310752688172
    },
    "vless": {
      "count": 274,
      "avg_lat": 102.97445255474453,
      "avg_score": 99.31350364963502
    },
    "ss": {
      "count": 0,
      "avg_lat": 0.0,
      "avg_score": 0.0
    },
    "trojan": {
      "count": 35,
      "avg_lat": 71.65714285714286,
      "avg_score": 99.5222857142857
    }
  }
}