{
  "scan_timestamp": "2026-06-30T11:03:34.756233+00:00",
  "duration_seconds": 426.96,
  "performance_metrics": {
    "total_processed": 449,
    "valid_configs": 127,
    "duplicates": 0,
    "failed_tests": 322,
    "success_rate": 28.29,
    "avg_latency_ms": 175.37,
    "avg_score": 98.83
  },
  "protocol_summary": {
    "vmess": {
      "count": 2,
      "avg_lat": 71.0,
      "avg_score": 99.52666666666667
    },
    "vless": {
      "count": 9,
      "avg_lat": 227.55555555555554,
      "avg_score": 98.48296296296297
    },
    "ss": {
      "count": 97,
      "avg_lat": 169.64948453608247,
      "avg_score": 98.86900343642611
    },
    "trojan": {
      "count": 19,
      "avg_lat": 190.8421052631579,
      "avg_score": 98.72771929824562
    }
  }
}