{
  "scan_timestamp": "2025-12-17T23:26:11.597984+00:00",
  "duration_seconds": 922.43,
  "performance_metrics": {
    "total_processed": 476,
    "valid_configs": 238,
    "duplicates": 0,
    "failed_tests": 238,
    "success_rate": 50.0,
    "avg_latency_ms": 85.21,
    "avg_score": 99.43
  },
  "protocol_summary": {
    "vmess": {
      "count": 49,
      "avg_lat": 119.06122448979592,
      "avg_score": 99.20625850340136
    },
    "vless": {
      "count": 140,
      "avg_lat": 75.53571428571429,
      "avg_score": 99.49642857142857
    },
    "ss": {
      "count": 0,
      "avg_lat": 0.0,
      "avg_score": 0.0
    },
    "trojan": {
      "count": 49,
      "avg_lat": 79.0,
      "avg_score": 99.47333333333334
    }
  }
}