{
  "scan_timestamp": "2026-01-26T01:13:30.843280+00:00",
  "duration_seconds": 958.55,
  "performance_metrics": {
    "total_processed": 461,
    "valid_configs": 261,
    "duplicates": 0,
    "failed_tests": 200,
    "success_rate": 56.62,
    "avg_latency_ms": 122.57,
    "avg_score": 99.18
  },
  "protocol_summary": {
    "vmess": {
      "count": 42,
      "avg_lat": 116.30952380952381,
      "avg_score": 99.22460317460317
    },
    "vless": {
      "count": 178,
      "avg_lat": 118.84831460674157,
      "avg_score": 99.20767790262173
    },
    "ss": {
      "count": 0,
      "avg_lat": 0.0,
      "avg_score": 0.0
    },
    "trojan": {
      "count": 41,
      "avg_lat": 145.1219512195122,
      "avg_score": 99.03252032520325
    }
  }
}