{
  "scan_timestamp": "2025-12-28T08:30:15.849258+00:00",
  "duration_seconds": 981.56,
  "performance_metrics": {
    "total_processed": 469,
    "valid_configs": 274,
    "duplicates": 0,
    "failed_tests": 195,
    "success_rate": 58.42,
    "avg_latency_ms": 113.27,
    "avg_score": 99.24
  },
  "protocol_summary": {
    "vmess": {
      "count": 48,
      "avg_lat": 88.66666666666667,
      "avg_score": 99.4088888888889
    },
    "vless": {
      "count": 164,
      "avg_lat": 76.60365853658537,
      "avg_score": 99.48930894308943
    },
    "ss": {
      "count": 0,
      "avg_lat": 0.0,
      "avg_score": 0.0
    },
    "trojan": {
      "count": 62,
      "avg_lat": 229.29032258064515,
      "avg_score": 98.47139784946236
    }
  }
}