{
  "scan_timestamp": "2026-03-27T12:55:30.991239+00:00",
  "duration_seconds": 1183.15,
  "performance_metrics": {
    "total_processed": 463,
    "valid_configs": 389,
    "duplicates": 0,
    "failed_tests": 74,
    "success_rate": 84.02,
    "avg_latency_ms": 65.53,
    "avg_score": 99.56
  },
  "protocol_summary": {
    "vmess": {
      "count": 15,
      "avg_lat": 84.4,
      "avg_score": 99.43733333333333
    },
    "vless": {
      "count": 357,
      "avg_lat": 61.92156862745098,
      "avg_score": 99.58718954248366
    },
    "ss": {
      "count": 0,
      "avg_lat": 0.0,
      "avg_score": 0.0
    },
    "trojan": {
      "count": 17,
      "avg_lat": 124.70588235294117,
      "avg_score": 99.16862745098038
    }
  }
}