{
  "scan_timestamp": "2026-04-04T08:42:11.650943+00:00",
  "duration_seconds": 872.82,
  "performance_metrics": {
    "total_processed": 482,
    "valid_configs": 176,
    "duplicates": 0,
    "failed_tests": 306,
    "success_rate": 36.51,
    "avg_latency_ms": 115.78,
    "avg_score": 99.23
  },
  "protocol_summary": {
    "vmess": {
      "count": 2,
      "avg_lat": 115.0,
      "avg_score": 99.23333333333333
    },
    "vless": {
      "count": 167,
      "avg_lat": 115.9940119760479,
      "avg_score": 99.22670658682635
    },
    "ss": {
      "count": 2,
      "avg_lat": 117.5,
      "avg_score": 99.21666666666667
    },
    "trojan": {
      "count": 5,
      "avg_lat": 108.4,
      "avg_score": 99.27733333333333
    }
  }
}