{
  "scan_timestamp": "2026-03-23T16:55:05.344241+00:00",
  "duration_seconds": 705.54,
  "performance_metrics": {
    "total_processed": 462,
    "valid_configs": 127,
    "duplicates": 0,
    "failed_tests": 335,
    "success_rate": 27.49,
    "avg_latency_ms": 134.69,
    "avg_score": 99.1
  },
  "protocol_summary": {
    "vmess": {
      "count": 1,
      "avg_lat": 48.0,
      "avg_score": 99.68
    },
    "vless": {
      "count": 116,
      "avg_lat": 137.5948275862069,
      "avg_score": 99.08270114942528
    },
    "ss": {
      "count": 3,
      "avg_lat": 147.66666666666666,
      "avg_score": 99.01555555555557
    },
    "trojan": {
      "count": 7,
      "avg_lat": 93.42857142857143,
      "avg_score": 99.37714285714286
    }
  }
}