{
  "scan_timestamp": "2026-02-15T21:31:26.629688+00:00",
  "duration_seconds": 1064.03,
  "performance_metrics": {
    "total_processed": 463,
    "valid_configs": 323,
    "duplicates": 0,
    "failed_tests": 140,
    "success_rate": 69.76,
    "avg_latency_ms": 122.52,
    "avg_score": 99.18
  },
  "protocol_summary": {
    "vmess": {
      "count": 85,
      "avg_lat": 175.23529411764707,
      "avg_score": 98.83176470588236
    },
    "vless": {
      "count": 209,
      "avg_lat": 103.10526315789474,
      "avg_score": 99.31263157894738
    },
    "ss": {
      "count": 0,
      "avg_lat": 0.0,
      "avg_score": 0.0
    },
    "trojan": {
      "count": 29,
      "avg_lat": 107.96551724137932,
      "avg_score": 99.28022988505747
    }
  }
}