{
  "scan_timestamp": "2026-01-28T15:38:40.901372+00:00",
  "duration_seconds": 1089.09,
  "performance_metrics": {
    "total_processed": 475,
    "valid_configs": 324,
    "duplicates": 0,
    "failed_tests": 151,
    "success_rate": 68.21,
    "avg_latency_ms": 79.96,
    "avg_score": 99.47
  },
  "protocol_summary": {
    "vmess": {
      "count": 44,
      "avg_lat": 58.59090909090909,
      "avg_score": 99.60939393939394
    },
    "vless": {
      "count": 221,
      "avg_lat": 74.76923076923077,
      "avg_score": 99.50153846153846
    },
    "ss": {
      "count": 0,
      "avg_lat": 0.0,
      "avg_score": 0.0
    },
    "trojan": {
      "count": 59,
      "avg_lat": 115.33898305084746,
      "avg_score": 99.23107344632768
    }
  }
}