{
  "scan_timestamp": "2026-04-09T13:11:17.904217+00:00",
  "duration_seconds": 984.69,
  "performance_metrics": {
    "total_processed": 485,
    "valid_configs": 218,
    "duplicates": 0,
    "failed_tests": 267,
    "success_rate": 44.95,
    "avg_latency_ms": 92.5,
    "avg_score": 99.38
  },
  "protocol_summary": {
    "vmess": {
      "count": 2,
      "avg_lat": 120.5,
      "avg_score": 99.19666666666666
    },
    "vless": {
      "count": 210,
      "avg_lat": 89.37142857142857,
      "avg_score": 99.40419047619048
    },
    "ss": {
      "count": 4,
      "avg_lat": 236.75,
      "avg_score": 98.42166666666667
    },
    "trojan": {
      "count": 2,
      "avg_lat": 104.5,
      "avg_score": 99.30333333333334
    }
  }
}