{
  "scan_timestamp": "2026-01-10T22:26:51.636110+00:00",
  "duration_seconds": 1008.65,
  "performance_metrics": {
    "total_processed": 461,
    "valid_configs": 318,
    "duplicates": 0,
    "failed_tests": 143,
    "success_rate": 68.98,
    "avg_latency_ms": 127.31,
    "avg_score": 99.15
  },
  "protocol_summary": {
    "vmess": {
      "count": 73,
      "avg_lat": 67.04109589041096,
      "avg_score": 99.55305936073059
    },
    "vless": {
      "count": 171,
      "avg_lat": 141.6140350877193,
      "avg_score": 99.05590643274854
    },
    "ss": {
      "count": 0,
      "avg_lat": 0.0,
      "avg_score": 0.0
    },
    "trojan": {
      "count": 74,
      "avg_lat": 153.71621621621622,
      "avg_score": 98.97522522522523
    }
  }
}