{
  "scan_timestamp": "2026-02-02T18:43:58.652123+00:00",
  "duration_seconds": 1013.16,
  "performance_metrics": {
    "total_processed": 482,
    "valid_configs": 277,
    "duplicates": 0,
    "failed_tests": 205,
    "success_rate": 57.47,
    "avg_latency_ms": 114.56,
    "avg_score": 99.24
  },
  "protocol_summary": {
    "vmess": {
      "count": 72,
      "avg_lat": 95.02777777777777,
      "avg_score": 99.36648148148147
    },
    "vless": {
      "count": 159,
      "avg_lat": 83.52201257861635,
      "avg_score": 99.44318658280923
    },
    "ss": {
      "count": 0,
      "avg_lat": 0.0,
      "avg_score": 0.0
    },
    "trojan": {
      "count": 46,
      "avg_lat": 252.43478260869566,
      "avg_score": 98.31710144927537
    }
  }
}