{
  "scan_timestamp": "2026-01-22T19:34:55.952641+00:00",
  "duration_seconds": 1108.12,
  "performance_metrics": {
    "total_processed": 481,
    "valid_configs": 342,
    "duplicates": 0,
    "failed_tests": 139,
    "success_rate": 71.1,
    "avg_latency_ms": 101.76,
    "avg_score": 99.32
  },
  "protocol_summary": {
    "vmess": {
      "count": 78,
      "avg_lat": 67.37179487179488,
      "avg_score": 99.5508547008547
    },
    "vless": {
      "count": 235,
      "avg_lat": 112.34042553191489,
      "avg_score": 99.25106382978723
    },
    "ss": {
      "count": 0,
      "avg_lat": 0.0,
      "avg_score": 0.0
    },
    "trojan": {
      "count": 29,
      "avg_lat": 108.55172413793103,
      "avg_score": 99.27632183908045
    }
  }
}