{
  "scan_timestamp": "2025-12-20T11:23:22.795815+00:00",
  "duration_seconds": 920.82,
  "performance_metrics": {
    "total_processed": 467,
    "valid_configs": 251,
    "duplicates": 0,
    "failed_tests": 216,
    "success_rate": 53.75,
    "avg_latency_ms": 100.06,
    "avg_score": 99.33
  },
  "protocol_summary": {
    "vmess": {
      "count": 70,
      "avg_lat": 153.78571428571428,
      "avg_score": 98.9747619047619
    },
    "vless": {
      "count": 143,
      "avg_lat": 65.1118881118881,
      "avg_score": 99.56592074592075
    },
    "ss": {
      "count": 0,
      "avg_lat": 0.0,
      "avg_score": 0.0
    },
    "trojan": {
      "count": 38,
      "avg_lat": 132.57894736842104,
      "avg_score": 99.11614035087719
    }
  }
}