{
  "scan_timestamp": "2025-12-28T11:23:24.822675+00:00",
  "duration_seconds": 895.41,
  "performance_metrics": {
    "total_processed": 437,
    "valid_configs": 239,
    "duplicates": 0,
    "failed_tests": 198,
    "success_rate": 54.69,
    "avg_latency_ms": 101.85,
    "avg_score": 99.32
  },
  "protocol_summary": {
    "vmess": {
      "count": 43,
      "avg_lat": 111.69767441860465,
      "avg_score": 99.25534883720931
    },
    "vless": {
      "count": 163,
      "avg_lat": 86.51533742331289,
      "avg_score": 99.42323108384458
    },
    "ss": {
      "count": 0,
      "avg_lat": 0.0,
      "avg_score": 0.0
    },
    "trojan": {
      "count": 33,
      "avg_lat": 164.72727272727272,
      "avg_score": 98.90181818181817
    }
  }
}