{
  "scan_timestamp": "2026-04-15T01:34:08.604733+00:00",
  "duration_seconds": 1039.45,
  "performance_metrics": {
    "total_processed": 486,
    "valid_configs": 299,
    "duplicates": 0,
    "failed_tests": 187,
    "success_rate": 61.52,
    "avg_latency_ms": 71.09,
    "avg_score": 99.53
  },
  "protocol_summary": {
    "vmess": {
      "count": 2,
      "avg_lat": 150.0,
      "avg_score": 99.0
    },
    "vless": {
      "count": 282,
      "avg_lat": 67.15248226950355,
      "avg_score": 99.55231678486997
    },
    "ss": {
      "count": 0,
      "avg_lat": 0.0,
      "avg_score": 0.0
    },
    "trojan": {
      "count": 15,
      "avg_lat": 134.66666666666666,
      "avg_score": 99.10222222222222
    }
  }
}