{
  "scan_timestamp": "2026-01-17T05:26:14.683029+00:00",
  "duration_seconds": 843.81,
  "performance_metrics": {
    "total_processed": 418,
    "valid_configs": 219,
    "duplicates": 0,
    "failed_tests": 199,
    "success_rate": 52.39,
    "avg_latency_ms": 112.32,
    "avg_score": 99.25
  },
  "protocol_summary": {
    "vmess": {
      "count": 54,
      "avg_lat": 104.87037037037037,
      "avg_score": 99.30086419753087
    },
    "vless": {
      "count": 126,
      "avg_lat": 94.17460317460318,
      "avg_score": 99.37216931216932
    },
    "ss": {
      "count": 0,
      "avg_lat": 0.0,
      "avg_score": 0.0
    },
    "trojan": {
      "count": 39,
      "avg_lat": 181.23076923076923,
      "avg_score": 98.79179487179488
    }
  }
}