{
  "scan_timestamp": "2026-07-05T16:16:15.421070+00:00",
  "duration_seconds": 513.85,
  "performance_metrics": {
    "total_processed": 468,
    "valid_configs": 158,
    "duplicates": 0,
    "failed_tests": 310,
    "success_rate": 33.76,
    "avg_latency_ms": 152.22,
    "avg_score": 98.99
  },
  "protocol_summary": {
    "vmess": {
      "count": 1,
      "avg_lat": 21.0,
      "avg_score": 99.86
    },
    "vless": {
      "count": 1,
      "avg_lat": 111.0,
      "avg_score": 99.26
    },
    "ss": {
      "count": 143,
      "avg_lat": 167.006993006993,
      "avg_score": 98.88662004662005
    },
    "trojan": {
      "count": 13,
      "avg_lat": 2.769230769230769,
      "avg_score": 99.98153846153846
    }
  }
}