{
  "scan_timestamp": "2025-12-15T20:28:16.756222+00:00",
  "duration_seconds": 980.66,
  "performance_metrics": {
    "total_processed": 470,
    "valid_configs": 280,
    "duplicates": 0,
    "failed_tests": 190,
    "success_rate": 59.57,
    "avg_latency_ms": 99.8,
    "avg_score": 99.33
  },
  "protocol_summary": {
    "vmess": {
      "count": 51,
      "avg_lat": 193.68627450980392,
      "avg_score": 98.70875816993464
    },
    "vless": {
      "count": 193,
      "avg_lat": 71.04145077720207,
      "avg_score": 99.52639032815199
    },
    "ss": {
      "count": 0,
      "avg_lat": 0.0,
      "avg_score": 0.0
    },
    "trojan": {
      "count": 36,
      "avg_lat": 120.97222222222223,
      "avg_score": 99.19351851851852
    }
  }
}