{
  "scan_timestamp": "2026-01-19T14:31:33.125309+00:00",
  "duration_seconds": 825.7,
  "performance_metrics": {
    "total_processed": 421,
    "valid_configs": 214,
    "duplicates": 0,
    "failed_tests": 207,
    "success_rate": 50.83,
    "avg_latency_ms": 109.14,
    "avg_score": 99.27
  },
  "protocol_summary": {
    "vmess": {
      "count": 60,
      "avg_lat": 92.03333333333333,
      "avg_score": 99.38644444444444
    },
    "vless": {
      "count": 110,
      "avg_lat": 83.56363636363636,
      "avg_score": 99.44290909090908
    },
    "ss": {
      "count": 0,
      "avg_lat": 0.0,
      "avg_score": 0.0
    },
    "trojan": {
      "count": 44,
      "avg_lat": 196.38636363636363,
      "avg_score": 98.69075757575757
    }
  }
}