{
  "scan_timestamp": "2026-03-02T06:59:57.650115+00:00",
  "duration_seconds": 1096.01,
  "performance_metrics": {
    "total_processed": 473,
    "valid_configs": 328,
    "duplicates": 0,
    "failed_tests": 145,
    "success_rate": 69.34,
    "avg_latency_ms": 65.21,
    "avg_score": 99.57
  },
  "protocol_summary": {
    "vmess": {
      "count": 58,
      "avg_lat": 44.13793103448276,
      "avg_score": 99.70574712643678
    },
    "vless": {
      "count": 235,
      "avg_lat": 69.60425531914893,
      "avg_score": 99.53597163120568
    },
    "ss": {
      "count": 0,
      "avg_lat": 0.0,
      "avg_score": 0.0
    },
    "trojan": {
      "count": 35,
      "avg_lat": 70.65714285714286,
      "avg_score": 99.52895238095238
    }
  }
}