{
  "scan_timestamp": "2026-01-22T01:07:54.844392+00:00",
  "duration_seconds": 895.65,
  "performance_metrics": {
    "total_processed": 435,
    "valid_configs": 246,
    "duplicates": 0,
    "failed_tests": 189,
    "success_rate": 56.55,
    "avg_latency_ms": 114.82,
    "avg_score": 99.23
  },
  "protocol_summary": {
    "vmess": {
      "count": 60,
      "avg_lat": 113.11666666666666,
      "avg_score": 99.24588888888889
    },
    "vless": {
      "count": 142,
      "avg_lat": 98.55633802816901,
      "avg_score": 99.34295774647887
    },
    "ss": {
      "count": 0,
      "avg_lat": 0.0,
      "avg_score": 0.0
    },
    "trojan": {
      "count": 44,
      "avg_lat": 169.63636363636363,
      "avg_score": 98.8690909090909
    }
  }
}