{
  "scan_timestamp": "2026-01-04T18:32:49.545109+00:00",
  "duration_seconds": 1074.42,
  "performance_metrics": {
    "total_processed": 481,
    "valid_configs": 315,
    "duplicates": 0,
    "failed_tests": 166,
    "success_rate": 65.49,
    "avg_latency_ms": 110.78,
    "avg_score": 99.26
  },
  "protocol_summary": {
    "vmess": {
      "count": 36,
      "avg_lat": 114.55555555555556,
      "avg_score": 99.2362962962963
    },
    "vless": {
      "count": 258,
      "avg_lat": 105.03875968992249,
      "avg_score": 99.29974160206717
    },
    "ss": {
      "count": 0,
      "avg_lat": 0.0,
      "avg_score": 0.0
    },
    "trojan": {
      "count": 21,
      "avg_lat": 174.85714285714286,
      "avg_score": 98.83428571428571
    }
  }
}