{
  "scan_timestamp": "2026-02-11T11:53:46.050735+00:00",
  "duration_seconds": 1087.7,
  "performance_metrics": {
    "total_processed": 478,
    "valid_configs": 302,
    "duplicates": 0,
    "failed_tests": 176,
    "success_rate": 63.18,
    "avg_latency_ms": 125.71,
    "avg_score": 99.16
  },
  "protocol_summary": {
    "vmess": {
      "count": 41,
      "avg_lat": 201.3170731707317,
      "avg_score": 98.65788617886179
    },
    "vless": {
      "count": 214,
      "avg_lat": 119.54205607476635,
      "avg_score": 99.20305295950156
    },
    "ss": {
      "count": 0,
      "avg_lat": 0.0,
      "avg_score": 0.0
    },
    "trojan": {
      "count": 47,
      "avg_lat": 87.85106382978724,
      "avg_score": 99.41432624113476
    }
  }
}