{
  "scan_timestamp": "2026-01-09T03:10:15.400335+00:00",
  "duration_seconds": 1075.58,
  "performance_metrics": {
    "total_processed": 474,
    "valid_configs": 339,
    "duplicates": 0,
    "failed_tests": 135,
    "success_rate": 71.52,
    "avg_latency_ms": 95.3,
    "avg_score": 99.36
  },
  "protocol_summary": {
    "vmess": {
      "count": 47,
      "avg_lat": 99.27659574468085,
      "avg_score": 99.3381560283688
    },
    "vless": {
      "count": 226,
      "avg_lat": 89.09292035398231,
      "avg_score": 99.40604719764012
    },
    "ss": {
      "count": 0,
      "avg_lat": 0.0,
      "avg_score": 0.0
    },
    "trojan": {
      "count": 66,
      "avg_lat": 113.71212121212122,
      "avg_score": 99.24191919191918
    }
  }
}