{
  "scan_timestamp": "2026-04-12T08:12:45.936688+00:00",
  "duration_seconds": 1022.38,
  "performance_metrics": {
    "total_processed": 483,
    "valid_configs": 227,
    "duplicates": 0,
    "failed_tests": 256,
    "success_rate": 47.0,
    "avg_latency_ms": 168.37,
    "avg_score": 98.88
  },
  "protocol_summary": {
    "vmess": {
      "count": 2,
      "avg_lat": 140.0,
      "avg_score": 99.06666666666666
    },
    "vless": {
      "count": 219,
      "avg_lat": 171.44748858447488,
      "avg_score": 98.85701674277017
    },
    "ss": {
      "count": 1,
      "avg_lat": 190.0,
      "avg_score": 98.73333333333333
    },
    "trojan": {
      "count": 5,
      "avg_lat": 40.6,
      "avg_score": 99.72933333333333
    }
  }
}