{
  "scan_timestamp": "2026-01-10T04:40:27.237704+00:00",
  "duration_seconds": 944.39,
  "performance_metrics": {
    "total_processed": 459,
    "valid_configs": 290,
    "duplicates": 0,
    "failed_tests": 169,
    "success_rate": 63.18,
    "avg_latency_ms": 131.75,
    "avg_score": 99.12
  },
  "protocol_summary": {
    "vmess": {
      "count": 33,
      "avg_lat": 110.36363636363636,
      "avg_score": 99.26424242424241
    },
    "vless": {
      "count": 208,
      "avg_lat": 128.80769230769232,
      "avg_score": 99.14128205128205
    },
    "ss": {
      "count": 0,
      "avg_lat": 0.0,
      "avg_score": 0.0
    },
    "trojan": {
      "count": 49,
      "avg_lat": 158.6530612244898,
      "avg_score": 98.94231292517007
    }
  }
}