{
  "scan_timestamp": "2025-12-20T08:28:36.878984+00:00",
  "duration_seconds": 920.74,
  "performance_metrics": {
    "total_processed": 465,
    "valid_configs": 248,
    "duplicates": 0,
    "failed_tests": 217,
    "success_rate": 53.33,
    "avg_latency_ms": 114.07,
    "avg_score": 99.24
  },
  "protocol_summary": {
    "vmess": {
      "count": 71,
      "avg_lat": 140.69014084507043,
      "avg_score": 99.06206572769953
    },
    "vless": {
      "count": 141,
      "avg_lat": 97.47517730496453,
      "avg_score": 99.35016548463356
    },
    "ss": {
      "count": 0,
      "avg_lat": 0.0,
      "avg_score": 0.0
    },
    "trojan": {
      "count": 36,
      "avg_lat": 126.58333333333333,
      "avg_score": 99.1561111111111
    }
  }
}