{
  "scan_timestamp": "2026-04-03T20:36:26.740529+00:00",
  "duration_seconds": 813.78,
  "performance_metrics": {
    "total_processed": 484,
    "valid_configs": 163,
    "duplicates": 0,
    "failed_tests": 321,
    "success_rate": 33.68,
    "avg_latency_ms": 143.59,
    "avg_score": 99.04
  },
  "protocol_summary": {
    "vmess": {
      "count": 2,
      "avg_lat": 129.0,
      "avg_score": 99.14
    },
    "vless": {
      "count": 155,
      "avg_lat": 144.5741935483871,
      "avg_score": 99.03617204301075
    },
    "ss": {
      "count": 3,
      "avg_lat": 131.33333333333334,
      "avg_score": 99.12444444444445
    },
    "trojan": {
      "count": 3,
      "avg_lat": 114.66666666666667,
      "avg_score": 99.23555555555555
    }
  }
}