{
  "scan_timestamp": "2026-02-25T01:26:31.789038+00:00",
  "duration_seconds": 1109.62,
  "performance_metrics": {
    "total_processed": 474,
    "valid_configs": 345,
    "duplicates": 0,
    "failed_tests": 129,
    "success_rate": 72.78,
    "avg_latency_ms": 88.12,
    "avg_score": 99.41
  },
  "protocol_summary": {
    "vmess": {
      "count": 62,
      "avg_lat": 64.8225806451613,
      "avg_score": 99.5678494623656
    },
    "vless": {
      "count": 247,
      "avg_lat": 100.46153846153847,
      "avg_score": 99.33025641025641
    },
    "trojan": {
      "count": 36,
      "avg_lat": 43.52777777777778,
      "avg_score": 99.70981481481482
    }
  }
}