{
  "scan_timestamp": "2026-02-13T17:49:54.714253+00:00",
  "duration_seconds": 1036.8,
  "performance_metrics": {
    "total_processed": 466,
    "valid_configs": 318,
    "duplicates": 0,
    "failed_tests": 148,
    "success_rate": 68.24,
    "avg_latency_ms": 145.95,
    "avg_score": 99.03
  },
  "protocol_summary": {
    "vmess": {
      "count": 96,
      "avg_lat": 141.5625,
      "avg_score": 99.05624999999999
    },
    "vless": {
      "count": 183,
      "avg_lat": 148.4262295081967,
      "avg_score": 99.01049180327868
    },
    "ss": {
      "count": 0,
      "avg_lat": 0.0,
      "avg_score": 0.0
    },
    "trojan": {
      "count": 39,
      "avg_lat": 145.10256410256412,
      "avg_score": 99.03264957264958
    }
  }
}