{
  "scan_timestamp": "2025-12-15T19:28:24.120854+00:00",
  "duration_seconds": 972.2,
  "performance_metrics": {
    "total_processed": 464,
    "valid_configs": 272,
    "duplicates": 0,
    "failed_tests": 192,
    "success_rate": 58.62,
    "avg_latency_ms": 106.21,
    "avg_score": 99.29
  },
  "protocol_summary": {
    "vmess": {
      "count": 50,
      "avg_lat": 147.66,
      "avg_score": 99.01559999999999
    },
    "vless": {
      "count": 188,
      "avg_lat": 90.07978723404256,
      "avg_score": 99.39946808510638
    },
    "ss": {
      "count": 0,
      "avg_lat": 0.0,
      "avg_score": 0.0
    },
    "trojan": {
      "count": 34,
      "avg_lat": 134.44117647058823,
      "avg_score": 99.10372549019608
    }
  }
}