{
  "scan_timestamp": "2026-02-25T21:43:35.139762+00:00",
  "duration_seconds": 1101.22,
  "performance_metrics": {
    "total_processed": 473,
    "valid_configs": 333,
    "duplicates": 0,
    "failed_tests": 140,
    "success_rate": 70.4,
    "avg_latency_ms": 87.79,
    "avg_score": 99.41
  },
  "protocol_summary": {
    "vmess": {
      "count": 61,
      "avg_lat": 60.9344262295082,
      "avg_score": 99.59377049180328
    },
    "vless": {
      "count": 237,
      "avg_lat": 96.70042194092827,
      "avg_score": 99.3553305203938
    },
    "ss": {
      "count": 0,
      "avg_lat": 0.0,
      "avg_score": 0.0
    },
    "trojan": {
      "count": 35,
      "avg_lat": 74.22857142857143,
      "avg_score": 99.50514285714286
    }
  }
}