{
  "scan_timestamp": "2026-02-24T10:54:57.189820+00:00",
  "duration_seconds": 1126.34,
  "performance_metrics": {
    "total_processed": 474,
    "valid_configs": 346,
    "duplicates": 0,
    "failed_tests": 128,
    "success_rate": 73.0,
    "avg_latency_ms": 103.53,
    "avg_score": 99.31
  },
  "protocol_summary": {
    "vmess": {
      "count": 65,
      "avg_lat": 80.67692307692307,
      "avg_score": 99.46215384615384
    },
    "vless": {
      "count": 245,
      "avg_lat": 118.04489795918367,
      "avg_score": 99.21303401360544
    },
    "trojan": {
      "count": 36,
      "avg_lat": 46.02777777777778,
      "avg_score": 99.69314814814815
    }
  }
}