{
  "scan_timestamp": "2026-03-08T10:17:01.299572+00:00",
  "duration_seconds": 186.41,
  "performance_metrics": {
    "total_processed": 371,
    "valid_configs": 32,
    "duplicates": 0,
    "failed_tests": 339,
    "success_rate": 8.63,
    "avg_latency_ms": 80.75,
    "avg_score": 99.46
  },
  "protocol_summary": {
    "vmess": {
      "count": 2,
      "avg_lat": 109.0,
      "avg_score": 99.27333333333334
    },
    "vless": {
      "count": 29,
      "avg_lat": 75.65517241379311,
      "avg_score": 99.49563218390804
    },
    "ss": {
      "count": 1,
      "avg_lat": 172.0,
      "avg_score": 98.85333333333334
    },
    "trojan": {
      "count": 0,
      "avg_lat": 0.0,
      "avg_score": 0.0
    }
  }
}