{
  "scan_timestamp": "2026-02-23T07:18:46.073386+00:00",
  "duration_seconds": 1167.77,
  "performance_metrics": {
    "total_processed": 474,
    "valid_configs": 367,
    "duplicates": 0,
    "failed_tests": 107,
    "success_rate": 77.43,
    "avg_latency_ms": 90.53,
    "avg_score": 99.4
  },
  "protocol_summary": {
    "vmess": {
      "count": 65,
      "avg_lat": 63.8,
      "avg_score": 99.57466666666667
    },
    "vless": {
      "count": 267,
      "avg_lat": 103.02621722846442,
      "avg_score": 99.31315855181025
    },
    "trojan": {
      "count": 35,
      "avg_lat": 44.8,
      "avg_score": 99.70133333333334
    }
  }
}