{
  "scan_timestamp": "2026-02-08T08:37:37.619340+00:00",
  "duration_seconds": 1129.95,
  "performance_metrics": {
    "total_processed": 481,
    "valid_configs": 336,
    "duplicates": 0,
    "failed_tests": 145,
    "success_rate": 69.85,
    "avg_latency_ms": 120.58,
    "avg_score": 99.2
  },
  "protocol_summary": {
    "vmess": {
      "count": 60,
      "avg_lat": 83.7,
      "avg_score": 99.442
    },
    "vless": {
      "count": 223,
      "avg_lat": 102.25112107623319,
      "avg_score": 99.31832585949178
    },
    "ss": {
      "count": 0,
      "avg_lat": 0.0,
      "avg_score": 0.0
    },
    "trojan": {
      "count": 53,
      "avg_lat": 239.43396226415095,
      "avg_score": 98.40377358490565
    }
  }
}