{
  "scan_timestamp": "2026-02-05T08:47:09.205754+00:00",
  "duration_seconds": 1091.6,
  "performance_metrics": {
    "total_processed": 485,
    "valid_configs": 304,
    "duplicates": 0,
    "failed_tests": 181,
    "success_rate": 62.68,
    "avg_latency_ms": 119.12,
    "avg_score": 99.21
  },
  "protocol_summary": {
    "vmess": {
      "count": 65,
      "avg_lat": 91.56923076923077,
      "avg_score": 99.38953846153845
    },
    "vless": {
      "count": 175,
      "avg_lat": 101.58285714285714,
      "avg_score": 99.32278095238095
    },
    "ss": {
      "count": 0,
      "avg_lat": 0.0,
      "avg_score": 0.0
    },
    "trojan": {
      "count": 64,
      "avg_lat": 195.0625,
      "avg_score": 98.69958333333334
    }
  }
}