{
  "scan_timestamp": "2025-12-19T07:28:43.991473+00:00",
  "duration_seconds": 916.18,
  "performance_metrics": {
    "total_processed": 466,
    "valid_configs": 249,
    "duplicates": 0,
    "failed_tests": 217,
    "success_rate": 53.43,
    "avg_latency_ms": 92.88,
    "avg_score": 99.38
  },
  "protocol_summary": {
    "vmess": {
      "count": 79,
      "avg_lat": 133.84810126582278,
      "avg_score": 99.10767932489452
    },
    "vless": {
      "count": 137,
      "avg_lat": 58.27007299270073,
      "avg_score": 99.61153284671533
    },
    "ss": {
      "count": 0,
      "avg_lat": 0.0,
      "avg_score": 0.0
    },
    "trojan": {
      "count": 33,
      "avg_lat": 138.4848484848485,
      "avg_score": 99.07676767676767
    }
  }
}