{
  "scan_timestamp": "2025-12-19T03:01:45.784651+00:00",
  "duration_seconds": 883.52,
  "performance_metrics": {
    "total_processed": 461,
    "valid_configs": 246,
    "duplicates": 0,
    "failed_tests": 215,
    "success_rate": 53.36,
    "avg_latency_ms": 113.35,
    "avg_score": 99.24
  },
  "protocol_summary": {
    "vmess": {
      "count": 79,
      "avg_lat": 166.56962025316454,
      "avg_score": 98.88953586497891
    },
    "vless": {
      "count": 134,
      "avg_lat": 57.78358208955224,
      "avg_score": 99.61477611940298
    },
    "ss": {
      "count": 0,
      "avg_lat": 0.0,
      "avg_score": 0.0
    },
    "trojan": {
      "count": 33,
      "avg_lat": 211.6060606060606,
      "avg_score": 98.58929292929292
    }
  }
}