{
  "scan_timestamp": "2026-07-17T06:20:17.035621+00:00",
  "duration_seconds": 359.31,
  "performance_metrics": {
    "total_processed": 420,
    "valid_configs": 105,
    "duplicates": 0,
    "failed_tests": 315,
    "success_rate": 25.0,
    "avg_latency_ms": 212.38,
    "avg_score": 98.58
  },
  "protocol_summary": {
    "vmess": {
      "count": 1,
      "avg_lat": 114.0,
      "avg_score": 99.24
    },
    "vless": {
      "count": 1,
      "avg_lat": 1.0,
      "avg_score": 99.99333333333334
    },
    "ss": {
      "count": 103,
      "avg_lat": 215.38834951456312,
      "avg_score": 98.56407766990291
    }
  }
}