{
  "scan_timestamp": "2026-02-14T12:39:28.033250+00:00",
  "duration_seconds": 1073.75,
  "performance_metrics": {
    "total_processed": 461,
    "valid_configs": 316,
    "duplicates": 0,
    "failed_tests": 145,
    "success_rate": 68.55,
    "avg_latency_ms": 114.83,
    "avg_score": 99.23
  },
  "protocol_summary": {
    "vmess": {
      "count": 66,
      "avg_lat": 132.33333333333334,
      "avg_score": 99.11777777777777
    },
    "vless": {
      "count": 201,
      "avg_lat": 105.26865671641791,
      "avg_score": 99.29820895522387
    },
    "ss": {
      "count": 0,
      "avg_lat": 0.0,
      "avg_score": 0.0
    },
    "trojan": {
      "count": 49,
      "avg_lat": 130.48979591836735,
      "avg_score": 99.13006802721088
    }
  }
}