{
  "scan_timestamp": "2026-02-18T07:04:59.380429+00:00",
  "duration_seconds": 1095.11,
  "performance_metrics": {
    "total_processed": 459,
    "valid_configs": 339,
    "duplicates": 0,
    "failed_tests": 120,
    "success_rate": 73.86,
    "avg_latency_ms": 96.5,
    "avg_score": 99.36
  },
  "protocol_summary": {
    "vmess": {
      "count": 53,
      "avg_lat": 104.88679245283019,
      "avg_score": 99.30075471698112
    },
    "vless": {
      "count": 253,
      "avg_lat": 97.02371541501977,
      "avg_score": 99.35317523056653
    },
    "ss": {
      "count": 0,
      "avg_lat": 0.0,
      "avg_score": 0.0
    },
    "trojan": {
      "count": 33,
      "avg_lat": 79.0,
      "avg_score": 99.47333333333333
    }
  }
}