{
  "scan_timestamp": "2026-02-03T15:54:35.596146+00:00",
  "duration_seconds": 1007.97,
  "performance_metrics": {
    "total_processed": 466,
    "valid_configs": 290,
    "duplicates": 0,
    "failed_tests": 176,
    "success_rate": 62.23,
    "avg_latency_ms": 139.94,
    "avg_score": 99.07
  },
  "protocol_summary": {
    "vmess": {
      "count": 80,
      "avg_lat": 65.05,
      "avg_score": 99.56633333333333
    },
    "vless": {
      "count": 167,
      "avg_lat": 133.5808383233533,
      "avg_score": 99.1094610778443
    },
    "ss": {
      "count": 0,
      "avg_lat": 0.0,
      "avg_score": 0.0
    },
    "trojan": {
      "count": 43,
      "avg_lat": 303.95348837209303,
      "avg_score": 97.97364341085272
    }
  }
}