{
  "scan_timestamp": "2025-12-27T04:05:27.078288+00:00",
  "duration_seconds": 954.14,
  "performance_metrics": {
    "total_processed": 474,
    "valid_configs": 278,
    "duplicates": 0,
    "failed_tests": 196,
    "success_rate": 58.65,
    "avg_latency_ms": 114.12,
    "avg_score": 99.24
  },
  "protocol_summary": {
    "vmess": {
      "count": 63,
      "avg_lat": 90.42857142857143,
      "avg_score": 99.39714285714287
    },
    "vless": {
      "count": 121,
      "avg_lat": 97.69421487603306,
      "avg_score": 99.34870523415978
    },
    "ss": {
      "count": 0,
      "avg_lat": 0.0,
      "avg_score": 0.0
    },
    "trojan": {
      "count": 94,
      "avg_lat": 151.12765957446808,
      "avg_score": 98.99248226950354
    }
  }
}