{
  "scan_timestamp": "2026-01-22T16:35:24.505668+00:00",
  "duration_seconds": 936.32,
  "performance_metrics": {
    "total_processed": 451,
    "valid_configs": 269,
    "duplicates": 0,
    "failed_tests": 182,
    "success_rate": 59.65,
    "avg_latency_ms": 81.77,
    "avg_score": 99.45
  },
  "protocol_summary": {
    "vmess": {
      "count": 106,
      "avg_lat": 80.40566037735849,
      "avg_score": 99.46396226415095
    },
    "vless": {
      "count": 130,
      "avg_lat": 71.65384615384616,
      "avg_score": 99.52230769230769
    },
    "ss": {
      "count": 0,
      "avg_lat": 0.0,
      "avg_score": 0.0
    },
    "trojan": {
      "count": 33,
      "avg_lat": 126.03030303030303,
      "avg_score": 99.15979797979799
    }
  }
}