{
  "scan_timestamp": "2026-02-02T06:16:08.166727+00:00",
  "duration_seconds": 1212.16,
  "performance_metrics": {
    "total_processed": 488,
    "valid_configs": 384,
    "duplicates": 0,
    "failed_tests": 104,
    "success_rate": 78.69,
    "avg_latency_ms": 163.46,
    "avg_score": 98.91
  },
  "protocol_summary": {
    "vmess": {
      "count": 22,
      "avg_lat": 201.0909090909091,
      "avg_score": 98.65939393939394
    },
    "vless": {
      "count": 152,
      "avg_lat": 70.19736842105263,
      "avg_score": 99.53201754385965
    },
    "ss": {
      "count": 0,
      "avg_lat": 0.0,
      "avg_score": 0.0
    },
    "trojan": {
      "count": 210,
      "avg_lat": 227.02380952380952,
      "avg_score": 98.48650793650795
    }
  }
}