{
  "scan_timestamp": "2025-12-27T23:26:27.654577+00:00",
  "duration_seconds": 1010.6,
  "performance_metrics": {
    "total_processed": 476,
    "valid_configs": 306,
    "duplicates": 0,
    "failed_tests": 170,
    "success_rate": 64.29,
    "avg_latency_ms": 110.24,
    "avg_score": 99.27
  },
  "protocol_summary": {
    "vmess": {
      "count": 86,
      "avg_lat": 87.80232558139535,
      "avg_score": 99.41465116279069
    },
    "vless": {
      "count": 141,
      "avg_lat": 74.43971631205673,
      "avg_score": 99.5037352245863
    },
    "ss": {
      "count": 0,
      "avg_lat": 0.0,
      "avg_score": 0.0
    },
    "trojan": {
      "count": 79,
      "avg_lat": 198.55696202531647,
      "avg_score": 98.67628691983121
    }
  }
}