{
  "scan_timestamp": "2025-12-22T08:31:39.646663+00:00",
  "duration_seconds": 905.47,
  "performance_metrics": {
    "total_processed": 443,
    "valid_configs": 239,
    "duplicates": 0,
    "failed_tests": 204,
    "success_rate": 53.95,
    "avg_latency_ms": 115.2,
    "avg_score": 99.23
  },
  "protocol_summary": {
    "vmess": {
      "count": 52,
      "avg_lat": 123.0,
      "avg_score": 99.17999999999999
    },
    "vless": {
      "count": 138,
      "avg_lat": 76.35507246376811,
      "avg_score": 99.49096618357488
    },
    "ss": {
      "count": 0,
      "avg_lat": 0.0,
      "avg_score": 0.0
    },
    "trojan": {
      "count": 49,
      "avg_lat": 216.3265306122449,
      "avg_score": 98.55782312925169
    }
  }
}