{
  "scan_timestamp": "2026-01-02T18:33:52.443360+00:00",
  "duration_seconds": 1111.04,
  "performance_metrics": {
    "total_processed": 479,
    "valid_configs": 316,
    "duplicates": 0,
    "failed_tests": 163,
    "success_rate": 65.97,
    "avg_latency_ms": 127.66,
    "avg_score": 99.15
  },
  "protocol_summary": {
    "vmess": {
      "count": 39,
      "avg_lat": 133.10256410256412,
      "avg_score": 99.11264957264957
    },
    "vless": {
      "count": 249,
      "avg_lat": 120.93574297188755,
      "avg_score": 99.19376171352074
    },
    "ss": {
      "count": 0,
      "avg_lat": 0.0,
      "avg_score": 0.0
    },
    "trojan": {
      "count": 28,
      "avg_lat": 179.85714285714286,
      "avg_score": 98.80095238095238
    }
  }
}