{
  "scan_timestamp": "2025-12-10T04:05:01.270155+00:00",
  "duration_seconds": 891.61,
  "performance_metrics": {
    "total_processed": 468,
    "valid_configs": 212,
    "duplicates": 0,
    "failed_tests": 256,
    "success_rate": 45.3,
    "avg_latency_ms": 140.83,
    "avg_score": 99.06
  },
  "protocol_summary": {
    "vmess": {
      "count": 55,
      "avg_lat": 186.63636363636363,
      "avg_score": 98.75575757575757
    },
    "vless": {
      "count": 98,
      "avg_lat": 97.86734693877551,
      "avg_score": 99.34755102040816
    },
    "ss": {
      "count": 0,
      "avg_lat": 0.0,
      "avg_score": 0.0
    },
    "trojan": {
      "count": 59,
      "avg_lat": 169.47457627118644,
      "avg_score": 98.87016949152543
    }
  }
}