{
  "scan_timestamp": "2026-01-10T06:31:53.563015+00:00",
  "duration_seconds": 987.25,
  "performance_metrics": {
    "total_processed": 457,
    "valid_configs": 316,
    "duplicates": 0,
    "failed_tests": 141,
    "success_rate": 69.15,
    "avg_latency_ms": 123.05,
    "avg_score": 99.18
  },
  "protocol_summary": {
    "vmess": {
      "count": 68,
      "avg_lat": 57.911764705882355,
      "avg_score": 99.61392156862746
    },
    "vless": {
      "count": 173,
      "avg_lat": 126.02890173410404,
      "avg_score": 99.15980732177265
    },
    "ss": {
      "count": 0,
      "avg_lat": 0.0,
      "avg_score": 0.0
    },
    "trojan": {
      "count": 75,
      "avg_lat": 175.22666666666666,
      "avg_score": 98.83182222222221
    }
  }
}