{
  "scan_timestamp": "2026-02-04T12:48:38.388564+00:00",
  "duration_seconds": 1003.56,
  "performance_metrics": {
    "total_processed": 472,
    "valid_configs": 285,
    "duplicates": 0,
    "failed_tests": 187,
    "success_rate": 60.38,
    "avg_latency_ms": 137.14,
    "avg_score": 99.09
  },
  "protocol_summary": {
    "vmess": {
      "count": 54,
      "avg_lat": 97.4074074074074,
      "avg_score": 99.35061728395061
    },
    "vless": {
      "count": 163,
      "avg_lat": 124.8036809815951,
      "avg_score": 99.16797546012269
    },
    "ss": {
      "count": 0,
      "avg_lat": 0.0,
      "avg_score": 0.0
    },
    "trojan": {
      "count": 68,
      "avg_lat": 198.25,
      "avg_score": 98.67833333333334
    }
  }
}