{
  "scan_timestamp": "2025-12-29T09:34:40.053185+00:00",
  "duration_seconds": 913.54,
  "performance_metrics": {
    "total_processed": 443,
    "valid_configs": 245,
    "duplicates": 0,
    "failed_tests": 198,
    "success_rate": 55.3,
    "avg_latency_ms": 92.22,
    "avg_score": 99.39
  },
  "protocol_summary": {
    "vmess": {
      "count": 52,
      "avg_lat": 103.46153846153847,
      "avg_score": 99.31025641025641
    },
    "vless": {
      "count": 165,
      "avg_lat": 86.4121212121212,
      "avg_score": 99.4239191919192
    },
    "ss": {
      "count": 0,
      "avg_lat": 0.0,
      "avg_score": 0.0
    },
    "trojan": {
      "count": 28,
      "avg_lat": 105.60714285714286,
      "avg_score": 99.29595238095239
    }
  }
}