{
  "scan_timestamp": "2026-01-08T21:29:07.130028+00:00",
  "duration_seconds": 1084.08,
  "performance_metrics": {
    "total_processed": 474,
    "valid_configs": 346,
    "duplicates": 0,
    "failed_tests": 128,
    "success_rate": 73.0,
    "avg_latency_ms": 123.65,
    "avg_score": 99.18
  },
  "protocol_summary": {
    "vmess": {
      "count": 61,
      "avg_lat": 134.45901639344262,
      "avg_score": 99.10360655737705
    },
    "vless": {
      "count": 218,
      "avg_lat": 129.55045871559633,
      "avg_score": 99.13633027522937
    },
    "ss": {
      "count": 0,
      "avg_lat": 0.0,
      "avg_score": 0.0
    },
    "trojan": {
      "count": 67,
      "avg_lat": 94.6268656716418,
      "avg_score": 99.36915422885572
    }
  }
}