{
  "scan_timestamp": "2026-01-28T21:31:05.458629+00:00",
  "duration_seconds": 701.63,
  "performance_metrics": {
    "total_processed": 422,
    "valid_configs": 178,
    "duplicates": 0,
    "failed_tests": 244,
    "success_rate": 42.18,
    "avg_latency_ms": 95.25,
    "avg_score": 99.36
  },
  "protocol_summary": {
    "vmess": {
      "count": 58,
      "avg_lat": 56.810344827586206,
      "avg_score": 99.6212643678161
    },
    "vless": {
      "count": 78,
      "avg_lat": 104.05128205128206,
      "avg_score": 99.3063247863248
    },
    "ss": {
      "count": 0,
      "avg_lat": 0.0,
      "avg_score": 0.0
    },
    "trojan": {
      "count": 42,
      "avg_lat": 132.0,
      "avg_score": 99.12
    }
  }
}