{
  "scan_timestamp": "2026-07-18T11:09:39.171713+00:00",
  "duration_seconds": 433.6,
  "performance_metrics": {
    "total_processed": 429,
    "valid_configs": 118,
    "duplicates": 0,
    "failed_tests": 311,
    "success_rate": 27.51,
    "avg_latency_ms": 157.37,
    "avg_score": 98.95
  },
  "protocol_summary": {
    "vmess": {
      "count": 1,
      "avg_lat": 68.0,
      "avg_score": 99.54666666666667
    },
    "vless": {
      "count": 1,
      "avg_lat": 2.0,
      "avg_score": 99.98666666666666
    },
    "ss": {
      "count": 116,
      "avg_lat": 159.48275862068965,
      "avg_score": 98.93678160919539
    }
  }
}