{
  "scan_timestamp": "2026-02-19T15:56:25.764482+00:00",
  "duration_seconds": 1182.91,
  "performance_metrics": {
    "total_processed": 477,
    "valid_configs": 374,
    "duplicates": 0,
    "failed_tests": 103,
    "success_rate": 78.41,
    "avg_latency_ms": 103.83,
    "avg_score": 99.31
  },
  "protocol_summary": {
    "vmess": {
      "count": 64,
      "avg_lat": 109.40625,
      "avg_score": 99.270625
    },
    "vless": {
      "count": 278,
      "avg_lat": 108.39568345323741,
      "avg_score": 99.27736211031176
    },
    "ss": {
      "count": 0,
      "avg_lat": 0.0,
      "avg_score": 0.0
    },
    "trojan": {
      "count": 32,
      "avg_lat": 53.03125,
      "avg_score": 99.64645833333333
    }
  }
}