{
  "scan_timestamp": "2025-12-21T04:10:43.358080+00:00",
  "duration_seconds": 899.04,
  "performance_metrics": {
    "total_processed": 464,
    "valid_configs": 254,
    "duplicates": 0,
    "failed_tests": 210,
    "success_rate": 54.74,
    "avg_latency_ms": 115.73,
    "avg_score": 99.23
  },
  "protocol_summary": {
    "vmess": {
      "count": 103,
      "avg_lat": 117.7378640776699,
      "avg_score": 99.21508090614887
    },
    "vless": {
      "count": 111,
      "avg_lat": 103.75675675675676,
      "avg_score": 99.30828828828828
    },
    "ss": {
      "count": 0,
      "avg_lat": 0.0,
      "avg_score": 0.0
    },
    "trojan": {
      "count": 40,
      "avg_lat": 143.8,
      "avg_score": 99.04133333333333
    }
  }
}