{
  "scan_timestamp": "2025-12-25T13:40:41.963637+00:00",
  "duration_seconds": 900.06,
  "performance_metrics": {
    "total_processed": 424,
    "valid_configs": 242,
    "duplicates": 0,
    "failed_tests": 182,
    "success_rate": 57.08,
    "avg_latency_ms": 104.62,
    "avg_score": 99.3
  },
  "protocol_summary": {
    "vmess": {
      "count": 45,
      "avg_lat": 121.64444444444445,
      "avg_score": 99.18903703703705
    },
    "vless": {
      "count": 166,
      "avg_lat": 98.7289156626506,
      "avg_score": 99.34180722891567
    },
    "ss": {
      "count": 0,
      "avg_lat": 0.0,
      "avg_score": 0.0
    },
    "trojan": {
      "count": 31,
      "avg_lat": 111.45161290322581,
      "avg_score": 99.25698924731184
    }
  }
}