{
  "scan_timestamp": "2026-02-09T11:55:52.038959+00:00",
  "duration_seconds": 1093.83,
  "performance_metrics": {
    "total_processed": 477,
    "valid_configs": 342,
    "duplicates": 0,
    "failed_tests": 135,
    "success_rate": 71.7,
    "avg_latency_ms": 119.58,
    "avg_score": 99.2
  },
  "protocol_summary": {
    "vmess": {
      "count": 45,
      "avg_lat": 98.6,
      "avg_score": 99.34266666666667
    },
    "vless": {
      "count": 215,
      "avg_lat": 107.66976744186047,
      "avg_score": 99.2822015503876
    },
    "ss": {
      "count": 0,
      "avg_lat": 0.0,
      "avg_score": 0.0
    },
    "trojan": {
      "count": 82,
      "avg_lat": 162.34146341463415,
      "avg_score": 98.91772357723578
    }
  }
}