{
  "scan_timestamp": "2025-12-18T11:24:46.169383+00:00",
  "duration_seconds": 863.0,
  "performance_metrics": {
    "total_processed": 463,
    "valid_configs": 239,
    "duplicates": 0,
    "failed_tests": 224,
    "success_rate": 51.62,
    "avg_latency_ms": 86.22,
    "avg_score": 99.43
  },
  "protocol_summary": {
    "vmess": {
      "count": 61,
      "avg_lat": 123.18032786885246,
      "avg_score": 99.17879781420766
    },
    "vless": {
      "count": 146,
      "avg_lat": 57.842465753424655,
      "avg_score": 99.61438356164383
    },
    "ss": {
      "count": 0,
      "avg_lat": 0.0,
      "avg_score": 0.0
    },
    "trojan": {
      "count": 32,
      "avg_lat": 145.21875,
      "avg_score": 99.031875
    }
  }
}