{
  "scan_timestamp": "2026-01-15T01:03:37.398931+00:00",
  "duration_seconds": 802.15,
  "performance_metrics": {
    "total_processed": 410,
    "valid_configs": 211,
    "duplicates": 0,
    "failed_tests": 199,
    "success_rate": 51.46,
    "avg_latency_ms": 102.88,
    "avg_score": 99.31
  },
  "protocol_summary": {
    "vmess": {
      "count": 41,
      "avg_lat": 102.73170731707317,
      "avg_score": 99.31512195121951
    },
    "vless": {
      "count": 122,
      "avg_lat": 64.97540983606558,
      "avg_score": 99.5668306010929
    },
    "ss": {
      "count": 0,
      "avg_lat": 0.0,
      "avg_score": 0.0
    },
    "trojan": {
      "count": 48,
      "avg_lat": 199.33333333333334,
      "avg_score": 98.6711111111111
    }
  }
}