{
  "scan_timestamp": "2026-01-31T05:06:53.723458+00:00",
  "duration_seconds": 701.92,
  "performance_metrics": {
    "total_processed": 431,
    "valid_configs": 177,
    "duplicates": 0,
    "failed_tests": 254,
    "success_rate": 41.07,
    "avg_latency_ms": 99.96,
    "avg_score": 99.33
  },
  "protocol_summary": {
    "vmess": {
      "count": 60,
      "avg_lat": 72.55,
      "avg_score": 99.51633333333332
    },
    "vless": {
      "count": 76,
      "avg_lat": 56.26315789473684,
      "avg_score": 99.62491228070175
    },
    "ss": {
      "count": 0,
      "avg_lat": 0.0,
      "avg_score": 0.0
    },
    "trojan": {
      "count": 41,
      "avg_lat": 221.0731707317073,
      "avg_score": 98.52617886178862
    }
  }
}