{
  "scan_timestamp": "2026-01-11T08:28:04.889460+00:00",
  "duration_seconds": 848.22,
  "performance_metrics": {
    "total_processed": 453,
    "valid_configs": 240,
    "duplicates": 0,
    "failed_tests": 213,
    "success_rate": 52.98,
    "avg_latency_ms": 131.6,
    "avg_score": 99.12
  },
  "protocol_summary": {
    "vmess": {
      "count": 89,
      "avg_lat": 134.98876404494382,
      "avg_score": 99.10007490636703
    },
    "vless": {
      "count": 74,
      "avg_lat": 48.83783783783784,
      "avg_score": 99.67441441441441
    },
    "ss": {
      "count": 0,
      "avg_lat": 0.0,
      "avg_score": 0.0
    },
    "trojan": {
      "count": 77,
      "avg_lat": 207.23376623376623,
      "avg_score": 98.61844155844156
    }
  }
}