{
  "scan_timestamp": "2026-01-01T11:26:44.849847+00:00",
  "duration_seconds": 1037.13,
  "performance_metrics": {
    "total_processed": 477,
    "valid_configs": 272,
    "duplicates": 0,
    "failed_tests": 205,
    "success_rate": 57.02,
    "avg_latency_ms": 140.53,
    "avg_score": 99.06
  },
  "protocol_summary": {
    "vmess": {
      "count": 51,
      "avg_lat": 162.7843137254902,
      "avg_score": 98.91477124183007
    },
    "vless": {
      "count": 203,
      "avg_lat": 136.2512315270936,
      "avg_score": 99.09165845648604
    },
    "ss": {
      "count": 0,
      "avg_lat": 0.0,
      "avg_score": 0.0
    },
    "trojan": {
      "count": 18,
      "avg_lat": 125.66666666666667,
      "avg_score": 99.16222222222223
    }
  }
}