{
  "scan_timestamp": "2026-02-07T05:17:25.346776+00:00",
  "duration_seconds": 1078.9,
  "performance_metrics": {
    "total_processed": 484,
    "valid_configs": 314,
    "duplicates": 0,
    "failed_tests": 170,
    "success_rate": 64.88,
    "avg_latency_ms": 116.29,
    "avg_score": 99.22
  },
  "protocol_summary": {
    "vmess": {
      "count": 66,
      "avg_lat": 112.54545454545455,
      "avg_score": 99.24969696969697
    },
    "vless": {
      "count": 208,
      "avg_lat": 115.57692307692308,
      "avg_score": 99.22948717948718
    },
    "ss": {
      "count": 0,
      "avg_lat": 0.0,
      "avg_score": 0.0
    },
    "trojan": {
      "count": 40,
      "avg_lat": 126.15,
      "avg_score": 99.159
    }
  }
}