{
  "scan_timestamp": "2026-07-05T14:50:40.733799+00:00",
  "duration_seconds": 493.2,
  "performance_metrics": {
    "total_processed": 465,
    "valid_configs": 156,
    "duplicates": 0,
    "failed_tests": 309,
    "success_rate": 33.55,
    "avg_latency_ms": 142.99,
    "avg_score": 99.05
  },
  "protocol_summary": {
    "vmess": {
      "count": 1,
      "avg_lat": 2.0,
      "avg_score": 99.98666666666666
    },
    "vless": {
      "count": 4,
      "avg_lat": 309.0,
      "avg_score": 97.94
    },
    "ss": {
      "count": 144,
      "avg_lat": 146.1875,
      "avg_score": 99.02541666666667
    },
    "trojan": {
      "count": 7,
      "avg_lat": 2.5714285714285716,
      "avg_score": 99.98285714285714
    }
  }
}