{
  "scan_timestamp": "2026-03-21T09:24:55.097206+00:00",
  "duration_seconds": 231.02,
  "performance_metrics": {
    "total_processed": 351,
    "valid_configs": 44,
    "duplicates": 0,
    "failed_tests": 307,
    "success_rate": 12.54,
    "avg_latency_ms": 110.07,
    "avg_score": 99.27
  },
  "protocol_summary": {
    "vmess": {
      "count": 1,
      "avg_lat": 71.0,
      "avg_score": 99.52666666666667
    },
    "vless": {
      "count": 28,
      "avg_lat": 74.89285714285714,
      "avg_score": 99.50071428571428
    },
    "ss": {
      "count": 14,
      "avg_lat": 191.0,
      "avg_score": 98.72666666666667
    },
    "trojan": {
      "count": 1,
      "avg_lat": 1.0,
      "avg_score": 99.99333333333334
    }
  }
}