{
  "scan_timestamp": "2025-12-09T12:37:24.643646+00:00",
  "duration_seconds": 1006.65,
  "performance_metrics": {
    "total_processed": 477,
    "valid_configs": 281,
    "duplicates": 0,
    "failed_tests": 196,
    "success_rate": 58.91,
    "avg_latency_ms": 194.08,
    "avg_score": 98.71
  },
  "protocol_summary": {
    "vmess": {
      "count": 84,
      "avg_lat": 275.82142857142856,
      "avg_score": 98.16119047619048
    },
    "vless": {
      "count": 166,
      "avg_lat": 160.21686746987953,
      "avg_score": 98.9318875502008
    },
    "ss": {
      "count": 0,
      "avg_lat": 0.0,
      "avg_score": 0.0
    },
    "trojan": {
      "count": 31,
      "avg_lat": 153.90322580645162,
      "avg_score": 98.97397849462365
    }
  }
}