{
  "scan_timestamp": "2025-12-14T21:25:32.475142+00:00",
  "duration_seconds": 989.11,
  "performance_metrics": {
    "total_processed": 469,
    "valid_configs": 272,
    "duplicates": 0,
    "failed_tests": 197,
    "success_rate": 58.0,
    "avg_latency_ms": 114.57,
    "avg_score": 99.24
  },
  "protocol_summary": {
    "vmess": {
      "count": 38,
      "avg_lat": 159.21052631578948,
      "avg_score": 98.93859649122807
    },
    "vless": {
      "count": 196,
      "avg_lat": 107.29591836734694,
      "avg_score": 99.28469387755102
    },
    "ss": {
      "count": 0,
      "avg_lat": 0.0,
      "avg_score": 0.0
    },
    "trojan": {
      "count": 38,
      "avg_lat": 107.47368421052632,
      "avg_score": 99.28350877192982
    }
  }
}