{
  "scan_timestamp": "2026-01-13T10:28:15.117629+00:00",
  "duration_seconds": 921.05,
  "performance_metrics": {
    "total_processed": 474,
    "valid_configs": 271,
    "duplicates": 0,
    "failed_tests": 203,
    "success_rate": 57.17,
    "avg_latency_ms": 121.61,
    "avg_score": 99.19
  },
  "protocol_summary": {
    "vmess": {
      "count": 38,
      "avg_lat": 113.02631578947368,
      "avg_score": 99.24649122807018
    },
    "vless": {
      "count": 169,
      "avg_lat": 76.0828402366864,
      "avg_score": 99.49278106508875
    },
    "ss": {
      "count": 0,
      "avg_lat": 0.0,
      "avg_score": 0.0
    },
    "trojan": {
      "count": 64,
      "avg_lat": 246.921875,
      "avg_score": 98.35385416666666
    }
  }
}