{
  "scan_timestamp": "2025-12-07T12:32:39.894271+00:00",
  "duration_seconds": 942.48,
  "performance_metrics": {
    "total_processed": 475,
    "valid_configs": 230,
    "duplicates": 0,
    "failed_tests": 245,
    "success_rate": 48.42,
    "avg_latency_ms": 165.71,
    "avg_score": 98.9
  },
  "protocol_summary": {
    "vmess": {
      "count": 48,
      "avg_lat": 294.8333333333333,
      "avg_score": 98.03444444444445
    },
    "vless": {
      "count": 127,
      "avg_lat": 102.64566929133858,
      "avg_score": 99.31569553805775
    },
    "ss": {
      "count": 0,
      "avg_lat": 0.0,
      "avg_score": 0.0
    },
    "trojan": {
      "count": 55,
      "avg_lat": 198.65454545454546,
      "avg_score": 98.67563636363636
    }
  }
}