{
  "scan_timestamp": "2026-02-03T19:52:38.254465+00:00",
  "duration_seconds": 880.4,
  "performance_metrics": {
    "total_processed": 467,
    "valid_configs": 247,
    "duplicates": 0,
    "failed_tests": 220,
    "success_rate": 52.89,
    "avg_latency_ms": 173.87,
    "avg_score": 98.84
  },
  "protocol_summary": {
    "vmess": {
      "count": 31,
      "avg_lat": 101.80645161290323,
      "avg_score": 99.32129032258065
    },
    "vless": {
      "count": 163,
      "avg_lat": 127.84662576687117,
      "avg_score": 99.1476891615542
    },
    "ss": {
      "count": 0,
      "avg_lat": 0.0,
      "avg_score": 0.0
    },
    "trojan": {
      "count": 53,
      "avg_lat": 357.5660377358491,
      "avg_score": 97.61622641509433
    }
  }
}