{
  "scan_timestamp": "2025-12-09T11:27:21.714237+00:00",
  "duration_seconds": 1020.45,
  "performance_metrics": {
    "total_processed": 477,
    "valid_configs": 284,
    "duplicates": 0,
    "failed_tests": 193,
    "success_rate": 59.54,
    "avg_latency_ms": 162.93,
    "avg_score": 98.91
  },
  "protocol_summary": {
    "vmess": {
      "count": 88,
      "avg_lat": 233.22727272727272,
      "avg_score": 98.44515151515152
    },
    "vless": {
      "count": 165,
      "avg_lat": 127.10303030303031,
      "avg_score": 99.15264646464647
    },
    "ss": {
      "count": 0,
      "avg_lat": 0.0,
      "avg_score": 0.0
    },
    "trojan": {
      "count": 31,
      "avg_lat": 154.06451612903226,
      "avg_score": 98.97290322580645
    }
  }
}