{
  "scan_timestamp": "2026-02-20T22:33:04.219183+00:00",
  "duration_seconds": 1190.18,
  "performance_metrics": {
    "total_processed": 474,
    "valid_configs": 381,
    "duplicates": 0,
    "failed_tests": 93,
    "success_rate": 80.38,
    "avg_latency_ms": 85.98,
    "avg_score": 99.43
  },
  "protocol_summary": {
    "vmess": {
      "count": 69,
      "avg_lat": 79.3913043478261,
      "avg_score": 99.47072463768116
    },
    "vless": {
      "count": 277,
      "avg_lat": 89.89530685920577,
      "avg_score": 99.40069795427196
    },
    "trojan": {
      "count": 35,
      "avg_lat": 68.02857142857142,
      "avg_score": 99.54647619047618
    }
  }
}