{
  "scan_timestamp": "2026-01-25T12:36:24.670840+00:00",
  "duration_seconds": 999.15,
  "performance_metrics": {
    "total_processed": 479,
    "valid_configs": 276,
    "duplicates": 0,
    "failed_tests": 203,
    "success_rate": 57.62,
    "avg_latency_ms": 127.89,
    "avg_score": 99.15
  },
  "protocol_summary": {
    "vmess": {
      "count": 72,
      "avg_lat": 51.388888888888886,
      "avg_score": 99.6574074074074
    },
    "vless": {
      "count": 167,
      "avg_lat": 159.32934131736528,
      "avg_score": 98.93780439121757
    },
    "ss": {
      "count": 0,
      "avg_lat": 0.0,
      "avg_score": 0.0
    },
    "trojan": {
      "count": 37,
      "avg_lat": 134.83783783783784,
      "avg_score": 99.10108108108108
    }
  }
}