{
  "scan_timestamp": "2025-12-13T22:24:30.260735+00:00",
  "duration_seconds": 918.92,
  "performance_metrics": {
    "total_processed": 475,
    "valid_configs": 225,
    "duplicates": 0,
    "failed_tests": 250,
    "success_rate": 47.37,
    "avg_latency_ms": 114.34,
    "avg_score": 99.24
  },
  "protocol_summary": {
    "vmess": {
      "count": 23,
      "avg_lat": 103.73913043478261,
      "avg_score": 99.30840579710144
    },
    "vless": {
      "count": 144,
      "avg_lat": 69.28472222222223,
      "avg_score": 99.53810185185186
    },
    "ss": {
      "count": 0,
      "avg_lat": 0.0,
      "avg_score": 0.0
    },
    "trojan": {
      "count": 58,
      "avg_lat": 230.41379310344828,
      "avg_score": 98.463908045977
    }
  }
}