{
  "scan_timestamp": "2025-12-23T06:33:15.236700+00:00",
  "duration_seconds": 939.09,
  "performance_metrics": {
    "total_processed": 468,
    "valid_configs": 272,
    "duplicates": 0,
    "failed_tests": 196,
    "success_rate": 58.12,
    "avg_latency_ms": 135.78,
    "avg_score": 99.09
  },
  "protocol_summary": {
    "vmess": {
      "count": 91,
      "avg_lat": 103.56043956043956,
      "avg_score": 99.30959706959707
    },
    "vless": {
      "count": 109,
      "avg_lat": 90.6697247706422,
      "avg_score": 99.3955351681957
    },
    "ss": {
      "count": 0,
      "avg_lat": 0.0,
      "avg_score": 0.0
    },
    "trojan": {
      "count": 72,
      "avg_lat": 244.79166666666666,
      "avg_score": 98.36805555555556
    }
  }
}