{
  "scan_timestamp": "2026-01-07T22:29:50.628600+00:00",
  "duration_seconds": 1129.58,
  "performance_metrics": {
    "total_processed": 483,
    "valid_configs": 350,
    "duplicates": 0,
    "failed_tests": 133,
    "success_rate": 72.46,
    "avg_latency_ms": 152.56,
    "avg_score": 98.98
  },
  "protocol_summary": {
    "vmess": {
      "count": 60,
      "avg_lat": 267.03333333333336,
      "avg_score": 98.21977777777778
    },
    "vless": {
      "count": 220,
      "avg_lat": 111.59545454545454,
      "avg_score": 99.25603030303031
    },
    "ss": {
      "count": 0,
      "avg_lat": 0.0,
      "avg_score": 0.0
    },
    "trojan": {
      "count": 70,
      "avg_lat": 183.2,
      "avg_score": 98.77866666666667
    }
  }
}