{
  "scan_timestamp": "2026-02-19T21:39:56.676525+00:00",
  "duration_seconds": 1154.57,
  "performance_metrics": {
    "total_processed": 472,
    "valid_configs": 369,
    "duplicates": 0,
    "failed_tests": 103,
    "success_rate": 78.18,
    "avg_latency_ms": 76.57,
    "avg_score": 99.49
  },
  "protocol_summary": {
    "vmess": {
      "count": 66,
      "avg_lat": 67.27272727272727,
      "avg_score": 99.55151515151515
    },
    "vless": {
      "count": 271,
      "avg_lat": 81.40221402214023,
      "avg_score": 99.45731857318573
    },
    "ss": {
      "count": 0,
      "avg_lat": 0.0,
      "avg_score": 0.0
    },
    "trojan": {
      "count": 32,
      "avg_lat": 54.875,
      "avg_score": 99.63416666666666
    }
  }
}