{
  "scan_timestamp": "2026-03-05T19:23:07.439210+00:00",
  "duration_seconds": 1081.17,
  "performance_metrics": {
    "total_processed": 473,
    "valid_configs": 324,
    "duplicates": 0,
    "failed_tests": 149,
    "success_rate": 68.5,
    "avg_latency_ms": 77.71,
    "avg_score": 99.48
  },
  "protocol_summary": {
    "vmess": {
      "count": 60,
      "avg_lat": 53.1,
      "avg_score": 99.646
    },
    "vless": {
      "count": 229,
      "avg_lat": 87.24454148471615,
      "avg_score": 99.41836972343523
    },
    "ss": {
      "count": 0,
      "avg_lat": 0.0,
      "avg_score": 0.0
    },
    "trojan": {
      "count": 35,
      "avg_lat": 57.542857142857144,
      "avg_score": 99.61638095238095
    }
  }
}