{
  "scan_timestamp": "2025-12-24T14:25:38.054370+00:00",
  "duration_seconds": 894.69,
  "performance_metrics": {
    "total_processed": 436,
    "valid_configs": 240,
    "duplicates": 0,
    "failed_tests": 196,
    "success_rate": 55.05,
    "avg_latency_ms": 128.52,
    "avg_score": 99.14
  },
  "protocol_summary": {
    "vmess": {
      "count": 54,
      "avg_lat": 145.37037037037038,
      "avg_score": 99.03086419753087
    },
    "vless": {
      "count": 138,
      "avg_lat": 92.51449275362319,
      "avg_score": 99.38323671497585
    },
    "ss": {
      "count": 0,
      "avg_lat": 0.0,
      "avg_score": 0.0
    },
    "trojan": {
      "count": 48,
      "avg_lat": 213.08333333333334,
      "avg_score": 98.57944444444445
    }
  }
}